dist_m_grid,current_mA,voltage_mV,ax_x100,ay_x100,az_x100,amag_x100,imu_ax_g,imu_ay_g,imu_az_g,imu_total_g_reported,accel_total_g,imu_total_g,accel_total_m_s2,accel_dynamic_g,accel_dynamic_m_s2,imu_ax_m_s2,imu_ax_bias_m_s2,imu_ax_dynamic_m_s2,imu_ax_dynamic_smooth_m_s2,imu_ay_m_s2,imu_ay_bias_m_s2,imu_ay_dynamic_m_s2,imu_ay_dynamic_smooth_m_s2,imu_az_m_s2,imu_az_bias_m_s2,imu_az_dynamic_m_s2,imu_az_dynamic_smooth_m_s2,accel_longitudinal_raw_g,accel_longitudinal_m_s2,imu_forward_dynamic_m_s2,accel_longitudinal_smooth_m_s2,jerk_m_s3,accel_m_s2,accel_mag,lat,lon,elev,x,y,gps_dt_s,gps_dist_m,gps_cumdist_m,gps_speed_m_s_raw,gps_speed_m_s,gps_speed_kph,dt_s,dist_m,elev_diff_m,speed_m_s,speed_kph,gps_longitudinal_accel_raw_m_s2,gps_longitudinal_accel_m_s2,gps_longitudinal_accel_abs_m_s2,grade_raw_pct,grade_pct,uphill_grade_pct,downhill_grade_pct,power_w,energy_wh,energy_j,cum_energy_j,cum_energy_wh,efficiency_wh_per_km,timestamp_ms,time,gps_time
0.0,10087.0,24288.0,111.0,-989.0,7.0,995.0,0.111,-0.989,0.007,0.995,0.9952341433049813,0.9952341433049813,9.759912911441795,-0.004765856695018722,-0.046737088558205346,1.08853815,1.12776475,-0.03922660000000011,0.0392266,-9.69877685,-9.5320638,-0.16671305000000025,-0.024516625000000403,0.06864655,0.6423355749999999,-0.573689025,-0.12013146249999998,0.111,1.08853815,0.0392266,0.0392266,1.8722142067877853e-16,9.759912911441795,0.9952341433049813,43.661324,-79.394373,107.4,0.0,0.0,0.0,0.0,0.0,0.0,1.5826351018350584,5.697486366606211,0.593,0.0,0.0,1.5826351018350584,5.697486366606211,0.0,0.5739221190590915,0.5739221190590915,0.0,0.0,0.0,-0.0,244.993056,0.040355800613333326,145.28088220799998,221.12686569599998,0.061424129359999996,0.4889690176146474,81379.0,1783556687379000.0,1783556687000000.0
1.0,7113.162256515836,24288.0,106.89292567031826,-1002.2690093728179,53.12560401027174,1011.4282973187269,0.10689292567031827,-1.002269009372818,0.05312560401027174,1.011428297318727,1.011553010874004,1.011553010874004,9.919946334087552,0.011553010874004167,0.11329633408755294,1.0482615095248267,1.12776475,-0.07950324047517346,0.039226599999999966,-9.828901380765943,-9.53826020622695,-0.29064117453899496,-0.03845853901063734,0.5209842045673313,0.6314918641028379,-0.11050765953550656,-0.08217847435993281,0.10689292567031827,1.0482615095248267,0.039226599999999966,0.039226599999999966,6.892414516549305e-17,9.919946334087552,1.011553010874004,43.66133031857589,-79.39436415399375,107.4,0.7123857474764601,0.698455379055125,0.31592879459090234,1.0,1.0,1.0,2.0826351018350584,7.497486366606211,0.593,1.0,0.0,2.0826351018350584,7.497486366606211,0.5,0.48326285742739394,0.48326285742739394,0.0,0.0,0.0,0.0,172.76448488625664,0.02845814987154171,102.44933953755017,224.19373701862648,0.06227603806072958,0.4644698069215861,81566.3457751924,1783556687566345.8,1783556687315928.8
2.0,4139.324513031672,24288.0,102.78585134063654,-1015.5380187456358,99.25120802054349,1027.8565946374538,0.10278585134063654,-1.0155380187456358,0.09925120802054349,1.0278565946374538,1.027871878443027,1.027871878443027,10.07997975673331,0.027871878443027055,0.2733297567333112,1.0079848690496533,1.12776475,-0.11977988095034682,0.03922659999999993,-9.959025911531889,-9.5444566124539,-0.4145692990779897,-0.05240045302127427,0.9733218591346626,0.6206481532056758,0.35267370592898684,-0.04422548621986562,0.10278585134063654,1.0079848690496533,0.03922659999999993,0.03922659999999993,-4.9373130347792434e-17,10.07997975673331,1.027871878443027,43.661336637151784,-79.39435530798751,107.4,1.4247714949529202,1.39691075811025,0.6318575891818047,2.0,2.0,2.0,2.5826351018350584,9.297486366606211,0.593,2.0,0.0,2.5826351018350584,9.297486366606211,1.0,0.39260359579569637,0.39260359579569637,0.0,0.0,0.0,0.0,100.53591377251325,0.016560499129750095,59.61779686710035,227.26060834125298,0.06312794676145916,0.4399705962285249,81753.69155038481,1783556687753691.5,1783556687631857.5
3.0,1165.4867695475077,24288.0,98.6787770109548,-1028.8070281184537,145.37681203081524,1044.2848919561807,0.09867877701095482,-1.0288070281184536,0.14537681203081523,1.0442848919561807,1.0441907460120499,1.0441907460120499,10.24001317937907,0.04419074601204995,0.43336317937906954,0.9677082285744799,1.12776475,-0.16005652142552018,0.039226599999999896,-10.089150442297832,-9.550653018680848,-0.5384974236169844,-0.0663423670319112,1.4256595137019938,0.6098044423085138,0.8158550713934802,-0.006272498079798433,0.09867877701095482,0.9677082285744799,0.039226599999999896,0.039226599999999896,-1.6767040586107791e-16,10.24001317937907,1.0441907460120499,43.661342955727676,-79.39434646198126,107.4,2.1371572424293803,2.095366137165375,0.947786383772707,3.0,3.0,3.0,3.0826351018350584,11.097486366606212,0.593,3.0,0.0,3.0826351018350584,11.097486366606212,1.5,0.30194433416399885,0.30194433416399885,0.0,0.0,0.0,0.0,28.307342658769898,0.004662848387958482,16.786254196650532,230.32747966387944,0.06397985546218873,0.4154713855354637,81941.03732557721,1783556687941037.2,1783556687947786.5
4.0,549.6564368915945,24288.0,120.99351346528864,-1014.2571503893529,121.74668072679214,1031.373340363396,0.12099351346528865,-1.014257150389353,0.12174668072679212,1.031373340363396,1.0312835355703984,1.0312835355703984,10.113436684101446,0.03128353557039833,0.30678668410144677,1.186541038824373,1.12776475,0.05877628882437275,0.030469732472839774,-9.946464883865747,-9.55386631688179,-0.39259856698395756,-0.06317350779552545,1.1939270865493958,0.615674559086265,0.5782525274631309,0.014229909731635163,0.12099351346528865,1.186541038824373,0.030469732472839774,0.030469732472839774,-0.01466811981098861,10.113436684101446,1.0312835355703984,43.661350697139845,-79.39434031200211,107.4,2.6324267875652985,2.9511018383603185,1.0,3.293391426705187,4.0,3.293391426705187,3.293391426705187,11.856209136138673,0.5938929519792345,3.293391426705187,0.0,3.293391426705187,11.856209136138673,1.3574520382227218,0.22290044801201075,0.22290044801201075,0.0,0.0,0.0,0.0,13.350055539223048,0.002199755675785236,7.9191204328268485,231.2130636985867,0.06422585102738519,0.41142239599446434,82105.27308290075,1783556688105273.0,1783556688223238.0
5.0,400.6937861570502,24288.0,148.53956916664958,-994.1993428398182,84.30543996766075,1012.6527199838304,0.14853956916664962,-0.9941993428398181,0.08430543996766074,1.0126527199838304,1.0125897821222072,1.0125897821222072,9.93011358684874,0.01258978212220712,0.12346358684874253,1.456675565968124,1.12776475,0.3289108159681241,0.01997907122453875,-9.749764985460102,-9.556488982193864,-0.19327600326623823,-0.056616844515337446,0.8267539428588601,0.6248538876785285,0.2019000551803316,0.031277234260124305,0.14853956916664962,1.456675565968124,0.01997907122453875,0.01997907122453875,-0.03224041670931524,9.93011358684874,1.0125897821222072,43.66135872026287,-79.394334695816,107.4,3.0847089622507164,3.8379778570419956,1.0,3.446879685538632,5.0,3.446879685538632,3.446879685538632,12.408766867939075,0.5949627017152097,3.446879685538632,0.0,3.446879685538632,12.408766867939075,1.0876844264728893,0.1461563185952882,0.1461563185952882,0.0,0.0,0.0,0.0,9.732050678182437,0.0016046342927154137,5.776683453775489,231.66676930278567,0.06435188036188491,0.41142239599446434,82264.93323099504,1783556688264933.2,1783556688490675.5
6.0,251.73113542250604,24288.0,176.08562486801054,-974.1415352902836,46.86419920852936,993.9320996042646,0.17608562486801055,-0.9741415352902836,0.046864199208529356,0.9939320996042647,0.9938960286740159,0.9938960286740159,9.746790489596037,-0.00610397132598408,-0.0598595104039617,1.7268100931118755,1.12776475,0.5990453431118754,0.009488409976237726,-9.553065087054458,-9.55911164750594,0.006046560451481109,-0.05006018123514944,0.4595807991683243,0.6340332162707918,-0.1744524171024675,0.04832455878861344,0.17608562486801055,1.7268100931118755,0.009488409976237726,0.009488409976237726,-0.04981271360764186,9.746790489596037,0.9938960286740159,43.661366743385884,-79.39432907962988,107.4,3.536991136936134,4.724853875723673,1.0,3.600367944372077,6.0,3.600367944372077,3.600367944372077,12.961324599739477,0.5960324514511849,3.600367944372077,0.0,3.600367944372077,12.961324599739477,0.817916814723057,0.06941218917856565,0.06941218917856565,0.0,0.0,0.0,0.0,6.114045817141829,0.0010095129096455917,3.6342464747241294,232.12047490698464,0.06447790969638463,0.41142239599446434,82424.59337908935,1783556688424593.5,1783556688758112.8
7.0,209.83256178340704,24288.0,126.68875532006172,-937.5780258341711,86.94071529905938,950.5187411332305,0.1266887553200617,-0.9375780258341712,0.08694071529905936,0.9505187411332304,0.9500902990023922,0.9500902990023922,9.31720303071181,-0.04990970099760785,-0.489446969288191,1.2423922823594833,1.1274740578437603,0.11491822451572282,-0.03922660000000011,-9.194499547046673,-9.571581092156238,0.37708154510956526,-0.019613300000001388,0.8525971656875205,0.6761501387265806,0.17644702696093992,0.1274864499999998,0.1266887553200617,1.2423922823594833,-0.03922660000000011,-0.03922660000000011,-0.06538953585028869,9.31720303071181,0.9500902990023922,43.66137459284701,-79.39432314037184,107.4,4.015290910129175,5.592533308600763,1.0,3.779310571676763,7.0,3.779310571676763,3.7391923227292083,13.46109236182515,0.5910148211752351,0.09553747360067533,0.0,3.7391923227292083,13.46109236182515,0.5654159187611845,0.0,0.0,0.0,0.0,0.0,0.0,5.096413260595391,0.0008367275726509461,3.012219261543406,235.58624137066573,0.06544062260296271,0.46147267947154647,83168.77413573921,1783556689168774.2,1783556689014821.2
8.0,281.34964849187065,24288.0,123.43092707520763,-943.6282782889001,86.32017658575383,955.948454874654,0.12343092707520763,-0.9436282782889002,0.08632017658575383,0.955948454874654,0.9556255224760117,0.9556255224760117,9.37148502998938,-0.04437447752398824,-0.4351649700106192,1.2104439010020849,1.1244313548573415,0.08601254614474335,-0.03922660000000011,-9.253832255281841,-9.574623795142656,0.32079153986081577,-0.019613300000001388,0.8465117597146827,0.6708254085003476,0.17568635121433523,0.1274864499999998,0.12343092707520763,1.2104439010020849,-0.03922660000000011,-0.03922660000000011,-0.055092740633981105,9.37148502998938,0.9556255224760117,43.66138079823414,-79.39431414256049,107.4,4.7399018111986635,6.27847680226274,1.0,4.199232173489678,8.0,4.199232173489678,3.7391923227292083,13.46109236182515,0.5911699558535615,1.0955374736006753,0.0,3.7391923227292083,13.46109236182515,0.476380695436555,0.0,0.0,0.0,0.0,0.0,0.0,6.833420262570554,0.001122581192405373,4.041292292659342,237.0673619962458,0.06585204499895718,0.46912381527442554,83260.61386530843,1783556689260613.8,1783556689169955.8
9.0,352.86673520033423,24288.0,120.17309883035354,-949.6785307436292,85.69963787244829,961.3781686160775,0.12017309883035354,-0.9496785307436292,0.08569963787244829,0.9613781686160774,0.9611607459496314,0.9611607459496314,9.425767029266952,-0.03883925405036862,-0.38088297073304744,1.1784955196446865,1.1213886518709226,0.057106867773763864,-0.03922660000000011,-9.31316496351701,-9.577666498129076,0.26450153461206627,-0.019613300000001388,0.8404263537418449,0.6655006782741144,0.17492567546773052,0.1274864499999998,0.12017309883035354,1.1784955196446865,-0.03922660000000011,-0.03922660000000011,-0.044795945417673524,9.425767029266952,0.9611607459496314,43.66138700362128,-79.39430514474915,107.4,5.464512712268151,6.964420295924716,1.0,4.6191537753025935,9.0,4.6191537753025935,3.7391923227292083,13.46109236182515,0.5913250905318879,2.0955374736006753,0.0,3.7391923227292083,13.46109236182515,0.38734547211192544,0.0,0.0,0.0,0.0,0.0,0.0,8.570427264545717,0.0014084348121597996,5.070365323775279,238.54848262182588,0.06626346739495165,0.47677495107730467,83352.45359487765,1783556689352453.5,1783556689325090.5
10.0,424.3838219087978,24288.0,116.91527058549946,-955.7287831983582,85.07909915914276,966.807882357501,0.11691527058549944,-0.9557287831983582,0.08507909915914275,0.9668078823575009,0.966695969423251,0.966695969423251,9.480049028544524,-0.03330403057674901,-0.3266009714554756,1.146547138287288,1.1183459488845038,0.02820118940278439,-0.03922660000000011,-9.372497671752178,-9.580709201115495,0.20821152936331683,-0.019613300000001388,0.8343409477690071,0.6601759480478814,0.17416499972112584,0.1274864499999998,0.11691527058549944,1.146547138287288,-0.03922660000000011,-0.03922660000000011,-0.03449915020136594,9.480049028544524,0.966695969423251,43.66139320900841,-79.3942961469378,107.4,6.189123613337639,7.650363789586693,1.0,5.039075377115508,10.0,5.039075377115508,3.7391923227292083,13.46109236182515,0.5914802252102143,3.0955374736006753,0.0,3.7391923227292083,13.46109236182515,0.2983102487872959,0.0,0.0,0.0,0.0,0.0,0.0,10.30743426652088,0.0016942884319142266,6.099438354891215,240.02960324740596,0.06667488979094612,0.48442608688018374,83444.29332444687,1783556689444293.2,1783556689480225.2
11.0,495.9009086172614,24288.0,113.65744234064536,-961.7790356530872,84.45856044583721,972.2375960989244,0.11365744234064536,-0.9617790356530872,0.08445856044583722,0.9722375960989244,0.9722311928968707,0.9722311928968707,9.534331027822095,-0.02776880710312939,-0.2723189721779038,1.1145987569298896,1.1153032458980847,-0.0007044889681950967,-0.03922660000000011,-9.431830379987346,-9.583751904101915,0.15192152411456736,-0.019613300000001388,0.8282555417961694,0.6548512178216482,0.17340432397452116,0.1274864499999998,0.11365744234064536,1.1145987569298896,-0.03922660000000011,-0.03922660000000011,-0.024202354985058357,9.534331027822095,0.9722311928968707,43.66139941439554,-79.39428714912647,107.4,6.9137345144071265,8.33630728324867,1.0,5.458996978928424,11.0,5.458996978928424,3.7391923227292083,13.46109236182515,0.5916353598885407,4.095537473600675,0.0,3.7391923227292083,13.46109236182515,0.20927502546266635,0.0,0.0,0.0,0.0,0.0,0.0,12.044441268496044,0.0019801420516686536,7.128511386007152,241.51072387298603,0.06708631218694057,0.4920772226830628,83536.1330540161,1783556689536133.0,1783556689635360.0
12.0,567.417995325725,24288.0,110.39961409579126,-967.8292881078162,83.83802173253167,977.6673098403479,0.11039961409579127,-0.9678292881078162,0.08383802173253167,0.9776673098403479,0.9777664163704902,0.9777664163704902,9.588613027099667,-0.022233583629509775,-0.21803697290033203,1.0826503755724914,1.1122605429116659,-0.02961016733917457,-0.03922660000000011,-9.491163088222514,-9.586794607088333,0.09563151886581789,-0.019613300000001388,0.8221701358233316,0.6495264875954152,0.17264364822791647,0.1274864499999998,0.11039961409579127,1.0826503755724914,-0.03922660000000011,-0.03922660000000011,-0.01390555976875077,9.588613027099667,0.9777664163704902,43.66140561978268,-79.39427815131512,107.4,7.638345415476614,9.022250776910646,1.0,5.878918580741338,12.0,5.878918580741338,3.7391923227292083,13.46109236182515,0.591790494566867,5.095537473600675,0.0,3.7391923227292083,13.46109236182515,0.12023980213803687,0.0,0.0,0.0,0.0,0.0,0.0,13.781448270471207,0.00226599567142308,8.157584417123088,242.9918444985661,0.06749773458293504,0.4997283584859419,83627.97278358531,1783556689627972.8,1783556689790494.5
13.0,638.9350820341886,24288.0,107.14178585093718,-973.8795405625452,83.21748301922614,983.0970235817714,0.10714178585093717,-0.9738795405625452,0.08321748301922613,0.9830970235817713,0.9833016398441098,0.9833016398441098,9.64289502637724,-0.016698360155890164,-0.1637549736227602,1.050701994215093,1.109217839925247,-0.05851584571015406,-0.03922660000000011,-9.550495796457684,-9.589837310074751,0.03934151361706839,-0.019613300000001388,0.8160847298504939,0.6442017573691822,0.17188297248131176,0.1274864499999998,0.10714178585093717,1.050701994215093,-0.03922660000000011,-0.03922660000000011,-0.003608764552443189,9.64289502637724,0.9833016398441098,43.66141182516981,-79.39426915350379,107.4,8.3629563165461,9.708194270572623,1.0,6.298840182554254,13.0,6.298840182554254,3.7391923227292083,13.46109236182515,0.5919456292451934,6.095537473600675,0.0,3.7391923227292083,13.46109236182515,0.031204578813407324,0.0,0.0,0.0,0.0,0.0,0.0,15.51845527244637,0.0025518492911775067,9.186657448239025,244.47296512414619,0.0679091569789295,0.507379494288821,83719.81251315454,1783556689719812.5,1783556689945629.2
14.0,169.81290181480495,24288.0,123.51573517363325,-1007.2539532332723,57.74213241318338,1016.4704868295056,0.12351573517363325,-1.0072539532332723,0.05774213241318338,1.0164704868295056,1.0166572400866825,1.0166572400866825,9.970001723496065,0.01665724008668243,0.1633517234960642,1.2112755843405105,1.083567267003541,0.12770831733696952,0.03425571700354112,-9.877786980475069,-9.611511176599292,-0.2662758038757782,0.04645606818087798,0.5662568828297447,0.6149715361950425,-0.04871465336529777,0.0,0.12351573517363325,1.2112755843405105,0.03425571700354112,0.03425571700354112,0.09716197973310717,9.970001723496065,1.0166572400866825,43.66141704133399,-79.39425910630962,107.42027555993722,9.172076016265832,10.284789059282623,1.0,5.788572444507399,14.0,5.788572444507399,3.7304116287133473,13.429481863368052,0.5940137779968611,0.6495254614049436,0.020275559937220862,3.7304116287133473,13.429481863368052,-0.008780694015860823,0.0,0.0,0.6329210403525071,0.0,0.0,0.0,4.124415759277983,0.0006821529762352465,2.4557507144468875,247.76903786772718,0.06882473274103534,0.4900614887246502,84466.2478484246,1783556690466247.8,1783556690202755.5
15.0,261.89997979543995,24288.0,136.62643780138467,-990.7094951553955,51.186781099307666,1001.798986269879,0.13662643780138467,-0.9907094951553955,0.05118678109930767,1.001798986269879,1.0017353991187317,1.0017353991187317,9.823668451767709,0.0017353991187316412,0.017018451767709608,1.339847656264949,1.0759141674842292,0.26393348878071987,0.026602617484229246,-9.715541270665659,-9.613041796503154,-0.10249947416250554,0.0877828055851618,0.5019708468675255,0.625685875522079,-0.12371502865455354,0.0,0.13662643780138467,1.339847656264949,0.026602617484229246,0.026602617484229246,0.04306580965773768,9.823668451767709,1.0017353991187317,43.661421723727784,-79.39424849288369,107.45149151857473,10.026795440667795,10.802380869370177,1.0,4.776388001011879,15.0,4.776388001011879,3.716892999286769,13.380814797432368,0.5955745759287362,1.649525461404944,0.05149151857472248,3.716892999286769,13.380814797432368,-0.02229932344243929,0.0,0.0,1.6073571140107739,0.0,0.0,0.0,6.361026709271645,0.0010548372264338138,3.7974140151617304,249.6052575490118,0.06933479376361441,0.45927049584940044,84652.91928107686,1783556690652919.2,1783556690514915.2
16.0,353.98705777607495,24288.0,149.7371404291361,-974.1650370775187,44.63142978543195,987.1274857102525,0.1497371404291361,-0.9741650370775187,0.044631429785431956,0.9871274857102524,0.9868135581507809,0.9868135581507809,9.677335180039353,-0.013186441849219147,-0.12931481996064498,1.4684197281893874,1.0682610679649172,0.40015866022447016,0.018949517964917374,-9.553295560856249,-9.614572416407016,0.06127685555076712,0.1291095429894456,0.43768481090530625,0.6364002148491156,-0.19871540394380932,0.0,0.1497371404291361,1.4684197281893874,0.018949517964917374,0.018949517964917374,-0.011030360417631807,9.677335180039353,0.9868135581507809,43.66142640612158,-79.39423787945775,107.48270747721223,10.88151486506976,11.319972679457731,1.0,3.7642035575163604,16.0,3.7642035575163604,3.7033743698601906,13.332147731496686,0.5971353738606114,2.6495254614049446,0.08270747721222409,3.7033743698601906,13.332147731496686,-0.03581795286901776,0.0,0.0,2.5817931876690405,0.0,0.0,0.0,8.597637659265308,0.0014275214766323813,5.139077315876573,251.44147723029644,0.06984485478619347,0.4284795029741506,84839.59071372912,1783556690839590.8,1783556690827074.8
17.0,430.70578275958826,24288.0,148.31072132070256,-971.2755901572704,45.82737704405413,984.4307991745609,0.14831072132070255,-0.9712755901572704,0.04582737704405414,0.9844307991745609,0.9840032882082123,0.9840032882082123,9.649775846307064,-0.0159967117917877,-0.1568741536929349,1.4544313352396676,1.0610627501819327,0.393368585057735,0.017668749818067046,-9.524959766215794,-9.614828570036385,0.08986880382059098,0.15200307499999965,0.4494130470890734,0.6381932902547061,-0.18878024316563258,0.0,0.14831072132070255,1.4544313352396676,0.017668749818067046,0.017668749818067046,-0.031060414469485622,9.649775846307064,0.9840032882082123,43.66143081026639,-79.39422705193853,107.5,11.753475629531096,11.806806846739127,1.0,3.2629141530584467,17.0,3.2629141530584467,3.695885533456567,13.305187920443641,0.5973965778694932,3.2629141530584467,0.08793155738985967,3.695885533456567,13.305187920443641,-0.038080334262980346,0.0,0.0,2.744867858413114,0.0,0.0,0.0,10.46098205166488,0.0017351694195476238,6.246609910371446,253.53287963576443,0.07042579989882347,0.41737446901485836,85014.56586467811,1783556691014565.8,1783556691120684.5
18.0,488.33743776400945,24288.0,128.82959850230668,-985.3452899705563,56.65022305427407,996.6065009360583,0.12882959850230669,-0.9853452899705563,0.05665022305427407,0.9966065009360583,0.9962352549816739,0.9962352549816739,9.769730463266031,-0.0037647450183261356,-0.036919536733968,1.2633867821526457,1.0544292587553,0.2089575233973457,0.0243022412446998,-9.662936387889754,-9.61350187175106,-0.04943451613869529,0.15200307499999965,0.5555489099151968,0.6289064022574202,-0.07335749234222344,0.0,0.12882959850230669,1.2633867821526457,0.0243022412446998,0.0243022412446998,-0.008781293258479816,9.769730463266031,0.9962352549816739,43.661434868833645,-79.39421595852137,107.5,12.646849662174658,12.25544087112017,1.0,3.3961422771807355,18.0,3.3961422771807355,3.695885533456567,13.305187920443641,0.5960437221182158,3.3961422771807355,0.06087444236431136,3.695885533456567,13.305187920443641,-0.02636276647560931,0.0,0.0,1.900254074925427,0.0,0.0,0.0,11.860739688412261,0.0019620440649903877,7.063358633965397,255.941211937029,0.07109478109361919,0.43071885234216706,85175.01455677961,1783556691175014.5,1783556691391255.5
19.0,545.9690927684305,24288.0,109.34847568391078,-999.4149897838422,67.47306906449401,1008.7822026975557,0.10934847568391079,-0.9994149897838421,0.06747306906449402,1.0087822026975557,1.0084672217551354,1.0084672217551354,9.889685080224998,0.00846722175513543,0.08303508022499886,1.0723422290656237,1.0477957673286673,0.024546461736956404,0.03093573267133256,-9.800913009563715,-9.612175173465733,-0.18873783609798156,0.15200307499999965,0.6616847727413201,0.6196195142601344,0.04206525848118564,0.0,0.10934847568391079,1.0723422290656237,0.03093573267133256,0.03093573267133256,0.013497827952525993,9.889685080224998,1.0084672217551354,43.6614389274009,-79.39420486510421,107.5,13.540223694818222,12.704074895501215,1.0,3.529370401303024,19.0,3.529370401303024,3.695885533456567,13.305187920443641,0.5946908663669382,3.529370401303024,0.033817327338763054,3.695885533456567,13.305187920443641,-0.014645198688238274,0.0,0.0,1.05564029143774,0.0,0.0,0.0,13.260497325159642,0.0021889187104331517,7.880107357559346,258.3495442382936,0.07176376228841491,0.4440632356694758,85335.46324888112,1783556691335463.2,1783556691661826.8
20.0,603.6007477728517,24288.0,89.8673528655149,-1013.4846895971282,78.29591507471395,1020.9579044590532,0.08986735286551491,-1.0134846895971281,0.07829591507471395,1.020957904459053,1.020699188528597,1.020699188528597,10.009639697183966,0.020699188528597,0.20298969718396573,0.8812976759786018,1.0411622759020347,-0.15986459992343294,0.037569224097965315,-9.938889631237675,-9.610848475180406,-0.3280411560572678,0.15200307499999965,0.7678206355674434,0.6103326262628487,0.15748800930459478,0.0,0.08986735286551491,0.8812976759786018,0.037569224097965315,0.037569224097965315,0.03577694916353181,10.009639697183966,1.020699188528597,43.66144298596816,-79.39419377168706,107.5,14.433597727461784,13.15270891988226,1.0,3.6625985254253126,20.0,3.6625985254253126,3.695885533456567,13.305187920443641,0.5933380106156607,3.6625985254253126,0.006760212313214761,3.695885533456567,13.305187920443641,-0.0029276309008672355,0.0,0.0,0.21102650795005307,0.0,0.0,0.0,14.660254961907022,0.002415793355875916,8.696856081153296,260.7578765395582,0.07243274348321063,0.45740761899678456,85495.91194098264,1783556691495912.0,1783556691932398.0
21.0,579.6288506949312,24288.0,89.183090974521,-971.3192124338225,92.37557585208587,980.1173336532137,0.08918309097452098,-0.9713192124338225,0.09237557585208588,0.9801173336532137,0.9797780291893834,0.9797780291893834,9.608340209950066,-0.02022197081061662,-0.1983097900499335,0.8745873591052862,1.0355914522719285,-0.16100409316664233,0.03922660000000011,-9.525387554614145,-9.586944190912284,0.06155663629813915,0.17939720909650003,0.9058949409298579,0.6492647159034998,0.2566302250263582,0.0,0.08918309097452098,0.8745873591052862,0.03922660000000011,0.03922660000000011,0.0,9.608340209950066,0.9797780291893834,43.66144783569683,-79.39418332860635,107.5,15.274598926177559,13.688797927925537,1.0,3.6999149597776606,21.0,3.6999149597776606,3.695885533456567,13.305187920443641,0.5925962424387824,0.7501502910849316,0.0,3.695885533456567,13.305187920443641,0.0,0.0,0.0,0.0,0.0,0.0,0.0,14.078025525678491,0.0023180456551328767,8.344964358478355,271.5683441805762,0.07543565116127118,0.5421436331602995,86248.31035933978,1783556692248310.2,1783556692201878.8
22.0,497.81704573474315,24288.0,86.76103095925227,-959.7471479164275,88.87704471891993,968.2761513563444,0.08676103095925226,-0.9597471479164275,0.08887704471891994,0.9682761513563444,0.9677642490552293,0.9677642490552293,9.490525272997465,-0.032235750944770714,-0.3161247270025357,0.8508350642565511,1.0369110242079693,-0.18607595995141818,0.03922660000000011,-9.411904368114634,-9.58166590316812,0.169761535053488,0.17016020554421413,0.8715860705927961,0.6585017194557856,0.21308435113701052,0.0,0.08676103095925226,0.8508350642565511,0.03922660000000011,0.03922660000000011,0.0,9.490525272997465,0.9677642490552293,43.661452948934645,-79.39417310213072,107.5,16.098156503971733,14.254015235285443,1.0,3.705286451822629,22.0,3.705286451822629,3.695885533456567,13.305187920443641,0.5920580068798338,1.7501502910849314,0.0,3.695885533456567,13.305187920443641,0.0,0.0,0.0,0.0,0.0,0.0,0.0,12.090980406805443,0.0019895114207765146,7.162241114795452,272.87016594107155,0.07579726831696434,0.5849118770209205,86407.3589670091,1783556692407359.0,1783556692470996.5
23.0,416.005240774555,24288.0,84.33897094398354,-948.1750833990325,85.37851358575399,956.4349690594751,0.08433897094398354,-0.9481750833990324,0.085378513585754,0.956434969059475,0.9557504689210752,0.9557504689210752,9.372710336044863,-0.0442495310789248,-0.4339396639551379,0.8270827694078161,1.0382305961440101,-0.21114782673619403,0.03922660000000011,-9.29842118161512,-9.576387615423958,0.2779664338088369,0.16092320199192822,0.8372772002557344,0.6677387230080715,0.16953847724766286,0.0,0.08433897094398354,0.8270827694078161,0.03922660000000011,0.03922660000000011,0.0,9.372710336044863,0.9557504689210752,43.66145806217245,-79.3941628756551,107.5,16.921714081765906,14.819232542645352,1.0,3.7106579438675977,23.0,3.7106579438675977,3.695885533456567,13.305187920443641,0.5915197713208852,2.7501502910849314,0.0,3.695885533456567,13.305187920443641,0.0,0.0,0.0,0.0,0.0,0.0,0.0,10.103935287932392,0.0016609771864201524,5.979517871112549,274.17198770156693,0.07615888547265749,0.6276801208815417,86566.40757467841,1783556692566407.5,1783556692740114.2
24.0,2173.7482819776355,24288.0,175.489482546928,-896.2079885919923,47.86764362327763,915.1039942959961,0.175489482546928,-0.8962079885919924,0.04786764362327763,0.9151039942959962,0.914499253284277,0.914499253284277,8.968174102220255,-0.0855007467157231,-0.8384758977797458,1.7209639340188314,1.0345552188335077,0.6864087151853236,0.040061010996861525,-8.788798071325662,-9.561391037667015,0.772592966341353,0.15200307499999965,0.46942122733821556,0.7162562993319385,-0.24683507199372284,-0.009806650000000028,0.175489482546928,1.7209639340188314,0.040061010996861525,0.040061010996861525,0.0014071011751457202,8.968174102220255,0.914499253284277,43.661463217442616,-79.39415269747114,107.5,17.741382639945407,15.389096106785255,1.0,3.7150205908948943,24.0,3.7150205908948943,3.6952496570493905,13.302898765377806,0.5979527298654562,0.03430512487774707,0.0,3.6952496570493905,13.302898765377806,-0.000635876407176534,0.0,0.0,0.0,0.0,0.0,0.0,52.795998272672804,0.008768815887281099,31.567737194211954,307.2933449795804,0.08535926249432792,0.6716300892266749,87323.60623795689,1783556693323606.2,1783556693009454.0
25.0,2603.663113367806,24288.0,160.60781530649902,-902.2708900603152,44.00943359798123,918.1354450301576,0.160607815306499,-0.9022708900603152,0.04400943359798123,0.9181354450301576,0.9178923702602574,0.9178923702602574,9.001449212812751,-0.08210762973974267,-0.8052007871872474,1.5750246319754784,1.0332039289997728,0.5418207029757055,0.06438422800408702,-8.84825482400999,-9.558688457999544,0.7104336339895548,0.15200307499999965,0.4315851119936426,0.7270666180018164,-0.2954815060081738,-0.009806650000000028,0.160607815306499,1.5750246319754784,0.06438422800408702,0.06438422800408702,0.04242433052965753,9.001449212812751,0.9178923702602574,43.661469555930516,-79.39414387870536,107.5,18.4515746600123,16.08975255907034,1.0,3.6909840857013414,25.0,3.6909840857013414,3.676713755797242,13.236169520870073,0.5965747977135647,1.0343051248777473,0.0,3.676713755797242,13.236169520870073,-0.019171777659324787,0.0,0.0,0.0,0.0,0.0,0.0,63.237769697477276,0.010468736647097222,37.68745192955001,322.0548437756104,0.08945967882655846,0.7488457950546672,87487.02899117122,1783556693487029.0,1783556693285040.5
26.0,3033.577944757977,24288.0,145.72614806607004,-908.3337915286381,40.15122357268482,921.1668957643191,0.14572614806607,-0.9083337915286381,0.04015122357268482,0.9211668957643191,0.9212854872362378,0.9212854872362378,9.03472432340525,-0.07871451276376223,-0.7719256765947489,1.4290853299321253,1.031852639166038,0.39723269076608736,0.08870744501131253,-8.907711576694318,-9.555985878332075,0.6482743016377566,0.15200307499999965,0.3937489966490696,0.7378769366716944,-0.34412794002262476,-0.009806650000000028,0.14572614806607,1.4290853299321253,0.08870744501131253,0.08870744501131253,0.08344155988416935,9.03472432340525,0.9212854872362378,43.661475894418416,-79.3941350599396,107.5,19.161766680079193,16.79040901135543,1.0,3.666947580507789,26.0,3.666947580507789,3.658177854545094,13.169440276362339,0.5951968655616732,2.0343051248777475,0.0,3.658177854545094,13.169440276362339,-0.037707678911473044,0.0,0.0,0.0,0.0,0.0,0.0,73.67954112228175,0.012168657406913348,43.80716666488805,336.81634257164035,0.09356009515878902,0.8260615008826593,87650.45174438556,1783556693650451.8,1783556693560627.0
27.0,3463.4927761481476,24288.0,130.84448082564103,-914.3966929969611,36.29301354738841,924.1983464984805,0.13084448082564104,-0.9143966929969611,0.03629301354738842,0.9241983464984805,0.9246786042122181,0.9246786042122181,9.067999433997748,-0.0753213957877818,-0.7386505660022504,1.2831460278887725,1.0305013493323032,0.25264467855646916,0.11303066201853804,-8.967168329378648,-9.553283298664606,0.5861149692859584,0.15200307499999965,0.3559128813044966,0.7486872553415723,-0.3927743740370757,-0.009806650000000028,0.13084448082564104,1.2831460278887725,0.11303066201853804,0.11303066201853804,0.12445878923868116,9.067999433997748,0.9246786042122181,43.66148223290631,-79.39412624117382,107.5,19.871958700146088,17.491065463640517,1.0,3.642911075314236,27.0,3.642911075314236,3.6396419532929456,13.102711031854605,0.5938189334097815,3.034305124877748,0.0,3.6396419532929456,13.102711031854605,-0.0562435801636213,0.0,0.0,0.0,0.0,0.0,0.0,84.12131254708622,0.013868578166729473,49.9268814002261,351.5778413676703,0.09766051149101956,0.9032772067106516,87813.8744975999,1783556693813874.5,1783556693836213.2
28.0,3375.518057491254,24288.0,119.98995076673023,-908.7774211649976,39.0842421782706,917.0138975453822,0.11998995076673023,-0.9087774211649976,0.0390842421782706,0.9170138975453822,0.9176306570825383,0.9176306570825383,8.998882683278472,-0.08236934291746172,-0.8077673167215259,1.176699450686555,1.0279589691782252,0.14874048150832958,0.12748645000000014,-8.912062097267722,-9.549937819178226,0.6378757219105025,0.15200307499999965,0.38328548355753733,0.7562715705478497,-0.37298608699031227,-0.009806650000000028,0.11998995076673023,1.176699450686555,0.12748645000000014,0.12748645000000014,0.1312380523935121,8.998882683278472,0.9176306570825383,43.66148895595475,-79.39411804404524,107.51182381901923,20.53208909171772,18.23423123816507,1.0,3.6052629908727227,28.0,3.6052629908727227,3.6052629908727227,12.978946767141801,0.593,3.6052629908727227,0.011823819019233276,3.6052629908727227,12.978946767141801,-0.08266985995491637,0.0,0.0,0.3446137093035522,0.0,0.0,0.0,81.98458258034758,0.013504682630596142,48.61685747014611,361.7371123347073,0.10048253120408539,1.0134323402238818,87981.11524678406,1783556693981115.2,1783556694118238.2
29.0,2528.8349140006694,24288.0,115.03517849845487,-886.0437601693811,51.616901445084764,894.8631509342688,0.11503517849845486,-0.8860437601693811,0.05161690144508476,0.8948631509342688,0.8952865463201432,0.8952865463201432,8.77976180947043,-0.10471345367985682,-1.026888190529568,1.1281097332218721,1.0236716411666356,0.10443809205523656,0.12748645000000014,-8.68912104066506,-9.545650491166635,0.8565294505015749,0.15200307499999965,0.5061888865564405,0.7591297892222427,-0.25294090266580227,-0.009806650000000028,0.11503517849845486,1.1281097332218721,0.12748645000000014,0.12748645000000014,0.08785867959496595,8.77976180947043,0.8952865463201432,43.66149624238456,-79.39411075761544,107.54096953824438,21.11887917492283,19.039673188978806,1.0,3.547673936682388,29.0,3.547673936682388,3.547673936682388,12.771626172056598,0.593,3.547673936682388,0.040969538244380835,3.547673936682388,12.771626172056598,-0.12065554787142577,0.0,0.0,1.1940866584547365,0.0,0.0,0.0,61.420342391248255,0.01011729528833617,36.422263038010215,365.1541174526965,0.10143169929241573,1.17184375018007,88153.94936178919,1783556694153949.2,1783556694409695.5
30.0,1682.1517705100844,24288.0,110.08040623017949,-863.3100991737647,64.14956071189891,872.7124043231554,0.11008040623017949,-0.8633100991737648,0.06414956071189892,0.8727124043231554,0.8729424355577481,0.8729424355577481,8.56064093566239,-0.1270575644422519,-1.2460090643376098,1.0795200157571896,1.019384313155046,0.060135702602143556,0.12748645000000014,-8.466179984062398,-9.541363163155046,1.0751831790926474,0.15200307499999965,0.6290922895553435,0.7619880078966358,-0.13289571834129232,-0.009806650000000028,0.11008040623017949,1.0795200157571896,0.12748645000000014,0.12748645000000014,0.04447930679641979,8.56064093566239,0.8729424355577481,43.661503528814364,-79.39410347118563,107.57011525746952,21.705669258127944,19.845115139792544,1.0,3.490084882492054,30.0,3.490084882492054,3.490084882492054,12.564305576971394,0.593,3.490084882492054,0.0701152574695284,3.490084882492054,12.564305576971394,-0.15864123578793515,0.0,0.0,2.043559607605921,0.0,0.0,0.0,40.85610220214893,0.0067299079460761985,24.227668605874317,368.5711225706857,0.10238086738074606,1.3302551601362582,88326.78347679433,1783556694326783.5,1783556694701152.5
31.0,835.4686270194998,24288.0,105.12563396190413,-840.5764381781484,76.68221997871308,850.561657712042,0.10512563396190412,-0.8405764381781483,0.07668221997871308,0.850561657712042,0.850598324795353,0.850598324795353,8.341520061854347,-0.14940167520464703,-1.465129938145652,1.0309302982925068,1.0150969851434564,0.015833313149050537,0.12748645000000014,-8.243238927459737,-9.537075835143456,1.2938369076837197,0.15200307499999965,0.7519956925542466,0.764846226571029,-0.012850534016782322,-0.009806650000000028,0.10512563396190412,1.0309302982925068,0.12748645000000014,0.12748645000000014,0.0010999339978736422,8.341520061854347,0.850598324795353,43.66151081524417,-79.39409618475582,107.59926097669468,22.292459341333057,20.65055709060628,1.0,3.4324958283017195,31.0,3.4324958283017195,3.4324958283017195,12.35698498188619,0.593,3.4324958283017195,0.09926097669467596,3.4324958283017195,12.35698498188619,-0.19662692370444457,0.0,0.0,2.893032556757105,0.0,0.0,0.0,20.29186201304961,0.003342520603816226,12.03307417373842,371.98812768867487,0.10333003546907639,1.4886665700924464,88499.61759179946,1783556694499617.5,1783556694992609.8
32.0,1476.5952136437372,24288.0,126.37638839727686,-993.2236344726225,41.0818733766863,1003.2236344726225,0.12637638839727686,-0.9932236344726224,0.041081873376686305,1.0032236344726224,1.0032551360152846,1.0032551360152846,9.83857197960429,0.003255136015284526,0.031921979604289996,1.239329009276155,0.9946568537681432,0.24467215550801175,0.04703329083317613,-9.740196555000942,-9.554487823115927,-0.18570873188501466,0.14309983166635099,0.4028755535494807,0.7438691575362865,-0.34099360398680584,-0.03229243492742688,0.12637638839727686,1.239329009276155,0.04703329083317613,0.04703329083317613,-0.08189680556791464,9.83857197960429,1.0032551360152846,43.66151902519181,-79.39409112756212,107.6,22.69972479195432,21.558084702140533,1.0,3.4222966273113213,32.0,3.4222966273113213,3.4310355914535866,12.351728129232912,0.592433069965752,0.9746438473653882,0.0,3.4310355914535866,12.351728129232912,-0.14095800858342875,0.0,0.0,0.0,0.0,0.0,0.0,35.863544548979085,0.005904247626382715,21.255291454977776,398.999314298511,0.11083314286069752,1.1049471460279405,89265.82193991763,1783556695265822.0,1783556695286614.0
33.0,1577.75546198497,24288.0,109.32030001416204,-972.9327707065031,67.84228790881473,982.9327707065031,0.10932030001416204,-0.9729327707065031,0.06784228790881472,0.9829327707065031,0.9828391423021139,0.9828391423021139,9.638359474857024,-0.01716085769788611,-0.1682905251429749,1.0720659201338822,0.9888891610390993,0.08317675909478284,0.08019752402517857,-9.541211155848927,-9.55737166948045,0.016160513631521267,0.20942829805035598,0.6653055727209778,0.7323337720781987,-0.06702819935722104,-0.055363205843602416,0.10932030001416204,1.0720659201338822,0.08019752402517857,0.08019752402517857,0.02986333478942224,9.638359474857024,0.9828391423021139,43.66152725916551,-79.3940861283638,107.6,23.102319763202246,22.468268155192725,1.0,3.413330311907097,33.0,3.413330311907097,3.4310355914535866,12.351728129232912,0.5939034224125722,1.9746438473653876,0.0,3.4310355914535866,12.351728129232912,-0.08285259276939295,0.0,0.0,0.0,0.0,0.0,0.0,38.32052466069095,0.006324684063231316,22.76886262763274,406.3296287531948,0.11286934132033191,1.2647789226494237,89441.08795157861,1783556695441088.0,1783556695580684.5
34.0,1678.9157103262028,24288.0,92.26421163104723,-952.6419069403838,94.60270244094315,962.6419069403838,0.09226421163104723,-0.9526419069403838,0.09460270244094314,0.9626419069403838,0.9624231485889433,0.9624231485889433,9.43814697010976,-0.03757685141105675,-0.36850302989023975,0.9048028309916093,0.9831214683100554,-0.07831863731844607,0.11336175721718103,-9.342225756696914,-9.560255515844972,0.21802975914805722,0.27575676443436103,0.9277355918924749,0.720798386620111,0.2069372052723638,-0.07843397675977797,0.09226421163104723,0.9048028309916093,0.11336175721718103,0.11336175721718103,0.1416234751467591,9.43814697010976,0.9624231485889433,43.66153549313921,-79.39408112916549,107.6,23.504914734450175,23.378451608244916,1.0,3.4043639965028722,34.0,3.4043639965028722,3.4310355914535866,12.351728129232912,0.5953737748593925,2.974643847365387,0.0,3.4310355914535866,12.351728129232912,-0.024747176955357164,0.0,0.0,0.0,0.0,0.0,0.0,40.777504772402814,0.006745120500079917,24.282433800287702,413.6599432078786,0.1149055397799663,1.4246106992709069,89616.35396323958,1783556695616354.0,1783556695874755.0
35.0,132.7951848888161,24288.0,165.67401900399122,-960.0441140239473,2.3196789925877397,974.8779725242324,0.16567401900399123,-0.9600441140239473,0.00231967899258774,0.9748779725242324,0.9742890279783379,0.9742890279783379,9.554511496223766,-0.025710972021662067,-0.25213850377623226,1.6247071184654904,1.0027222373072688,0.6219848811582216,0.12748645000000014,-9.414816610792942,-9.574548983076356,0.15973237228341516,0.26653244462187636,0.022748279992660554,0.6831760161527171,-0.6604277361600565,-0.08825984999999992,0.16567401900399123,1.6247071184654904,0.12748645000000014,0.12748645000000014,0.0,9.554511496223766,0.9742890279783379,43.66154415038649,-79.3940785015755,107.61661414997148,23.716519564711298,24.335423722420447,1.0,3.4096721629430315,35.0,3.4096721629430315,3.4350968097078893,12.366348514948402,0.593,0.5740986169936455,0.01661414997149272,3.4350968097078893,12.366348514948402,0.004061218254302817,0.0,0.0,0.4808058600118233,0.0,0.0,0.0,3.225329450579566,0.0005312834344982451,1.9126203641936823,418.857271845294,0.11634924217924836,2.0361984596343863,90382.52190933094,1783556696382522.0,1783556696166141.5
36.0,245.65939143947105,24288.0,161.62248338422413,-935.7349003053447,9.84395942929807,950.2793634042179,0.1616224833842241,-0.9357349003053447,0.009843959429298072,0.9502793634042178,0.9497366041345592,0.9497366041345592,9.313734468936174,-0.050263395865440784,-0.4929155310638248,1.5849751266799013,1.0069792364271533,0.577995890252748,0.12748645000000014,-9.176424660079407,-9.58022498190287,0.403800321823462,0.20125845811697982,0.09653626473732592,0.6945280138057425,-0.5979917490684166,-0.08825984999999992,0.1616224833842241,1.5849751266799013,0.12748645000000014,0.12748645000000014,0.0,9.313734468936174,0.9497366041345592,43.661553121643934,-79.3940776333893,107.64555369011268,23.78643625502736,25.327106520251338,1.0,3.4255700109801586,36.0,3.4255700109801586,3.442170887460541,12.391815194857948,0.593,1.5740986169936466,0.045553690112688776,3.442170887460541,12.391815194857948,0.011135296006954455,0.0,0.0,1.3183028435956485,0.0,0.0,0.0,5.966575299281875,0.0009828275423539308,3.538179152474151,420.7662613966593,0.1168795170546276,2.0361984596343863,90554.13338236822,1783556696554133.5,1783556696455537.0
37.0,358.523597990126,24288.0,157.570947764457,-911.4256865867421,17.368239866008402,925.6807542842033,0.15757094776445701,-0.9114256865867421,0.017368239866008404,0.9256807542842033,0.9251841802907805,0.9251841802907805,9.072957441648581,-0.0748158197092195,-0.7336925583514173,1.5452431348943123,1.011236235547038,0.5340068993472744,0.12748645000000014,-8.938032709365874,-9.585900980729383,0.6478682713635088,0.13598447161208327,0.1703242494819913,0.7058800114587679,-0.5355557619767766,-0.08825984999999992,0.15757094776445701,1.5452431348943123,0.12748645000000014,0.12748645000000014,0.0,9.072957441648581,0.9251841802907805,43.66156209290138,-79.3940767652031,107.67449323025387,23.856352945343424,26.318789318082224,1.0,3.4414678590172856,37.0,3.4414678590172856,3.4492449652131927,12.417281874767493,0.593,2.5740986169936475,0.07449323025388482,3.4492449652131927,12.417281874767493,0.018209373759606094,0.0,0.0,2.155799827179474,0.0,0.0,0.0,8.707821147984182,0.0014343716502096167,5.16373794075462,422.67525094802454,0.11740979193000683,2.0361984596343863,90725.7448554055,1783556696725744.8,1783556696744932.2
38.0,1308.4224632401829,24288.0,113.83579818018772,-983.6024676712836,100.48888700593606,995.4320966732623,0.11383579818018773,-0.9836024676712836,0.10048888700593608,0.9954320966732623,0.995279194180114,0.995279194180114,9.760354709606414,-0.004720805819885995,-0.04629529039358499,1.116347830223738,0.9997213770840847,0.11662645313965324,0.12748645000000014,-9.645845139588593,-9.609960077084084,-0.03588506250450794,0.07845319999999845,0.985459343756763,0.6777726958318305,0.3076866479249325,-0.08825984999999992,0.11383579818018773,1.116347830223738,0.12748645000000014,0.12748645000000014,0.0,9.760354709606414,0.995279194180114,43.66157105062115,-79.3940762555565,107.7,23.897395757394808,27.308975662088685,1.0,3.475979689746196,38.0,3.475979689746196,3.475979689746196,12.513526883086305,0.5931419758316844,0.11861869187706012,0.0,3.475979689746196,12.513526883086305,0.044249997372254234,0.0,0.0,0.0,0.0,0.0,0.0,31.778964787177564,0.0052380992418942,18.857157270819123,443.72330494993,0.1232564735972028,2.7506507745757487,91486.98030946945,1783556697486980.2,1783556697028395.2
39.0,1859.958331701695,24288.0,104.02114079871116,-980.2511212483404,96.18001303358051,990.6444589262005,0.10402114079871116,-0.9802511212483404,0.09618001303358051,0.9906444589262006,0.9906161768019559,0.9906161768019559,9.7146261302349,-0.009383823198044077,-0.09202386976509892,1.0200989204136808,0.9950263083128624,0.025072612100818417,0.12748645000000014,-9.612979658190037,-9.605265008312863,-0.007714649877174712,0.07845319999999845,0.9432037248157623,0.6871628333742751,0.25604089144148723,-0.08825984999999992,0.10402114079871116,1.0200989204136808,0.12748645000000014,0.12748645000000014,0.0,9.7146261302349,0.9906161768019559,43.66157990775098,-79.39407840999348,107.7,23.72389483950956,28.288042793697397,1.0,3.6488003835610834,39.0,3.6488003835610834,3.6488003835610834,13.1356813808199,0.5943388852684498,1.1186186918770595,0.0,3.6488003835610834,13.1356813808199,0.21121916045980377,0.0,0.0,0.0,0.0,0.0,0.0,45.17466796037077,0.007473311790315015,26.903922445134057,456.0556427862491,0.12668212299618034,2.9169554686979886,91630.13067810661,1783556697630130.8,1783556697267777.0
40.0,2411.494200163207,24288.0,94.2064834172346,-976.8997748253972,91.87113906122495,985.8568211791388,0.0942064834172346,-0.9768997748253971,0.09187113906122495,0.9858568211791389,0.9859531594237978,0.9859531594237978,9.668897550863386,-0.014046840576202159,-0.13775244913661286,0.9238500106036237,0.9903312395416402,-0.06648122893801639,0.12748645000000014,-9.580114176791481,-9.60056993954164,0.020455762750158514,0.07845319999999845,0.9009481058747616,0.6965529709167196,0.20439513495804196,-0.08825984999999992,0.0942064834172346,0.9238500106036237,0.12748645000000014,0.12748645000000014,0.0,9.668897550863386,0.9859531594237978,43.66158876488082,-79.39408056443047,107.7,23.550393921624313,29.26710992530611,1.0,3.821621077375971,40.0,3.821621077375971,3.821621077375971,13.757835878553495,0.5955357947052152,2.118618691877059,0.0,3.821621077375971,13.757835878553495,0.37818832354735327,0.0,0.0,0.0,0.0,0.0,0.0,58.57037113356397,0.00970852433873583,34.950687619448985,468.3879806225682,0.13010777239515783,3.083260162820228,91773.28104674375,1783556697773281.0,1783556697507159.0
41.0,2963.030068624719,24288.0,84.39182603575804,-973.548428402454,87.56226508886938,981.0691834320771,0.08439182603575804,-0.9735484284024539,0.08756226508886938,0.981069183432077,0.9812901420456398,0.9812901420456398,9.623168971491873,-0.01870985795436024,-0.1834810285081268,0.8276011007935666,0.9856361707704178,-0.15803506997685124,0.12748645000000014,-9.547248695392925,-9.595874870770416,0.04862617537749174,0.07845319999999845,0.8586924869337609,0.7059431084591643,0.15274937847459666,-0.08825984999999992,0.08439182603575804,0.8276011007935666,0.12748645000000014,0.12748645000000014,0.0,9.623168971491873,0.9812901420456398,43.661597622010646,-79.39408271886745,107.7,23.376893003739063,30.246177056914824,1.0,3.9944417711908584,41.0,3.9944417711908584,3.9944417711908584,14.37999037628709,0.5967327041419807,3.118618691877058,0.0,3.9944417711908584,14.37999037628709,0.5451574866349028,0.0,0.0,0.0,0.0,0.0,0.0,71.96607430675718,0.011943736887156643,42.99745279376392,480.7203184588873,0.13353342179413535,3.2495648569424676,91916.4314153809,1783556697916431.5,1783556697746540.8
42.0,3514.565937086231,24288.0,74.57716865428148,-970.1970819795107,83.25339111651382,976.2815456850153,0.07457716865428148,-0.9701970819795107,0.08325339111651382,0.9762815456850154,0.9766271246674817,0.9766271246674817,9.577440392120359,-0.02337287533251832,-0.22920960787964073,0.7313521909835095,0.9809411019991955,-0.24958891101568603,0.12748645000000014,-9.51438321399437,-9.591179801999195,0.07679658800482497,0.07845319999999845,0.8164368679927603,0.7153332460016089,0.10110362199115139,-0.08825984999999992,0.07457716865428148,0.7313521909835095,0.12748645000000014,0.12748645000000014,0.0,9.577440392120359,0.9766271246674817,43.66160647914048,-79.39408487330445,107.7,23.203392085853817,31.225244188523536,1.0,4.167262465005746,42.0,4.167262465005746,4.167262465005746,15.002144874020686,0.5979296135787462,4.1186186918770575,0.0,4.167262465005746,15.002144874020686,0.7121266497224523,0.0,0.0,0.0,0.0,0.0,0.0,85.36177747995038,0.01417894943557746,51.044217968078854,493.0526562952063,0.13695907119311287,3.4158695510647075,92059.58178401804,1783556698059581.8,1783556697985922.8
43.0,4148.948126467655,24288.0,69.02522209530864,-988.1081915730765,77.62723986293332,993.5112182245136,0.06902522209530863,-0.9881081915730765,0.07762723986293334,0.9935112182245136,0.9937155236641105,0.9937155236641105,9.745020340140648,-0.006284476335889487,-0.06162965985935062,0.6769061942609584,0.9767621275408765,-0.29985593327991816,0.17334520139469917,-9.69003119689011,-9.587000827540875,-0.10303036934923573,0.06674458262262871,0.7612631718018351,0.7236911949182466,0.037571976883588445,-0.11167708475473986,0.06902522209530863,0.6769061942609584,0.17334520139469917,0.17334520139469917,0.07759518002487147,9.745020340140648,0.9937155236641105,43.661614959644645,-79.39408897982233,107.71989911161877,22.87268637215538,32.16267911902018,1.0,4.287348129229418,43.0,4.287348129229418,4.216325471008489,15.178771695630562,0.5966070621866864,4.287348129229418,0.01989911161876432,4.216325471008489,15.178771695630562,0.6171847905072441,0.0,0.0,0.4207155829567287,0.0,0.0,0.0,100.76965209564639,0.01667719727617589,60.0379101942332,512.5498787741908,0.14237496632616414,3.636042558802907,92185.6037496669,1783556698185603.8,1783556698198991.0
44.0,4788.506646881207,24288.0,63.73961448858506,-1007.3478032615503,71.91878364767186,1012.1165570001806,0.06373961448858506,-1.0073478032615504,0.07191878364767187,1.0121165570001807,1.0121629755471362,1.0121629755471362,9.925928044149321,0.012162975547136107,0.11927804414932222,0.6250720904244826,0.9726153992339586,-0.34754330880947587,0.22206925900098634,-9.878707334854882,-9.582854099233957,-0.29585323562092514,0.05430439770187477,0.7052823396584413,0.7319846515320828,-0.026702311873641457,-0.13655745459624824,0.06373961448858506,0.6250720904244826,0.22206925900098634,0.22206925900098634,0.16003859391029815,9.925928044149321,1.0121629755471362,43.66162341661682,-79.3940932083084,107.74104154204566,22.532158326530414,33.09751282290641,1.0,4.404138849668959,44.0,4.404138849668959,4.257655957899059,15.327561448436613,0.5951270920568038,4.404138849668959,0.04104154204565742,4.257655957899059,15.327561448436613,0.5058784369204283,0.0,0.0,0.8677179473127693,0.0,0.0,0.0,116.30324943945077,0.019191879856788427,69.09076748443833,532.4947712801076,0.14791521424447432,3.8595813191819306,92310.55551348985,1783556698310555.5,1783556698410415.5
45.0,5428.065167294761,24288.0,58.45400688186149,-1026.5874149500241,66.2103274324104,1030.7218957758475,0.05845400688186149,-1.0265874149500243,0.06621032743241041,1.0307218957758475,1.0306104274301617,1.0306104274301617,10.106835748157994,0.030610427430161694,0.30018574815799515,0.5732379865880068,0.9684686709270405,-0.3952306843390336,0.27079331660727357,-10.067383472819653,-9.57870737092704,-0.48867610189261446,0.04186421278112083,0.6493015075150474,0.7402781081459189,-0.09097660063087135,-0.1614378244377566,0.05845400688186149,0.5732379865880068,0.27079331660727357,0.27079331660727357,0.24248200779572485,10.106835748157994,1.0306104274301617,43.66163187358899,-79.3940974367945,107.76218397247256,22.191630280905446,34.03234652679264,1.0,4.520929570108499,45.0,4.520929570108499,4.298986444789629,15.476351201242665,0.5936471219269212,4.520929570108499,0.062183972472550524,4.298986444789629,15.476351201242665,0.3945720833336126,0.0,0.0,1.3147203116688098,0.0,0.0,0.0,131.83684678325514,0.02170656243740096,78.14362477464347,552.4396637860242,0.15345546216278452,4.083120079560954,92435.50727731279,1783556698435507.2,1783556698621839.8
46.0,6067.623687708313,24288.0,53.16839927513791,-1045.827026638498,60.501871217148945,1049.3272345515145,0.05316839927513791,-1.045827026638498,0.06050187121714895,1.0493272345515146,1.0490578793131873,1.0490578793131873,10.287743452166668,0.04905787931318728,0.481093452166668,0.5214038827515312,0.9643219426201224,-0.4429180598685913,0.31951737421356075,-10.256059610784424,-9.57456064262012,-0.6814989681643039,0.0294240278603669,0.5933206753716537,0.748571564759755,-0.15525088938810128,-0.18631819427926494,0.05316839927513791,0.5214038827515312,0.31951737421356075,0.31951737421356075,0.32492542168115157,10.287743452166668,1.0490578793131873,43.66164033056116,-79.39410166528057,107.78332640289945,21.851102235280482,34.96718023067886,1.0,4.63772029054804,46.0,4.63772029054804,4.340316931680199,15.625140954048717,0.5921671517970386,4.63772029054804,0.08332640289944362,4.340316931680199,15.625140954048717,0.2832657297467969,0.0,0.0,1.7617226760248503,0.0,0.0,0.0,147.3704441270595,0.0242212450180135,87.1964820648486,572.384556291941,0.15899571008109473,4.306658839939978,92560.45904113573,1783556698560459.0,1783556698833264.0
47.0,6621.07034593827,24288.0,150.78292061579492,-943.930247630523,71.80347414284644,959.5435615418546,0.15078292061579493,-0.943930247630523,0.07180347414284644,0.9595435615418545,0.959402180267949,0.959402180267949,9.408521391124681,-0.04059781973205098,-0.39812860887531776,1.4786753284568854,0.9610517,0.5176236284568855,0.12748645000000014,-9.256793562925868,-9.591851723782858,0.335058160856991,0.017480246488564225,0.704151539702945,0.76539271189143,-0.06124117218848502,-0.08825984999999992,0.15078292061579493,1.4786753284568854,0.12748645000000014,0.12748645000000014,-0.37109474712587626,9.408521391124681,0.959402180267949,43.66164883675892,-79.39410567670065,107.8,21.528054929212775,35.907455331307546,1.0,4.71257349350174,47.0,4.71257349350174,4.372911476038088,15.742481313737118,0.591096671522167,0.21136800434533132,0.0,4.372911476038088,15.742481313737118,0.18603701446134022,0.0,0.0,0.0,0.0,0.0,0.0,160.81255656214873,0.02640489424902615,95.05761929649412,687.7373957103431,0.19103816547509533,3.425649398977522,93278.66310632255,1783556699278663.0,1783556699048335.8
48.0,6810.646559530201,24288.0,111.90721939670189,-967.2556683619789,85.06694867641936,981.039537510059,0.11190721939670188,-0.9672556683619788,0.08506694867641937,0.9810395375100589,0.98087829208438,0.98087829208438,9.619130103069285,-0.01912170791561993,-0.18751989693071414,1.0974349330966664,0.9610517,0.1363832330966666,0.12748645000000014,-9.485537800142,-9.596336904904744,0.11079910476274502,0.007388588964323133,0.834221792237608,0.7676353024523725,0.0665864897852354,-0.08825984999999992,0.11190721939670188,1.0974349330966664,0.12748645000000014,0.12748645000000014,-0.28192236441496615,9.619130103069285,0.98087829208438,43.661657526621546,-79.39410887822899,107.8,21.27022974872297,36.868032745833915,1.0,4.630954253002615,48.0,4.630954253002615,4.372911476038088,15.742481313737118,0.5915540327129799,1.2113680043453308,0.0,4.372911476038088,15.742481313737118,0.14133316462130302,0.0,0.0,0.0,0.0,0.0,0.0,165.41698363786955,0.027183652460497046,97.86114885778937,712.1432475152129,0.19781756875422582,3.425649398977522,93414.27069939856,1783556699414270.8,1783556699277016.2
49.0,7000.222773122131,24288.0,73.03151817760883,-990.5810890934347,98.33042320999228,1002.5355134782634,0.07303151817760882,-0.9905810890934347,0.09833042320999229,1.0025355134782632,1.0023544039008112,1.0023544039008112,9.829738815013888,0.002354403900811132,0.023088815013889485,0.7161945377364476,0.9610517,-0.24485716226355214,0.12748645000000014,-9.71428203735813,-9.600822086026628,-0.113459951331501,-0.002703068559917955,0.9642920447722708,0.769877893013315,0.19441415175895582,-0.08825984999999992,0.07303151817760882,0.7161945377364476,0.12748645000000014,0.12748645000000014,-0.19274998170405605,9.829738815013888,1.0023544039008112,43.66166621648417,-79.39411207975732,107.8,21.012404568233162,37.82861016036028,1.0,4.549335012503491,49.0,4.549335012503491,4.372911476038088,15.742481313737118,0.5920113939037928,2.21136800434533,0.0,4.372911476038088,15.742481313737118,0.09662931478126581,0.0,0.0,0.0,0.0,0.0,0.0,170.02141071359034,0.027962410671967947,100.66467841908461,736.5490993200826,0.2045969720333563,3.425649398977522,93549.87829247458,1783556699549878.2,1783556699505697.0
50.0,7189.798986714061,24288.0,34.15581695851577,-1013.9065098248905,111.59389774356521,1024.0314894464677,0.03415581695851577,-1.0139065098248905,0.1115938977435652,1.0240314894464677,1.0238305157172423,1.0238305157172423,10.040347526958492,0.023830515717242193,0.2336975269584931,0.3349541423762288,0.9610517,-0.626097557623771,0.12748645000000014,-9.943026274574262,-9.605307267148515,-0.337719007425747,-0.012794726084159047,1.0943622973069336,0.7721204835742574,0.32224181373267624,-0.08825984999999992,0.03415581695851577,0.3349541423762288,0.12748645000000014,0.12748645000000014,-0.10357759899314595,10.040347526958492,1.0238305157172423,43.661674906346796,-79.39411528128566,107.8,20.754579387743355,38.78918757488665,1.0,4.467715772004367,50.0,4.467715772004367,4.372911476038088,15.742481313737118,0.5924687550946056,3.2113680043453297,0.0,4.372911476038088,15.742481313737118,0.0519254649412286,0.0,0.0,0.0,0.0,0.0,0.0,174.62583778931113,0.028741168883438847,103.46820798037984,760.9549511249525,0.2113763753124868,3.425649398977522,93685.48588555059,1783556699685486.0,1783556699734377.5
51.0,7379.375200305992,24288.0,-4.719884260577288,-1037.2319305563465,124.85737227713813,1045.5274654146722,-0.0047198842605772895,-1.0372319305563462,0.12485737227713814,1.045527465414672,1.0453066275336733,1.0453066275336733,10.250956238903097,0.04530662753367325,0.44430623890309684,-0.04628625298399003,0.9610517,-1.0073379529839896,0.12748645000000014,-10.171770511790392,-9.6097924482704,-0.561978063519993,-0.02288638360840014,1.2244325498415964,0.7743630741351999,0.45006947570639666,-0.08825984999999992,-0.0047198842605772895,-0.04628625298399003,0.12748645000000014,0.12748645000000014,-0.014405216282235844,10.250956238903097,1.0453066275336733,43.66168359620942,-79.39411848281401,107.8,20.49675420725355,39.74976498941301,1.0,4.386096531505243,51.0,4.386096531505243,4.372911476038088,15.742481313737118,0.5929261162854186,4.211368004345329,0.0,4.372911476038088,15.742481313737118,0.007221615101191403,0.0,0.0,0.0,0.0,0.0,0.0,179.23026486503193,0.029519927094909748,106.2717375416751,785.3608029298222,0.21815577859161728,3.425649398977522,93821.0934786266,1783556699821093.5,1783556699963058.2
52.0,1879.1303036964794,24288.0,37.954481979414055,-977.4555247273463,126.00069516528814,988.8662265993946,0.03795448197941405,-0.9774555247273462,0.1260006951652881,0.9888662265993947,0.9889575216371569,0.9889575216371569,9.698360279563024,-0.011042478362843158,-0.10828972043697585,0.37220632070342075,0.960044797621619,-0.5878384769181982,-0.07985366305409484,-9.585564221567429,-9.618441032135141,0.032876810567712446,-0.043254209513523205,1.2356447172426728,0.7865458047567618,0.44909891248591094,-0.08825984999999992,0.03795448197941405,0.37220632070342075,-0.07985366305409484,-0.07985366305409484,-0.28119088527871455,9.698360279563024,0.9889575216371569,43.6616923926337,-79.39412105350937,107.82053509360242,20.28973120880736,40.72212172867103,1.0,4.313386539589883,52.0,4.313386539589883,4.313386539589883,15.528191542523581,0.5973839471919273,0.8384565283072402,0.02053509360242306,4.313386539589883,15.528191542523581,-0.05952493644820467,-0.011280845611399977,0.011280845611399977,0.5029361153780871,0.0,0.0,0.0,45.640316816180096,0.007581126828530932,27.292056582711357,823.6044885772608,0.22877902460479466,2.7361487255578503,94563.18380693441,1783556700563183.8,1783556700205351.0
53.0,1317.5392367700172,24288.0,72.48755674462608,-970.8428082829439,98.57016769221192,982.7433410027259,0.07248755674462606,-0.9708428082829439,0.09857016769221191,0.9827433410027259,0.9826225997281847,0.9826225997281847,9.636235917624402,-0.01737740027181531,-0.1704140823755976,0.7108600983496872,0.9588438977008876,-0.2479837993512003,-0.09906806178579788,-9.52071562584793,-9.622043731897335,0.10132810604940479,-0.048057809196449315,0.9666431349988298,0.7889476045982247,0.17769553040060526,-0.08825984999999992,0.07248755674462606,0.7108600983496872,-0.09906806178579788,-0.09906806178579788,-0.23516443234311768,9.636235917624402,0.9826225997281847,43.661701209588955,-79.3941235026636,107.8450266359891,20.092496148769218,41.69674796306339,1.0,4.242393071904231,53.0,4.242393071904231,4.242393071904231,15.272615058855232,0.596649200920327,1.8384565283072396,0.045026635989100346,4.242393071904231,15.272615058855232,-0.1305184041338574,-0.024735145542935925,0.024735145542935925,1.1027717638564463,0.0,0.0,0.0,32.00039298267018,0.005315101371049467,19.13436493577808,823.8062321519723,0.22883506448665897,1.9138035590031761,94708.90848413513,1783556700708908.5,1783556700450266.2
54.0,755.948169843555,24288.0,107.02063150983811,-964.2300918385416,71.1396402191357,976.6204554060571,0.10702063150983808,-0.9642300918385416,0.0711396402191357,0.976620455406057,0.9762876778192126,0.9762876778192126,9.57411155568578,-0.023712322180787466,-0.23253844431421936,1.0495138759959537,0.9576429977801562,0.09187087821579765,-0.11828246051750091,-9.455867030128433,-9.625646431659531,0.1697794015310971,-0.05286140887937542,0.697641552754987,0.7913494044396876,-0.09370785168470053,-0.08825984999999992,0.10702063150983808,1.0495138759959537,-0.11828246051750091,-0.11828246051750091,-0.18913797940752083,9.57411155568578,0.9762876778192126,43.66171002654421,-79.39412595181784,107.86951817837577,19.895261088731075,42.67137419745574,1.0,4.171399604218578,54.0,4.171399604218578,4.171399604218578,15.017038575186882,0.5959144546487268,2.838456528307239,0.06951817837577763,4.171399604218578,15.017038575186882,-0.20151187181951016,-0.038189445474471874,0.038189445474471874,1.7026074123348052,0.0,0.0,0.0,18.360469149160267,0.0030490759135680025,10.976673288844808,824.0079757266838,0.22889110436852328,1.091458392448502,94854.63316133585,1783556700854633.2,1783556700695181.8
55.0,194.35710291709302,24288.0,141.55370627505013,-957.6173753941393,43.709112746059475,970.4975698093883,0.14155370627505012,-0.9576173753941393,0.04370911274605947,0.9704975698093883,0.9699527559102403,0.9699527559102403,9.511987193747158,-0.030047244089759617,-0.29466280625284114,1.3881676536422203,0.9564420978594247,0.4317255557827956,-0.13749685924920396,-9.391018434408936,-9.629249131421725,0.23823069701278943,-0.05766500856230153,0.4286399705111441,0.7937512042811504,-0.3651112337700062,-0.08825984999999992,0.14155370627505012,1.3881676536422203,-0.13749685924920396,-0.13749685924920396,-0.143111526471924,9.511987193747158,0.9699527559102403,43.66171884349947,-79.39412840097208,107.89400972076245,19.698026028692933,43.6460004318481,1.0,4.100406136532925,55.0,4.100406136532925,4.100406136532925,14.761462091518531,0.5951797083771265,3.8384565283072387,0.09400972076245491,4.100406136532925,14.761462091518531,-0.2725053395051629,-0.05164374540600783,0.05164374540600783,2.302443060813164,0.0,0.0,0.0,4.720545315650348,0.0007830504560865387,2.818981641911531,824.2097193013954,0.2289471442503876,0.2691132258938276,95000.35783853655,1783556701000357.8,1783556700940097.2
56.0,57.40696977859845,24288.0,167.70318536903255,-944.8083310885427,29.471059095928684,961.4710590959287,0.16770318536903256,-0.9448083310885426,0.029471059095928683,0.9614710590959287,0.9609243906753493,0.9609243906753493,9.423449175816414,-0.03907560932465074,-0.38320082418358614,1.644606442799223,0.9561483749999999,0.6884580677992231,-0.16514473353093176,-9.265404620069456,-9.62713704236553,0.36173242229607416,-0.06482641526893922,0.289012361683089,0.7923431449103537,-0.5033307832272647,-0.08825984999999992,0.16770318536903256,1.644606442799223,-0.16514473353093176,-0.16514473353093176,-0.1412198673520627,9.423449175816414,0.9609243906753493,43.66172771500135,-79.39413042439423,107.9,19.535075985579315,44.626656248876095,1.0,4.007619147440886,56.0,4.007619147440886,4.007619147440886,14.427428930787192,0.6029359106826697,4.007619147440886,0.07965151107008431,4.007619147440886,14.427428930787192,-0.30630830184663393,-0.05675173807369719,0.05675173807369719,1.9507883595356992,0.0,0.0,0.0,1.3943004819825993,0.00023360580091684078,0.8409808833006268,824.4439323465205,0.22901220342958903,0.06676466055632796,95165.0094198157,1783556701165009.5,1783556701203485.0
57.0,57.9457069179117,24288.0,191.13825092915908,-929.9930597574282,19.504422018633502,951.5044220186335,0.19113825092915906,-0.9299930597574282,0.019504422018633498,0.9515044220186335,0.9510239510581453,0.9510239510581453,9.32635902964436,-0.04897604894185473,-0.4802909703556396,1.8744259284744376,0.9561483749999999,0.9182775534744376,-0.19552317129259805,-9.120116439470182,-9.623174637440094,0.5030581979699129,-0.07275122511980854,0.19127304018903218,0.7897015416267306,-0.5984285014376984,-0.08825984999999992,0.19113825092915906,1.8744259284744376,-0.19552317129259805,-0.19552317129259805,-0.15361802925237503,9.32635902964436,0.9510239510581453,43.66173660416415,-79.39413230997421,107.9,19.383226634531248,45.60926430469894,1.0,3.907775922364223,57.0,3.907775922364223,3.907775922364223,14.067993320511203,0.6134412848992782,3.907775922364223,0.052714654104419355,3.907775922364223,14.067993320511203,-0.328069842464533,-0.059157390327660195,0.059157390327660195,1.2910631853973087,0.0,0.0,0.0,1.4073853296222396,0.00023995013468211638,0.863820484855619,824.6886582519246,0.22908018284775686,0.06515659264810623,95335.78909297801,1783556701335789.0,1783556701472853.5
58.0,58.484444057224955,24288.0,214.5733164892856,-915.1777884263137,9.537784941338316,941.5377849413383,0.21457331648928557,-0.9151777884263137,0.009537784941338313,0.9415377849413383,0.9411235114409413,0.9411235114409413,9.229268883472306,-0.058876488559058714,-0.5773811165276931,2.104245414149652,0.9561483749999999,1.1480970391496523,-0.22590160905426437,-8.97482825887091,-9.619212232514661,0.6443839736437516,-0.08067603497067785,0.0935337186949754,0.7870599383431074,-0.693526219648132,-0.08825984999999992,0.21457331648928557,2.104245414149652,-0.22590160905426437,-0.22590160905426437,-0.16601619115268734,9.229268883472306,0.9411235114409413,43.66174549332695,-79.3941341955542,107.9,19.23137728348318,46.59187236052178,1.0,3.80793269728756,58.0,3.80793269728756,3.80793269728756,13.708557710235215,0.6239466591158866,3.80793269728756,0.025777797138754388,3.80793269728756,13.708557710235215,-0.3498313830824321,-0.06156304258162319,0.06156304258162319,0.6313380112589182,0.0,0.0,0.0,1.4204701772618797,0.00024629446844739197,0.8866600864106111,824.9333841573289,0.22914816226592466,0.06354852473988452,95506.5687661403,1783556701506568.8,1783556701742222.0
59.0,46.66556558115515,24288.0,130.4917418586636,-1004.7491741858663,32.859974219886766,1013.737230099479,0.1304917418586636,-1.0047491741858663,0.03285997421988676,1.0137372300994791,1.0140069011241013,1.0140069011241013,9.944010776908666,0.014006901124101254,0.13736077690866758,1.2796868402982633,0.9461074620504596,0.3335793782478038,-0.14219642499999996,-9.853223489029824,-9.590903699999998,-0.26231978902982644,-0.08790845557568952,0.32224626618345253,0.794397215737385,-0.4721509495539325,-0.20453407230275783,0.1304917418586636,1.2796868402982633,-0.14219642499999996,-0.14219642499999996,0.18696218630896475,9.944010776908666,1.0140069011241013,43.661754382210766,-79.39413608360861,107.90119440863873,19.079328662930795,47.57444957805677,1.0,3.7110733191926304,59.0,3.7110733191926304,3.7110733191926304,13.35986394909347,0.5960477763455493,0.04302877014894337,0.0011944086387315474,3.7110733191926304,13.35986394909347,-0.367541681702416,-0.0654896255275134,0.0654896255275134,0.03315484015319135,0.0,0.0,0.0,1.1334132568350963,0.0001876489856998474,0.6755363485194507,825.85124238086,0.22940312288357217,0.06797941816783122,96273.1664518324,1783556702273166.5,1783556702011944.0
60.0,38.893221224409345,24288.0,72.19915918307007,-998.919915918307,52.846002565804554,1007.6303881048931,0.07219915918307007,-0.998919915918307,0.052846002565804545,1.0076303881048931,1.007956947883863,1.007956947883863,9.884681002965284,0.00795694788386303,0.0780310029652854,0.708031884402654,0.9406631291371681,-0.23263124473451413,-0.14219642499999996,-9.796057993440265,-9.590903699999998,-0.20515429344026564,-0.07974195620575239,0.5182422510619471,0.7957582989657079,-0.2775160479037608,-0.17186807482300873,0.07219915918307007,0.708031884402654,-0.14219642499999996,-0.14219642499999996,0.13443716239717576,9.884681002965284,1.007956947883863,43.66176326489003,-79.39413802669469,107.9289527813414,18.92284823589274,48.55634094391277,1.0,3.680575487242595,60.0,3.680575487242595,3.680575487242595,13.25007175407334,0.5971581112536558,1.0430287701489438,0.028952781341393563,3.680575487242595,13.25007175407334,-0.29515128667605056,-0.10324210937026049,0.10324210937026049,0.8036820952531266,0.0,0.0,0.0,0.9446385570984541,0.00015653861554086823,0.5635390159471257,825.928100651467,0.22942447240318525,0.06797941816783122,96439.71668804837,1783556702439716.8,1783556702289527.8
61.0,31.120876867663537,24288.0,13.906576507476515,-993.0906576507476,72.83203091172234,1001.523546110307,0.013906576507476523,-0.9930906576507476,0.07283203091172233,1.0015235461103071,1.0019069946436248,1.0019069946436248,9.825351229021903,0.0019069946436248066,0.018701229021903215,0.13637692850704441,0.9352187962238766,-0.7988418677168321,-0.14219642499999996,-9.738892497850703,-9.590903699999998,-0.14798879785070485,-0.07157545683581529,0.7142382359404418,0.7971193821940308,-0.08288114625358906,-0.13920207734325962,0.013906576507476523,0.13637692850704441,-0.14219642499999996,-0.14219642499999996,0.0819121384853868,9.825351229021903,1.0019069946436248,43.661772147569295,-79.39413996978078,107.95671115404406,18.766367808854685,49.53823230976878,1.0,3.6500776552925593,61.0,3.6500776552925593,3.6500776552925593,13.140279559053214,0.5982684461617623,2.0430287701489442,0.05671115404405558,3.6500776552925593,13.140279559053214,-0.2227608916496851,-0.14099459321300756,0.14099459321300756,1.5742093503530619,0.0,0.0,0.0,0.755863857361812,0.0001254282453818891,0.4515416833748007,826.0049589220741,0.22944582192279833,0.06797941816783122,96606.26692426435,1783556702606267.0,1783556702567111.5
62.0,23.34853251091773,24288.0,-44.386006168117035,-987.2613993831883,92.81805925764013,995.416704115721,-0.044386006168117026,-0.9872613993831882,0.09281805925764011,0.995416704115721,0.9958570414033866,0.9958570414033866,9.766021455078521,-0.004142958596613417,-0.040628544921478965,-0.435278027388565,0.9297744633105851,-1.36505249069915,-0.14219642499999996,-9.681727002261143,-9.590903699999998,-0.09082330226114405,-0.06340895746587816,0.9102342208189363,0.7984804654223536,0.11175375539658272,-0.1065360798635105,-0.044386006168117026,-0.435278027388565,-0.14219642499999996,-0.14219642499999996,0.029387114573597828,9.766021455078521,0.9958570414033866,43.661781030248555,-79.39414191286687,107.98446952674672,18.60988738181663,50.52012367562478,1.0,3.619579823342524,62.0,3.619579823342524,3.619579823342524,13.030487364033085,0.5993787810698689,3.0430287701489447,0.0844695267467176,3.619579823342524,13.030487364033085,-0.1503704966233196,-0.17874707705575466,0.17874707705575466,2.3447366054529972,0.0,0.0,0.0,0.5670891576251699,9.431787522290993e-05,0.3395443508024758,826.0818171926811,0.2294671714424114,0.06797941816783122,96772.81716048034,1783556702772817.2,1783556702844695.2
63.0,2637.1185450139346,24288.0,59.61348399778751,-1002.1150392306301,71.72852322841764,1008.8297630222737,0.0596134839977875,-1.0021150392306302,0.07172852322841765,1.0088297630222738,1.008971017882149,1.008971017882149,9.894625632513977,0.008971017882149022,0.08797563251397669,0.5846085728469028,0.9169217749999999,-0.3323132021530971,-0.14219642499999996,-9.827391449471058,-9.561483749999999,-0.2659076994710591,-0.053944093124813915,0.7034165223179618,0.7943386499999999,-0.09092212768203807,0.0,0.0596134839977875,0.5846085728469028,-0.14219642499999996,-0.14219642499999996,0.0,9.894625632513977,1.008971017882149,43.66178985122881,-79.39414428374293,108.0,18.418956212349237,51.49519483288677,1.0,3.5291726240914234,63.0,3.5291726240914234,3.5291726240914234,12.705021446729125,0.5961426381041781,0.4405121143219117,0.0,3.5291726240914234,12.705021446729125,-0.1675414809132711,-0.1998691344200294,0.1998691344200294,0.0,0.0,0.0,0.0,64.05033522129844,0.01061189928050916,38.20283740983298,867.8191971416461,0.24106088809490167,1.6067747836920923,97547.15494819438,1783556703547155.0,1783556703142638.0
64.0,4784.888184607868,24288.0,-2.556238722253994,-1043.2377204048244,50.681481682570265,1049.304842918134,-0.002556238722253995,-1.0432377204048242,0.050681481682570265,1.0493048429181342,1.049417453483267,1.049417453483267,10.291269670201679,0.04941745348326699,0.48461967020168023,-0.025068138465592082,0.9169217749999999,-0.941989913465592,-0.14219642499999996,-10.230667190807969,-9.561483749999999,-0.66918344080797,-0.04283019474151316,0.49701555234237765,0.7943386499999999,-0.29732309765762227,0.0,-0.002556238722253995,-0.025068138465592082,-0.14219642499999996,-0.14219642499999996,0.0,10.291269670201679,1.049417453483267,43.66179859384607,-79.3941471979487,108.0,18.184269667228886,52.46160374463476,1.0,3.362675428325288,64.0,3.362675428325288,3.362675428325288,12.105631541971038,0.596466438743345,1.440512114321911,0.0,3.362675428325288,12.105631541971038,-0.29846304123274303,-0.1998691344200294,0.1998691344200294,0.0,0.0,0.0,0.0,116.21536422775591,0.019266294040369364,69.35865854532972,906.9011141875533,0.2519169761632092,5.099971260009108,97740.463929777,1783556703740464.0,1783556703466438.8
65.0,6932.657824201802,24288.0,-64.7259614422955,-1084.3604015790183,29.634440136722873,1089.7799228139945,-0.0647259614422955,-1.0843604015790183,0.02963444013672288,1.0897799228139946,1.089863889084385,1.089863889084385,10.687913707889383,0.08986388908438496,0.8812637078893837,-0.6347448497780871,0.9169217749999999,-1.551666624778087,-0.14219642499999996,-10.63394293214488,-9.561483749999999,-1.0724591821448808,-0.031716296358212395,0.2906145823667934,0.7943386499999999,-0.5037240676332065,0.0,-0.0647259614422955,-0.6347448497780871,-0.14219642499999996,-0.14219642499999996,0.0,10.687913707889383,1.089863889084385,43.661807336463326,-79.39415011215445,108.0,17.94958312210854,53.42801265638274,1.0,3.196178232559153,65.0,3.196178232559153,3.196178232559153,11.50624163721295,0.596790239382512,2.44051211432191,0.0,3.196178232559153,11.50624163721295,-0.4293846015522149,-0.1998691344200294,0.1998691344200294,0.0,0.0,0.0,0.0,168.3803932342134,0.02792068880022957,100.51447968082645,945.9830312334603,0.26277306423151675,8.593167736326123,97933.77291135964,1783556703933773.0,1783556703790239.5
66.0,9167.070087591641,24288.0,-83.89457195688954,-1100.332582565167,14.164745387555612,1105.1031757386115,-0.08389457195688953,-1.100332582565167,0.014164745387555612,1.1051031757386116,1.1051680483592972,1.1051680483592972,10.837996241442701,0.10516804835929722,1.0313462414427021,-0.8227247040810306,0.9169217749999999,-1.7396464790810304,-0.13319757517743608,-10.790576520812694,-9.561483749999999,-1.229092770812695,-0.01326806272179557,0.13890870035487224,0.7932137937721795,-0.6543050934173072,0.0,-0.08389457195688953,-0.8227247040810306,-0.13319757517743608,-0.13319757517743608,0.015023121573562384,10.837996241442701,1.1051680483592972,43.66181609699216,-79.39415291762731,108.01147034132778,17.723653043929332,54.3964015133392,1.0,3.086271265468435,66.0,3.086271265468435,3.086271265468435,11.110576555686366,0.5972294068265556,3.086271265468435,0.011470341327776775,3.086271265468435,11.110576555686366,-0.45726528239867875,-0.1998691344200294,0.1998691344200294,0.3735709472701354,0.0,0.0,0.0,222.64979828742577,0.036947017357802266,133.00926248808818,997.4568131892514,0.27707133699701425,11.416620733056611,98127.70734455339,1783556704127707.2,1783556704114703.5
67.0,11560.84929953745,24288.0,-23.968670596613478,-1070.0439476385056,8.953797443183781,1074.1631723189037,-0.02396867059661348,-1.0700439476385057,0.00895379744318378,1.0741631723189038,1.0742265183612605,1.0742265183612605,10.534563486287453,0.07422651836126037,0.7279134862874541,-0.23505236350627945,0.9169217749999999,-1.1519741385062794,-0.10764660384809913,-10.49354647910915,-9.561483749999999,-0.9320627291091526,0.01867065143987564,0.08780675769619821,0.7900199223560124,-0.7022131646598141,0.0,-0.02396867059661348,-0.23505236350627945,-0.10764660384809913,-0.10764660384809913,0.0576791671984989,10.534563486287453,1.0742265183612605,43.66182489046682,-79.39415552310128,108.0440387659801,17.51382925795831,55.368432201675624,1.0,3.0804540831392004,67.0,3.0804540831392004,3.0804540831392004,11.089634699301122,0.597880775319602,3.0804540831392004,0.044038765980098864,3.0804540831392004,11.089634699301122,-0.2956167244167003,-0.1998691344200294,0.1998691344200294,1.4342732316041775,0.0,0.0,0.0,280.7899077871656,0.046657465945556656,167.96687740400398,1071.7236917883065,0.29770102549675176,13.00817457922135,98322.79220822081,1783556704322792.2,1783556704440387.8
68.0,13954.62851148326,24288.0,35.95723076366258,-1039.7553127118445,3.7428494988119496,1043.223168899196,0.03595723076366257,-1.0397553127118444,0.0037428494988119496,1.043223168899196,1.0432849883632236,1.0432849883632236,10.231130731132206,0.043284988363223545,0.4244807311322062,0.3526199770684717,0.9169217749999999,-0.5643017979315281,-0.08209563251876215,-10.19651643740561,-9.561483749999999,-0.6350326874056099,0.05060936560154686,0.036704815037524194,0.7868260509398453,-0.750121235902321,0.0,0.03595723076366257,0.3526199770684717,-0.08209563251876215,-0.08209563251876215,0.10033521282343541,10.231130731132206,1.0432849883632236,43.66183368394147,-79.39415812857526,108.07660719063242,17.30400547198729,56.34046289001204,1.0,3.0746369008099657,68.0,3.0746369008099657,3.0746369008099657,11.068692842915876,0.5985321438126485,3.0746369008099657,0.07660719063242095,3.0746369008099657,11.068692842915876,-0.1339681664347218,-0.1998691344200294,0.1998691344200294,2.49497551593822,0.0,0.0,0.0,338.93001728690547,0.05636791453331105,202.9244923199198,1145.9905703873615,0.31833071399648927,14.59972842538609,98517.87707188823,1783556704517877.0,1783556704766072.0
69.0,15306.280091578625,24288.0,-58.129784669412956,-984.7274870677866,137.46821844909306,998.6945266440532,-0.05812978466941296,-0.9847274870677866,0.13746821844909304,0.9986945266440532,0.998138583847041,0.998138583847041,9.788395743283585,-0.0018614161529589817,-0.018254256716415188,-0.5700584528282985,0.9022117999999999,-1.4722702528282985,-0.06374322500000007,-9.65687781105331,-9.577045097464238,-0.07983271358907136,0.05987453519180307,1.348102704453798,0.7649187,0.5831840044537981,0.009806650000000028,-0.05812978466941296,-0.5700584528282985,-0.06374322500000007,-0.06374322500000007,0.0,9.788395743283585,0.998138583847041,43.66184247910502,-79.39416072307229,108.1,17.09506567879174,57.31268026833876,1.0,3.0350258602502738,69.0,3.0350258602502738,3.0350258602502738,10.926093096900985,0.6003802237457599,0.28173346984698394,0.0,3.0350258602502738,10.926093096900985,-0.05144915703347564,-0.18582046444758224,0.18582046444758224,0.0,0.0,0.0,0.0,371.7589308642617,0.06197965623140771,223.1267624330678,1444.7327762203856,0.4013146600612182,10.856088068307539,99320.46114521213,1783556705320461.2,1783556705103296.0
70.0,17206.232169936047,24288.0,5.299723156876908,-976.6613068817844,89.43778188698917,986.9619009189591,0.005299723156876893,-0.9766613068817844,0.08943778188698916,0.9869619009189592,0.9866615134012067,0.9866615134012067,9.675844130395943,-0.013338486598793295,-0.13080586960405624,0.051972530096386915,0.9022117999999999,-0.850239269903613,-0.06374322500000007,-9.577775605132251,-9.562662878205863,-0.015112726926387307,0.011334545194790026,0.8770850237420421,0.7649187,0.11216632374204216,0.009806650000000028,0.005299723156876893,0.051972530096386915,-0.06374322500000007,-0.06374322500000007,0.0,9.675844130395943,0.9866615134012067,43.66185127857431,-79.39416328958417,108.1,16.888379584540324,58.285373604213646,1.0,2.9092589316278072,70.0,2.9092589316278072,2.9092589316278072,10.473332153860106,0.5981803564223048,1.2817334698469853,0.0,2.9092589316278072,10.473332153860106,-0.17066729417192253,-0.13595535619446153,0.13595535619446153,0.0,0.0,0.0,0.0,417.90496694340675,0.06938734272037148,249.79443379333736,1550.4539949473005,0.430681665263139,10.856088068307539,99538.6146547881,1783556705538614.8,1783556705469940.5
71.0,19106.18424829347,24288.0,68.72923098316676,-968.5951266957823,41.40734532488527,975.2292751938651,0.06872923098316676,-0.9685951266957822,0.04140734532488527,0.975229275193865,0.9751844429553724,0.9751844429553724,9.563292517508302,-0.024815557044627606,-0.2433574824916973,0.6740035130210722,0.9022117999999999,-0.2282082869789277,-0.06374322500000007,-9.498673399211192,-9.548280658947489,0.04960725973629676,-0.037205444802223014,0.40606734303028613,0.7649187,-0.3588513569697138,0.009806650000000028,0.06872923098316676,0.6740035130210722,-0.06374322500000007,-0.06374322500000007,0.0,9.563292517508302,0.9751844429553724,43.6618600780436,-79.39416585609605,108.1,16.681693490288904,59.258066940088526,1.0,2.7834920030053407,71.0,2.7834920030053407,2.7834920030053407,10.020571210819227,0.5959804890988497,2.2817334698469867,0.0,2.7834920030053407,10.020571210819227,-0.2898854313103694,-0.08609024794134085,0.08609024794134085,0.0,0.0,0.0,0.0,464.0510030225518,0.07679502920933524,276.4621051536069,1656.1752136742155,0.4600486704650598,10.856088068307539,99756.76816436407,1783556705756768.2,1783556705836585.2
72.0,9039.76147238856,24288.0,57.6932643402272,-901.9947206381784,145.2545795945329,917.6187506813673,0.057693264340227195,-0.9019947206381784,0.14525457959453292,0.9176187506813672,0.9174435614174263,0.9174435614174263,8.997047901574204,-0.08255643858257362,-0.8096020984257957,0.5657776507420891,0.8727918499999998,-0.3070141992579108,-0.06271262854038552,-8.845546527146391,-9.58109705,0.7355505228536087,-0.05883990000000061,1.4244608229807263,0.7649187,0.6595421229807263,0.007745457080770974,0.057693264340227195,0.5657776507420891,-0.06271262854038552,-0.06271262854038552,0.0017262922271600505,8.997047901574204,0.9174435614174263,43.66186883421323,-79.39416868146547,108.12101831837813,16.454161104527863,60.225973930177325,1.0,2.7084720330130585,72.0,2.7084720330130585,2.7274372122480237,9.818773964092886,0.5962101831837813,0.5542962575989628,0.021018318378133446,2.7274372122480237,9.818773964092886,-0.2709240709867502,-0.052318879978565117,0.052318879978565117,0.7969920442150411,0.0,0.0,0.0,219.5577266413733,0.036352291253868754,130.8682485139275,1867.1084041504046,0.5186412233751123,10.387490722566813,100575.47936071745,1783556706575479.2,1783556706210183.2
73.0,5813.619309066861,24288.0,105.85029945328029,-849.6666037436797,154.73431091600006,873.6327973497597,0.10585029945328028,-0.8496666037436797,0.15473431091600007,0.8736327973497597,0.8731817700219323,0.8731817700219323,8.56298800498558,-0.12681822997806774,-1.2436619950144179,1.038036839133511,0.8727918499999998,0.16524498913351116,-0.060853340397112154,-8.332382999602956,-9.58109705,1.248714050397044,-0.05883990000000061,1.517425230144392,0.7649187,0.7525065301443921,0.004026880794224334,0.10585029945328028,1.038036839133511,-0.060853340397112154,-0.060853340397112154,0.004840677726780423,8.56298800498558,0.8731817700219323,43.66187755556604,-79.39417171497949,108.158937243664,16.2098664368397,61.190032270378914,1.0,2.674257154281753,73.0,2.674257154281753,2.7274372122480237,9.818773964092886,0.59658937243664,1.5542962575989618,0.05893724366400525,2.7274372122480237,9.818773964092886,-0.14085404215305775,-0.03148831790848734,0.03148831790848734,2.2348369390504477,0.0,0.0,0.0,141.20118577861592,0.023385865771226245,84.18911677641448,1879.8642743145504,0.5221845206429306,9.542099220609822,100801.85534467408,1783556706801855.2,1783556706589372.5
74.0,2587.4771457451643,24288.0,154.00733456633338,-797.3384868491811,164.2140422374672,829.6468440181523,0.15400733456633336,-0.7973384868491811,0.16421404223746722,0.8296468440181521,0.8289199786264382,0.8289199786264382,8.12892810839696,-0.17108002137356182,-1.6777218916030399,1.510296027524933,0.8727918499999998,0.6375041775249333,-0.058994052253838795,-7.819219472059522,-9.58109705,1.761877577940479,-0.05883990000000061,1.6103896373080575,0.7649187,0.8454709373080577,0.00030830450767769385,0.15400733456633336,1.510296027524933,-0.058994052253838795,-0.058994052253838795,0.007955063226400796,8.12892810839696,0.8289199786264382,43.66188627691886,-79.39417474849353,108.19685616894988,15.965571769151538,62.1540906105805,1.0,2.6400422755504476,74.0,2.6400422755504476,2.7274372122480237,9.818773964092886,0.5969685616894986,2.5542962575989607,0.09685616894987706,2.7274372122480237,9.818773964092886,-0.010784013319365293,-0.010657755838409569,0.010657755838409569,3.6726818338858545,0.0,0.0,0.0,62.84464491585854,0.010419440288583735,37.50998503890145,1892.6201444786964,0.5257278179107489,8.696707718652831,101028.23132863072,1783556707028231.2,1783556706968561.8
75.0,1614.518070632929,24288.0,125.85959319512205,-850.2099241126828,159.85753491121952,876.7818427517071,0.12585959319512205,-0.8502099241126828,0.15985753491121954,0.8767818427517071,0.8762975719915393,0.8762975719915393,8.593543584370828,-0.12370242800846071,-1.213106415629171,1.2342609796069437,0.8633361583882082,0.37092482121873543,-0.024169030756763757,-8.33771115229964,-9.585824895805896,1.2481137435062557,-0.05883990000000061,1.5676668947371108,0.7649187,0.802748194737111,0.0031518972039305724,0.12585959319512205,1.2342609796069437,-0.024169030756763757,-0.024169030756763757,0.06335827687613871,8.593543584370828,0.8762975719915393,43.6618950351017,-79.39417757123255,108.2,15.738251213980517,63.12222014204328,1.0,2.7066876673614146,75.0,2.7066876673614146,2.7679185101245696,9.964506636448451,0.5979642122041463,2.7066876673614146,0.06785959319512784,2.7679185101245696,9.964506636448451,0.04048129787654583,-0.006493097755789464,0.006493097755789464,2.5731628442954904,0.0,0.0,0.0,39.21341489953258,0.00650370445646465,23.41333604327274,1894.2631942263579,0.5261842206184326,7.809717105746009,101239.84244082926,1783556707239842.5,1783556707321404.0
76.0,845.2572775821075,24288.0,90.81354339781811,-912.5918927518837,154.2501669436509,932.1546014314474,0.09081354339781811,-0.9125918927518838,0.1542501669436509,0.9321546014314473,0.9319597940415344,0.9319597940415344,9.139403514237413,-0.06804020595846563,-0.6672464857625868,0.8905766353622129,0.8530256280608663,0.03755100730134664,0.01363624711015661,-8.94946928505526,-9.590980160969567,0.6415108759143058,-0.05883990000000061,1.512677399657954,0.7649187,0.747758699657954,0.006588740646377889,0.09081354339781811,0.8905766353622129,0.01363624711015661,0.01363624711015661,0.12348864497724771,9.139403514237413,0.9319597940415344,43.66190379661415,-79.39418037491653,108.2,15.512465197914352,64.09071772822392,1.0,2.7824512990283528,76.0,2.7824512990283528,2.812059506529929,10.123414223507746,0.5990155936980655,2.7824512990283528,0.0328135433978209,2.812059506529929,10.123414223507746,0.08462229428190564,-0.003835115286442899,0.003835115286442899,1.244254300466578,0.0,0.0,0.0,20.529608757914232,0.0034061932697061438,12.26229577094212,1894.9015930694654,0.5263615536304069,6.9189657387841335,101450.11873961308,1783556707450118.8,1783556707671864.5
77.0,1824.3576414147115,24288.0,80.28116006495239,-955.0051259240147,119.1132644105348,965.9402428321025,0.08028116006495238,-0.9550051259240147,0.11911326441053478,0.9659402428321026,0.9657647834431339,0.9657647834431339,9.470917213552609,-0.03423521655686615,-0.3357327864473914,0.7872892383509653,0.8433719,-0.05608266164903465,0.06864654999999997,-9.365401018142737,-9.63993695,0.2745359318572619,-0.05597661402015204,1.1681020944315708,0.7553241452577665,0.41277794917380434,0.010442935773299708,0.08028116006495238,0.7872892383509653,0.06864654999999997,0.06864654999999997,0.03230489812199802,9.470917213552609,0.9657647834431339,43.66191256232013,-79.39418315139388,108.2,15.288870183691724,65.05967886720835,1.0,2.8553784876714183,77.0,2.8553784876714183,2.8553784876714183,10.279362555617107,0.594043255394608,0.06370208375545873,0.0,2.8553784876714183,10.279362555617107,0.1252172362963748,-0.0013173311861712945,0.0013173311861712945,0.0,0.0,0.0,0.0,44.30999839468052,0.007312993807179557,26.326777705846403,1922.3643442790406,0.5339900956330667,8.007995506864757,102253.89010759321,1783556708253890.0,1783556708021627.8
78.0,3384.0812102092323,24288.0,84.69483146119286,-939.3875194450098,105.19322385316096,949.3040968001192,0.08469483146119286,-0.9393875194450099,0.10519322385316096,0.9493040968001192,0.949239797164938,0.949239797164938,9.308862456867539,-0.050760202835061954,-0.4977875431324603,0.830572568948907,0.8433719,-0.012799331051092974,0.06864654999999997,-9.212244617565405,-9.63993695,0.4276923324345941,-0.011028539937674095,1.0315931286996007,0.7586536322268389,0.27293949647276194,0.02043139668051698,0.08469483146119286,0.830572568948907,0.06864654999999997,0.06864654999999997,0.021094504286737314,9.308862456867539,0.949239797164938,43.66192138966292,-79.39418552798617,108.2,15.097478675848347,66.03545333942559,1.0,2.886615427954744,78.0,2.886615427954744,2.886615427954744,10.39181554063708,0.5947222817632604,1.063702083755459,0.0,2.886615427954744,10.39181554063708,0.11369200984310153,-0.0008601930347776139,0.0008601930347776139,0.0,0.0,0.0,0.0,82.19256443356184,0.013592565582494952,48.93323609698183,1953.4201651629362,0.5426167125452599,8.007995506864757,102456.2399654516,1783556708456240.0,1783556708361141.0
79.0,4943.804779003753,24288.0,89.10850285743335,-923.7699129660051,91.27318329578713,932.6679507681358,0.08910850285743335,-0.9237699129660051,0.09127318329578714,0.9326679507681359,0.9327148108867422,0.9327148108867422,9.14680770018247,-0.06728518911325776,-0.6598422998175292,0.8738558995468486,0.8433719,0.030483999546848717,0.06864654999999997,-9.059088216988073,-9.63993695,0.5808487330119263,0.03391953414480385,0.8950841629676309,0.7619831191959113,0.13310104377171955,0.030419857587734248,0.08910850285743335,0.8738558995468486,0.06864654999999997,0.06864654999999997,0.009884110451476608,9.14680770018247,0.9327148108867422,43.66193021700571,-79.39418790457846,108.2,14.906087168004971,67.01122781164283,1.0,2.9178523682380697,79.0,2.9178523682380697,2.9178523682380697,10.504268525657052,0.5954013081319128,2.063702083755459,0.0,2.9178523682380697,10.504268525657052,0.10216678338982828,-0.0004030548833839334,0.0004030548833839334,0.0,0.0,0.0,0.0,120.07513047244316,0.01987213735781035,71.53969448811725,1984.4759860468316,0.551243329457453,8.007995506864757,102658.58982331002,1783556708658589.8,1783556708700654.0
80.0,9405.096329567234,24288.0,97.94743413825042,-1019.1852291428813,14.709639133619484,1024.1852291428813,0.09794743413825041,-1.0191852291428813,0.014709639133619485,1.0241852291428812,1.0239963201425806,1.0239963201425806,10.041973512926237,0.023996320142580536,0.23532351292623738,0.9605362049918733,0.8433719,0.11716430499187337,0.06864654999999997,-9.994792827374036,-9.63993695,-0.3548558773740372,0.07832432624796855,0.14425228260970951,0.7850474950081267,-0.6407952123984172,0.04309281256094963,0.09794743413825041,0.9605362049918733,0.06864654999999997,0.06864654999999997,0.0,10.041973512926237,1.0239963201425806,43.6619390250343,-79.39419039424396,108.20262829308749,14.705589658881003,67.98486729184542,1.0,2.9862885042888547,80.0,2.9862885042888547,2.9453937171383595,10.603417381698094,0.5961314146543739,0.11830836661710015,0.0026282930874794224,2.9453937171383595,10.603417381698094,0.08958692429421714,0.0,0.0,0.05838914652629518,0.0,0.0,0.0,228.43097965252898,0.03782589971309233,136.1732389671324,2151.6144583258597,0.5976706828682942,8.007995506864757,103448.79604145575,1783556709448796.0,1783556709026283.0
81.0,9287.575727852178,24288.0,97.50312184443167,-1012.298388588691,20.707855100172388,1017.298388588691,0.09750312184443168,-1.012298388588691,0.02070785510017239,1.0172983885886908,1.0172652508467739,1.0172652508467739,9.975964272216514,0.01726525084677382,0.16931427221651446,0.9561789898356958,0.8433719,0.1128070898356959,0.06864654999999997,-9.927255992453285,-9.63993695,-0.2873190424532863,0.077235022458924,0.20307468721810557,0.7894047101643041,-0.5863300229461986,0.07577192623228081,0.09750312184443168,0.9561789898356958,0.06864654999999997,0.06864654999999997,0.0,9.975964272216514,1.0172652508467739,43.661947689124034,-79.39419372658617,108.22484390777842,14.437229788266952,68.94259577056532,1.0,3.3319511849583394,81.0,3.3319511849583394,2.9453937171383595,10.603417381698094,0.5972421953889208,1.1183083666171005,0.024843907778414845,2.9453937171383595,10.603417381698094,0.06914742852513833,0.0,0.0,0.5519226826224287,0.0,0.0,0.0,225.5766392780737,0.03741997006544729,134.71189223561024,2180.4432421505726,0.605678678375159,8.007995506864757,103582.31188574828,1783556709582312.0,1783556709248439.0
82.0,9170.055126137124,24288.0,97.05880955061293,-1005.4115480345006,26.706071066725293,1010.4115480345006,0.09705880955061294,-1.0054115480345005,0.026706071066725297,1.0104115480345006,1.0105341815509672,1.0105341815509672,9.90995503150679,0.010534181550967107,0.10330503150679157,0.9518217746795183,0.8433719,0.10844987467951843,0.06864654999999997,-9.859719157532535,-9.63993695,-0.2197822075325354,0.07614571866987944,0.2618970918265016,0.7937619253204816,-0.5318648334939801,0.10845103990361199,0.09705880955061294,0.9518217746795183,0.06864654999999997,0.06864654999999997,0.0,9.90995503150679,1.0105341815509672,43.66195635321376,-79.39419705892837,108.24705952246936,14.1688699176529,69.90032424928523,1.0,3.677613865627824,82.0,3.677613865627824,2.9453937171383595,10.603417381698094,0.5983529761234676,2.118308366617101,0.047059522469350266,2.9453937171383595,10.603417381698094,0.04870793275605952,0.0,0.0,1.0454562187185623,0.0,0.0,0.0,222.72229890361845,0.03701404041780225,133.25054550408808,2209.272025975286,0.6136866738820237,8.007995506864757,103715.82773004081,1783556709715827.8,1783556709470595.2
83.0,9052.534524422068,24288.0,96.61449725679421,-998.5247074803102,32.704287033278206,1003.5247074803102,0.0966144972567942,-0.9985247074803102,0.032704287033278205,1.0035247074803102,1.0038031122551605,1.0038031122551605,9.843945790797068,0.0038031122551603937,0.037295790797068684,0.9474645595233409,0.8433719,0.10409265952334096,0.06864654999999997,-9.792182322611783,-9.63993695,-0.15224537261178456,0.0750564148808349,0.3207194964348976,0.7981191404766591,-0.47739964404176144,0.14113015357494318,0.0966144972567942,0.9474645595233409,0.06864654999999997,0.06864654999999997,0.0,9.843945790797068,1.0038031122551605,43.661965017303494,-79.39420039127057,108.26927513716029,13.90051004703885,70.85805272800515,1.0,4.023276546297309,83.0,4.023276546297309,2.9453937171383595,10.603417381698094,0.5994637568580145,3.1183083666171014,0.06927513716028569,2.9453937171383595,10.603417381698094,0.028268436986980713,0.0,0.0,1.538989754814696,0.0,0.0,0.0,219.8679585291632,0.03660811077015721,131.78919877256595,2238.100809799999,0.6216946693888885,8.007995506864757,103849.34357433334,1783556709849343.5,1783556709692751.2
84.0,8935.013922707012,24288.0,96.17018496297547,-991.6378669261198,38.70250299983111,996.6378669261198,0.09617018496297547,-0.9916378669261199,0.03870250299983111,0.9966378669261198,0.9970720429593537,0.9970720429593537,9.777936550087345,-0.002927957040646318,-0.028713449912654204,0.9431073443671635,0.8433719,0.09973544436716349,0.06864654999999997,-9.724645487691033,-9.63993695,-0.0847085376910337,0.07396711109179036,0.37954190104329366,0.8024763556328365,-0.4229344545895428,0.17380926724627435,0.09617018496297547,0.9431073443671635,0.06864654999999997,0.06864654999999997,0.0,9.777936550087345,0.9970720429593537,43.66197368139322,-79.39420372361278,108.29149075185123,13.632150176424798,71.81578120672505,1.0,4.368939226966794,84.0,4.368939226966794,2.9453937171383595,10.603417381698094,0.6005745375925613,4.118308366617102,0.0914907518512211,2.9453937171383595,10.603417381698094,0.00782894121790191,0.0,0.0,2.0325232909108295,0.0,0.0,0.0,217.01361815470793,0.03620218112251216,130.3278520410438,2266.929593624712,0.6297026648957532,8.007995506864757,103982.85941862587,1783556709982859.5,1783556709914907.5
85.0,7766.36753204076,24288.0,113.2121775848232,-990.0757610990514,29.973448734722638,996.9583430223914,0.1132121775848232,-0.9900757610990515,0.029973448734722637,0.9969583430223915,0.9975365761292072,0.9975365761292072,9.78249206429749,-0.0024634238707927658,-0.02415793570250988,1.1102322013122063,0.8341409889907386,0.2760912123214678,0.06864654999999997,-9.709326462582013,-9.628068635845235,-0.08125782673677782,0.037944932535705876,0.2939391210343677,0.8173323157275161,-0.5233931946931484,0.18632635000000008,0.1132121775848232,1.1102322013122063,0.06864654999999997,0.06864654999999997,0.0,9.78249206429749,0.9975365761292072,43.6619823788055,-79.39420688258193,108.3,13.377752368820989,72.77719315940031,1.0,3.9077171743212493,85.0,3.9077171743212493,2.9446694868832997,10.600810152779879,0.5999242389009485,3.9077171743212493,0.0731059725237096,2.9446694868832997,10.600810152779879,-0.0007242302550600498,0.0,0.0,1.6240941171929357,0.0,0.0,0.0,188.62953461820598,0.031456454101755064,113.24323476631824,2296.3468785491173,0.6378741329303103,8.043624751832176,104194.55734403343,1783556710194557.2,1783556710268940.2
86.0,5945.1564995164945,24288.0,141.11009670439068,-991.8193810440245,12.101344298749709,1001.7532978710672,0.1411100967043907,-0.9918193810440245,0.012101344298749706,1.001753297871067,1.0024683155985479,1.0024683155985479,9.8308559071645,0.0024683155985479755,0.024205907164500502,1.3838173298461132,0.8191793022740407,0.5646380275720724,0.06864654999999997,-9.726425533115382,-9.608832181495194,-0.11759335162018697,-0.01976443051441508,0.11867364806733377,0.8387061538942275,-0.7200325058268937,0.18632635000000008,0.1411100967043907,1.3838173298461132,0.06864654999999997,0.06864654999999997,0.0,9.8308559071645,1.0024683155985479,43.66199109690522,-79.39420993391683,108.3,13.132022551997776,73.74089190295038,1.0,2.9455613109452106,86.0,2.9455613109452106,2.943495636742605,10.596584292273377,0.5981806189559755,2.9455613109452106,0.029515473899387856,2.943495636742605,10.596584292273377,-0.0018980803957548739,0.0,0.0,0.6557043955691988,0.0,0.0,0.0,144.39596106025664,0.0240164745488182,86.45930837574551,2326.1295193742058,0.6461470887150571,8.101373504974765,104454.79262082065,1783556710454792.5,1783556710704845.2
87.0,126.50121667251676,24288.0,126.48875447611064,-1030.740727220505,86.8303959403814,1042.0823686847757,0.12648875447611066,-1.030740727220505,0.08683039594038139,1.0420823686847758,1.0422781618025685,1.0422781618025685,10.221257135441157,0.04227816180256842,0.41460713544115757,1.2404309440831505,0.779628675,0.46080226908315053,-0.058839899999999945,-10.108113552596965,-9.63993695,-0.4681766025969656,-0.08108221535681032,0.8515153023487411,0.85317855,-0.0016632476512589076,0.18632635000000008,0.12648875447611066,1.2404309440831505,-0.058839899999999945,-0.058839899999999945,-0.19107376752319835,10.221257135441157,1.0422781618025685,43.661999743160564,-79.39421331671707,108.31097264226216,12.859599199349537,74.69664896881808,1.0,2.3652489812366446,87.0,2.3652489812366446,2.942700813460401,10.593722928457444,0.5941097264226215,0.32289203310651216,0.010972642262155162,2.942700813460401,10.593722928457444,-0.0023974209909116135,0.0,0.0,0.37287658371399757,0.0,0.0,0.0,3.072461550542087,0.0005070227817232602,1.8252820142037367,2348.328241827134,0.6523134005075371,7.142778241894155,105290.28722145982,1783556711290287.2,1783556711109726.5
88.0,112.56843770550145,24288.0,115.61439040429381,-1067.1018820856425,73.91708860509891,1076.4045802864478,0.11561439040429382,-1.0671018820856424,0.07391708860509891,1.0764045802864475,1.076334235940071,1.076334235940071,10.555233134881696,0.07633423594007097,0.7485831348816968,1.133789861658268,0.779628675,0.35416118665826796,-0.058839899999999945,-10.464694671955165,-9.63993695,-0.8247577219551662,-0.10440995213725351,0.724879016969193,0.85317855,-0.12829953303080693,0.18632635000000008,0.11561439040429382,1.133789861658268,-0.058839899999999945,-0.058839899999999945,-0.11813952554490119,10.555233134881696,1.076334235940071,43.662008238757494,-79.39421739460359,108.34495502998658,12.531199223190981,75.63575225361382,1.0,2.5856665310036746,88.0,2.5856665310036746,2.942700813460401,10.593722928457444,0.5944495502998658,1.3228920331065108,0.04495502998658567,2.942700813460401,10.593722928457444,-0.0014823080220224254,0.0,0.0,1.5276792591674255,0.0,0.0,0.0,2.7340622149912193,0.0004513932324156297,1.6250156366962667,2348.7702243739327,0.6524361734372034,4.46319133277648,105492.48242842016,1783556711492482.5,1783556711449550.2
89.0,98.63565873848613,24288.0,104.74002633247699,-1103.4630369507802,61.003781269816415,1110.7267918881196,0.10474002633247698,-1.10346303695078,0.06100378126981641,1.1107267918881194,1.1103903100775736,1.1103903100775736,10.889209134322236,0.1103903100775735,1.082559134322236,1.0271487792333853,0.779628675,0.24752010423338539,-0.058839899999999945,-10.821275791313367,-9.63993695,-1.1813388413133667,-0.1277376889176967,0.598242731589645,0.85317855,-0.25493581841035495,0.18632635000000008,0.10474002633247698,1.0271487792333853,-0.058839899999999945,-0.058839899999999945,-0.045205283566604054,10.889209134322236,1.1103903100775736,43.66201673435443,-79.39422147249012,108.37893741771101,12.202799247032427,76.57485553840954,1.0,2.806084080770705,89.0,2.806084080770705,2.942700813460401,10.593722928457444,0.5947893741771101,2.3228920331065095,0.07893741771101617,2.942700813460401,10.593722928457444,-0.0005671950531332373,0.0,0.0,2.6824819346208537,0.0,0.0,0.0,2.395662879440351,0.00039576368310799913,1.424749259188797,2349.2122069207317,0.6525589463668697,1.7836044236588044,105694.6776353805,1783556711694677.8,1783556711789374.2
90.0,755.1265400262598,24288.0,-63.389362019048505,-964.4970097842986,274.97623676885576,1008.215612519434,-0.0633893620190485,-0.9644970097842985,0.27497623676885574,1.008215612519434,1.008177567088965,1.008177567088965,9.886844538292998,0.00817756708896498,0.08019453829299841,-0.621637287044102,0.779628675,-1.401265962044102,0.0433667238811087,-9.45848460100119,-9.633154557626638,0.17466995662544696,-0.14219642499999985,2.6965957123092994,0.8470127387514899,1.8495829735578093,0.050941641372169034,-0.0633893620190485,-0.621637287044102,0.0433667238811087,0.0433667238811087,0.14358191356276995,9.886844538292998,1.008177567088965,43.662025269436405,-79.39422538322309,108.4,11.887860465626169,77.51832349984517,1.0,2.9528546038797314,90.0,2.9528546038797314,2.942700813460401,10.593722928457444,0.5984970097842985,0.38019121964610747,0.0,2.942700813460401,10.593722928457444,0.0,-0.00016931302522991962,0.00016931302522991962,0.0,0.0,0.0,0.0,18.340513404157797,0.003051569415779219,10.985649896805187,2362.045119706444,0.6561236443629009,0.11753311357376257,106493.81979458558,1783556712493819.8,1783556712125747.5
91.0,479.2825579601845,24288.0,-14.438631388617878,-963.1740170645572,209.15734896172268,993.0011962424082,-0.014438631388617867,-0.9631740170645572,0.20915734896172267,0.9930011962424082,0.9931834524719134,0.9931834524719134,9.739802504183688,-0.006816547528086633,-0.06684749581631075,-0.14159460450718953,0.779628675,-0.9212232795071895,-0.02312567471353122,-9.44551047444614,-9.615315133613443,0.1698046591673024,-0.14219642499999985,2.0511329161954777,0.8307950805576753,1.2203378356378025,0.08175519194041685,-0.014438631388617867,-0.14159460450718953,-0.02312567471353122,-0.02312567471353122,-0.03856385875810239,9.739802504183688,0.9931834524719134,43.66203386888908,-79.39422902145307,108.4,11.5948668693541,78.46890699884457,1.0,2.979561665733453,91.0,2.979561665733453,2.942700813460401,10.593722928457444,0.5971740170645572,1.3801912196461075,0.0,2.942700813460401,10.593722928457444,0.0,-0.0006146495203428811,0.0006146495203428811,0.0,0.0,0.0,0.0,11.640814767736963,0.0019365819332118062,6.971694959562502,2362.1693934929017,0.6561581648591391,0.10375105911854401,106690.61496164711,1783556712690615.0,1783556712456495.8
92.0,203.43857589410914,24288.0,34.51209924181276,-961.8510243448159,143.3384611545896,977.7867799653825,0.03451209924181277,-0.9618510243448158,0.1433384611545896,0.9777867799653825,0.9781893378548617,0.9781893378548617,9.59276047007438,-0.021810662145138243,-0.2138895299256199,0.3384480780297231,0.779628675,-0.4411805969702769,-0.08961807330817112,-9.432536347891089,-9.597475709600246,0.1649393617091578,-0.14219642499999985,1.405670120081656,0.8145774223638607,0.5910926977177955,0.11256874250866467,0.03451209924181277,0.3384480780297231,-0.08961807330817112,-0.08961807330817112,-0.2207096310789747,9.59276047007438,0.9781893378548617,43.66204246834176,-79.39423265968304,108.4,11.30187327308203,79.41949049784398,1.0,3.006268727587175,92.0,3.006268727587175,2.942700813460401,10.593722928457444,0.5958510243448158,2.3801912196461075,0.0,2.942700813460401,10.593722928457444,0.0,-0.0010599860154558425,0.0010599860154558425,0.0,0.0,0.0,0.0,4.941116131316125,0.0008215944506443939,2.9577400223198165,2362.293667279359,0.6561926853553772,0.08996900466332544,106887.41012870864,1783556712887410.2,1783556712787244.0
93.0,28.514140026594646,24288.0,65.12005099069188,-964.1426750332433,104.26838203457304,971.5197960372325,0.06512005099069187,-0.9641426750332432,0.10426838203457305,0.9715197960372325,0.9719823932106971,0.9719823932106971,9.531891136379683,-0.02801760678930282,-0.2747588636203165,0.6386095480478684,0.779628675,-0.14101912695213156,-0.14101912695213156,-9.455009764114756,-9.587233139564589,0.13222337544983437,-0.13788174902393405,1.0225235286793457,0.8090763582583608,0.21344717042098488,0.13916998010524625,0.06512005099069187,0.6386095480478684,-0.14101912695213156,-0.14101912695213156,-0.3098815539488889,9.531891136379683,0.9719823932106971,43.66205101696803,-79.39423650848401,108.4,10.991921993981808,80.36445564609211,1.0,3.000122608673535,93.0,3.000122608673535,2.929525705620804,10.546292540234893,0.5951257070013297,3.000122608673535,0.0,2.929525705620804,10.546292540234893,-0.013175107839597395,-0.0013464518389791902,0.0013464518389791902,0.0,0.0,0.0,0.0,0.6925514329659307,0.000114502374586264,0.4122085485105504,2362.4573130179106,0.656238142504975,0.08010258712847751,107088.92137279252,1783556713088921.2,1783556713125707.0
94.0,35.561622714645814,24288.0,62.65343204987396,-972.9520283933073,113.43010952903956,981.3862718005041,0.06265343204987396,-0.9729520283933073,0.11343010952903956,0.9813862718005041,0.9816199329986566,0.9816199329986566,9.626403115941274,-0.018380067001343425,-0.18024688405872447,0.6144202794118965,0.779628675,-0.16520839558810352,-0.16520839558810352,-9.541400009243226,-9.590688749369729,0.04928874012650232,-0.125787114705948,1.1123693836129558,0.8228987974789163,0.2894705861340396,0.15817583403350993,0.06265343204987396,0.6144202794118965,-0.16520839558810352,-0.16520839558810352,-0.23140874993111443,9.626403115941274,0.9816199329986566,43.66205947394726,-79.39424073697363,108.4,10.651393664203766,81.2992901298274,1.0,2.9347376548653434,94.0,2.9347376548653434,2.892594053671992,10.413338593219171,0.5954780811357323,2.9347376548653434,0.0,2.892594053671992,10.413338593219171,-0.05010675978840923,-0.0013464518389791902,0.0013464518389791902,0.0,0.0,0.0,0.0,0.8637206924933175,0.00014290220756284962,0.5144479472262586,2362.691951838871,0.6563033199552417,0.07729660525358512,107298.93635689645,1783556713298936.2,1783556713478081.2
95.0,42.60910540269699,24288.0,60.186813109056054,-981.7613817533712,122.59183702350609,991.2527475637758,0.060186813109056055,-0.9817613817533712,0.12259183702350608,0.9912527475637758,0.991257472786616,0.991257472786616,9.720915095502868,-0.008742527213384026,-0.08573490449713245,0.5902310107759245,0.779628675,-0.18939766422407547,-0.18939766422407547,-9.627790254371696,-9.594144359174868,-0.0336458951968297,-0.11369248038796195,1.2022152385465659,0.8367212366994716,0.3654940018470943,0.17718168796177364,0.060186813109056055,0.5902310107759245,-0.18939766422407547,-0.18939766422407547,-0.15293594591333998,9.720915095502868,0.991257472786616,43.66206793092648,-79.39424496546323,108.4,10.310865334425726,82.23412461356267,1.0,2.8693527010571516,95.0,2.8693527010571516,2.85566240172318,10.280384646203448,0.5958304552701348,2.8693527010571516,0.0,2.85566240172318,10.280384646203448,-0.08703841173722106,-0.0013464518389791902,0.0013464518389791902,0.0,0.0,0.0,0.0,1.0348899520207044,0.00017130204053943522,0.6166873459419668,2362.926590659831,0.6563684974055084,0.07449062337869274,107508.95134100037,1783556713508951.2,1783556713830455.2
96.0,43.07865139839398,24288.0,21.00160304544186,-1016.7431806711381,190.74478371658003,1035.0176590427961,0.021001603045441866,-1.0167431806711382,0.19074478371658002,1.0350176590427962,1.034950015924019,1.034950015924019,10.149392573661281,0.03495001592401903,0.34274257366128114,0.20595537050558244,0.779628675,-0.5736733044944176,-0.20103632500000002,-9.970844512728616,-9.54187045,-0.4289740627286168,-0.09845215336802975,1.8705673332341994,0.8973084749999999,0.9732588582341996,0.18632635000000008,0.021001603045441866,0.20595537050558244,-0.20103632500000002,-0.20103632500000002,0.0,10.149392573661281,1.034950015924019,43.66207666613232,-79.394247,108.4274478371658,10.147020210601479,83.19971426661213,1.0,2.5778028072903063,96.0,2.5778028072903063,2.5778028072903063,9.280090106245103,0.595097913486632,0.5188502409445889,0.02744783716579871,2.5778028072903063,9.280090106245103,-0.3361304585555773,-0.0013464518389791902,0.0013464518389791902,1.4520254702179125,0.0,0.0,0.0,1.046294285164193,0.00017292003279237132,0.6225121180525367,2363.8401955554195,0.6566222765431718,0.08110360148464286,108368.13806625149,1783556714368138.0,1783556714274478.2
97.0,39.375562433631956,24288.0,-5.978045126395742,-1049.012955935493,196.0349108090972,1067.8164470164027,-0.005978045126395742,-1.0490129559354928,0.1960349108090972,1.0678164470164027,1.067386522104383,1.067386522104383,10.467486036994949,0.06738652210438306,0.6608360369949482,-0.05862459623876887,0.779628675,-0.8382532712387689,-0.20103632500000002,-10.2873029043248,-9.54187045,-0.745432454324801,-0.08029470466988789,1.922445758086033,0.8973084749999999,1.0251372830860332,0.18632635000000008,-0.005978045126395742,-0.05862459623876887,-0.20103632500000002,-0.20103632500000002,0.0,10.467486036994949,1.067386522104383,43.66208565934838,-79.394247,108.48034910809098,10.147020210601479,84.19382436956693,1.0,2.0765214770114953,97.0,2.0765214770114953,2.0765214770114953,7.475477317241382,0.5972139643236388,1.5188502409445919,0.08034910809096747,2.0765214770114953,7.475477317241382,-0.7819669892672824,-0.0013464518389791902,0.0013464518389791902,4.25056993571617,0.0,0.0,0.0,0.9563536603880529,0.00015862232871089444,0.5710403833592199,2364.1321685207645,0.6567033801446565,0.08110360148464286,108684.48766638401,1783556714684487.8,1783556714803491.0
98.0,2012.586322466464,24288.0,69.8983035845998,-983.8027124944681,114.09423926832827,993.488814279392,0.06989830358459981,-0.983802712494468,0.11409423926832826,0.9934888142793921,0.9936902238233393,0.9936902238233393,9.74477223345715,-0.006309776176660781,-0.06187776654285044,0.6854681988479157,0.8274452349539166,-0.141977036106001,-0.2654610246543747,-9.647808870483875,-9.5320638,-0.11574507048387514,0.0,1.1188822715207511,0.8326344500576042,0.2862478214631471,0.18632635000000008,0.06989830358459981,0.6854681988479157,-0.2654610246543747,-0.2654610246543747,-0.1082768061418062,9.74477223345715,0.9936902238233393,43.66209250372857,-79.394240868475,108.5,10.640803608213735,84.95040215670953,1.0,1.6909569521207866,98.0,1.6909569521207866,1.8438098923297843,6.637715612387224,0.595,0.6285364875860193,0.0,1.8438098923297843,6.637715612387224,-0.5790754048062094,-0.0007567516163390104,0.0007567516163390104,0.0,0.0,0.0,0.0,48.88169660006548,0.00807905818806638,29.084609477038967,2395.1417172421748,0.6653171436783816,5.223903261437315,109657.58981265673,1783556715657589.8,1783556715437966.0
99.0,5033.648457297563,24288.0,87.26781383248773,-967.1217335602217,79.71014802209906,974.7965157975698,0.08726781383248775,-0.9671217335602217,0.07971014802209905,0.9747965157975698,0.974823293119622,0.974823293119622,9.55975084747154,-0.025176706880377982,-0.24689915252845873,0.8558049065203658,0.8347477287658714,0.02105717775449434,-0.33218959113944935,-9.484224348418348,-9.5320638,0.047839451581651905,0.0,0.7816895231009177,0.8241707696201834,-0.04248124651926578,0.18047930591779818,0.08726781383248775,0.8558049065203658,-0.33218959113944935,-0.33218959113944935,-0.19366981197361738,9.55975084747154,0.974823293119622,43.66209840927697,-79.39423159072302,108.5,11.38795866119306,85.60320147663629,1.0,1.4729603342034099,99.0,1.4729603342034099,1.7841323296488982,6.422876386736034,0.595108405920884,1.4729603342034099,0.0,1.7841323296488982,6.422876386736034,-0.09467072869165867,0.0,0.0,0.0,0.0,0.0,0.0,122.25725373084322,0.020214940939502983,72.77378738221074,2447.784026629978,0.6799400073972158,12.608063574459688,110056.60992884684,1783556716056610.0,1783556716108406.0
100.0,9204.303221153743,24288.0,31.77865624321724,-941.8993892014623,93.72256155474312,947.8926818148932,0.03177865624321724,-0.9418993892014624,0.09372256155474312,0.9478926818148933,0.948276860482146,0.948276860482146,9.299419273847237,-0.051723139517854046,-0.5072307261527633,0.31164215924754624,0.815509651842085,-0.5038674925945387,-0.24974069003750704,-9.23687764511252,-9.5320638,0.29518615488747907,0.0,0.9191043582708216,0.8516537366541642,0.06745062161665735,0.1502480421804193,0.03177865624321724,0.31164215924754624,-0.24974069003750704,-0.24974069003750704,0.08323685209612863,9.299419273847237,0.948276860482146,43.66210569573201,-79.394224304268,108.5,11.974750776222232,86.40864621615087,1.0,1.6685771864051726,100.0,1.6685771864051726,1.7841323296488982,6.422876386736034,0.5956689024621897,1.6685771864051726,0.0,1.7841323296488982,6.422876386736034,-0.035156407951463395,0.0,0.0,0.0,0.0,0.0,0.0,223.55411663538212,0.03700118368374326,133.20426126147578,2542.4529354643573,0.7062369265178766,16.664196056998136,110390.66586746508,1783556716390665.8,1783556716668902.5
101.0,18407.303722076187,24288.0,-11.911652133529586,-963.2740470973554,106.38186523670863,970.2740470973554,-0.011911652133529581,-0.9632740470973553,0.10638186523670864,0.9702740470973553,0.9707412146183735,0.9707412146183735,9.519719332337273,-0.029258785381626476,-0.2869306676627273,-0.1168134033952779,0.7994500204846428,-0.9162634238799205,-0.3650390812552862,-9.446491433967278,-9.5320638,0.0855723660327207,-0.08012326632149969,1.0432497187235688,0.8982475309030713,0.1450021878204975,-0.06374322499999996,-0.011911652133529581,-0.1168134033952779,-0.3650390812552862,-0.3650390812552862,-0.2270006016036353,9.519719332337273,0.9707412146183735,43.66211363876801,-79.39422076605642,108.5,12.259689699186938,87.28666941576581,1.0,1.851724000342011,101.0,1.851724000342011,1.851724000342011,6.66620640123124,0.5980424294707454,0.40927817852553905,0.0,1.851724000342011,6.66620640123124,0.06759167069311287,-0.010036111635387247,0.010036111635387247,0.0,0.0,0.0,0.0,447.07659280178643,0.07425495042123262,267.3178215164374,2915.478377677721,0.8098551049104776,11.965697188747104,111300.75937887545,1783556717300759.5,1783556717191514.0
102.0,19724.998508588083,24288.0,49.38735959695987,-915.0771142100239,85.32495281020462,922.0771142100239,0.04938735959695987,-0.9150771142100239,0.08532495281020464,0.9220771142100239,0.9227196928078244,0.9227196928078244,9.04878907547385,-0.07728030719217563,-0.7578609245261491,0.48432454999152635,0.7879779221375663,-0.30365337214603993,-0.40633863530476133,-8.973840982067731,-9.5320638,0.558222817932269,-0.09618420400740677,0.8367519484761933,0.9005419505724866,-0.06379000209629337,-0.06374322499999996,0.04938735959695987,0.48432454999152635,-0.40633863530476133,-0.40633863530476133,-0.18161596606251243,9.04878907547385,0.9227196928078244,43.66212252946437,-79.39422263778197,108.5,12.10895607279516,88.26944699125478,1.0,2.0168724842817554,102.0,2.0168724842817554,2.0168724842817554,7.260740943414319,0.5957027725344671,1.4092781785255373,0.0,2.0168724842817554,7.260740943414319,0.2327401546328571,-0.03455760376952255,0.03455760376952255,0.0,0.0,0.0,0.0,479.0807637765874,0.07925359429861431,285.31293947501155,3055.11357577112,0.8486426599364219,12.312972627349925,111578.7106229053,1783556717578710.5,1783556717659445.5
103.0,22340.013652604615,24288.0,115.80107650444684,-892.0762075635627,22.48604748947164,903.4293403603192,0.11580107650444685,-0.8920762075635627,0.022486047489471642,0.9034293403603192,0.9000068363471322,0.9000068363471322,8.826052041663605,-0.09999316365286777,-0.9805979583363957,1.1356206269023337,0.8041453000000001,0.33147532690233356,-0.5157332932905846,-8.748279140903211,-9.531690129548394,0.783410988645183,-0.10787314999999964,0.22051279761262707,0.9048274931612407,-0.6843146955486136,-0.07532700899978045,0.11580107650444685,1.1356206269023337,-0.5157332932905846,-0.5157332932905846,-0.1213686620860554,8.826052041663605,0.9000068363471322,43.66213075277396,-79.39422636243447,108.5,11.809002706583032,89.17845163371196,1.0,2.2464176275169887,103.0,2.2464176275169887,2.2464176275169887,8.08710345906116,0.5949237924364373,0.27221272996722223,0.0,2.2464176275169887,8.08710345906116,0.4353891247754376,-0.0524563636647019,0.0524563636647019,0.0,0.0,0.0,0.0,542.5942515944608,0.08967352475395265,322.8246891142295,3505.268496329962,0.9736856934249889,12.565715270760109,112421.26729275621,1783556718421267.2,1783556718076207.5
104.0,18662.79272500172,24288.0,133.43829907307892,-892.3561634773505,27.94518780833395,916.0273564807707,0.13343829907307891,-0.8923561634773505,0.02794518780833395,0.9160273564807706,0.903245869335045,0.903245869335045,8.85781610451452,-0.09675413066495502,-0.948833895485481,1.3085826956050093,0.8041453000000001,0.5044373956050092,-0.46494284454456075,-8.751024570565157,-9.53031741471742,0.779292844152262,-0.10787314999999964,0.2740486760205981,0.914436496978056,-0.6403878209574578,-0.11788116875996255,0.13343829907307891,1.3085826956050093,-0.46494284454456075,-0.46494284454456075,0.007971735124856105,8.85781610451452,0.903245869335045,43.66213719175998,-79.39423504106779,108.5,11.110095819380422,89.89021714800643,1.0,2.648133517041488,104.0,2.648133517041488,2.648133517041488,9.533280661349357,0.5946438365226495,1.272212729967222,0.0,2.648133517041488,9.533280661349357,0.7382993004896693,-0.05264860330666533,0.05264860330666533,0.0,0.0,0.0,0.0,453.2819097048418,0.07489290257952866,269.61444928630317,3546.489960070146,0.9851361000194845,12.565715270760109,112587.56110554618,1783556718587561.0,1783556718356163.5
105.0,14985.571797398827,24288.0,151.07552164171102,-892.6361193911383,33.40432812719626,928.6253726012221,0.15107552164171098,-0.8926361193911383,0.033404328127196264,0.9286253726012221,0.9064849023229578,0.9064849023229578,8.889580167365434,-0.09351509767704225,-0.9170698326345663,1.4815447643076851,0.8041453000000001,0.6773994643076849,-0.4141523957985369,-8.753770000227105,-9.528944699886447,0.7751746996593409,-0.10787314999999964,0.3275845544285692,0.9240455007948712,-0.5964609463663021,-0.16043532852014464,0.15107552164171098,1.4815447643076851,-0.4141523957985369,-0.4141523957985369,0.13731213233576764,8.889580167365434,0.9064849023229578,43.662143630745994,-79.39424371970112,108.5,10.411188932177813,90.60198266230088,1.0,3.049849406565987,105.0,3.049849406565987,3.049849406565987,10.979457863637554,0.5943638806088617,2.2722127299672215,0.0,3.049849406565987,10.979457863637554,1.041209476203901,-0.05284084294862876,0.05284084294862876,0.0,0.0,0.0,0.0,363.9695678152227,0.06011228040510467,216.40420945837678,3587.7114238103304,0.9965865066139801,12.565715270760109,112753.85491833613,1783556718753855.0,1783556718636119.5
106.0,11308.350869795931,24288.0,168.7127442103431,-892.916075304926,38.86346844605857,941.2233887216736,0.16871274421034305,-0.8929160753049261,0.03886346844605858,0.9412233887216735,0.9097239353108705,0.9097239353108705,8.921344230216349,-0.09027606468912949,-0.8853057697836516,1.6545068330103607,0.8041453000000001,0.8503615330103607,-0.36336194705251307,-8.756515429889053,-9.527571985055472,0.7710565551664199,-0.10787314999999964,0.3811204328365403,0.9336545046116866,-0.5525340717751464,-0.20298948828032676,0.16871274421034305,1.6545068330103607,-0.36336194705251307,-0.36336194705251307,0.2666525295466792,8.921344230216349,0.9097239353108705,43.662150069732014,-79.39425239833446,108.5,9.712282044975204,91.31374817659535,1.0,3.451565296090487,106.0,3.451565296090487,3.451565296090487,12.425635065925752,0.5940839246950739,3.2722127299672215,0.0,3.451565296090487,12.425635065925752,1.3441196519181327,-0.05303308259059219,0.05303308259059219,0.0,0.0,0.0,0.0,274.6572259256036,0.04533165823068067,163.19396963045043,3628.9328875505144,1.0080369132084757,12.565715270760109,112920.14873112609,1783556718920148.8,1783556718916075.2
107.0,10703.930626231515,24288.0,150.23475925799244,-932.2289247864645,43.67412461965169,976.0901437104345,0.15023475925799243,-0.9322289247864646,0.04367412461965169,0.9760901437104345,0.94735792342719,0.94735792342719,9.290407579777254,-0.052642076572809934,-0.5162424202227465,1.4732997018773915,0.8041453000000001,0.6691544018773914,-0.3122196951523378,-9.142042785257182,-9.527160474999999,0.3851176897428177,-0.09031403096336482,0.42829685420130725,0.9437183509695324,-0.5154214967682251,-0.21574629999999984,0.15023475925799243,1.4732997018773915,-0.3122196951523378,-0.3122196951523378,0.3151742712873435,9.290407579777254,0.94735792342719,43.66215574383929,-79.39426199935173,108.51627756215206,8.93909382024616,91.94096399547816,1.0,3.69077967746177,107.0,3.69077967746177,3.5719909841159407,12.859167542817387,0.5956277562152059,3.69077967746177,0.01627756215205904,3.5719909841159407,12.859167542817387,1.201354639671455,-0.04444883823569581,0.04444883823569581,0.37839303218445713,0.0,0.0,0.0,259.977067049911,0.04304189134609561,154.95080884594418,3672.965819489144,1.0202682831914283,12.479260110180558,113068.31647539845,1783556719068316.5,1783556719162775.5
108.0,11415.034828838312,24288.0,116.295166717753,-988.25249877412,48.2071523904371,1020.490569567871,0.116295166717753,-0.98825249877412,0.0482071523904371,1.020490569567871,0.9997170463468884,0.9997170463468884,9.803875172557714,-0.0002829536531116089,-0.0027748274422868535,1.1404659966926523,0.8041453000000001,0.3363206966926523,-0.2609268296272924,-9.691446367103223,-9.527160474999999,-0.1642858921032242,-0.06523751892889826,0.47275067098967993,0.9539769240745415,-0.48122625308486155,-0.21574629999999984,0.116295166717753,1.1404659966926523,-0.2609268296272924,-0.2609268296272924,0.32909600869643235,9.803875172557714,0.9997170463468884,43.66216109048743,-79.39427199525912,108.5395238584125,8.134104341398057,92.53198248083127,1.0,3.8604240708980435,108.0,3.8604240708980435,3.5719909841159407,12.859167542817387,0.5979523858412498,3.8604240708980435,0.0395238584124957,3.5719909841159407,12.859167542817387,0.8677875985590526,-0.03210721407114466,0.03210721407114466,0.9187833220124794,0.0,0.0,0.0,277.2483659228249,0.04609969730368203,165.95891029325531,3718.2023944638804,1.0328339984621884,12.355791850173233,113208.72410481148,1783556719208724.0,1783556719395238.5
109.0,12126.13903144511,24288.0,82.35557417751356,-1044.2760727617756,52.740180161222504,1064.8909954253077,0.08235557417751356,-1.0442760727617755,0.052740180161222505,1.0648909954253076,1.0520761692665868,1.0520761692665868,10.317342765338173,0.05207616926658673,0.5106927653381726,0.8076322915079134,0.8041453000000001,0.0034869915079133174,-0.209633964102247,-10.240849948949265,-9.527160474999999,-0.7136894739492661,-0.040161006894431694,0.5172044877780526,0.9642354971795506,-0.447031009401498,-0.21574629999999984,0.08235557417751356,0.8076322915079134,-0.209633964102247,-0.209633964102247,0.34301774610552127,10.317342765338173,1.0520761692665868,43.662166437135575,-79.39428199116651,108.56277015467293,7.329114862549954,93.1230009661844,1.0,4.030068464334318,109.0,4.030068464334318,3.5719909841159407,12.859167542817387,0.6002770154672936,4.030068464334318,0.06277015467293236,3.5719909841159407,12.859167542817387,0.5342205574466504,-0.019765589906593516,0.019765589906593516,1.4591736118405016,0.0,0.0,0.0,294.51966479573883,0.049157503261268456,176.96701174056645,3763.438969438617,1.0453997137329485,12.232323590165906,113349.13173422453,1783556719349131.8,1783556719627701.5
110.0,12837.243234051908,24288.0,48.415981637274115,-1100.299646749431,57.27320793200791,1109.291421282744,0.04841598163727412,-1.100299646749431,0.05727320793200791,1.109291421282744,1.104435292186285,1.104435292186285,10.830810358118633,0.10443529218628506,1.0241603581186323,0.4747985863231743,0.8041453000000001,-0.3293467136768258,-0.15834109857720163,-10.790253530795306,-9.527160474999999,-1.263093055795308,-0.01508449485996513,0.5616583045664253,0.9744940702845597,-0.4128357657181344,-0.21574629999999984,0.04841598163727412,0.4747985863231743,-0.15834109857720163,-0.15834109857720163,0.35693948351461013,10.830810358118633,1.104435292186285,43.66217178378371,-79.39429198707391,108.58601645093337,6.5241253837018505,93.71401945153752,1.0,4.199712857770591,110.0,4.199712857770591,3.5719909841159407,12.859167542817387,0.6026016450933374,4.199712857770591,0.086016450933369,3.5719909841159407,12.859167542817387,0.20065351633424822,-0.007423965742042377,0.007423965742042377,1.999563901668524,0.0,0.0,0.0,311.7909636686527,0.05221530921885488,187.97511318787758,3808.6755444133532,1.0579654290037086,12.10885533015858,113489.53936363758,1783556719489539.2,1783556719860164.5
111.0,7618.073868290875,24288.0,144.23683640916244,-904.8512565018787,5.823814177917855,918.078791317295,0.14423683640916243,-0.9048512565018787,0.005823814177917855,0.918078791317295,0.9182712758076877,0.9182712758076877,9.00516500689946,-0.08172872419231222,-0.8014849931005387,1.4144801717719127,0.8243793837750857,0.590100787996827,-0.10389666654674612,-8.873559574574148,-9.52405655612457,0.6504969815504223,0.14709975000000064,0.05711210730787813,0.9843267574498288,-0.9272146501419506,-0.21574629999999984,0.14423683640916243,1.4144801717719127,-0.10389666654674612,-0.10389666654674612,0.039646694879418534,9.00516500689946,0.9182712758076877,43.662177405488464,-79.39430167153503,108.6,5.7442172666363405,94.33544269462115,1.0,4.15559883206197,111.0,4.15559883206197,3.5182214980733626,12.665597393064106,0.5967467906879166,0.3984612038854472,0.0,3.5182214980733626,12.665597393064106,-0.05376948604257826,0.0,0.0,0.0,0.0,0.0,0.0,185.02777811304875,0.030668365876259866,110.40611715453551,3959.9053724429946,1.099973714567498,12.565715270760109,114246.3297703448,1783556720246329.8,1783556720126604.8
112.0,8127.719139425619,24288.0,92.12846704127092,-949.651744799883,20.439576317692303,958.4310041814548,0.09212846704127092,-0.9496517447998829,0.0204395763176923,0.9584310041814548,0.9585640704368804,0.9585640704368804,9.400302341349832,-0.04143592956311957,-0.40634765865016653,0.9034716313102794,0.8259373366423467,0.0775342946679326,-0.04469445759082516,-9.31290228314177,-9.516266791788265,0.20336450864649336,0.14709975000000064,0.2004437710958972,0.9812108517153066,-0.7807670806194094,-0.21574629999999984,0.09212846704127092,0.9034716313102794,-0.04469445759082516,-0.04469445759082516,0.13914620572970585,9.400302341349832,0.9585640704368804,43.662183442433694,-79.39431088581986,108.6,5.002173343184903,95.00276662058938,1.0,3.788783421982845,112.0,3.788783421982845,3.3832786591764634,12.17980317303527,0.596111322768796,1.398461203885449,0.0,3.3832786591764634,12.17980317303527,-0.18871232493947732,0.0,0.0,0.0,0.0,0.0,0.0,197.40604245836943,0.03268242764296221,117.65673951466395,4001.317805016321,1.1114771680600888,12.565715270760109,114435.38147628319,1783556720435381.5,1783556720444338.5
113.0,8637.364410560362,24288.0,40.020097673379425,-994.4522330978872,35.055338457466746,998.7832170456147,0.04002009767337941,-0.9944522330978872,0.03505533845746675,0.9987832170456147,0.9988568650660731,0.9988568650660731,9.795439675800205,-0.0011431349339268981,-0.011210324199794286,0.39246309084864617,0.8274952895096078,-0.43503219866096166,0.0145077513650958,-9.752244991709395,-9.50847702745196,-0.24376796425743552,0.14709975000000064,0.34377543488391626,0.9780949459807844,-0.6343195110968682,-0.21574629999999984,0.04002009767337941,0.39246309084864617,0.0145077513650958,0.0145077513650958,0.23864571657999317,9.795439675800205,0.9988568650660731,43.662189479378924,-79.39432010010468,108.6,4.260129419733465,95.67009054655762,1.0,3.4219680119037204,113.0,3.4219680119037204,3.2483358202795642,11.694008953006431,0.5954758548496754,2.398461203885451,0.0,3.2483358202795642,11.694008953006431,-0.3236551638363764,0.0,0.0,0.0,0.0,0.0,0.0,209.78430680369007,0.034696489409664556,124.90736187479239,4042.7302375896475,1.1229806215526794,12.565715270760109,114624.43318222158,1783556720624433.2,1783556720762072.5
114.0,12903.764312843814,24288.0,10.359608463331842,-1068.6580945805463,126.25590512243056,1077.8545539717707,0.010359608463331844,-1.0686580945805462,0.12625590512243057,1.0778545539717705,1.0781023631593687,1.0781023631593687,10.572572539676823,0.07810236315936868,0.7659225396768229,0.10159305433693322,0.8242195788013081,-0.7226265244643749,0.0413227055502922,-10.479955903218313,-9.504948744006539,-0.9750071592117748,0.1415680043843034,1.2381474719688836,0.985568325,0.2525791469688837,-0.1986900843516002,0.010359608463331844,0.10159305433693322,0.0413227055502922,0.0413227055502922,-0.029146746172558642,10.572572539676823,1.0781023631593687,43.66219569224321,-79.39432906829725,108.6,3.5379037746148096,96.35686056397937,1.0,3.1025736895741165,114.0,3.1025736895741165,3.1094495052265945,11.19401821881574,0.5946580945805462,0.2511740791984357,0.0,3.1094495052265945,11.19401821881574,-0.4226135777140279,0.0035111610598347887,0.0035111610598347887,0.0,0.0,0.0,0.0,313.40662763035056,0.05176531073702208,186.35511865327948,4277.727118950803,1.1882575330418892,12.565715270760109,115416.50212041546,1783556721416502.0,1783556721094013.5
115.0,12524.602229478729,24288.0,-55.89082466166329,-1071.2781682069585,179.0316738830199,1093.2006994978994,-0.055890824661663285,-1.0712781682069585,0.1790316738830199,1.0932006994978993,1.093237923279756,1.093237923279756,10.721001680331419,0.093237923279756,0.914351680331419,-0.5481017556683001,0.8260548748747693,-1.3741566305430695,-0.028418545241230067,-10.50565004824677,-9.514125224373844,-0.9915248238729242,0.11954445150276984,1.755700964684917,0.985568325,0.7701326396849171,-0.13078412963353914,-0.055890824661663285,-0.5481017556683001,-0.028418545241230067,-0.028418545241230067,-0.1451887608007155,10.721001680331419,1.093237923279756,43.66220242957539,-79.39433730281436,108.6,2.8747624130679634,97.10160526328367,1.0,2.9245559766970826,115.0,2.9245559766970826,2.9588064946851707,10.651703380866614,0.5972781682069584,1.251174079198438,0.0,2.9588064946851707,10.651703380866614,-0.4142915338089926,0.017490155512765043,0.017490155512765043,0.0,0.0,0.0,0.0,304.1975389495794,0.05045768479080157,181.64766524688568,4343.214248559452,1.2064484023776252,12.565715270760109,115641.45415605458,1783556721641454.2,1783556721468309.8
116.0,12145.440146113644,24288.0,-122.1412577866584,-1073.8982418333708,231.80744264360925,1108.5468450240282,-0.12214125778665841,-1.0738982418333707,0.23180744264360925,1.1085468450240281,1.1083734834001433,1.1083734834001433,10.869430820986015,0.1083734834001433,1.0627808209860152,-1.1977965656735332,0.8278901709482304,-2.025686736621764,-0.09815979603275232,-10.531344193275224,-9.52330170474115,-1.0080424885340735,0.09752089862123628,2.2732544574009506,0.985568325,1.2876861324009503,-0.06287817491547809,-0.12214125778665841,-1.1977965656735332,-0.09815979603275232,-0.09815979603275232,-0.26123077542887235,10.869430820986015,1.1083734834001433,43.662209166907566,-79.39434553733147,108.6,2.2116210515211177,97.846349962588,1.0,2.7465382638200486,116.0,2.7465382638200486,2.808163484143747,10.109388542917488,0.5998982418333707,2.25117407919844,0.0,2.808163484143747,10.109388542917488,-0.4059694899039573,0.031469149965695296,0.031469149965695296,0.0,0.0,0.0,0.0,294.9884502688082,0.04915005884458107,176.94021184049186,4408.701378168102,1.224639271713361,12.565715270760109,115866.40619169368,1783556721866406.2,1783556721842606.0
117.0,11320.963226806109,24288.0,-103.34186448385714,-1056.6323176927401,208.39747840956173,1089.031897427667,-0.10334186448385713,-1.0566323176927401,0.20839747840956174,1.0890318974276672,1.0886725213809734,1.0886725213809734,10.676230381800723,0.08867252138097342,0.8695803818007231,-1.0134374953406176,0.827626721369549,-1.8410642167101663,-0.12748645000000014,-10.362023318301508,-9.52819567863045,-0.8338276396710593,0.08825985000000003,2.0436811316451284,0.9834979177390978,1.0601832139060305,-0.034323274999999986,-0.10334186448385713,-1.0134374953406176,-0.12748645000000014,-0.12748645000000014,-0.24457339774186124,10.676230381800723,1.0886725213809734,43.6622162224557,-79.3943532224557,108.6,1.5927233465432384,98.62627025312042,1.0,2.687121420109577,117.0,2.687121420109577,2.7448171088982107,9.881341592033559,0.5999443860742953,2.687121420109577,0.0,2.7448171088982107,9.881341592033559,-0.317499425119764,0.03243652232595643,0.03243652232595643,0.0,0.0,0.0,0.0,274.9635548526668,0.045840709017326,165.02655246237362,4463.243191526231,1.2397897754239526,12.493542973854158,116086.82917994399,1783556722086829.2,1783556722211122.8
118.0,10173.345780897504,24288.0,-22.826481770904152,-1024.9362168057405,129.70371069011446,1044.2201685874263,-0.022826481770904156,-1.0249362168057405,0.1297037106901145,1.0442201685874264,1.0436926079311777,1.0436926079311777,10.235128113568283,0.04369260793117767,0.42847811356828347,-0.2238513174586374,0.8258403273019427,-1.04969164476058,-0.12748645000000014,-10.051190750538016,-9.529982072698056,-0.5212086778399585,0.08825985000000003,1.271958894439211,0.9799251296038852,0.2920337648353257,-0.034323274999999986,-0.022826481770904156,-0.2238513174586374,-0.12748645000000014,-0.12748645000000014,-0.13162335686159657,10.235128113568283,1.0436926079311777,43.66222350891568,-79.39436050891568,108.6,1.0059308339562554,99.43171553890457,1.0,2.713766715417489,118.0,2.713766715417489,2.7448171088982107,9.881341592033559,0.5981227710807897,2.713766715417489,0.0,2.7448171088982107,9.881341592033559,-0.17087034208028917,0.02396207493174933,0.02396207493174933,0.0,0.0,0.0,0.0,247.09022232643855,0.04107881807349552,147.88374506458385,4509.842589829801,1.2527340527304998,12.36899920367618,116303.96568716987,1783556722303965.8,1783556722575445.8
119.0,9025.728334988897,24288.0,57.68890094204883,-993.2401159187409,51.009942970667225,999.4084397471855,0.057688900942048815,-0.993240115918741,0.051009942970667244,0.9994084397471855,0.9987126944813819,0.9987126944813819,9.794025845335842,-0.0012873055186180815,-0.012624154664156118,0.565734860423343,0.8240539332343363,-0.2583190728109934,-0.12748645000000014,-9.740358182774521,-9.531768466765664,-0.20858971600885778,0.08825985000000003,0.5002366572332937,0.9763523414686727,-0.4761156842353791,-0.034323274999999986,0.057688900942048815,0.565734860423343,-0.12748645000000014,-0.12748645000000014,-0.018673315981331873,9.794025845335842,0.9987126944813819,43.662230795375656,-79.39436779537564,108.6,0.4191383213692723,100.23716082468871,1.0,2.7404120107254,119.0,2.7404120107254,2.7448171088982107,9.881341592033559,0.596301156087284,2.7404120107254,0.0,2.7448171088982107,9.881341592033559,-0.02424125904081431,0.015487627537542226,0.015487627537542226,0.0,0.0,0.0,0.0,219.2168898002103,0.03631692712966503,130.7409376667941,4556.441988133371,1.2656783300370469,12.244455433498203,116521.10219439575,1783556722521102.2,1783556722939768.8
120.0,464.3927025765688,24288.0,100.57256757475241,-930.1599324400164,112.26408785160879,942.6841216316005,0.10057256757475241,-0.9301599324400165,0.11226408785160878,0.9426841216316006,0.9428360830920414,0.9428360830920414,9.246063474254568,-0.05716391690795863,-0.5605865257454324,0.9862799698069457,0.8237586,0.16252136980694565,-0.07276567426855654,-9.121752901462886,-9.5320638,0.4103108985371133,0.025920367451736436,1.1009346171299792,0.9264549321021024,0.1744796850278768,-0.034323274999999986,0.10057256757475241,0.9862799698069457,-0.07276567426855654,-0.07276567426855654,0.09181338209973758,9.246063474254568,0.9428360830920414,43.66223787364866,-79.39437546101351,108.6,-0.19819011004091386,101.01959312232273,1.0,2.7733888670618474,120.0,2.7733888670618474,2.7733888670618474,9.984199921422652,0.598825270269472,0.8346763238348277,0.0,2.7733888670618474,9.984199921422652,0.028571758163636822,0.014086600740863542,0.014086600740863542,0.0,0.0,0.0,0.0,11.279169960179704,0.001879719000851475,6.766988403065311,4573.6948143513355,1.2704707817642593,8.924288571153504,117332.03472984867,1783556723332034.8,1783556723293682.5
121.0,242.0223152500431,24288.0,113.23923520727602,-943.5303038299024,136.54186748061238,960.2767155656611,0.11323923520727602,-0.9435303038299024,0.1365418674806124,0.9602767155656612,0.9606488231986732,0.9606488231986732,9.420746782021268,-0.039351176801326826,-0.38590321797873167,1.1104975459454334,0.8237586,0.28673894594543337,-0.0072063979732435585,-9.252871454053512,-9.5320638,0.27919234594648745,0.05697476148635838,1.3390183047287474,0.9143782233108605,0.42464008141788684,-0.034323274999999986,0.11323923520727602,1.1104975459454334,-0.0072063979732435585,-0.0072063979732435585,0.20181216783012854,9.420746782021268,0.9606488231986732,43.662244910686226,-79.39438320175485,108.6,-0.8215667666262665,101.79746725568171,1.0,2.807619810659681,121.0,2.807619810659681,2.807619810659681,10.107431318374852,0.5974178627547471,1.8346763238348283,0.0,2.807619810659681,10.107431318374852,0.06280270176147013,0.014086600740863542,0.014086600740863542,0.0,0.0,0.0,0.0,5.878237992793046,0.0009793927573851107,3.5258139265864,4573.786493462327,1.270496248183979,5.834270503326289,117541.73844954268,1783556723541738.5,1783556723645534.2
122.0,19.651927923517405,24288.0,125.90590283979964,-956.9006752197885,160.81964710961597,977.8693094997217,0.12590590283979963,-0.9569006752197885,0.160819647109616,0.9778693094997217,0.978461563305305,0.978461563305305,9.59543008978797,-0.021538436694695025,-0.21121991021203096,1.2347151220839212,0.8237586,0.41095652208392114,0.05835287832206945,-9.383990006644138,-9.5320638,0.14807379335586157,0.08802915552098033,1.5771019923275156,0.9023015145196187,0.6748004778078969,-0.034323274999999986,0.12590590283979963,1.2347151220839212,0.05835287832206945,0.05835287832206945,0.31181095356051947,9.59543008978797,0.978461563305305,43.6622519477238,-79.39439094249617,108.6,-1.4449434232116192,102.57534138904069,1.0,2.841850754257514,122.0,2.841850754257514,2.841850754257514,10.230662715327052,0.5960104552400223,2.8346763238348287,0.0,2.841850754257514,10.230662715327052,0.09703364535930342,0.014086600740863542,0.014086600740863542,0.0,0.0,0.0,0.0,0.47730602540639033,7.906651391874657e-05,0.28463945010748937,4573.878172573317,1.2705217146036987,2.7442524354990745,117751.44216923669,1783556723751442.2,1783556723997386.2
123.0,924.1193545899421,24288.0,81.13692399676805,-886.7595045353146,147.69631335897841,903.0743086859532,0.08113692399676804,-0.8867595045353146,0.1476963133589784,0.9030743086859531,0.9031192589460598,0.9031192589460598,8.856574480743378,-0.09688074105394018,-0.9500755192566224,0.7956814157129053,0.7892717867114731,0.006409629001432132,-0.12087599964954368,-8.696140095151243,-9.5320638,0.8359237048487573,0.029747026577053828,1.4484060514018255,0.9022117999999999,0.5461942514018255,0.12258312500000001,0.08113692399676804,0.7956814157129053,-0.12087599964954368,-0.12087599964954368,-0.1951121557894019,8.856574480743378,0.9031192589460598,43.6622587407834,-79.39439908894008,108.6,-2.100992080746975,103.32624619692625,1.0,2.8767755982921095,123.0,2.8767755982921095,2.867280125852063,10.322208453067429,0.5976518433205108,0.9925712773927412,0.0,2.867280125852063,10.322208453067429,0.08967317124547595,0.026674140445851497,0.026674140445851497,0.0,0.0,0.0,0.0,22.445010884280514,0.0037238312746770024,13.405792588837208,4591.168153599466,1.2753244871109621,2.72129754842177,118552.53830607401,1783556724552538.2,1783556724337039.2
124.0,1057.2275329134065,24288.0,63.1401549887486,-925.8090976659229,150.41280679415115,940.4260934195784,0.06314015498874859,-0.9258090976659228,0.15041280679415114,0.9404260934195784,0.9405314543916677,0.9405314543916677,9.223462787210048,-0.059468545608332285,-0.5831872127899518,0.6191934009204114,0.7742869552668274,-0.15509355434641603,-0.11421607456303443,-9.079085787625521,-9.5320638,0.4529780123744779,0.05971668946634525,1.4750457517478623,0.9022117999999999,0.5728339517478623,0.12258312500000001,0.06314015498874859,0.6191934009204114,-0.11421607456303443,-0.11421607456303443,-0.07829414908828286,9.223462787210048,0.9405314543916677,43.66226553201699,-79.39440723842038,108.6,-2.757285266043319,104.07694915770782,1.0,2.9117056357007014,124.0,2.9117056357007014,2.892643623651541,10.413517045145548,0.5962935966029244,1.9925712773927409,0.0,2.892643623651541,10.413517045145548,0.08200141358752443,0.03935588934559052,0.03935588934559052,0.0,0.0,0.0,0.0,25.67794231940082,0.004250905396800727,15.303259428482615,4596.978193235725,1.2769383870099231,2.72129754842177,118754.577505315,1783556724754577.5,1783556724676600.8
125.0,1196.8917268613845,24288.0,43.274786853352886,-963.5058778894974,156.4758706600948,977.4686777437021,0.043274786853352884,-0.9635058778894974,0.15647587066009483,0.977468677743702,0.9776310358100823,0.9776310358100823,9.587285397326943,-0.02236896418991779,-0.2193646026730573,0.42438068849543303,0.7596152969834646,-0.33523460848803155,-0.10515261948755904,-9.44876491740504,-9.5320638,0.08329888259496067,0.08922003723968508,1.5345040970088186,0.9022117999999999,0.6322922970088188,0.12106282853716537,0.043274786853352884,0.42438068849543303,-0.10515261948755904,-0.10515261948755904,0.03699025790033942,9.587285397326943,0.9776310358100823,43.66227231005419,-79.39441540796604,108.60163186415966,-3.4151943524002903,104.82619339032013,1.0,2.9445133174200846,125.0,2.9445133174200846,2.917259612693581,10.502134605696892,0.5950163186415967,2.9445133174200846,0.0016318641596690694,2.917259612693581,10.502134605696892,0.07393564828947975,0.05143400967780454,0.05143400967780454,0.05594707335368602,0.0,0.0,0.0,29.070106262009308,0.004804859893112055,17.297495615203395,4602.977989403485,1.2786049970565228,2.7122619357484856,118956.72591039163,1783556724956726.0,1783556725016318.8
126.0,1467.7365008429083,24288.0,-13.979741317424939,-974.1339639571268,229.5011071892905,1008.3244114884326,-0.013979741317424937,-0.9741339639571268,0.22950110718929048,1.0083244114884327,1.0084754629148738,1.0084754629148738,9.889765898394147,0.008475462914873853,0.08311589839414771,-0.13709443019052514,0.7512099808354712,-0.8883044110259963,-0.04799646968120402,-9.552990837640156,-9.5320638,-0.020927037640157117,0.10939279599486942,2.2506370328178553,0.9022117999999999,1.3484252328178554,0.08912262717479053,-0.013979741317424937,-0.13709443019052514,-0.04799646968120402,-0.04799646968120402,0.12158857270327762,9.889765898394147,1.0084754629148738,43.662278824042424,-79.3944239790032,108.63591601276492,-4.105436314477905,105.54624964988386,1.0,2.934854375157231,126.0,2.934854375157231,2.9269185549564343,10.536906797843164,0.5953591601276492,2.934854375157231,0.035916012764928174,2.9269185549564343,10.536906797843164,0.05798610819202614,0.05143400967780454,0.05143400967780454,1.2313499189410786,0.0,0.0,0.0,35.64838413247256,0.005896668976630881,21.228008315871172,4612.774660577802,1.2813262946049446,2.522431007852338,119161.05943607895,1783556725161059.5,1783556725359160.2
127.0,1738.581274824432,24288.0,-71.23426948820276,-984.7620500247561,302.52634371848615,1039.180145233163,-0.07123426948820276,-0.9847620500247561,0.3025263437184862,1.0391801452331633,1.0393198900196654,1.0393198900196654,10.192246399461352,0.0393198900196655,0.3855963994613527,-0.6985695488764834,0.7428046646874777,-1.4413742135639611,0.00915968012515099,-9.657216757875274,-9.5320638,-0.1251529578752749,0.12956555475005377,2.966769968626892,0.9022117999999999,2.064558168626892,0.05718242581241566,-0.07123426948820276,-0.6985695488764834,0.00915968012515099,0.00915968012515099,0.20618688750621583,10.192246399461352,1.0393198900196654,43.662285338030664,-79.39443255004035,108.67020016137018,-4.795678276555519,106.26630590944761,1.0,2.9251954328943777,127.0,2.9251954328943777,2.9365774972192877,10.571678989989437,0.5957020016137018,2.9251954328943777,0.07020016137018728,2.9365774972192877,10.571678989989437,0.042036568094572534,0.05143400967780454,0.05143400967780454,2.406752764528471,0.0,0.0,0.0,42.22666200293581,0.006988478060149708,25.158521016538955,4622.57133175212,1.2840475921533663,2.332600079956191,119365.39296176628,1783556725365393.0,1783556725702001.5
128.0,5062.839446029407,24288.0,118.91796944653343,-902.9530999247962,38.451168044066094,911.9530999247962,0.11891796944653343,-0.9029530999247962,0.03845116804406609,0.9119530999247962,0.9115653432836246,0.9115653432836246,8.939402273712357,-0.08843465671637542,-0.8672477262876429,1.166186905072847,0.7144776713774824,0.4517092336953647,0.14709974999999997,-8.854945017377503,-9.5320638,0.6771187826224973,0.18142302499999907,0.3770771470993407,0.9036195786225174,-0.5265424315231767,-0.03170882898675319,0.11891796944653343,1.166186905072847,0.14709974999999997,0.14709974999999997,0.14201316749632914,8.939402273712357,0.9115653432836246,43.66229186132082,-79.39444110741248,108.7,-5.484819768336076,106.98739040278961,1.0,2.927964857984521,128.0,2.927964857984521,2.9549825278110124,10.637937100119647,0.5962460916603997,0.13079834727906778,0.0,2.9549825278110124,10.637937100119647,0.037027131839807936,0.05143400967780454,0.05143400967780454,0.0,0.0,0.0,0.0,122.96624446516223,0.020367969034570714,73.32468852445456,4707.389416158861,1.3076081711552388,2.919391364498057,120163.69119659344,1783556726163691.2,1783556726041015.2
129.0,5420.943711135076,24288.0,118.2908166179771,-925.5306017528244,41.900508601125956,934.5306017528244,0.1182908166179771,-0.9255306017528244,0.04190050860112596,0.9345306017528244,0.9340217168675926,0.9340217168675926,9.159624069719577,-0.06597828313240743,-0.6470259302804233,1.160036636786685,0.7037147018766988,0.4563219349099862,0.14709974999999997,-9.076354675679335,-9.5320638,0.45570912432066424,0.18142302499999907,0.4109036226732318,0.914382548123301,-0.5034789254500691,-0.011720457056726582,0.1182908166179771,1.160036636786685,0.14709974999999997,0.14709974999999997,0.09557657808738765,9.159624069719577,0.9340217168675926,43.66229844642552,-79.39444957397566,108.7,-6.166648242629251,107.71530787619635,1.0,3.0133252153652648,129.0,3.0133252153652648,3.03150843369238,10.91343036129257,0.5981275501460687,1.130798347279065,0.0,3.03150843369238,10.91343036129257,0.10471858622179893,0.05143400967780454,0.05143400967780454,0.0,0.0,0.0,0.0,131.66388085604873,0.021886078083357526,78.78988110008709,4735.6233452541655,1.3154509292372678,4.433889217086659,120352.4641979889,1783556726352464.2,1783556726354591.8
130.0,5779.047976240747,24288.0,117.66366378942075,-948.1081035808527,45.349849158185826,957.1081035808527,0.11766366378942077,-0.9481081035808526,0.04534984915818582,0.9571081035808526,0.9564780904515605,0.9564780904515605,9.379845865726796,-0.04352190954843944,-0.42680413427320363,1.153886368500523,0.6929517323759153,0.4609346361246077,0.14709974999999997,-9.297764333981169,-9.5320638,0.23429946601883123,0.18142302499999907,0.44473009824712295,0.9251455176240845,-0.4804154193769615,0.008267914873300024,0.11766366378942077,1.153886368500523,0.14709974999999997,0.14709974999999997,0.049139988678446156,9.379845865726796,0.9564780904515605,43.66230503153021,-79.39445804053885,108.7,-6.848476716922427,108.44322534960307,1.0,3.0986855727460085,130.0,3.0986855727460085,3.1080343395737473,11.188923622465492,0.6000090086317377,2.1307983472790624,0.0,3.1080343395737473,11.188923622465492,0.17241004060378992,0.05143400967780454,0.05143400967780454,0.0,0.0,0.0,0.0,140.36151724693525,0.023404187132144337,84.25507367571961,4763.85727434947,1.3232936873192969,5.9483870696752605,120541.23719938436,1783556726541237.2,1783556726668168.0
131.0,6137.152241346416,24288.0,117.03651096086442,-970.6856054088809,48.79918971524569,979.6856054088809,0.11703651096086443,-0.9706856054088808,0.048799189715245696,0.9796856054088808,0.9789344640355285,0.9789344640355285,9.600067661734016,-0.021065535964471457,-0.20658233826598393,1.147736100214361,0.6821887628751317,0.4655473373392292,0.14709974999999997,-9.519173992283001,-9.5320638,0.012889807716998214,0.18142302499999907,0.47855657382101413,0.9359084871248681,-0.4573519133038539,0.028256286803326633,0.11703651096086443,1.147736100214361,0.14709974999999997,0.14709974999999997,0.002703399269504664,9.600067661734016,0.9789344640355285,43.66231161663491,-79.39446650710204,108.7,-7.530305191215603,109.1711428230098,1.0,3.1840459301267523,131.0,3.1840459301267523,3.1845602454551147,11.464416883638412,0.6018904671174067,3.1307983472790597,0.0,3.1845602454551147,11.464416883638412,0.24010149498578093,0.05143400967780454,0.05143400967780454,0.0,0.0,0.0,0.0,149.05915363782177,0.02492229618093115,89.72026625135214,4792.091203444775,1.3311364454013257,7.4628849222638625,120730.01020077981,1783556726730010.2,1783556726981744.5
132.0,6333.845728699437,24288.0,75.62556879323239,-905.9059615777585,81.85359518968409,914.171726763254,0.07562556879323239,-0.9059059615777585,0.08185359518968409,0.914171726763254,0.9147638267364582,0.9147638267364582,8.970768681465087,-0.08523617326354178,-0.835881318534912,0.7416334842061524,0.6912832351933983,0.05035024901275409,0.14709974999999997,-8.883902698106525,-9.52854919788477,0.6446464997782448,0.2689125667405839,0.8027095592669155,0.9268140148066015,-0.12410445553968613,0.0833565249999999,0.07562556879323239,0.7416334842061524,0.14709974999999997,0.14709974999999997,0.0,8.970768681465087,0.9147638267364582,43.66231823085426,-79.39447493017815,108.7,-8.208631569230645,109.90227862990318,1.0,3.227603351447234,132.0,3.227603351447234,3.2206429636072134,11.594314668985968,0.595,0.9417829925945425,0.0,3.2206429636072134,11.594314668985968,0.20655208256596852,0.05143400967780454,0.05143400967780454,0.0,0.0,0.0,0.0,153.83644505865195,0.02542574578052719,91.53268480989789,4911.319041486624,1.3642552893018398,7.551054454963566,121504.51628567123,1783556727504516.2,1783556727283220.8
133.0,6300.765633236326,24288.0,51.86804568790663,-934.4751349322642,116.73805949623836,945.1467252423496,0.051868045687906636,-0.9344751349322642,0.11673805949623836,0.9451467252423496,0.9455154605156311,0.9455154605156311,9.272339190865612,-0.054484539484368974,-0.5343108091343869,0.5086517702453095,0.7016052098625495,-0.19295343961723999,0.14709974999999997,-9.164070581983488,-9.530023765694649,0.36595318371116115,0.3618103387629453,1.144809291158786,0.9164920401374503,0.22831725102133554,0.0833565249999999,0.051868045687906636,0.5086517702453095,0.14709974999999997,0.14709974999999997,0.0,9.272339190865612,0.9455154605156311,43.662324846873354,-79.39448335056609,108.7,-8.886741462592045,110.63361338044483,1.0,3.2685766935718434,133.0,3.2685766935718434,3.254225656405224,11.715212363058807,0.595,1.9417829925945453,0.0,3.254225656405224,11.715212363058807,0.16674439160568422,0.05143400967780454,0.05143400967780454,0.0,0.0,0.0,0.0,153.03299570004387,0.02529295345597947,91.0546324415261,4938.502837524494,1.3718063437568033,7.551054454963566,121683.44952931261,1783556727683449.5,1783556727583948.8
134.0,6267.685537773214,24288.0,28.11052258258087,-963.0443082867698,151.6225238027926,976.1217237214452,0.028110522582580885,-0.9630443082867698,0.15162252380279262,0.9761217237214452,0.9762670942948038,0.9762670942948038,9.573909700266137,-0.02373290570519615,-0.2327402997338618,0.2756700562844667,0.7119271845317008,-0.43625712824723406,0.14709974999999997,-9.444238465860451,-9.531498333504528,0.08725986764407745,0.4547081107853067,1.4869090230506563,0.906170065468299,0.5807389575823572,0.0833565249999999,0.028110522582580885,0.2756700562844667,0.14709974999999997,0.14709974999999997,0.0,9.573909700266137,0.9762670942948038,43.662331462892446,-79.39449177095403,108.7,-9.564851355953445,111.36494813098648,1.0,3.3095500356964527,134.0,3.3095500356964527,3.2878083492032344,11.836110057131645,0.595,2.9417829925945482,0.0,3.2878083492032344,11.836110057131645,0.1269367006453999,0.05143400967780454,0.05143400967780454,0.0,0.0,0.0,0.0,152.22954634143582,0.025160161131431748,90.5765800731543,4965.686633562363,1.3793573982117668,7.551054454963566,121862.38277295398,1783556727862382.8,1783556727884677.0
135.0,6267.514630932521,24288.0,27.031778061170147,-959.2439426318036,151.36465584964137,971.9364438776597,0.027031778061170148,-0.9592439426318037,0.15136465584964137,0.9719364438776597,0.9719569432290991,0.9719569432290991,9.531641557317643,-0.028043056770900934,-0.27500844268235564,0.2650911863235742,0.7158854499999999,-0.4507942636764257,0.13610930772229196,-9.406969610010178,-9.5320638,0.1250941899898226,0.432632678042032,1.4843802022878856,0.8967165788611459,0.5876636234267396,0.0833565249999999,0.027031778061170148,0.2650911863235742,0.13610930772229196,0.13610930772229196,-0.01837866601623415,9.531641557317643,0.9719569432290991,43.66233792249626,-79.39450041678056,108.7,-10.261116249151184,112.07899273687471,1.0,3.32067205848002,135.0,3.32067205848002,3.305277035847535,11.898997329051127,0.5955603566089188,3.32067205848002,0.0,3.305277035847535,11.898997329051127,0.0954031034691616,0.046753260423346266,0.046753260423346266,0.0,0.0,0.0,0.0,152.22539535608905,0.025183375634967142,90.66015228588172,4993.262109939742,1.387017252761039,7.567535888486967,122042.69775071116,1783556728042697.8,1783556728186785.5
136.0,6287.813437713629,24288.0,40.05937047292621,-935.3095286660193,129.24804547619505,945.8812590541476,0.04005937047292621,-0.9353095286660192,0.12924804547619503,0.9458812590541475,0.9458381507204713,0.9458381507204713,9.275503700762908,-0.054161849279528745,-0.5311462992370906,0.3928482254483218,0.7158854499999999,-0.3230372245516781,0.11828274412348998,-9.172253189292618,-9.5320638,0.3598106107073818,0.3390432191483215,1.267490345169128,0.8878032970617449,0.3796870481073831,0.0833565249999999,0.04005937047292621,0.3928482254483218,0.11828274412348998,0.11828274412348998,-0.04818897303764214,9.275503700762908,0.9458381507204713,43.66234428480884,-79.39450920283126,108.7,-10.968673661642477,112.78228276860447,1.0,3.3132263807603968,136.0,3.3132263807603968,3.312722713567158,11.92580176884177,0.5964692584050878,3.3132263807603968,0.0,3.312722713567158,11.92580176884177,0.06901604248324333,0.03916105692814293,0.03916105692814293,0.0,0.0,0.0,0.0,152.71841277518863,0.025303627325609954,91.09305837219584,5021.081213848419,1.3947447816245604,7.594268872972974,122223.87217541419,1783556728223872.2,1783556728489752.8
137.0,6308.112244494738,24288.0,53.08696288468228,-911.3751147002349,107.1314351027487,919.8260742306354,0.05308696288468227,-0.9113751147002349,0.1071314351027487,0.9198260742306354,0.9197193582118435,0.9197193582118435,9.019365844208174,-0.08028064178815655,-0.7872841557918254,0.5206052645730694,0.7158854499999999,-0.19528018542693049,0.100456180524688,-8.93753676857506,-9.5320638,0.594527031424941,0.245453760254611,1.0506004880503705,0.8788900152623438,0.17171047278802654,0.0833565249999999,0.05308696288468227,0.5206052645730694,0.100456180524688,0.100456180524688,-0.07799928005905013,9.019365844208174,0.9197193582118435,43.66235064712141,-79.39451798888194,108.7,-11.676231074133767,113.48557280033423,1.0,3.3057807030407735,137.0,3.3057807030407735,3.3201683912867814,11.952606208632414,0.5973781602012569,3.3057807030407735,0.0,3.3201683912867814,11.952606208632414,0.04262898149732504,0.031568853432939595,0.031568853432939595,0.0,0.0,0.0,0.0,153.21143019428817,0.025423879016252766,91.52596445850996,5048.900317757096,1.4024723104880819,7.621001857458983,122405.0466001172,1783556728405046.5,1783556728792720.0
138.0,1512.49474708527,24288.0,91.14168637781694,-915.6863208889811,77.26126175553021,923.7534789112055,0.09114168637781693,-0.915686320888981,0.07726126175553022,0.9237534789112056,0.9234610178685033,0.9234610178685033,9.056058990880157,-0.07653898213149668,-0.7505910091198419,0.8937946187170184,0.73549875,0.15829586871701842,0.09221142131188889,-8.979815258745926,-9.527160474999999,0.5473452162540726,0.18142302499999907,0.7576741525948704,0.8041452999999998,-0.04647114740512948,0.0833565249999999,0.09114168637781693,0.8937946187170184,0.09221142131188889,0.09221142131188889,0.006630153207867223,9.056058990880157,0.9234610178685033,43.6623568132666,-79.394527022111,108.7,-12.403694231065291,114.16717848972276,1.0,3.3948529354413597,138.0,3.3948529354413597,3.3236120061839634,11.965003222262268,0.6006642098888774,0.3158338982669877,0.0,3.3236120061839634,11.965003222262268,0.021274918040372102,0.025428496918439646,0.025428496918439646,0.0,0.0,0.0,0.0,36.73547241720704,0.006132676557289206,22.07763560624114,5091.596985342835,1.414332495928565,7.04828971049738,123170.02618124582,1783556729170026.2,1783556729067158.0
139.0,1178.4417733745702,24288.0,94.75651804750625,-924.1918071706029,74.9222530280842,932.471602349868,0.09475651804750623,-0.9241918071706029,0.0749222530280842,0.932471602349868,0.9320920907931695,0.9320920907931695,9.140700902176834,-0.0679079092068306,-0.6659490978231652,0.929244007710577,0.73549875,0.19374525771057705,0.10472297036843899,-9.063225585789594,-9.527160474999999,0.46393488921040543,0.18142302499999907,0.7347363126578619,0.8041452999999998,-0.06940898734213799,0.0833565249999999,0.09475651804750623,0.929244007710577,0.10472297036843899,0.10472297036843899,0.027622685181944558,9.140700902176834,0.9320920907931695,43.66236255446984,-79.39453659078308,108.7,-13.174277634590029,114.80181109595067,1.0,3.693004315700038,139.0,3.693004315700038,3.3183862675534073,11.946190563192266,0.5996010241036747,1.3158338982669884,0.0,3.3183862675534073,11.946190563192266,0.010823440779259497,0.022433162184537152,0.022433162184537152,0.0,0.0,0.0,0.0,28.621993791721565,0.004777839246521075,17.20022128747587,5091.741654192776,1.4143726817202151,5.456425293077632,123296.75792684198,1783556729296758.0,1783556729279795.2
140.0,844.3887996638704,24288.0,98.37134971719554,-932.6972934522248,72.58324430063817,941.1897257885304,0.09837134971719555,-0.9326972934522249,0.07258324430063817,0.9411897257885304,0.9407231637178355,0.9407231637178355,9.22534281347351,-0.05927683628216451,-0.5813071865264886,0.9646933967041356,0.73549875,0.22919464670413564,0.11723451942498908,-9.146635912833261,-9.527160474999999,0.38052456216673824,0.18142302499999907,0.7117984727208533,0.8041452999999998,-0.09234682727914652,0.0833565249999999,0.09837134971719555,0.9646933967041356,0.11723451942498908,0.11723451942498908,0.04861521715602189,9.22534281347351,0.9407231637178355,43.66236829567308,-79.39454615945513,108.7,-13.944861038114766,115.43644370217858,1.0,3.9911556959587164,140.0,3.9911556959587164,3.3131605289228507,11.927377904122263,0.5985378383184718,2.315833898266989,0.0,3.3131605289228507,11.927377904122263,0.0003719635181468929,0.019437827450634663,0.019437827450634663,0.0,0.0,0.0,0.0,20.508515166236084,0.003423001935752945,12.322806968710601,5091.886323042717,1.4144128675118655,3.8645608756578835,123423.48967243815,1783556729423489.8,1783556729492432.2
141.0,510.33582595317034,24288.0,101.98618138688485,-941.2027797338467,70.24423557319216,949.9078492271929,0.10198618138688485,-0.9412027797338467,0.07024423557319216,0.9499078492271928,0.9493542366425015,0.9493542366425015,9.309984724770187,-0.05064576335749843,-0.49666527522981196,1.0001427856976943,0.73549875,0.26464403569769424,0.12974606848153916,-9.230046239876927,-9.527160474999999,0.297114235123071,0.18142302499999907,0.6888606327838448,0.8041452999999998,-0.11528466721615503,0.0833565249999999,0.10198618138688485,1.0001427856976943,0.12974606848153916,0.12974606848153916,0.06960774913009922,9.309984724770187,0.9493542366425015,43.66237403687632,-79.3945557281272,108.7,-14.715444441639505,116.07107630840649,1.0,4.289307076217394,141.0,4.289307076217394,3.3079347902922946,11.90856524505226,0.5974746525332691,3.3158338982669897,0.0,3.3079347902922946,11.90856524505226,-0.010079513742965708,0.01644249271673217,0.01644249271673217,0.0,0.0,0.0,0.0,12.395036540750603,0.002068164624984814,7.44539264994533,5092.030991892658,1.4144530533035158,2.2726964582381353,123550.22141803431,1783556729550221.5,1783556729705069.5
142.0,176.28285224247043,24288.0,105.60101305657416,-949.7082660154686,67.90522684574613,958.6259726658553,0.10560101305657416,-0.9497082660154685,0.06790522684574614,0.9586259726658553,0.9579853095671677,0.9579853095671677,9.394626636066864,-0.042014690432832354,-0.4120233639331353,1.0355921746912529,0.73549875,0.3000934246912529,0.14225761753808924,-9.313456566920594,-9.527160474999999,0.21370390807940381,0.18142302499999907,0.6659227928468363,0.8041452999999998,-0.13822250715316353,0.0833565249999999,0.10560101305657416,1.0355921746912529,0.14225761753808924,0.14225761753808924,0.09060028110417656,9.394626636066864,0.9579853095671677,43.66237977807956,-79.39456529679927,108.7,-15.486027845164243,116.7057089146344,1.0,4.587458456476073,142.0,4.587458456476073,3.302709051661738,11.889752585982258,0.5964114667480664,4.31583389826699,0.0,3.302709051661738,11.889752585982258,-0.020530991004078313,0.013447157982829678,0.013447157982829678,0.0,0.0,0.0,0.0,4.281557915265125,0.0007133273142166836,2.5679783311800612,5092.175660742599,1.4144932390951659,0.6808320408183866,123676.95316363049,1783556729676953.2,1783556729917706.8
143.0,44.222071406599284,24288.0,73.58641823865295,-961.5225814537371,97.93752055569053,969.538540649966,0.07358641823865296,-0.961522581453737,0.09793752055569052,0.969538540649966,0.9697095001146372,0.9697095001146372,9.509601669299206,-0.030290499885362816,-0.29704833070079323,0.721636248420086,0.73549875,-0.013862501579914033,0.08825985000000003,-9.42931542341329,-9.520933502342686,0.09161807892939769,0.12748644999999925,0.9604389859574622,0.7587699804685376,0.20166900548892475,0.24516625000000003,0.07358641823865296,0.721636248420086,0.08825985000000003,0.08825985000000003,-0.0736496067490798,9.509601669299206,0.9697095001146372,43.66238504787759,-79.39457534974498,108.7,-16.295610728199286,117.28823238865027,1.0,4.121358752943202,143.0,4.121358752943202,3.1768296545388193,11.43658675633975,0.5954920204018855,0.6129869738730928,0.0,3.1768296545388193,11.43658675633975,-0.14219080213799917,0.009166916968120099,0.009166916968120099,0.0,0.0,0.0,0.0,1.0740656703234834,0.0001776838791616986,0.6396619649821149,5093.040438115613,1.4147334550321145,0.0640539046615439,124472.86994064,1783556730472870.0,1783556730253989.8
144.0,41.32163686364796,24288.0,56.5981587727952,-937.9047573182762,117.4118667726494,947.578107681906,0.0565981587727952,-0.9379047573182763,0.1174118667726494,0.947578107681906,0.9474148694632369,0.9474148694632369,9.290966029621652,-0.05258513053676308,-0.5156839703783476,0.555038333729232,0.73549875,-0.18046041627076798,0.08825985000000003,-9.197703688355272,-9.510775092910318,0.3130714045550446,0.12748644999999925,1.1514170832860022,0.7567382985820638,0.39467878470393847,0.24516625000000003,0.0565981587727952,0.555038333729232,0.08825985000000003,0.08825985000000003,-0.03274326004155309,9.290966029621652,0.9474148694632369,43.66239002005109,-79.39458570843978,108.7,-17.129816168035646,117.83785644749781,1.0,3.172744514411139,144.0,3.172744514411139,2.974774841825293,10.709189430571055,0.5946633248181851,1.6129869738730942,0.0,2.974774841825293,10.709189430571055,-0.33406266614917673,0.00407544261694557,0.00407544261694557,0.0,0.0,0.0,0.0,1.0036199161442816,0.00016580314681004747,0.596891328516171,5093.2735733072295,1.4147982148075635,0.06290237809154302,124718.99252899902,1783556730718992.5,1783556730668337.5
145.0,39.28375767301625,24288.0,47.46918335000585,-917.0846357071404,132.29060581745938,928.3683933801566,0.04746918335000585,-0.9170846357071404,0.13229060581745938,0.9283683933801566,0.9279439545814592,0.9279439545814592,9.100021582196266,-0.07205604541854078,-0.706628417803733,0.4655136668993348,0.7341073939079577,-0.2685937270086228,0.08825985000000003,-8.993528042757427,-9.502643849999998,0.5091158072425713,0.12192102563182985,1.297327669539788,0.7544163719539787,0.5429112975858092,0.24516625000000003,0.04746918335000585,0.4655136668993348,0.08825985000000003,0.08825985000000003,0.0,9.100021582196266,0.9279439545814592,43.662394922212435,-79.39459612818254,108.7,-17.968937917993774,118.37974136268282,1.0,2.441779549459669,145.0,2.441779549459669,2.8130411792562766,10.126948245322597,0.5944965759277784,2.441779549459669,0.0,2.8130411792562766,10.126948245322597,-0.4530521594092818,0.0,0.0,0.0,0.0,0.0,0.0,0.9541239063622186,0.00015757450453692074,0.5672682163329147,5093.50471197203,1.4148624199922304,0.061375712003539674,124958.6345903707,1783556730958634.5,1783556731070939.5
146.0,40.70570628489455,24288.0,69.86487398708923,-907.4864825769617,128.73573428776362,920.1921888618563,0.06986487398708921,-0.9074864825769617,0.1287357342877636,0.9201921888618564,0.9197993508747887,0.9197993508747887,9.020150304256246,-0.08020064912521128,-0.7864996957437532,0.6851403664854884,0.7271351177306193,-0.04199475124513097,0.08825985000000003,-8.89940231436336,-9.502643849999998,0.6032415356366372,0.09403192092247757,1.262466288653097,0.7509302338653097,0.5115360547877874,0.24516625000000003,0.06986487398708921,0.6851403664854884,0.08825985000000003,0.08825985000000003,0.0,9.020150304256246,0.9197993508747887,43.662399543545426,-79.39460679279713,108.7,-18.82777966203611,118.89058351134948,1.0,2.583835667624988,146.0,2.583835667624988,2.8130411792562766,10.126948245322597,0.5969849859985654,2.583835667624988,0.0,2.8130411792562766,10.126948245322597,-0.2797004690464605,0.0,0.0,0.0,0.0,0.0,0.0,0.9886601942475188,0.00016399489638893112,0.590381627000152,5093.727842293985,1.414924400637218,0.05834430986501542,125172.28236930541,1783556731172282.2,1783556731426426.5
147.0,42.12765489677286,24288.0,92.26056462417259,-897.8883294467831,125.18086275806785,912.015984343556,0.09226056462417258,-0.8978883294467832,0.12518086275806783,0.912015984343556,0.9116547471681182,0.9116547471681182,8.940279026316226,-0.08834525283188178,-0.8663709736837734,0.904767066071642,0.7201628415532811,0.18460422451836084,0.08825985000000003,-8.805276585969295,-9.502643849999998,0.6973672640307029,0.06614281621312529,1.227604907766406,0.7474440957766405,0.4801608119897654,0.24516625000000003,0.09226056462417258,0.904767066071642,0.08825985000000003,0.08825985000000003,0.0,8.940279026316226,0.9116547471681182,43.66240416487842,-79.39461745741173,108.7,-19.68662140607845,119.40142566001612,1.0,2.7258917857903073,147.0,2.7258917857903073,2.8130411792562766,10.126948245322597,0.5994733960693525,2.7258917857903073,0.0,2.8130411792562766,10.126948245322597,-0.10634877868363912,0.0,0.0,0.0,0.0,0.0,0.0,1.0231964821328192,0.00017041528824094146,0.6134950376673893,5093.95097261594,1.4149863812822054,0.05531290772649115,125385.93014824012,1783556731385930.2,1783556731781913.8
148.0,37.49195021869537,24288.0,59.5563484691324,-978.1109128827169,111.0,986.4919502186954,0.0595563484691324,-0.9781109128827169,0.111,0.9864919502186954,0.9862345398992933,0.9862345398992933,9.671656950703404,-0.013765460100706683,-0.1349930492965952,0.5840482647148173,0.7373670998954366,-0.1533188351806194,0.0951104662832677,-9.591991383821295,-9.502643849999998,-0.08934753382129725,0.11752191722433739,1.08853815,0.7232009668060845,0.36533718319391556,0.24516625000000003,0.0595563484691324,0.5840482647148173,0.0951104662832677,0.0951104662832677,0.011494322622932346,9.671656950703404,0.9862345398992933,43.66240852414935,-79.39462831842313,108.7,-20.561279361142823,119.88329946859112,1.0,2.842264265800632,148.0,2.842264265800632,2.8130411792562766,10.126948245322597,0.596,0.3865143255248716,0.0,2.8130411792562766,10.126948245322597,0.0,0.0,0.0,0.0,0.0,0.0,0.0,0.9106044869116732,0.00015075563172204366,0.5427202741993572,5094.700446469307,1.4151945684636962,0.06198064498748757,126188.69941741439,1783556732188699.5,1783556732127012.5
149.0,36.17751050002591,24288.0,68.75742649981864,-975.8106433750453,111.0,985.177510500026,0.06875742649981864,-0.9758106433750453,0.111,0.9851775105000259,0.9846093327358932,0.9846093327358932,9.655719112874447,-0.015390667264106792,-0.1509308871255529,0.6742800165844465,0.7422009437455953,-0.06792092716114895,0.1128345604005163,-9.569433445853889,-9.502643849999998,-0.06678959585388983,0.09174141669015813,1.08853815,0.7167558416725395,0.3717823083274605,0.24516625000000003,0.06875742649981864,0.6742800165844465,0.1128345604005163,0.1128345604005163,0.041232735571336034,9.655719112874447,0.9846093327358932,43.6624124674685,-79.39463949116075,108.7,-21.461041221148662,120.31919396802816,1.0,2.9178710017338254,149.0,2.9178710017338254,2.8130411792562766,10.126948245322597,0.596,1.3865143255248729,0.0,2.8130411792562766,10.126948245322597,0.0,0.0,0.0,0.0,0.0,0.0,0.0,0.8786793750246293,0.00014547025208741084,0.523692907514679,5094.862179086126,1.4152394941905904,0.06198064498748757,126384.55093549614,1783556732384551.0,1783556732455622.2
150.0,34.86307078135645,24288.0,77.95850453050487,-973.5103738673738,111.0,983.8630707813564,0.07795850453050487,-0.9735103738673737,0.111,0.9838630707813565,0.9829841255724932,0.9829841255724932,9.639781275045488,-0.0170158744275069,-0.16686872495451055,0.7645117684540755,0.747034787595754,0.0174769808583215,0.1305586545177649,-9.546875507886481,-9.502643849999998,-0.044231657886482395,0.06596091615597888,1.08853815,0.7103107165389945,0.37822743346100546,0.24516625000000003,0.07795850453050487,0.7645117684540755,0.1305586545177649,0.1305586545177649,0.07097114851973972,9.639781275045488,0.9829841255724932,43.66241641078766,-79.39465066389836,108.7,-22.360803081154504,120.7550884674652,1.0,2.9934777376670185,150.0,2.9934777376670185,2.8130411792562766,10.126948245322597,0.596,2.386514325524874,0.0,2.8130411792562766,10.126948245322597,0.0,0.0,0.0,0.0,0.0,0.0,0.0,0.8467542631375855,0.00014018487245277803,0.5046655408300009,5095.023911702946,1.4152844199174848,0.06198064498748757,126580.40245357789,1783556732580402.5,1783556732784232.2
151.0,42.25167766833979,24288.0,88.76845435173766,-962.1191281608108,101.33109644221362,971.9535799397039,0.08876845435173765,-0.9621191281608107,0.10133109644221362,0.9719535799397039,0.9719917722125546,0.9719917722125546,9.531983112968248,-0.028008227787445335,-0.2746668870317508,0.870521162868468,0.7297836882687414,0.14073747459972663,0.08397355370155611,-9.435165548178214,-9.509787677164072,0.07462212898585802,-0.029419950000001194,0.9937185969250342,0.7314071617312585,0.26231143519377564,0.24516625000000003,0.08876845435173765,0.870521162868468,0.08397355370155611,0.08397355370155611,-0.07116418769847695,9.531983112968248,0.9719917722125546,43.662421039709386,-79.3946612052576,108.7,-23.209718837781296,121.26676947568325,1.0,2.4997880614352317,151.0,2.4997880614352317,2.3367500429408756,8.412300154587152,0.59787416116583,0.34339264928018715,0.0,2.3367500429408756,8.412300154587152,-0.47629113631540093,0.0,0.0,0.0,0.0,0.0,0.0,1.0262087472086365,0.00017040372885738665,0.613453423886592,5095.929464072608,1.415535962242391,0.06198064498748757,127480.83223316602,1783556733480832.2,1783556733291387.0
152.0,33.500879829154876,24288.0,48.67110921883932,-977.1551420748567,105.9140054760029,984.4654262245701,0.048671109218839326,-0.9771551420748567,0.1059140054760029,0.9844654262245701,0.9842085809706207,0.9842085809706207,9.651789080575538,-0.01579141902937932,-0.1548609194244627,0.47730053322093063,0.7120818899290156,-0.23478135670808492,0.07354987499999999,-9.582618474028392,-9.527921187014195,-0.05469728701419654,-0.029419950000001194,1.0386615818012437,0.7475875360425905,0.29107404575865325,0.24516625000000003,0.048671109218839326,0.47730053322093063,0.07354987499999999,0.07354987499999999,-0.02071306492901572,9.651789080575538,0.9842085809706207,43.66242708599453,-79.39466760372132,108.7,-23.72499931855296,121.93512583495985,1.0,1.160561438575617,152.0,1.160561438575617,1.1784759928820459,4.242513574375365,0.5992242896257164,1.160561438575617,0.0,1.1784759928820459,4.242513574375365,-1.3809753518715575,0.0,0.0,0.0,0.0,0.0,0.0,0.8136693692905136,0.00013556446041449244,0.48803205749217277,5096.342048237775,1.4156505689549375,0.06597495920894043,127998.30953453976,1783556733998309.5,1783556734155142.0
153.0,1932.595406582396,24288.0,84.70107580422969,-966.5237277948842,49.50709532857983,971.740215160846,0.08470107580422968,-0.9665237277948842,0.04950709532857983,0.971740215160846,0.9716511593086563,0.9716511593086563,9.528642841434234,-0.02834884069134367,-0.2780071585657654,0.830633805035549,0.691368825,0.139264980035549,0.0731252718345183,-9.4783599151797,-9.5320638,0.05370388482029945,-0.029419950000001194,0.48549875640401735,0.7606522797482225,-0.2751535233442052,0.24410474208629557,0.08470107580422968,0.830633805035549,0.0731252718345183,0.0731252718345183,-0.000712421418593452,9.528642841434234,0.9716511593086563,43.662433476272206,-79.39466108243683,108.7,-23.199827846250784,122.64150712951046,1.0,1.1188912663421982,153.0,1.1188912663421982,1.2293635504561042,4.425708781641975,0.5950432974731923,0.10191259028368932,0.0,1.2293635504561042,4.425708781641975,0.05088755757405845,0.0,0.0,0.0,0.0,0.0,0.0,46.93887723507323,0.007758605610508359,27.930980197830095,5125.58364499707,1.4237732347214078,0.15290974847080974,129121.80529402263,1783556735121805.2,1783556735043297.5
154.0,2065.998026852875,24288.0,71.9556025299801,-961.8503875943261,83.91987316905373,969.191120505996,0.0719556025299801,-0.961850387594326,0.08391987316905372,0.969191120505996,0.9691519555369357,0.9691519555369357,9.504134024766289,-0.03084804446306435,-0.30251597523371,0.7056434095506292,0.691368825,0.014274584550629299,0.06895892531835429,-9.432530103501897,-9.5320638,0.0995336964981032,-0.029419950000001194,0.8229728242133008,0.7669017995224685,0.05607102469083225,0.2336888757958857,0.0719556025299801,0.7056434095506292,0.06895892531835429,0.06895892531835429,-0.00770293570745923,9.504134024766289,0.9691519555369357,43.662438149612406,-79.39467170366456,108.7,-24.05517556361895,123.15809815531065,1.0,1.6672749358395211,154.0,1.6672749358395211,1.7286890747353447,6.2232806690472415,0.5954681465823339,1.101912590283692,0.0,1.7286890747353447,6.2232806690472415,0.5502130818532989,0.0,0.0,0.0,0.0,0.0,0.0,50.17896007620263,0.008300519784422413,29.88187122392069,5139.316519425759,1.4275879220627101,0.3725278102049582,129375.01536307106,1783556735375015.2,1783556735468146.5
155.0,2199.4006471233542,24288.0,59.21012925573051,-957.1770473937679,118.33265100952764,966.6420258511461,0.059210129255730506,-0.9571770473937679,0.11833265100952763,0.9666420258511461,0.9666527517652149,0.9666527517652149,9.479625208098344,-0.03334724823478502,-0.32702479190165457,0.5806530140657096,0.691368825,-0.11071581093429039,0.06479257880219028,-9.386700291824093,-9.5320638,0.14536350817590699,-0.029419950000001194,1.160446892022584,0.7731513192967145,0.38729557272586956,0.22327300950547585,0.059210129255730506,0.5806530140657096,0.06479257880219028,0.06479257880219028,-0.014693449996325008,9.479625208098344,0.9666527517652149,43.662442822952606,-79.39468232489229,108.7,-24.910523280987114,123.67468918111086,1.0,2.215658605336844,155.0,2.215658605336844,2.228014599014585,8.020852556452507,0.5958929956914756,2.101912590283695,0.0,2.228014599014585,8.020852556452507,1.0495386061325391,0.0,0.0,0.0,0.0,0.0,0.0,53.41904291733202,0.00884243395833647,31.83276225001129,5153.049393854448,1.4314026094040124,0.5921458719391066,129628.22543211949,1783556735628225.5,1783556735892995.8
156.0,220.84560204406523,24288.0,98.53642772730146,-981.2753063636281,93.3193092046142,991.0,0.09853642772730145,-0.9812753063636281,0.0933193092046142,0.991,0.990976412874631,0.990976412874631,9.718158839316999,-0.009023587125369005,-0.08849116068299995,0.9663122589719408,0.691368825,0.2749434339719409,0.060616604212281454,-9.623023483150874,-9.53128214480307,-0.09174133834780406,-0.025511674015352988,0.9151498036114296,0.7731620396061407,0.14198776400528895,-0.008029945787718516,0.09853642772730145,0.9663122589719408,0.060616604212281454,0.060616604212281454,-0.005246008033084737,9.718158839316999,0.990976412874631,43.66244543471966,-79.39469408655783,108.7,-25.857712630736017,123.96339391111574,1.0,2.72668926505279,156.0,2.72668926505279,2.673050729531214,9.622982626312371,0.6002029335227324,0.74813573520129,0.0,2.673050729531214,9.622982626312371,1.3072161530564457,0.0,0.0,0.0,0.0,0.0,0.0,5.363897982446257,0.0008881648893847138,3.19739360178497,5159.717242627297,1.4332547896186931,0.29533954173570687,130388.0103240903,1783556736388010.2,1783556736159413.2
157.0,509.3568866787865,24288.0,92.57016777916837,-982.9799520630947,79.04290147158147,991.0,0.09257016777916836,-0.9829799520630947,0.07904290147158145,0.991,0.9911175420175735,0.9911175420175735,9.719542843426636,-0.008882457982426536,-0.08710715657336318,0.9078032358515815,0.691368825,0.21643441085158155,0.056437388275112944,-9.639740346899549,-9.530237340818777,-0.10950300608077049,-0.02028765409389225,0.7751460697162842,0.7710724316375565,0.004073638078727737,-0.012209161724887027,0.09257016777916836,0.9078032358515815,0.056437388275112944,0.056437388275112944,-0.01225811531021311,9.719542843426636,0.9911175420175735,43.66244735244607,-79.39470623215844,108.7,-26.83582100243388,124.17537938865402,1.0,3.2251448158627634,157.0,3.2251448158627634,3.0998100185563597,11.159316066802896,0.5991375299605658,1.748135735201293,0.0,3.0998100185563597,11.159316066802896,1.4835414970404381,0.0,0.0,0.0,0.0,0.0,0.0,12.371260063654368,0.0020482366721045592,7.373652019576414,5163.909052834641,1.4344191813429552,0.5156359813449769,130515.00642870057,1783556736515006.5,1783556736372494.0
158.0,797.8681713135078,24288.0,86.60390783103529,-984.6845977625613,64.76649373854872,991.0,0.08660390783103528,-0.9846845977625613,0.06476649373854872,0.991,0.9912586711605159,0.9912586711605159,9.720926847536273,-0.008741328839484069,-0.08572315246372643,0.8492942127312222,0.691368825,0.15792538773122222,0.052258172337944435,-9.656457210648222,-9.529192536834485,-0.12726467381373693,-0.015063634172431511,0.6351423358211388,0.7689828236689722,-0.13384048784783348,-0.016388377662055538,0.08660390783103528,0.8492942127312222,0.052258172337944435,0.052258172337944435,-0.019270222587341485,9.720926847536273,0.9912586711605159,43.66244927017248,-79.39471837775905,108.7,-27.813929374131746,124.38736486619231,1.0,3.723600366672737,158.0,3.723600366672737,3.526569307581506,12.695649507293421,0.5980721263983991,2.748135735201296,0.0,3.526569307581506,12.695649507293421,1.6598668410244306,0.0,0.0,0.0,0.0,0.0,0.0,19.37862214486248,0.003208308454824405,11.54991043736786,5168.100863041986,1.4355835730672175,0.7359324209542468,130642.00253331082,1783556736642002.5,1783556736585574.8
159.0,1086.379455948229,24288.0,80.6376478829022,-986.3892434620279,50.49008600551599,991.0,0.0806376478829022,-0.9863892434620279,0.05049008600551598,0.991,0.9913998003034584,0.9913998003034584,9.72231085164591,-0.0086001996965416,-0.08433914835408968,0.7907851896108629,0.691368825,0.09941636461086292,0.048078956400775925,-9.673174074396897,-9.528147732850194,-0.14502634154670335,-0.009839614250970772,0.49513860192599324,0.7668932157003879,-0.2717546137743947,-0.020567593599224047,0.0806376478829022,0.7907851896108629,0.048078956400775925,0.048078956400775925,-0.02628232986446986,9.72231085164591,0.9913998003034584,43.662451187898895,-79.39473052335966,108.7,-28.792037745829607,124.5993503437306,1.0,4.22205591748271,159.0,4.22205591748271,3.953328596606652,14.231982947783948,0.5970067228362325,3.7481357352012985,0.0,3.953328596606652,14.231982947783948,1.8361921850084233,0.0,0.0,0.0,0.0,0.0,0.0,26.385984226070594,0.0043683802375442515,15.726168855159305,5172.292673249329,1.4367479647914796,0.956228860563517,130768.99863792107,1783556736768998.8,1783556736798655.5
160.0,6695.371871966018,24288.0,44.45513252756878,-972.1643534127331,74.9747148595795,976.1896385531537,0.044455132527568775,-0.9721643534127331,0.0749747148595795,0.9761896385531537,0.9760719773082653,0.9760719773082653,9.5719962562701,-0.023928022691734625,-0.23465374372989933,0.4359559254014823,0.6912448437388476,-0.2552889183373654,-0.004283418694238575,-9.533675556394979,-9.527160474999999,-0.006515081394980522,-0.004903325000000791,0.7352507874776955,0.7600153749999999,-0.024764587522304534,-0.024764587522304534,0.044455132527568775,0.4359559254014823,-0.004283418694238575,-0.004283418694238575,-0.08046731299486612,9.5719962562701,0.9760719773082653,43.66245303792771,-79.39474268269879,108.7,-29.77125250639623,124.80385252900263,1.0,4.68880342836851,160.0,4.68880342836851,4.356582665855563,15.683697597080027,0.594050570280841,0.05507840222981023,0.0,4.356582665855563,15.683697597080027,1.9774851976929717,0.0005078812227833448,0.0005078812227833448,0.0,0.0,0.0,0.0,162.61719202631065,0.02683183941378788,96.59462188963636,5274.085049468175,1.4650236248522703,1.4087480642405998,131490.56025698571,1783556737490560.2,1783556737012642.5
161.0,5140.712975422417,24288.0,52.71849001694862,-975.1483436172315,74.51563944350285,979.6327041737286,0.052718490016948616,-0.9751483436172315,0.07451563944350285,0.9796327041737286,0.979527499613689,0.979527499613689,9.605883354086583,-0.020472500386310995,-0.2007666459134167,0.5169917801247091,0.6889938477743136,-0.17200206764960452,0.006971561128431818,-9.562938503933923,-9.527160474999999,-0.03577802893392336,-0.004903325000000791,0.7307487955486273,0.7600153749999999,-0.029266579451372704,-0.029266579451372704,0.052718490016948616,0.5169917801247091,0.006971561128431818,0.006971561128431818,-0.04269849902286318,9.605883354086583,0.979527499613689,43.66245372654083,-79.39475507773503,108.7,-30.769448404673785,124.8799718237304,1.0,4.61156980446576,161.0,4.61156980446576,4.356582665855563,15.683697597080027,0.5949687211129943,1.0550784022298088,0.0,4.356582665855563,15.683697597080027,1.5177657422422546,0.009728940698405936,0.009728940698405936,0.0,0.0,0.0,0.0,124.85763674705964,0.02060156234837238,74.16562445414057,5274.111720324879,1.465031033423577,1.4641368024521813,131627.82380639264,1783556737627823.8,1783556737242180.2
162.0,3586.0540788788157,24288.0,60.98184750632846,-978.1323338217297,74.05656402742619,983.0757697943035,0.06098184750632846,-0.9781323338217297,0.07405656402742619,0.9830757697943036,0.9829830219191127,0.9829830219191127,9.639770451903066,-0.01701697808088736,-0.16687954809693403,0.5980276348479359,0.6867428518097796,-0.08871521696184365,0.018226540951102214,-9.592201451472866,-9.527160474999999,-0.06504097647286619,-0.004903325000000791,0.7262468036195591,0.7600153749999999,-0.03376857138044087,-0.03376857138044087,0.06098184750632846,0.5980276348479359,0.018226540951102214,0.018226540951102214,-0.004929685050860222,9.639770451903066,0.9829830219191127,43.66245441515396,-79.39476747277125,108.7,-31.76764430295134,124.95609111845818,1.0,4.53433618056301,162.0,4.53433618056301,4.356582665855563,15.683697597080027,0.5958868719451476,2.055078402229807,0.0,4.356582665855563,15.683697597080027,1.0580462867915377,0.018950000174028526,0.018950000174028526,0.0,0.0,0.0,0.0,87.09808146780867,0.014371285282956881,51.736627018644775,5274.138391181583,1.4650384419948836,1.5195255406637629,131765.08735579957,1783556737765087.2,1783556737471718.0
163.0,2031.3951823352145,24288.0,69.24520499570829,-981.116324026228,73.59748861134953,986.5188354148785,0.0692452049957083,-0.981116324026228,0.07359748861134953,0.9865188354148784,0.9864385442245363,0.9864385442245363,9.673657549719548,-0.013561455775463731,-0.13299245028045137,0.6790634895711627,0.6844918558452455,-0.005428366274082774,0.029481520773772606,-9.621464399011808,-9.527160474999999,-0.09430392401180902,-0.004903325000000791,0.7217448116904909,0.7600153749999999,-0.03827056330950904,-0.03827056330950904,0.0692452049957083,0.6790634895711627,0.029481520773772606,0.029481520773772606,0.03283912892114273,9.673657549719548,0.9864385442245363,43.66245510376708,-79.39477986780749,108.7,-32.76584020122889,125.03221041318595,1.0,4.45710255666026,163.0,4.45710255666026,4.356582665855563,15.683697597080027,0.5968050227773009,3.055078402229806,0.0,4.356582665855563,15.683697597080027,0.5983268313408205,0.028171059649651116,0.028171059649651116,0.0,0.0,0.0,0.0,49.33852618855768,0.008141008217541382,29.30762958314898,5274.165062038287,1.4650458505661903,1.5749142788753443,131902.3509052065,1783556737902351.0,1783556737701255.8
164.0,476.7362857916132,24288.0,77.50856248508813,-984.1003142307263,73.13841319527288,989.9619010354534,0.07750856248508814,-0.9841003142307263,0.07313841319527288,0.9899619010354533,0.9898940665299599,0.9898940665299599,9.707544647536032,-0.0101059334700401,-0.0991053524639687,0.7600993442943895,0.6822408598807115,0.07785848441367804,0.040736500596443,-9.65072734655075,-9.527160474999999,-0.12356687155075187,-0.004903325000000791,0.7172428197614227,0.7600153749999999,-0.0427725552385772,-0.0427725552385772,0.07750856248508814,0.7600993442943895,0.040736500596443,0.040736500596443,0.07060794289314566,9.707544647536032,0.9898940665299599,43.66245579238021,-79.39479226284372,108.7,-33.76403609950645,125.10832970791373,1.0,4.37986893275751,164.0,4.37986893275751,4.356582665855563,15.683697597080027,0.5977231736094543,4.055078402229804,0.0,4.356582665855563,15.683697597080027,0.1386073758901034,0.0373921191252737,0.0373921191252737,0.0,0.0,0.0,0.0,11.57897090930669,0.0019107311521258871,6.878632147653192,5274.19173289499,1.465053259137497,1.6303030170869257,132039.61445461342,1783556738039614.5,1783556737930793.5
165.0,290.3613173216535,24288.0,79.14900145472679,-982.7874037822896,73.68079883621857,988.7874037822896,0.07914900145472678,-0.9827874037822896,0.07368079883621857,0.9887874037822896,0.9887215266539262,0.9887215266539262,9.696045959360726,-0.011278473346073806,-0.11060404063927468,0.7761865551159964,0.6798930860231993,0.09629346909279708,0.044129925000000014,-9.63785209330159,-9.527160474999999,-0.11069161830159083,-0.004903325000000791,0.7225618059072028,0.7600153749999999,-0.03745356909279714,-0.046633558465201064,0.07914900145472678,0.7761865551159964,0.044129925000000014,0.044129925000000014,0.06803980788628165,9.696045959360726,0.9887215266539262,43.66245617019971,-79.39480468018516,108.7,-34.76402827798371,125.15009387574341,1.0,4.313589300028684,165.0,4.313589300028684,4.356582665855563,15.683697597080027,0.5985105991271639,4.313589300028684,0.0,4.356582665855563,15.683697597080027,0.0,0.04017230787232062,0.04017230787232062,0.0,0.0,0.0,0.0,7.0522956751083195,0.0011772072222758067,4.237946000192904,5278.341302629787,1.4662059173971624,1.6059328120460101,132183.29002514185,1783556738183290.0,1783556738170199.8
166.0,694.60332284532,24288.0,77.93067111860964,-979.6197449083851,74.65546310511229,985.6197449083851,0.07793067111860964,-0.9796197449083851,0.07465546310511229,0.9856197449083851,0.9855512931523341,0.9855512931523341,9.664956588992338,-0.014448706847665879,-0.14169341100766258,0.7642388159253133,0.6775035381850627,0.08673527774025057,0.044129925000000014,-9.606787971405813,-9.527160474999999,-0.07962749640581485,-0.004903325000000791,0.7321199972597493,0.7600153749999999,-0.027895377740250627,-0.05021788022240596,0.07793067111860964,0.7642388159253133,0.044129925000000014,0.044129925000000014,0.048060310911895124,9.664956588992338,0.9855512931523341,43.662456413865776,-79.3948171071546,108.7,-35.76479581715493,125.17702872293766,1.0,4.252037935305901,166.0,4.252037935305901,4.356582665855563,15.683697597080027,0.5992415973288342,4.252037935305901,0.0,4.356582665855563,15.683697597080027,0.0,0.04017230787232062,0.04017230787232062,0.0,0.0,0.0,0.0,16.870525505267132,0.0028163456011091464,10.138844163992928,5284.270513277919,1.467852920354977,1.547134821407233,132329.73333154313,1783556738329733.2,1783556738413865.8
167.0,1098.8453283689864,24288.0,76.7123407824925,-976.4520860344805,75.630127374006,982.4520860344805,0.0767123407824925,-0.9764520860344805,0.075630127374006,0.9824520860344805,0.9823810596507421,0.9823810596507421,9.63386721862395,-0.017618940349257952,-0.17278278137605046,0.7522910767346301,0.6751139903469261,0.07717708638770407,0.044129925000000014,-9.575723849510037,-9.527160474999999,-0.04856337451003888,-0.004903325000000791,0.7416781886122958,0.7600153749999999,-0.018337186387704117,-0.05380220197961086,0.0767123407824925,0.7522910767346301,0.044129925000000014,0.044129925000000014,0.028080813937508595,9.63386721862395,0.9823810596507421,43.66245665753185,-79.39482953412401,108.7,-36.76556335632615,125.20396357013193,1.0,4.1904865705831185,167.0,4.1904865705831185,4.356582665855563,15.683697597080027,0.5999725955305045,4.1904865705831185,0.0,4.356582665855563,15.683697597080027,0.0,0.04017230787232062,0.04017230787232062,0.0,0.0,0.0,0.0,26.688755335425945,0.004455483979942486,16.03974232779295,5290.199723926052,1.4694999233127917,1.4883368307684555,132476.1766379444,1783556738476176.8,1783556738657531.8
168.0,1503.087333892653,24288.0,75.49401044637537,-973.284427160576,76.60479164289971,979.284427160576,0.07549401044637537,-0.973284427160576,0.07660479164289971,0.979284427160576,0.97921082614915,0.97921082614915,9.602777848255561,-0.020789173850850023,-0.20387215174443837,0.740343337543947,0.6727244425087894,0.06761889503515756,0.044129925000000014,-9.544659727614262,-9.527160474999999,-0.01749925261426291,-0.004903325000000791,0.7512363799648423,0.7600153749999999,-0.00877899503515761,-0.057386523736815756,0.07549401044637537,0.740343337543947,0.044129925000000014,0.044129925000000014,0.008101316963122066,9.602777848255561,0.97921082614915,43.66245690119791,-79.39484196109345,108.7,-37.76633089549737,125.23089841732619,1.0,4.128935205860336,168.0,4.128935205860336,4.356582665855563,15.683697597080027,0.6007035937321747,4.128935205860336,0.0,4.356582665855563,15.683697597080027,0.0,0.04017230787232062,0.04017230787232062,0.0,0.0,0.0,0.0,36.50698516558476,0.006094622358775826,21.940640491592976,5296.128934574184,1.471146926270606,1.4295388401296782,132622.61994434567,1783556738622620.0,1783556738901198.0
169.0,8403.895331931155,24288.0,64.70455975272252,-972.0090691758618,65.38638365381152,976.6136163461885,0.06470455975272252,-0.9720090691758617,0.06538638365381153,0.9766136163461885,0.9764750523075114,0.9764750523075114,9.575949071711456,-0.02352494769248861,-0.23070092828854338,0.6345349708990362,0.6711091804179807,-0.03657420951894453,0.001560120820192746,-9.532152738233464,-9.5320638,-8.89382334641059e-05,-0.004903325000000791,0.6412213792586507,0.7453053999999999,-0.10408402074134913,-0.06659603498423117,0.06470455975272252,0.6345349708990362,0.001560120820192746,0.001560120820192746,-0.06059930352689076,9.575949071711456,0.9764750523075114,43.662457263635226,-79.39485438178615,108.7,-38.76659295834069,125.27096223744583,1.0,4.157519262328591,169.0,4.157519262328591,4.376826823485601,15.756576564548162,0.5961318176098911,0.5945184719361127,0.0,4.376826823485601,15.756576564548162,0.020244157630037556,0.04017230787232062,0.04017230787232062,0.0,0.0,0.0,0.0,204.1138098219439,0.03380595089519653,121.70142322270752,5434.217432102886,1.509504842250801,1.6470029578145686,133356.695113105,1783556739356695.0,1783556739131817.5
170.0,10213.58734776943,24288.0,59.16151878286746,-980.4344914500415,57.62612629601445,984.3738737039855,0.05916151878286746,-0.9804344914500414,0.057626126296014456,0.9843738737039855,0.9841502036550571,0.9841502036550571,9.651216594673866,-0.01584979634494286,-0.15543340532613387,0.5801763081720072,0.6700220071634402,-0.08984569899143297,0.012431853365598551,-9.614777905578547,-9.5320638,-0.08271410557854814,-0.004903325000000791,0.5651192514408101,0.7453053999999999,-0.18018614855918974,-0.07964211403871815,0.05916151878286746,0.5801763081720072,0.012431853365598551,0.012431853365598551,-0.024147534259218145,9.651216594673866,0.9841502036550571,43.6624577070785,-79.39486679819792,108.7,-39.76651026938317,125.31998045722669,1.0,4.247578697683225,170.0,4.247578697683225,4.410878175269693,15.879161430970894,0.5963535392486853,1.5945184719361134,0.0,4.410878175269693,15.879161430970894,0.05429550941412984,0.04017230787232062,0.04017230787232062,0.0,0.0,0.0,0.0,248.06760950262395,0.04110591783213006,147.9813041956682,5484.017000978294,1.5233380558273033,1.6470029578145686,133489.06293146513,1783556739489063.0,1783556739353539.2
171.0,12023.279363607708,24288.0,53.61847781301242,-988.8599137242211,49.86586893821739,992.1341310617826,0.05361847781301242,-0.9888599137242211,0.049865868938217386,0.9921341310617825,0.9918253550026029,0.9918253550026029,9.726484117636275,-0.008174644997397108,-0.08016588236372432,0.5258176454449782,0.6689348339088996,-0.1431171884639214,0.023303585911004357,-9.697403072923631,-9.5320638,-0.16533927292363215,-0.004903325000000791,0.48901712362296956,0.7453053999999999,-0.25628827637703033,-0.09268819309320517,0.05361847781301242,0.5258176454449782,0.023303585911004357,0.023303585911004357,0.012304235008454456,9.726484117636275,0.9918253550026029,43.66245815052177,-79.3948792146097,108.7,-40.76642758042565,125.36899867700755,1.0,4.337638133037858,171.0,4.337638133037858,4.444929527053786,16.001746297393627,0.5965752608874795,2.594518471936114,0.0,4.444929527053786,16.001746297393627,0.08834686119822213,0.04017230787232062,0.04017230787232062,0.0,0.0,0.0,0.0,292.02140918330394,0.04840588476906359,174.26118516862888,5533.816569853701,1.5371712694038053,1.6470029578145686,133621.43074982526,1783556739621430.8,1783556739575261.0
172.0,13832.971379445982,24288.0,48.07543684315737,-997.2853359984008,42.105611580420316,999.8943884195796,0.04807543684315736,-0.9972853359984007,0.042105611580420324,0.9998943884195796,0.9995005063501486,0.9995005063501486,9.801751640598685,-0.0004994936498513604,-0.004898359401314778,0.47145898271794917,0.667847660654359,-0.19638867793640985,0.03417531845641016,-9.780028240268715,-9.5320638,-0.24796444026871617,-0.004903325000000791,0.4129149958051289,0.7453053999999999,-0.332390404194871,-0.10573427214769215,0.04807543684315736,0.47145898271794917,0.03417531845641016,0.03417531845641016,0.04875600427612707,9.801751640598685,0.9995005063501486,43.66245859396505,-79.39489163102147,108.7,-41.76634489146812,125.41801689678842,1.0,4.427697568392492,172.0,4.427697568392492,4.478980878837877,16.124331163816358,0.5967969825262737,3.5945184719361145,0.0,4.478980878837877,16.124331163816358,0.12239821298231442,0.04017230787232062,0.04017230787232062,0.0,0.0,0.0,0.0,335.975208863984,0.05570585170599711,200.54106614158957,5583.6161387291095,1.5510044829803076,1.6470029578145686,133753.7985681854,1783556739753798.5,1783556739796982.5
173.0,20600.573172713113,24288.0,63.804692302974054,-970.8402027933424,60.02980422068227,974.9289790192632,0.06380469230297406,-0.9708402027933424,0.06002980422068227,0.9749289790192632,0.9748164829799716,0.9748164829799716,9.559684062815537,-0.02518351702002843,-0.24696593718446178,0.6257102857729605,0.6719296444751854,-0.04621935870222494,-0.004903325000000014,-9.520690074723332,-9.5320638,0.0113737252766685,-0.004903325000000791,0.5886912795607537,0.7255179805248145,-0.13682670096406074,-0.11663508314888754,0.06380469230297406,0.6257102857729605,-0.004903325000000014,-0.004903325000000014,-0.08094563466230752,9.559684062815537,0.9748164829799716,43.66245896448951,-79.39490404755946,108.7,-42.766272367423454,125.4589746701711,1.0,4.514439480635418,173.0,4.514439480635418,4.511586238768669,16.24171045956721,0.5950887762259208,0.08435877151922004,0.0,4.511586238768669,16.24171045956721,0.15227677500981118,0.03945903869643332,0.03945903869643332,0.0,0.0,0.0,0.0,500.3467212188561,0.08270563594842663,297.74028941433585,5932.263247525983,1.6478509020905505,1.729737859763896,134480.6531471105,1783556740480653.2,1783556740017755.2
174.0,19564.20403513067,24288.0,61.48948911178664,-968.9459456369163,72.23723922876138,974.0870869497406,0.06148948911178664,-0.9689459456369163,0.07223723922876138,0.9740870869497406,0.9738994782267858,0.9738994782267858,9.550691318152708,-0.026100521773214237,-0.25595868184729137,0.6030058983981024,0.6739936796910816,-0.07098778129297922,-0.004903325000000014,-9.502113757780265,-9.5320638,0.029950042219734203,-0.004903325000000791,0.7084053220827327,0.7234539453089184,-0.015048623226185637,-0.10425087185351037,0.06148948911178664,0.6030058983981024,-0.004903325000000014,-0.004903325000000014,-0.06360080091528073,9.550691318152708,0.9738994782267858,43.66245854354347,-79.39491646546749,108.7,-43.766310174683106,125.41244329560605,1.0,4.565172559619957,174.0,4.565172559619957,4.5284966124747354,16.302587804909045,0.5961411413128243,1.0843587715192204,0.0,4.5284966124747354,16.302587804909045,0.13686332685137706,0.03100385184340059,0.03100385184340059,0.0,0.0,0.0,0.0,475.1753876052538,0.07865729757859206,283.1662712829314,5980.614291768651,1.6612817477135138,2.7104882957808223,134606.9369575389,1783556740606937.0,1783556740228228.2
175.0,18527.834897548233,24288.0,59.17428592059922,-967.0516884804903,84.44467423684048,973.2451948802179,0.05917428592059922,-0.9670516884804903,0.08444467423684048,0.9732451948802179,0.9729824734736,0.9729824734736,9.541698573489878,-0.027017526526400045,-0.264951426510121,0.5803015110232443,0.6760577149069779,-0.09575620388373351,-0.004903325000000014,-9.4835374408372,-9.5320638,0.048526359162799904,-0.004903325000000791,0.8281193646047116,0.7213899100930221,0.10672945451168947,-0.09186666055813321,0.05917428592059922,0.5803015110232443,-0.004903325000000014,-0.004903325000000014,-0.04625596716825392,9.541698573489878,0.9729824734736,43.66245812259744,-79.39492888337551,108.7,-44.76634798194276,125.36591192104102,1.0,4.615905638604496,175.0,4.615905638604496,4.545406986180801,16.36346515025088,0.5971935063997276,2.084358771519221,0.0,4.545406986180801,16.36346515025088,0.12144987869294291,0.02254866499036786,0.02254866499036786,0.0,0.0,0.0,0.0,450.0040539916515,0.07460895920875749,268.59225315152696,6028.96533601132,1.674712593336477,3.6912387317977484,134733.22076796732,1783556740733220.8,1783556740438701.2
176.0,17491.465759965795,24288.0,56.8590827294118,-965.1574313240642,96.65210924491959,972.4033028106952,0.05685908272941181,-0.9651574313240642,0.09665210924491957,0.9724033028106952,0.9720654687204141,0.9720654687204141,9.532705828827048,-0.027934531279585853,-0.2739441711729506,0.5575971236483862,0.678121750122874,-0.12052462647448779,-0.004903325000000014,-9.464961123894135,-9.5320638,0.0671026761058656,-0.004903325000000791,0.9478334071266905,0.719325874877126,0.22850753224956455,-0.07948244926275605,0.05685908272941181,0.5575971236483862,-0.004903325000000014,-0.004903325000000014,-0.028911133421227114,9.532705828827048,0.9720654687204141,43.662457701651405,-79.39494130128355,108.7,-45.7663857892024,125.31938054647598,1.0,4.666638717589035,176.0,4.666638717589035,4.562317359886866,16.424342495592718,0.598245871486631,3.0843587715192213,0.0,4.562317359886866,16.424342495592718,0.10603643053450879,0.014093478137335129,0.014093478137335129,0.0,0.0,0.0,0.0,424.8327203780492,0.07056062083892291,254.0182350201225,6077.3163802539875,1.6881434389594403,4.671989167814675,134859.50457839572,1783556740859504.5,1783556740649174.2
177.0,16455.096622383353,24288.0,54.54387953822439,-963.2631741676381,108.85954425299869,971.5614107411725,0.054543879538224385,-0.9632631741676381,0.10885954425299868,0.9715614107411725,0.9711484639672283,0.9711484639672283,9.52371308416422,-0.02885153603277166,-0.2829369158357802,0.5348927362735282,0.6801857853387702,-0.1452930490652421,-0.004903325000000014,-9.446384806951068,-9.5320638,0.0856789930489313,-0.004903325000000791,1.0675474496486694,0.7172618396612298,0.3502856099874397,-0.06709823796737888,0.054543879538224385,0.5348927362735282,-0.004903325000000014,-0.004903325000000014,-0.011566299674200309,9.52371308416422,0.9711484639672283,43.662457280705375,-79.39495371919158,108.7,-46.766423596462054,125.27284917191095,1.0,4.717371796573574,177.0,4.717371796573574,4.579227733592932,16.48521984093455,0.5992982365735343,4.084358771519222,0.0,4.579227733592932,16.48521984093455,0.09062298237607465,0.005638291284302398,0.005638291284302398,0.0,0.0,0.0,0.0,399.6613867644469,0.06651228246908834,239.44421688871802,6125.667424496655,1.7015742845824036,5.652739603831601,134985.78838882412,1783556740985788.5,1783556740859647.2
178.0,14623.048182180617,24288.0,57.06420086495041,-962.3628750772277,113.00837415049513,971.2903000617822,0.05706420086495041,-0.9623628750772277,0.11300837415049514,0.9712903000617822,0.970867903472146,0.970867903472146,9.52096172558512,-0.029132096527854028,-0.2856882744148797,0.5596086454122658,0.680850457224781,-0.12124181181251514,-0.004903325000000014,-9.437555888876094,-9.5320638,0.09450791112390473,-0.0038357483371721955,1.108233572362953,0.716597167775219,0.3916364045877341,-0.058839899999999834,0.05706420086495041,0.5596086454122658,-0.004903325000000014,-0.004903325000000014,0.0,9.52096172558512,0.970867903472146,43.66245685484997,-79.39496613677589,108.7,-47.76643533446316,125.22577511589348,1.0,4.739540151304928,178.0,4.739540151304928,4.590504316161536,16.52581553818153,0.5999274249845544,4.739540151304928,0.0,4.590504316161536,16.52581553818153,0.07451360401600768,0.0,0.0,0.0,0.0,0.0,0.0,355.1645942488028,0.05919407798697133,213.09868075309677,6157.955433946775,1.7105431760963257,6.565263000084926,135113.4724342519,1783556741113472.5,1783556741072575.0
179.0,11198.369994938332,24288.0,69.26329624600557,-963.4520800219648,101.0271197583874,972.1616640175719,0.06926329624600555,-0.9634520800219647,0.10102711975838741,0.9721616640175718,0.9718612482482577,0.9718612482482577,9.530703110133777,-0.028138751751742273,-0.27594688986622334,0.6792409041308903,0.6787141668905199,0.0005267372403705006,-0.004903325000000014,-9.4482373405474,-9.5320638,0.08382645945259919,-0.0006313128357803384,0.9907376039785897,0.7187334581094801,0.2720041458691096,-0.058839899999999834,0.06926329624600555,0.6792409041308903,-0.004903325000000014,-0.004903325000000014,0.0,9.530703110133777,0.9718612482482577,43.662456419167995,-79.39497855371226,108.7,-48.7663948923001,125.17761483000749,1.0,4.704533423799266,179.0,4.704533423799266,4.590504316161536,16.52581553818153,0.599709583995607,4.704533423799266,0.0,4.590504316161536,16.52581553818153,0.057011253465595116,0.0,0.0,0.0,0.0,0.0,0.0,271.9860104370622,0.04533091748789139,163.191302956409,6158.091712223172,1.7105810311731027,7.341223320332468,135243.95918663137,1783556741243959.2,1783556741290416.0
180.0,7773.691807696046,24288.0,81.46239162706071,-964.5412849667018,89.04586536627966,973.0330279733615,0.0814623916270607,-0.9645412849667018,0.08904586536627966,0.9730330279733614,0.9728545930243695,0.9728545930243695,9.540444494682433,-0.02714540697563052,-0.26620550531756704,0.7988731628495148,0.6765778765562587,0.12229528629325614,-0.004903325000000014,-9.458918792218705,-9.5320638,0.07314500778129364,0.0025731226656115188,0.8732416355942263,0.7208697484437413,0.1523718871504851,-0.058839899999999834,0.0814623916270607,0.7988731628495148,-0.004903325000000014,-0.004903325000000014,0.0,9.540444494682433,0.9728545930243695,43.66245598348601,-79.39499097064862,108.7,-49.76635445013704,125.12945454412149,1.0,4.669526696293605,180.0,4.669526696293605,4.590504316161536,16.52581553818153,0.5994917430066596,4.669526696293605,0.0,4.590504316161536,16.52581553818153,0.039508902915182546,0.0,0.0,0.0,0.0,0.0,0.0,188.80742662532154,0.03146775698881145,113.28392515972122,6158.227990499569,1.7106188862498797,8.117183640580011,135374.44593901088,1783556741374446.0,1783556741508257.0
181.0,4349.013620453761,24288.0,93.66148700811587,-965.6304899114389,77.06461097417193,973.9043919291512,0.09366148700811586,-0.9656304899114388,0.07706461097417193,0.9739043919291511,0.9738479378004812,0.9738479378004812,9.550185879231089,-0.026152062199518766,-0.2564641207689107,0.9185054215681393,0.6744415862219976,0.2440638353461418,-0.004903325000000014,-9.469600243890012,-9.5320638,0.06246355610998809,0.005777558167003375,0.755745667209863,0.7230060387780024,0.03273962843186062,-0.058839899999999834,0.09366148700811586,0.9185054215681393,-0.004903325000000014,-0.004903325000000014,0.0,9.550185879231089,0.9738479378004812,43.662455547804036,-79.39500338758499,108.7,-50.766314007973975,125.08129425823549,1.0,4.634519968787943,181.0,4.634519968787943,4.590504316161536,16.52581553818153,0.5992739020177122,4.634519968787943,0.0,4.590504316161536,16.52581553818153,0.022006552364769977,0.0,0.0,0.0,0.0,0.0,0.0,105.62884281358089,0.017604596489731512,63.37654736303344,6158.364268775967,1.7106567413266567,8.893143960827555,135504.9326913904,1783556741504932.8,1783556741726098.0
182.0,924.3354332114741,24288.0,105.86058238917101,-966.719694856176,65.08335658206418,974.7757558849407,0.10586058238917101,-0.9667196948561759,0.06508335658206418,0.9747757558849408,0.974841282576593,0.974841282576593,9.559927263779745,-0.025158717423407015,-0.24672273622025437,1.0381376802867637,0.6723052958877364,0.36583238439902743,-0.004903325000000014,-9.480281695561317,-9.5320638,0.05178210443868255,0.008981993668395232,0.6382496988254998,0.7251423291122636,-0.08689263028676386,-0.058839899999999834,0.10586058238917101,1.0381376802867637,-0.004903325000000014,-0.004903325000000014,0.0,9.559927263779745,0.974841282576593,43.66245511212206,-79.39501580452136,108.7,-51.766273565810906,125.03313397234949,1.0,4.599513241282282,182.0,4.599513241282282,4.590504316161536,16.52581553818153,0.5990560610287647,4.599513241282282,0.0,4.590504316161536,16.52581553818153,0.0045042018143574,0.0,0.0,0.0,0.0,0.0,0.0,22.450259001840266,0.003741435990651576,13.469169566345641,6158.500547052364,1.7106945964034337,9.669104281075096,135635.41944376988,1783556741635419.5,1783556741943939.0
183.0,2181.95917722066,24288.0,74.98281460328417,-985.4980736883417,55.49807368834172,989.9656292065683,0.07498281460328417,-0.9854980736883417,0.05549807368834172,0.9899656292065683,0.9899836092117409,0.9899836092117409,9.708422761276319,-0.01001639078825909,-0.098227238723681,0.7353302188292966,0.6668522,0.06847801882929663,-0.044129925000000014,-9.664434684335776,-9.5320638,-0.13237088433577598,0.016768645569577235,0.5442501843357762,0.730595425,-0.18634524066422373,-0.12029054833859147,0.07498281460328417,0.7353302188292966,-0.044129925000000014,-0.044129925000000014,-0.05413524233292408,9.708422761276319,0.9899836092117409,43.6624551774815,-79.39502822903769,108.7,-52.766843551742014,125.0403588043863,1.0,4.518426357749217,183.0,4.518426357749217,4.518426357749217,16.26633488789718,0.5961774814939245,0.7426516054867153,0.0,4.518426357749217,16.26633488789718,-0.07207795841231922,0.0,0.0,0.0,0.0,0.0,0.0,52.99542449633539,0.008781532364747779,31.613516513092,6193.33232334584,1.7203700898182888,5.389478081555661,136370.95645187292,1783556742370956.5,1783556742177481.5
184.0,3451.6786126249235,24288.0,70.92009478362061,-978.0895846054258,48.08958460542582,981.8401895672412,0.07092009478362062,-0.9780895846054258,0.04808958460542582,0.9818401895672412,0.9819702587228695,0.9819702587228695,9.629838637704628,-0.0180297412771305,-0.1768113622953718,0.6954885475097929,0.6668522,0.028636347509792992,-0.044129925000000014,-9.591782224870798,-9.5320638,-0.05971842487079854,0.026143156468284207,0.47159772487079904,0.730595425,-0.2589977001292009,-0.12380598992560651,0.07092009478362062,0.6954885475097929,-0.044129925000000014,-0.044129925000000014,-0.0384061972008658,9.629838637704628,0.9819702587228695,43.662455416465015,-79.39504065618067,108.7,-53.767625067128975,125.06677604248816,1.0,4.421371483189185,184.0,4.421371483189185,4.421371483189185,15.916937339481066,0.5964164650127282,1.7426516054867174,0.0,4.421371483189185,15.916937339481066,-0.16913283297235104,0.0,0.0,0.0,0.0,0.0,0.0,83.83437014343414,0.013897655209803357,50.03155875529208,6216.03661335379,1.726676837042719,4.154350955864517,136513.62961259874,1783556742513629.5,1783556742416465.0
185.0,4721.398048029187,24288.0,66.85737496395706,-970.68109552251,40.68109552250992,973.7147499279141,0.06685737496395705,-0.9706810955225099,0.040681095522509925,0.9737147499279141,0.973956908233998,0.973956908233998,9.551254514132937,-0.026043091766001916,-0.2553954858670627,0.6556468761902894,0.6668522,-0.011205323809710635,-0.044129925000000014,-9.51912976540582,-9.5320638,0.012934034594178911,0.03551766736699118,0.39894526540582187,0.730595425,-0.3316501595941781,-0.12732143151262154,0.06685737496395705,0.6556468761902894,-0.044129925000000014,-0.044129925000000014,-0.022677152068807514,9.551254514132937,0.973956908233998,43.66245565544853,-79.39505308332365,108.7,-54.76840658251594,125.09319328059003,1.0,4.324316608629154,185.0,4.324316608629154,4.324316608629154,15.567539791064952,0.596655448531532,2.74265160548672,0.0,4.324316608629154,15.567539791064952,-0.26618770753238286,0.0,0.0,0.0,0.0,0.0,0.0,114.6733157905329,0.019013778054858935,68.44960099749217,6238.74090336174,1.7329835842671495,2.9192238301733737,136656.30277332457,1783556742656302.8,1783556742655448.5
186.0,5991.117483433451,24288.0,62.7946551442935,-963.272606439594,33.27260643959402,965.589310288587,0.0627946551442935,-0.963272606439594,0.033272606439594024,0.965589310288587,0.9659435577451266,0.9659435577451266,9.472670390561246,-0.03405644225487332,-0.3339796094387535,0.6158052048707857,0.6668522,-0.05104699512921426,-0.044129925000000014,-9.446477305940844,-9.5320638,0.08558649405915636,0.044892178265698156,0.3262928059408447,0.730595425,-0.40430261905915527,-0.1308368730996366,0.0627946551442935,0.6158052048707857,-0.044129925000000014,-0.044129925000000014,-0.006948106936749236,9.472670390561246,0.9659435577451266,43.66245589443205,-79.39506551046662,108.7,-55.7691880979029,125.1196105186919,1.0,4.227261734069121,186.0,4.227261734069121,4.227261734069121,15.218142242648838,0.5968944320503357,3.742651605486722,0.0,4.227261734069121,15.218142242648838,-0.36324258209241467,0.0,0.0,0.0,0.0,0.0,0.0,145.51226143763165,0.024129900899914517,86.86764323969226,6261.445193369689,1.73929033149158,1.6840967044822293,136798.9759340504,1783556742798976.0,1783556742894432.0
187.0,7463.295631026242,24288.0,258.0451202952569,-925.8715187121368,12.080893850841818,966.602220427588,0.2580451202952569,-0.9258715187121368,0.01208089385084182,0.966602220427588,0.9673082338093627,0.9673082338093627,9.486053291086586,-0.032691766190637316,-0.3205967089134134,2.5305581789434806,0.6730638848131928,1.8574942941302877,-0.044129925000000014,-9.079697928978376,-9.5320638,0.4523658710216239,0.01504008925277122,0.1184730976823579,0.7201345950934035,-0.6016614974110456,-0.14513721028021076,0.2580451202952569,2.5305581789434806,-0.044129925000000014,-0.044129925000000014,0.0,9.486053291086586,0.9673082338093627,43.662456133415574,-79.39507793760971,108.7,-56.76996962272354,125.14602775714758,1.0,4.184388960179725,187.0,4.184388960179725,4.184388969606042,15.063800290581751,0.5994663377144314,0.5582626358806803,0.0,4.184388969606042,15.063800290581751,-0.35193323554367234,-4.713158203116481e-09,4.713158203116481e-09,0.0,0.0,0.0,0.0,181.26852428636536,0.030211273096290542,108.76058314664594,6396.967225742818,1.7769353404841157,1.1384949036271526,137541.51568054972,1783556743541515.8,1783556743133415.5
188.0,5416.401757910233,24288.0,195.4314373114397,-939.9715465596377,53.42504330198828,973.0547755442409,0.1954314373114397,-0.9399715465596377,0.05342504330198829,0.9730547755442409,0.9737935774890178,0.9737935774890178,9.549652786682678,-0.026206422510982104,-0.2569972133173226,1.9165277047102298,0.6754075125774419,1.241120192132788,-0.044129925000000014,-9.217971967069069,-9.5320638,0.3140918329309302,0.024414600309767654,0.5239207008974434,0.718962781211279,-0.19504208031383563,-0.1416217686338372,0.1954314373114397,1.9165277047102298,-0.044129925000000014,-0.044129925000000014,0.0,9.549652786682678,0.9737935774890178,43.66245637239909,-79.3950903647529,108.7,-57.77075115500879,125.17244499588321,1.0,4.184388943294633,188.0,4.184388943294633,4.184388969606042,15.063800290581751,0.5985104036230754,1.5582626358806795,0.0,4.184388969606042,15.063800290581751,-0.25487835934486025,-1.3155704596502264e-08,1.3155704596502264e-08,0.0,0.0,0.0,0.0,131.55356589612376,0.021925182273801483,78.93065618568534,6397.109062838349,1.7769747396773188,1.1384949036271526,137683.94986016175,1783556743683949.8,1783556743372399.0
189.0,3369.507884794225,24288.0,132.81775432762254,-954.0715744071384,94.76919275313475,979.5073306608939,0.13281775432762252,-0.9540715744071384,0.09476919275313475,0.9795073306608938,0.9802789211686731,0.9802789211686731,9.613252282278768,-0.01972107883132689,-0.1933977177212318,1.302497230476979,0.6777511403416909,0.6247460901352884,-0.044129925000000014,-9.356246005159763,-9.5320638,0.17581779484023652,0.03378911136676409,0.9293683041125288,0.7177909673291545,0.21157733678337431,-0.13810632698746364,0.13281775432762252,1.302497230476979,-0.044129925000000014,-0.044129925000000014,0.0,9.613252282278768,0.9802789211686731,43.662456611382616,-79.3951027918961,108.7,-58.77153268729404,125.19886223461884,1.0,4.1843889264095395,189.0,4.1843889264095395,4.184388969606042,15.063800290581751,0.5975544695317194,2.558262635880679,0.0,4.184388969606042,15.063800290581751,-0.15782348314604813,-2.1598250989888048e-08,2.1598250989888048e-08,0.0,0.0,0.0,0.0,81.83860750588215,0.013639091451312424,49.10072922472472,6397.25089993388,1.7770141388705218,1.1384949036271526,137826.3840397738,1783556743826384.0,1783556743611382.5
190.0,1322.6140116782171,24288.0,70.20407134380534,-968.1716022546393,136.11334220428122,985.9598857775468,0.07020407134380532,-0.9681716022546393,0.1361133422042812,0.9859598857775468,0.9867642648483284,0.9867642648483284,9.676851777874859,-0.013235735151671674,-0.129798222125141,0.6884667562437286,0.68009476810594,0.008371988137788389,-0.044129925000000014,-9.494520043250457,-9.5320638,0.0375437567495428,0.04316362242376052,1.3348159073276142,0.71661915344703,0.6181967538805843,-0.1345908853410901,0.07020407134380532,0.6884667562437286,-0.044129925000000014,-0.044129925000000014,0.0,9.676851777874859,0.9867642648483284,43.66245685036614,-79.39511521903927,108.7,-59.772314219579286,125.22527947335448,1.0,4.184388909524447,190.0,4.184388909524447,4.184388969606042,15.063800290581751,0.5965985354403635,3.5582626358806784,0.0,4.184388969606042,15.063800290581751,-0.060768606947236015,-3.0040797383273835e-08,3.0040797383273835e-08,0.0,0.0,0.0,0.0,32.123649115640546,0.005353000628823365,19.27080226376411,6397.392737029411,1.777053538063725,1.1384949036271526,137968.81821938584,1783556743968818.2,1783556743850366.2
191.0,143.5541923123439,24288.0,34.480951697285825,-976.6429793130989,153.78852420127447,988.9289379392967,0.03448095169728582,-0.9766429793130988,0.15378852420127448,0.9889289379392967,0.9896822728017063,0.9896822728017063,9.705467660570854,-0.010317727198293668,-0.10118233942914659,0.338142624962188,0.6806868807702003,-0.34254425580801234,-0.04631816057449925,-9.5775958730808,-9.5320638,-0.045532073080800324,0.049033250000000805,1.508150230858428,0.7158854499999999,0.7922647808584282,-0.1310768336553005,0.03448095169728582,0.338142624962188,-0.04631816057449925,-0.04631816057449925,-0.003683898273567743,9.705467660570854,0.9896822728017063,43.662457178510344,-79.39512764126893,108.7,-60.77270005566958,125.26155253363989,1.0,4.184784286139349,191.0,4.184784286139349,4.184388963299825,15.06380026787937,0.5958214896565495,4.184784286139349,0.0,4.184388963299825,15.06380026787937,-6.306216589232647e-09,-0.007126145717487095,0.007126145717487095,0.0,0.0,0.0,0.0,3.4866442228822088,0.0005758001451010948,2.072880522363941,6399.013896998736,1.7775038602774262,1.3691415278335808,138111.0175720048,1783556744111017.5,1783556744089255.2
192.0,417.85586740426254,24288.0,43.79145241842144,-975.6880561622132,131.82529173090325,986.0641684866396,0.043791452418421445,-0.9756880561622132,0.13182529173090327,0.9860641684866396,0.9866260644173285,0.9866260644173285,9.675496494618194,-0.013373935582671477,-0.13115350538180523,0.4294474468591127,0.678345731490792,-0.24889828463167935,-0.05217103377302008,-9.568231275963166,-9.5320638,-0.03616747596316722,0.049033250000000805,1.2927644971528625,0.7158854499999999,0.5768790471528624,-0.127565109736188,0.043791452418421445,0.4294474468591127,-0.05217103377302008,-0.05217103377302008,-0.013537220156599437,9.675496494618194,0.9866260644173285,43.66245765597192,-79.39514005526989,108.7,-61.77242321943126,125.31433113605608,1.0,4.185841828159686,192.0,4.185841828159686,4.184388946432589,15.063800207157321,0.5953440280811065,4.185841828159686,0.0,4.184388946432589,15.063800207157321,-2.317345268086489e-08,-0.026186351575043253,0.026186351575043253,0.0,0.0,0.0,0.0,10.14888330751473,0.0016749375218275387,6.029775078579139,6403.112478651794,1.7786423551810535,1.9860520016778023,138252.82365991134,1783556744252823.8,1783556744327986.0
193.0,692.1575424961812,24288.0,53.10195313955707,-974.7331330113275,109.86205926053205,983.1993990339824,0.05310195313955707,-0.9747331330113275,0.10986205926053205,0.9831993990339825,0.9835698560329507,0.9835698560329507,9.645525328665535,-0.016430143967049286,-0.16112467133446384,0.5207522687560373,0.6760045822113837,-0.15525231345534637,-0.0580239069715409,-9.558866678845533,-9.5320638,-0.026802878845534103,0.049033250000000805,1.0773787634472967,0.7158854499999999,0.36149331344729674,-0.1240533858170755,0.05310195313955707,0.5207522687560373,-0.0580239069715409,-0.0580239069715409,-0.023390542039631132,9.645525328665535,0.9835698560329507,43.662458133433496,-79.39515246927085,108.7,-62.77214638319293,125.36710973847228,1.0,4.186899370180022,193.0,4.186899370180022,4.184388929565353,15.063800146435272,0.5948665665056637,4.186899370180022,0.0,4.184388929565353,15.063800146435272,-4.004068877249713e-08,-0.045246557432599414,0.045246557432599414,0.0,0.0,0.0,0.0,16.811122392147247,0.0027740748985539826,9.986669634794337,6407.211060304851,1.7797808500846806,2.602962475522024,138394.62974781787,1783556744394629.8,1783556744566716.8
194.0,966.4592175880998,24288.0,62.41245386069268,-973.7782098604417,87.89882679016084,980.3346295813253,0.06241245386069269,-0.9737782098604417,0.08789882679016085,0.9803346295813253,0.980513647648573,0.980513647648573,9.615554162712876,-0.019486352351427094,-0.19109583728712248,0.612057090652962,0.6736634329319754,-0.061606342279013404,-0.06387678017006174,-9.549502081727901,-9.5320638,-0.017438281727900996,0.049033250000000805,0.8619930297417309,0.7158854499999999,0.14610757974173094,-0.12054166189796302,0.06241245386069269,0.612057090652962,-0.06387678017006174,-0.06387678017006174,-0.03324386392266283,9.615554162712876,0.980513647648573,43.66245861089507,-79.3951648832718,108.7,-63.77186954695461,125.41988834088848,1.0,4.1879569122003595,194.0,4.1879569122003595,4.184388912698117,15.063800085713222,0.5943891049302209,4.1879569122003595,0.0,4.184388912698117,15.063800085713222,-5.690792486412938e-08,-0.06430676329015557,0.06430676329015557,0.0,0.0,0.0,0.0,23.47336147677977,0.003873212275280426,13.943564191009536,6411.309641957909,1.7809193449883078,3.2198729493662457,138536.4358357244,1783556744536435.8,1783556744805447.5
195.0,6901.560708869876,24288.0,46.28124869005598,-962.46874781676,70.15625392983206,966.421873035084,0.04628124869005598,-0.96246874781676,0.07015625392983206,0.966421873035084,0.9661401455537636,0.9661401455537636,9.474598258394815,-0.03385985444623639,-0.33205174160518414,0.4538640074663374,0.671755525,-0.2178915175336626,-0.06864655000000008,-9.438594145777229,-9.5320638,0.09346965422277072,-0.000459684577722903,0.6879978276009875,0.7205589327111385,-0.03256110511015103,-0.11630074626683128,0.04628124869005598,0.4538640074663374,-0.06864655000000008,-0.06864655000000008,0.0,9.474598258394815,0.9661401455537636,43.662458906250436,-79.3951772968643,108.7,-64.7715598155826,125.45253692305974,1.0,4.177523772504501,195.0,4.177523772504501,4.1733015689980295,15.023885648392906,0.598187499126704,0.18505498613163252,0.0,4.1733015689980295,15.023885648392906,-0.01108739729613147,-0.07983978301707562,0.07983978301707562,0.0,0.0,0.0,0.0,167.62510649703157,0.02786301466860651,100.30685280698343,6519.393516272663,1.810942643409073,6.325239411863044,139278.21861856896,1783556745278218.5,1783556745046874.8
196.0,8979.649588876235,24288.0,47.80106015763742,-965.0017669293957,65.59681952708773,968.7015902364561,0.04780106015763742,-0.9650017669293957,0.06559681952708774,0.9687015902364561,0.9684500285220433,0.9684500285220433,9.497250472205696,-0.031549971477956656,-0.30939952779430363,0.46876826659489496,0.671755525,-0.20298725840510506,-0.06864655000000008,-9.463434577658157,-9.5320638,0.06862922234184152,-0.0029437277658157786,0.6432850502153148,0.7193169111170921,-0.07603186090177719,-0.10884861670255253,0.04780106015763742,0.46876826659489496,-0.06864655000000008,-0.06864655000000008,0.0,9.497250472205696,0.9684500285220433,43.66245839964662,-79.39518970865795,108.7,-65.77110522064473,125.39653693665898,1.0,4.11648797699098,196.0,4.11648797699098,4.113387863423346,14.808196308324042,0.5992007067717583,1.1850549861316333,0.0,4.113387863423346,14.808196308324042,-0.07100108497407424,-0.07983978301707562,0.07983978301707562,0.0,0.0,0.0,0.0,218.09772921462599,0.036347707541583084,130.8517471496991,6573.91454289059,1.8260873730251639,6.425167480915507,139430.70636914962,1783556745430706.2,1783556745300176.8
197.0,11057.738468882591,24288.0,49.320871625218864,-967.5347860420314,61.03738512434341,970.9813074378283,0.049320871625218865,-0.9675347860420314,0.06103738512434341,0.9709813074378283,0.970759911490323,0.970759911490323,9.519902686016577,-0.029240088509676916,-0.2867473139834231,0.4836725257234525,0.671755525,-0.18808299927654754,-0.06864655000000008,-9.488275009539088,-9.5320638,0.04378879046091231,-0.005427770953908654,0.5985722728296422,0.7180748895230455,-0.11950261669340335,-0.10139648713827379,0.049320871625218865,0.4836725257234525,-0.06864655000000008,-0.06864655000000008,0.0,9.519902686016577,0.970759911490323,43.66245789304279,-79.3952021204516,108.7,-66.77065062570685,125.34053695025821,1.0,4.05545218147746,197.0,4.05545218147746,4.053474157848661,14.592506968255181,0.6002139144168126,2.1850549861316337,0.0,4.053474157848661,14.592506968255181,-0.13091477265201704,-0.07983978301707562,0.07983978301707562,0.0,0.0,0.0,0.0,268.57035193222043,0.04483240041455966,161.39664149241474,6628.435569508518,1.8412321026412548,6.525095549967968,139583.1941197303,1783556745583194.0,1783556745553478.5
198.0,13135.82734888895,24288.0,50.840683092800305,-970.0678051546672,56.477950721599086,973.2610246392005,0.05084068309280031,-0.9700678051546672,0.056477950721599085,0.9732610246392004,0.9730697944586029,0.9730697944586029,9.542554899827458,-0.02693020554139718,-0.2640951001725426,0.49857678485201,0.671755525,-0.17317874014799,-0.06864655000000008,-9.513115441420016,-9.5320638,0.0189483585799831,-0.00791181414200153,0.5538594954439695,0.716832867928999,-0.16297337248502952,-0.09394435757399505,0.05084068309280031,0.49857678485201,-0.06864655000000008,-0.06864655000000008,0.0,9.542554899827458,0.9730697944586029,43.66245738643897,-79.39521453224526,108.7,-67.77019603076896,125.28453696385745,1.0,3.9944163859639383,198.0,3.9944163859639383,3.993560452273977,14.376817628186318,0.6012271220618669,3.1850549861316346,0.0,3.993560452273977,14.376817628186318,-0.19082846032995981,-0.07983978301707562,0.07983978301707562,0.0,0.0,0.0,0.0,319.0429746498148,0.053317093287536234,191.94153583513042,6682.956596126445,1.8563768322573457,6.625023619020431,139735.68187031097,1783556745735681.8,1783556745806780.5
199.0,20842.215929251288,24288.0,102.5728004564433,-956.2275573306129,-14.490844038717057,962.2275573306129,0.1025728004564433,-0.9562275573306128,-0.014490844038717057,0.9622275573306128,0.9618253916978796,0.9618253916978796,9.43228497749401,-0.03817460830212043,-0.3743650225059893,1.0058955535961798,0.6809380357115357,0.3249575178846441,-0.07457587324041208,-9.377388975096254,-9.532375869644232,0.1549868945479776,-0.0006241392884644082,-0.1421066356922846,0.7158854499999999,-0.8579920856922846,-0.02941994999999986,0.1025728004564433,1.0058955535961798,-0.07457587324041208,-0.07457587324041208,-0.009915256254869562,9.43228497749401,0.9618253916978796,43.66245674542202,-79.39522692764677,108.7,-68.76842134612508,125.21367895031564,1.0,3.933795550926891,199.0,3.933795550926891,3.933795550926891,14.16166398333681,0.595190933485481,0.2371968945302292,0.0,3.933795550926891,14.16166398333681,-0.2355394642016373,-0.08687105110597067,0.08687105110597067,0.0,0.0,0.0,0.0,506.2157404896553,0.0836913782475373,301.2889616911343,7045.08564326203,1.9569682342394528,7.238630117779479,140485.0594081059,1783556746485059.5,1783556746063644.5
200.0,20467.910561870525,24288.0,104.98767379438371,-965.6187314226033,-12.344289960547814,971.6187314226033,0.1049876737943837,-0.9656187314226032,-0.012344289960547813,0.9716187314226032,0.9713989045941712,0.9713989045941712,9.52616906773843,-0.028601095405828746,-0.28048093226157045,1.029577371215693,0.6783067226427009,0.3512706485729922,-0.09957334739434272,-9.469484932505472,-9.53369152617865,0.06420659367317703,-0.0032554523572991584,-0.1210561311416062,0.7158854499999999,-0.8369415811416061,-0.02941994999999986,0.1049876737943837,1.029577371215693,-0.09957334739434272,-0.09957334739434272,-0.05171705249890072,9.52616906773843,0.9713989045941712,43.66245567214498,-79.39523927033272,108.7,-69.76240137602237,125.09503890629327,1.0,3.874509190106838,200.0,3.874509190106838,3.874509190106838,13.948233084384619,0.5959958912647946,1.237196894530232,0.0,3.874509190106838,13.948233084384619,-0.23136005388023906,-0.11651422203711026,0.11651422203711026,0.0,0.0,0.0,0.0,497.12461172671135,0.08229491244169822,296.2616847901136,7121.219956039592,1.978116654455442,9.504178570369984,140645.51432544904,1783556746645514.2,1783556746331963.8
201.0,20093.605194489763,24288.0,107.40254713232412,-975.0099055145938,-10.19773588237857,981.0099055145938,0.10740254713232411,-0.9750099055145938,-0.010197735882378569,0.9810099055145938,0.9809724174904629,0.9809724174904629,9.620053157982849,-0.01902758250953706,-0.18659684201715154,1.0532591888352063,0.675675409573866,0.3775837792613402,-0.12457082154827334,-9.56158088991469,-9.535007182713066,-0.026573707201623498,-0.005886765426133908,-0.10000562659092779,0.7158854499999999,-0.8158910765909277,-0.02941994999999986,0.10740254713232411,1.0532591888352063,-0.12457082154827334,-0.12457082154827334,-0.09351884874293188,9.620053157982849,0.9809724174904629,43.66245459886794,-79.39525161301867,108.7,-70.75638140591965,124.9763988622709,1.0,3.8152228292867854,201.0,3.8152228292867854,3.8152228292867854,13.734802185432427,0.596800849044108,2.237196894530235,0.0,3.8152228292867854,13.734802185432427,-0.22718064355884085,-0.14615739296824984,0.14615739296824984,0.0,0.0,0.0,0.0,488.0334829637674,0.08089844663585913,291.23440788909284,7197.354268817154,1.9992650746714313,11.769727022960488,140805.9692427922,1783556746805969.2,1783556746600283.0
202.0,19719.299827109,24288.0,109.81742047026451,-984.4010796065842,-8.051181804209325,990.4010796065842,0.1098174204702645,-0.9844010796065842,-0.008051181804209325,0.9904010796065842,0.9905459303867546,0.9905459303867546,9.713937248227268,-0.00945406961324537,-0.0927127517727327,1.0769410064547194,0.6730440965050312,0.40389690994968824,-0.14956829570220398,-9.653676847323908,-9.536322839247484,-0.11735400807642404,-0.008518078494968658,-0.07895512204024938,0.7158854499999999,-0.7948405720402493,-0.02941994999999986,0.1098174204702645,1.0769410064547194,-0.14956829570220398,-0.14956829570220398,-0.13532064498696303,9.713937248227268,0.9905459303867546,43.662453525590905,-79.39526395570462,108.7,-71.75036143581693,124.85775881824853,1.0,3.7559364684667322,202.0,3.7559364684667322,3.7559364684667322,13.521371286480235,0.5976058068234215,3.237196894530238,0.0,3.7559364684667322,13.521371286480235,-0.22300123323744261,-0.17580056389938942,0.17580056389938942,0.0,0.0,0.0,0.0,478.94235420082344,0.07950198083002004,286.20713098807215,7273.488581594715,2.020413494887421,14.035275475550995,140966.42416013536,1783556746966424.2,1783556746868602.2
203.0,17594.661027405866,24288.0,102.13086608939383,-981.7044221057917,9.307762351759731,987.847472652737,0.10213086608939383,-0.9817044221057917,0.009307762351759733,0.987847472652737,0.9880987475025276,0.9880987475025276,9.689938582195662,-0.011901252497472375,-0.11671141780433747,1.001561657935554,0.6731583716462007,0.3284032862893532,-0.16321257164620087,-9.627231671043761,-9.536967125,-0.09026454604376151,-0.009806649999999806,0.09127796766688456,0.7151840266768995,-0.623906059010015,-0.02871852667689952,0.10213086608939383,1.001561657935554,-0.16321257164620087,-0.16321257164620087,-0.13586693191648164,9.689938582195662,0.9880987475025276,43.66245242779781,-79.39527629422406,108.71430505469453,-72.74400592880365,124.73640877008017,1.0,3.7040613042365487,203.0,3.7040613042365487,3.7040613042365487,13.334620695251575,0.5974277978122189,3.7040613042365487,0.014305054694525268,3.7040613042365487,13.334620695251575,-0.21218911839269436,-0.1903170217975556,0.1903170217975556,0.4010136313843336,0.0,0.0,0.0,427.3391270336337,0.07096274958425772,255.4658985033278,7323.082630991597,2.0341896197198883,15.38714302672447,141129.97202488547,1783556747129972.0,1783556747143050.5
204.0,13790.302283080633,24288.0,84.75040465337847,-967.4075909245532,41.26538499217506,973.83097149466,0.08475040465337848,-0.9674075909245532,0.041265384992175067,0.97383097149466,0.9741158182982514,0.9741158182982514,9.552812889514547,-0.025884181701748592,-0.2538371104854528,0.831117555794054,0.6759074700678379,0.15521008572621614,-0.16596167006783796,-9.48702765154027,-9.536967125,0.0499394734597306,-0.009806649999999806,0.4046751877335135,0.713809477466081,-0.3091342897325674,-0.02734397746608103,0.08475040465337848,0.831117555794054,-0.16596167006783796,-0.16596167006783796,-0.09682207550070979,9.552812889514547,0.9741158182982514,43.66245130647772,-79.39528862874508,108.74233805701068,-73.73732842140437,124.61245804713184,1.0,3.6592983475981504,204.0,3.6592983475981504,3.6592983475981504,13.173474051353342,0.5963064777195728,3.6592983475981504,0.04233805701067747,3.6592983475981504,13.173474051353342,-0.195011881412403,-0.1903170217975556,0.1903170217975556,1.186862850241773,0.0,0.0,0.0,334.93886185146243,0.055568912611586835,200.04808540171257,7347.2071276091,2.0408908687803056,15.862190193398876,141296.48805864344,1783556747296488.0,1783556747423380.5
205.0,9985.943538755402,24288.0,67.36994321736312,-953.1107597433148,73.22300763259038,959.8144703365832,0.06736994321736312,-0.9531107597433148,0.07322300763259039,0.9598144703365832,0.9601328890939752,0.9601328890939752,9.415687196833431,-0.03986711090602481,-0.39096280316656823,0.660673453652554,0.678656568489475,-0.017983114836920888,-0.16871076848947508,-9.346823632036777,-9.536967125,0.19014349296322275,-0.009806649999999806,0.7180724078001425,0.7124349282552624,0.005637479544880142,-0.02596942825526254,0.06736994321736312,0.660673453652554,-0.16871076848947508,-0.16871076848947508,-0.057777219084937936,9.415687196833431,0.9601328890939752,43.66245018515763,-79.3953009632661,108.77037105932683,-74.7306509140051,124.4885073241835,1.0,3.6145353909597526,205.0,3.6145353909597526,3.6145353909597526,13.012327407455109,0.5951851576269266,3.6145353909597526,0.07037105932682967,3.6145353909597526,13.012327407455109,-0.17783464443211164,-0.1903170217975556,0.1903170217975556,1.9727120690992126,0.0,0.0,0.0,242.5385966692912,0.040175075638915946,144.6302723000974,7371.331624226602,2.047592117840723,16.33723736007328,141463.0040924014,1783556747463004.0,1783556747703710.5
206.0,6181.5847944301695,24288.0,49.98948178134776,-938.8139285620764,105.18063027300572,945.7979691785063,0.04998948178134777,-0.9388139285620763,0.10518063027300571,0.9457979691785062,0.946149959889699,0.946149959889699,9.278561504152316,-0.05385004011030103,-0.5280884958476836,0.49022935151105407,0.681405666911112,-0.19117631540005797,-0.17145986691111217,-9.206619612533286,-9.536967125,0.33034751246671484,-0.009806649999999806,1.0314696278667714,0.7110603790444439,0.3204092488223277,-0.02459487904444405,0.04998948178134777,0.49022935151105407,-0.17145986691111217,-0.17145986691111217,-0.018732362669166086,9.278561504152316,0.946149959889699,43.662449063837535,-79.39531329778713,108.79840406164298,-75.72397340660581,124.36455660123515,1.0,3.5697724343213544,206.0,3.5697724343213544,3.5697724343213544,12.851180763556876,0.5940638375342805,3.5697724343213544,0.09840406164298188,3.5697724343213544,12.851180763556876,-0.16065740745182028,-0.1903170217975556,0.1903170217975556,2.758561287956652,0.0,0.0,0.0,150.13833148711996,0.024781238666245063,89.21245919848221,7395.456120844105,2.05429336690114,16.81228452674769,141629.52012615933,1783556747629520.2,1783556747984040.5
207.0,12964.578132994653,24288.0,46.466499905350965,-1000.6005002839471,82.07989994321058,1005.2938002650174,0.04646649990535096,-1.000600500283947,0.08207989994321058,1.0052938002650171,1.005041379899522,1.005041379899522,9.856089048191645,0.005041379899521831,0.049439048191645754,0.45568070129681004,0.681562175,-0.22588147370319003,-0.17161637500000015,-9.81253889610957,-9.536967125,-0.27557177110956943,-0.0443951970173363,0.804928850778086,0.6981677752593619,0.1067610755187241,-0.02451662500000007,0.04646649990535096,0.45568070129681004,-0.17161637500000015,-0.17161637500000015,0.0,9.856089048191645,1.005041379899522,43.662448079899946,-79.39532565460073,108.8,-76.71909116298855,124.25579213993946,1.0,3.416225668093192,207.0,3.416225668093192,3.5672240480062953,12.842006572822664,0.5980798999432105,0.9430693031372903,0.0,3.5672240480062953,12.842006572822664,-0.11070579112449908,-0.1903170217975556,0.1903170217975556,0.0,0.0,0.0,0.0,314.88367369417415,0.05230516416161085,188.29859098179907,7640.5911555289,2.122386432091361,16.184197122057164,142420.79321128217,1783556748420793.2,1783556748306700.0
208.0,13531.427389158842,24288.0,44.84042630763384,-1005.4787210770985,81.1042557845803,1009.8468063386252,0.044840426307633845,-1.0054787210770983,0.0811042557845803,1.0098468063386252,1.009746296584352,1.009746296584352,9.902228519398935,0.00974629658435211,0.09557851939893662,0.4397343666497574,0.681562175,-0.24182780835024265,-0.17161637500000015,-9.860377900050727,-9.536967125,-0.32341077505072685,-0.08107176670555685,0.7953610499898545,0.6949785083299514,0.10038254165990304,-0.02451662500000007,0.044840426307633845,0.4397343666497574,-0.17161637500000015,-0.17161637500000015,0.0,9.902228519398935,1.009746296584352,43.66244710425579,-79.39533801276006,108.8,-77.71431729488285,124.14794443466133,1.0,3.256111899772264,208.0,3.256111899772264,3.5672240480062953,12.842006572822664,0.5971042557845803,1.943069303137288,0.0,3.5672240480062953,12.842006572822664,-0.058775668817540955,-0.1903170217975556,0.1903170217975556,0.0,0.0,0.0,0.0,328.65130842788994,0.0545026540188073,196.20955446770628,7707.313299820495,2.1409203610612484,17.286414639378812,142614.62118413005,1783556748614621.2,1783556748631914.8
209.0,14098.27664532303,24288.0,43.214352709916724,-1010.3569418702498,80.12861162595003,1014.3998124122331,0.04321435270991672,-1.0103569418702498,0.08012861162595003,1.014399812412233,1.0144512132691823,1.0144512132691823,9.948367990606227,0.01445121326918239,0.1417179906062275,0.42378803200270476,0.681562175,-0.2577741429972953,-0.17161637500000015,-9.908216903991885,-9.536967125,-0.37124977899188427,-0.11774833639377741,0.7857932492016229,0.6917892414005409,0.09400400780108198,-0.02451662500000007,0.04321435270991672,0.42378803200270476,-0.17161637500000015,-0.17161637500000015,0.0,9.948367990606227,1.0144512132691823,43.66244612861163,-79.3953503709194,108.8,-78.70954342677715,124.0400967293832,1.0,3.0959981314513363,209.0,3.0959981314513363,3.5672240480062953,12.842006572822664,0.59612861162595,2.943069303137286,0.0,3.5672240480062953,12.842006572822664,-0.006845546510582862,-0.1903170217975556,0.1903170217975556,0.0,0.0,0.0,0.0,342.4189431616058,0.05670014387600375,204.12051795361347,7774.035444112089,2.1594542900311353,18.38863215670046,142808.44915697793,1783556748808449.2,1783556748957129.5
210.0,17241.980780128833,24288.0,70.3859200561729,-962.1349327950096,74.91786699434198,968.7255461657916,0.07038592005617292,-0.9621349327950096,0.07491786699434197,0.9687255461657915,0.9681931106848116,0.9681931106848116,9.494730968897207,-0.03180688931518837,-0.31191903110279207,0.690250082918868,0.691368825,-0.0011187420811319022,-0.17161637500000015,-9.43532053869418,-9.535992213211713,0.10067167451753387,-0.13038241930628802,0.7346933003600635,0.6845156764234277,0.05017762393663586,0.05095430751800308,0.07038592005617292,0.690250082918868,-0.17161637500000015,-0.17161637500000015,0.0,9.494730968897207,0.9681931106848116,43.66244520469332,-79.39536273664025,108.8,-79.70537850090892,123.93796679915941,1.0,3.3316988472523903,210.0,3.3316988472523903,3.469335220474481,12.48960679370813,0.5954035199859568,0.8681777317966077,0.0,3.469335220474481,12.48960679370813,-0.09788882753181459,-0.1903170217975556,0.1903170217975556,0.0,0.0,0.0,0.0,418.7732291877691,0.06927453494042267,249.38832578552163,8084.273363093511,2.245631489748197,18.27562448711343,143547.90421610922,1783556749547904.2,1783556749198826.8
211.0,16269.807469343088,24288.0,73.1341131608676,-935.7980822083522,90.94899343839433,944.2208243155973,0.0731341131608676,-0.9357980822083521,0.09094899343839433,0.9442208243155973,0.9439655136536073,0.9439655136536073,9.257139404471147,-0.05603448634639279,-0.5495105955288528,0.7172006508290222,0.691368825,0.025831825829022263,-0.17161637500000015,-9.177044262888536,-9.534869272882124,0.3578250099935878,-0.1393659419430063,0.8919049465026296,0.6822697957642482,0.20963515073838135,0.058814889825131375,0.0731341131608676,0.7172006508290222,-0.17161637500000015,-0.17161637500000015,0.0,9.257139404471147,0.9439655136536073,43.66244428862895,-79.39537510350922,108.8,-80.70130603554044,123.836705043791,1.0,3.6274991960822027,211.0,3.6274991960822027,3.3565831606753385,12.08369937843122,0.594716471709783,1.868177731796609,0.0,3.3565831606753385,12.08369937843122,-0.21064088733095676,-0.1903170217975556,0.1903170217975556,0.0,0.0,0.0,0.0,395.1610838154049,0.06530125610602366,235.0845219816852,8129.9274767638635,2.2583131879899616,17.978099598702222,143683.71075869954,1783556749683710.8,1783556749427842.8
212.0,15297.634158557341,24288.0,75.88230626556229,-909.4612316216948,106.98011988244667,919.716102465403,0.07588230626556229,-0.9094612316216948,0.10698011988244667,0.9197161024654029,0.9197379166224028,0.9197379166224028,9.019547840045085,-0.0802620833775972,-0.7871021599549135,0.7441512187391763,0.691368825,0.052782393739176425,-0.17161637500000015,-8.918767987082893,-9.533746332552534,0.6149783454696417,-0.1483494645797246,1.0491165926451955,0.6800239151050687,0.36909267754012687,0.06667547213225967,0.07588230626556229,0.7441512187391763,-0.17161637500000015,-0.17161637500000015,0.0,9.019547840045085,0.9197379166224028,43.66244337256458,-79.3953874703782,108.8,-81.69723357017195,123.73544328842259,1.0,3.923299544912015,212.0,3.923299544912015,3.2438311008761964,11.677791963154307,0.5940294234336094,2.8681777317966106,0.0,3.2438311008761964,11.677791963154307,-0.3233929471300989,-0.1903170217975556,0.1903170217975556,0.0,0.0,0.0,0.0,371.5489384430407,0.061327977271624666,220.78071817784883,8175.581590434215,2.270994886231726,17.680574710291012,143819.51730128986,1783556749819517.2,1783556749656858.8
213.0,14325.460847771596,24288.0,78.63049937025697,-883.1243810350373,123.01124632649902,895.2113806152087,0.07863049937025697,-0.8831243810350373,0.12301124632649901,0.8952113806152087,0.8955103195911984,0.8955103195911984,8.781956275619025,-0.10448968040880162,-1.0246937243809744,0.7711017866493306,0.691368825,0.0797329616493306,-0.17161637500000015,-8.660491711277249,-9.532623392222945,0.8721316809456956,-0.15733298721644287,1.2063282387877616,0.6777780344458891,0.5285502043418724,0.07453605443938796,0.07863049937025697,0.7711017866493306,-0.17161637500000015,-0.17161637500000015,0.0,8.781956275619025,0.8955103195911984,43.66244245650021,-79.39539983724715,108.8,-82.69316110480347,123.63418153305417,1.0,4.219099893741827,213.0,4.219099893741827,3.1310790410770544,11.271884547877395,0.5933423751574357,3.868177731796612,0.0,3.1310790410770544,11.271884547877395,-0.4361450069292411,-0.1903170217975556,0.1903170217975556,0.0,0.0,0.0,0.0,347.9367930706765,0.05735469843722566,206.47691437401238,8221.235704104567,2.2836765844734903,17.3830498218798,143955.3238438802,1783556749955323.8,1783556749885875.0
214.0,14272.894021697264,24288.0,73.39178546036973,-906.3451799679665,99.13896561249692,916.7490956845403,0.07339178546036973,-0.9063451799679665,0.09913896561249692,0.9167490956845403,0.9169242186651045,0.9169242186651045,8.991954888972147,-0.08307578133489545,-0.8146951110278524,0.7197275528849348,0.6890543804601762,0.03067317242475858,-0.1785597086194714,-8.888209959132858,-9.5320638,0.6438538408671413,-0.16180972499999946,0.9722211371237928,0.67665885,0.2955622871237928,0.08076764453982366,0.07339178546036973,0.7197275528849348,-0.1785597086194714,-0.1785597086194714,-0.011572222699118747,8.991954888972147,0.9169242186651045,43.6624401119387,-79.39541166418388,108.8,-83.64560686658591,123.37501370399471,1.0,3.8376490034049238,214.0,3.8376490034049238,2.950786272740854,10.622830581867074,0.5946520536349076,3.8376490034049238,0.0,2.950786272740854,10.622830581867074,-0.5002435384570877,-0.16424353861701668,0.16424353861701668,0.0,0.0,0.0,0.0,346.66004999898314,0.057277280488184416,206.1982097574639,8297.883563704023,2.3049676565844504,17.388088913917716,144164.6045972778,1783556750164604.5,1783556750236007.8
215.0,15133.802595546478,24288.0,60.21941383863312,-978.7932238875178,35.62931672198114,984.0222793241237,0.06021941383863312,-0.9787932238875178,0.035629316721981136,0.9840222793241237,0.9836753185970587,0.9836753185970587,9.646559563119844,-0.016324681402941313,-0.16009043688015445,0.5905507147206315,0.6844409219543083,-0.09389020723367683,-0.1924000841370753,-9.598682569036527,-9.5320638,-0.06661876903652697,-0.16180972499999946,0.3494042388316162,0.67665885,-0.32725461116838384,0.08538110304569164,0.06021941383863312,0.5905507147206315,-0.1924000841370753,-0.1924000841370753,-0.03463951522845855,9.646559563119844,0.9836753185970587,43.66243634840395,-79.39542295478815,108.8,-84.55486075173087,122.95899257277462,1.0,2.783462158252876,215.0,2.783462158252876,2.703403094791709,9.732251141250153,0.5979451465403417,2.783462158252876,0.0,2.703403094791709,9.732251141250153,-0.5160129184030373,-0.11227040610634403,0.11227040610634403,0.0,0.0,0.0,0.0,367.56979744063284,0.061069749430399126,219.85109794943685,8405.318531624707,2.3348107032290852,17.693674769857534,144446.86970345787,1783556750446869.8,1783556750706449.5
216.0,9287.613747274383,24288.0,46.11493438824174,-974.7682982763922,77.11493438824174,979.6207873410991,0.04611493438824174,-0.9747682982763921,0.07711493438824174,0.979620787341099,0.9789144951521901,0.9789144951521901,9.599871833884224,-0.02108550484780991,-0.20677816611577504,0.45223302131845083,0.691368825,-0.23913580368154913,-0.19669656065922553,-9.559211532292181,-9.536967125,-0.022244407292180204,-0.13849559424950542,0.7562391713184508,0.6744889678296128,0.08175020348883806,0.0868132618864084,0.04611493438824174,0.45223302131845083,-0.19669656065922553,-0.19669656065922553,0.00729372158113371,9.599871833884224,0.9789144951521901,43.66243222986878,-79.39543398279525,108.8,-85.44296718888113,122.50372969425783,1.0,2.188114063479371,216.0,2.188114063479371,2.549038734699948,9.176539444919813,0.593295021870586,0.376011087853785,0.0,2.549038734699948,9.176539444919813,-0.4482837928813568,-0.07983974769017821,0.07983974769017821,0.0,0.0,0.0,0.0,225.57756269380022,0.03717942050362152,133.84591381303747,8625.32591201315,2.3959238644480974,17.071267443772985,145303.76900649935,1783556751303769.0,1783556751147511.0
217.0,10049.861873813239,24288.0,43.76110589661378,-1003.4065449245323,74.76110589661377,1007.8667292406346,0.04376110589661378,-1.0034065449245324,0.07476110589661378,1.0078667292406347,1.0071655245282434,1.0071655245282434,9.876919791114897,0.00716552452824331,0.07026979111489728,0.42914984914102744,0.691368825,-0.2622189758589725,-0.18515497457051386,-9.840056793784164,-9.536967125,-0.3030896687841646,-0.18081474324144883,0.7331559991410274,0.6687181747852569,0.06443782435577053,0.08296606652350448,0.04376110589661378,0.42914984914102744,-0.18515497457051386,-0.18515497457051386,0.026691345259640693,9.876919791114897,1.0071655245282434,43.66242752221179,-79.39544457502346,108.8,-86.29597951977989,121.98334529141005,1.0,2.3542070590031092,217.0,2.3542070590031092,2.549038734699948,9.176539444919813,0.5940796313677954,1.3760110878537903,0.0,2.549038734699948,9.176539444919813,-0.24198922799996714,-0.07983974769017821,0.07983974769017821,0.0,0.0,0.0,0.0,244.09104519117597,0.04028693453188485,145.0329643147855,8687.371137802398,2.413158649389555,16.63639330583619,145537.19033191915,1783556751537190.2,1783556751539815.8
218.0,10812.110000352095,24288.0,41.40727740498581,-1032.0447915726727,72.4072774049858,1036.1126711401703,0.041407277404985815,-1.0320447915726725,0.0724072774049858,1.0361126711401702,1.0354165539042965,1.0354165539042965,10.15396774834557,0.03541655390429653,0.3473177483455696,0.4060666769636041,0.691368825,-0.28530214803639586,-0.17361338848180222,-10.120902055276149,-9.536967125,-0.5839349302761491,-0.22313389223339225,0.710072826963604,0.6629473817409011,0.04712544522270299,0.07911887116060058,0.041407277404985815,0.4060666769636041,-0.17361338848180222,-0.17361338848180222,0.04608896893814768,10.15396774834557,1.0354165539042965,43.66242281455481,-79.39545516725167,108.8,-87.14899185067866,121.46296088856226,1.0,2.5203000545268472,218.0,2.5203000545268472,2.549038734699948,9.176539444919813,0.5948642408650047,2.376011087853796,0.0,2.549038734699948,9.176539444919813,-0.035694663118577497,-0.07983974769017821,0.07983974769017821,0.0,0.0,0.0,0.0,262.6045276885517,0.043394448560148194,156.2200148165335,8749.416363591648,2.4303934343310134,16.2015191678994,145770.61165733892,1783556751770611.8,1783556751932120.5
219.0,11038.88832712634,24288.0,62.79812357720185,-973.3201082038617,80.88753274215799,979.7296255726794,0.06279812357720185,-0.9733201082038616,0.080887532742158,0.9797296255726794,0.9793061894959578,0.9793061894959578,9.603713043220534,-0.020693810504042197,-0.20293695677946538,0.6158392185783665,0.6982801467524583,-0.08244092817409174,-0.17161637500000015,-9.5450096391174,-9.5320638,-0.012945839117400104,-0.12258312499999846,0.7932357229658837,0.6591843462990167,0.134051376666867,0.07845319999999989,0.06279812357720185,0.6158392185783665,-0.17161637500000015,-0.17161637500000015,0.0,9.603713043220534,0.9793061894959578,43.66241777144789,-79.39546545710421,108.8,-87.97765329236465,120.90549585010777,1.0,2.657428213784029,219.0,2.657428213784029,2.657428213784029,9.566741569622504,0.5968457104212906,0.826972353153846,0.0,2.657428213784029,9.566741569622504,0.10838947908408106,-0.07124089140745724,0.07124089140745724,0.0,0.0,0.0,0.0,268.11251968924455,0.04445430838072556,160.035510170612,8964.165499189847,2.49004597199718,16.126273919137947,146575.86018078437,1783556752575860.2,1783556752281903.5
220.0,11355.571619049666,24288.0,55.2986268901048,-944.6856663076728,103.72690901649904,952.7996147417399,0.0552986268901048,-0.9446856663076729,0.10372690901649903,0.95279961474174,0.9527031750056179,0.9527031750056179,9.342826591168842,-0.04729682499438217,-0.4638234088311578,0.5422942793918462,0.7066375262054719,-0.16434324681362578,-0.17161637500000015,-9.26420168949614,-9.5320638,0.26786211050385933,-0.12258312499999846,1.0172134923066503,0.6558413945178112,0.36137209778883905,0.07845319999999989,0.0552986268901048,0.5422942793918462,-0.17161637500000015,-0.17161637500000015,0.0,9.342826591168842,0.9527031750056179,43.6624126581547,-79.3954756836906,108.8,-88.80121979098146,120.34027242033812,1.0,2.7884960525947378,220.0,2.7884960525947378,2.7884960525947378,10.038585789341056,0.5978683690604403,1.8269723531538427,0.0,2.7884960525947378,10.038585789341056,0.23945731789478966,-0.060842894122629915,0.060842894122629915,0.0,0.0,0.0,0.0,275.80412348347824,0.04580846209955477,164.91046355839717,9022.220085298744,2.506172245916318,16.126273919137947,146780.05102240123,1783556752780051.0,1783556752622789.8
221.0,11672.254910972992,24288.0,47.799130203007735,-916.0512244114841,126.56628529084007,925.8696039108005,0.04779913020300774,-0.9160512244114841,0.12656628529084007,0.9258696039108005,0.9261001605152779,0.9261001605152779,9.08194013911715,-0.07389983948472213,-0.7247098608828503,0.4687493402053258,0.7149949056584857,-0.24624556545315981,-0.17161637500000015,-8.98339373987488,-9.5320638,0.5486700601251188,-0.12258312499999846,1.2411912616474168,0.6524984427366057,0.5886928189108112,0.07845319999999989,0.04779913020300774,0.4687493402053258,-0.17161637500000015,-0.17161637500000015,0.0,9.08194013911715,0.9261001605152779,43.6624075448615,-79.395485910277,108.8,-89.62478628959829,119.77504899056848,1.0,2.919563891405446,221.0,2.919563891405446,2.919563891405446,10.510430009059606,0.5988910276995898,2.826972353153839,0.0,2.919563891405446,10.510430009059606,0.37052515670549824,-0.0504448968378026,0.0504448968378026,0.0,0.0,0.0,0.0,283.495727277712,0.04716261581838398,169.78541694618232,9080.27467140764,2.5222985198354557,16.126273919137947,146984.2418640181,1783556752984241.8,1783556752963676.0
222.0,10832.831779616152,24288.0,65.16189898398403,-953.7944192563333,113.35282549072146,963.5150054258105,0.06516189898398403,-0.9537944192563333,0.11335282549072145,0.9635150054258106,0.9635400722972357,0.9635400722972357,9.449100249993686,-0.03645992770276426,-0.35754975000631317,0.639019936671287,0.7104052227178065,-0.0713852860465195,-0.17161637500000015,-9.353528041600121,-9.5320638,0.17853575839987817,-0.15683454551370807,1.1116114860985835,0.6480320545383549,0.4635794315602286,0.07845319999999989,0.06516189898398403,0.639019936671287,-0.17161637500000015,-0.17161637500000015,0.0,9.449100249993686,0.9635400722972357,43.66240197055105,-79.39549566182875,108.8,-90.41009734254524,119.15886471314074,1.0,3.007303443628427,222.0,3.007303443628427,2.9335301978132873,10.560708712127834,0.5978823446779087,3.007303443628427,0.0,2.9335301978132873,10.560708712127834,0.2770592306015134,-0.11091186532557029,0.11091186532557029,0.0,0.0,0.0,0.0,263.1078182633171,0.043713512955328424,157.36864663918232,9121.110147432011,2.5336417076200033,15.378346137469117,147172.25122916108,1783556753172251.2,1783556753279413.8
223.0,9855.523718691913,24288.0,85.4899066512082,-999.4542518627138,95.83946503895908,1008.8620994526952,0.08548990665120822,-0.9994542518627139,0.09583946503895907,1.0088620994526953,1.0086181687657656,1.0086181687657656,9.891165364726794,0.008618168765765558,0.08451536472679466,0.8383695930610711,0.7042713871365823,0.13409820592448868,-0.17161637500000015,-9.801298039029481,-9.5320638,-0.2692342390294823,-0.19517101789635946,0.939864089824308,0.6434316778524368,0.2964324119718712,0.07845319999999989,0.08548990665120822,0.8383695930610711,-0.17161637500000015,-0.17161637500000015,0.0,9.891165364726794,1.0086181687657656,43.66239634125662,-79.39550535672471,108.8,-91.19084579699302,118.53660250659806,1.0,3.0898753766563916,223.0,3.0898753766563916,2.9335301978132873,10.560708712127834,0.5966313903599256,3.0898753766563916,0.0,2.9335301978132873,10.560708712127834,0.15681391659920246,-0.1798306602348426,0.1798306602348426,0.0,0.0,0.0,0.0,239.37096007958917,0.039691541814620514,142.88955053263385,9159.89195803821,2.5444144327883915,14.541215521683762,147358.33068396107,1783556753358330.8,1783556753592152.5
224.0,8878.215657767674,24288.0,105.81791431843239,-1045.1140844690942,78.32610458719671,1054.2091934795799,0.1058179143184324,-1.0451140844690943,0.0783261045871967,1.05420919347958,1.0536962652342954,1.0536962652342954,10.333230479459901,0.05369626523429538,0.5265804794599025,1.0377192494508551,0.6981375515553582,0.33958169789549686,-0.17161637500000015,-10.249068036458842,-9.5320638,-0.7170042364588429,-0.23350749027901085,0.7681166935500325,0.6388313011665188,0.12928539238351378,0.07845319999999989,0.1058179143184324,1.0377192494508551,-0.17161637500000015,-0.17161637500000015,0.0,10.333230479459901,1.0536962652342954,43.66239071196219,-79.39551505162068,108.8,-91.97159425144079,117.91434030005537,1.0,3.172447309684356,224.0,3.172447309684356,2.9335301978132873,10.560708712127834,0.5953804360419426,3.172447309684356,0.0,2.9335301978132873,10.560708712127834,0.0365686025968916,-0.24874945514411492,0.24874945514411492,0.0,0.0,0.0,0.0,215.63410189586125,0.035669570673912604,128.41045442608538,9198.673768644408,2.5551871579567798,13.704084905898409,147544.41013876104,1783556753544410.2,1783556753904891.0
225.0,6003.658367910443,24288.0,39.07989891706724,-949.5332210189636,110.10681267534733,957.3705633374465,0.039079898917067236,-0.9495332210189636,0.11010681267534733,0.9573705633374465,0.9574147242150138,0.9574147242150138,9.389031105223165,-0.04258527578498616,-0.41761889477683456,0.38324289071505735,0.6962721499999999,-0.3130292592849425,-0.1260092671902019,-9.31173996190562,-9.530010919238112,0.21827095733249288,-0.20953569702359504,1.079778974522695,0.6317313615237753,0.44804761299891965,0.0441299249999999,0.039079898917067236,0.38324289071505735,-0.1260092671902019,-0.1260092671902019,0.07677964277743815,9.389031105223165,0.9574147242150138,43.66238347737601,-79.39552206930188,108.8,-92.5367414981291,117.11462914429246,1.0,2.964025577290202,225.0,2.964025577290202,2.8054216567574284,10.099517964326742,0.5932906644203793,0.6958833456396587,0.0,2.8054216567574284,10.099517964326742,-0.12810854105585884,-0.2109350525653464,0.2109350525653464,0.0,0.0,0.0,0.0,145.81685443980885,0.024031234576080276,86.51244447388899,9321.952145598925,2.589431151555257,10.772725168388359,148366.65466570528,1783556754366654.8,1783556754290664.5
226.0,6059.211311018901,24288.0,57.876007487598066,-970.4177860973311,82.95687807346945,976.5843632095447,0.057876007487598066,-0.9704177860973312,0.08295687807346946,0.9765843632095447,0.9763829987289747,0.9763829987289747,9.575046334485497,-0.023617001271025326,-0.23160366551450057,0.5675697488282534,0.6962721499999999,-0.12870240117174642,-0.060470828749954283,-9.516547582031391,-9.534107071640628,0.017559489609235812,-0.15833379199215084,0.8135290683591894,0.6235390567187443,0.18999001164044504,0.0441299249999999,0.057876007487598066,0.5675697488282534,-0.060470828749954283,-0.060470828749954283,0.18711371422566647,9.575046334485497,0.9763829987289747,43.66237554124128,-79.39552791698011,108.8,-93.00766617376337,116.23736881150907,1.0,2.628433076228088,226.0,2.628433076228088,2.621326805431304,9.436776499552694,0.5937083557219466,1.6958833456396603,0.0,2.621326805431304,9.436776499552694,-0.31220339238198325,-0.12647584503093115,0.12647584503093115,0.0,0.0,0.0,0.0,147.16612432202706,0.024270673619694386,87.3744250308998,9358.699074611026,2.599638631836396,10.772725168388359,148614.7632988363,1783556754614763.2,1783556754708355.8
227.0,8741.361072680105,24288.0,188.83021473128653,-1003.7680824880565,5.732390506570422,1027.3153911624195,0.18883021473128653,-1.0037680824880566,0.005732390506570423,1.0273153911624193,1.0265877188164705,1.0265877188164705,10.06738645273154,0.026587718816470506,0.26073645273154045,1.8517918252945709,0.7298471936549962,1.121944631639575,-0.012929220576430072,-9.843602266131498,-9.528347644615712,-0.31525462151578615,-0.23032662980358468,0.05621554736125883,0.6201932892314265,-0.5639777418701676,0.04828501865499626,0.18883021473128653,1.8517918252945709,-0.012929220576430072,-0.012929220576430072,0.0029928645774283335,10.06738645273154,1.0265877188164705,43.66236757884779,-79.39553369480655,108.8,-93.47296555203448,115.35720583504036,1.0,2.406057797404639,227.0,2.406057797404639,2.480841181640771,8.931028253906776,0.6002736543371814,0.301770764775312,0.0,2.480841181640771,8.931028253906776,-0.3993336249596776,-0.06153134887634794,0.06153134887634794,0.0,0.0,0.0,0.0,212.3101777332544,0.035412078486931536,127.48348255295352,9527.828954895294,2.646619154137582,10.772725168388359,149461.02927822951,1783556755461029.2,1783556755121057.5
228.0,7725.229084055538,24288.0,78.91305528275458,-976.4893713840413,71.12106565295986,995.222789863578,0.07891305528275458,-0.9764893713840412,0.07112106565295986,0.9952227898635779,0.9948730155828147,0.9948730155828147,9.756371458265209,-0.0051269844171852805,-0.05027854173479002,0.7738727135886254,0.7436162334030649,0.030256480185560708,-0.007028203541543537,-9.576089493883307,-9.532281655972303,-0.0438078379110039,-0.18115148784619584,0.6974593984855988,0.6280613119446086,0.06939808654099022,0.062054058403064896,0.07891305528275458,0.7738727135886254,-0.007028203541543537,-0.007028203541543537,0.01291054026631327,9.756371458265209,0.9948730155828147,43.66235955569747,-79.39553931101177,108.8,-93.9252492656546,114.47032679818045,1.0,2.445641540876889,228.0,2.445641540876889,2.4412574381685213,8.788526777406677,0.5978667092397684,1.3017707647753096,0.0,2.4412574381685213,8.788526777406677,-0.26210968047525907,-0.04173947714022298,0.04173947714022298,0.0,0.0,0.0,0.0,187.6303639935409,0.031186124544646955,112.27004836072902,9565.598179915416,2.6571106055320604,10.772725168388359,149699.71800038964,1783556755699718.0,1783556755522215.2
229.0,6709.0970954309705,24288.0,-31.004104165777335,-949.2106602800261,136.5097407993493,963.1301885647365,-0.031004104165777396,-0.949210660280026,0.13650974079934927,0.9631301885647365,0.9631583123491589,0.9631583123491589,9.445356463798879,-0.03684168765084106,-0.3612935362011204,-0.3040463981173205,0.7573852731511336,-1.0614316712684535,-0.0011271865066569998,-9.308576721635117,-9.536215667328895,0.2276389456937783,-0.131976345888807,1.3387032496099387,0.6359293346577907,0.7027739149521479,0.07582309815113354,-0.031004104165777396,-0.3040463981173205,-0.0011271865066569998,-0.0011271865066569998,0.022828215955198204,9.445356463798879,0.9631583123491589,43.66235153254714,-79.395544927217,108.8,-94.37753297927472,113.58344776132054,1.0,2.4852252843491387,229.0,2.4852252843491387,2.4016736946962713,8.646025300906576,0.5954597641423552,2.3017707647753074,0.0,2.4016736946962713,8.646025300906576,-0.12488573599084052,-0.02194760540409802,0.02194760540409802,0.0,0.0,0.0,0.0,162.95055025382743,0.026960170602362374,97.05661416850452,9603.367404935538,2.6676020569265386,10.772725168388359,149938.4067225498,1783556755938406.8,1783556755923372.8
230.0,6481.797763115285,24288.0,-19.671506191198553,-1006.472629927819,116.23463465324178,1015.1039145482513,-0.01967150619119855,-1.006472629927819,0.11623463465324177,1.0151039145482512,1.015045958932614,1.015045958932614,9.954200453166518,0.015045958932613894,0.147550453166518,-0.19291157618991728,0.7600153749999999,-0.9529269511899172,0.025705477606222847,-9.870124816281646,-9.54767774066926,-0.3224470756123863,-0.12258312499999846,1.1398723799222135,0.6288637574645923,0.5110086224576211,0.07845319999999989,-0.01967150619119855,-0.19291157618991728,0.025705477606222847,0.025705477606222847,0.05719724104116365,9.954200453166518,1.015045958932614,43.66234344692693,-79.39555036871538,108.8,-94.81574721757953,112.6896633030244,1.0,2.2127433372042105,230.0,2.2127433372042105,2.173050710768148,7.822982558765331,0.5945631284620432,2.2127433372042105,0.0,2.173050710768148,7.822982558765331,-0.2766279050856955,-0.01816704848813666,0.01816704848813666,0.0,0.0,0.0,0.0,157.42990407054404,0.026000686220395596,93.60247039342414,9651.165499334442,2.680879305370679,11.377480099675779,150243.50169354634,1783556756243501.8,1783556756436871.5
231.0,6440.755886095469,24288.0,20.29032143335941,-1083.696161688789,75.73278233105465,1086.9271993329298,0.020290321433359425,-1.0836961616887892,0.07573278233105463,1.08692719933293,1.08667361096482,1.08667361096482,10.656627766968152,0.08667361096481999,0.8499777669681519,0.19898008068445405,0.7600153749999999,-0.5610352943155459,0.05748047681225287,-10.627428964025363,-9.560917323671772,-1.0665116403535917,-0.12258312499999846,0.7426848898468369,0.6182720910625823,0.12441279878425471,0.07845319999999989,0.020290321433359425,0.19898008068445405,0.05748047681225287,0.05748047681225287,0.09733966569524626,10.656627766968152,1.08667361096482,43.66233534655647,-79.39555576896235,108.8,-95.2506394018991,111.79424835160128,1.0,1.8665771162723916,231.0,1.8665771162723916,1.8997921915376064,6.839251889535383,0.594023103764414,1.8665771162723916,0.0,1.8997921915376064,6.839251889535383,-0.49660012595586356,-0.01816704848813666,0.01816704848813666,0.0,0.0,0.0,0.0,156.43307896148676,0.025812473543828374,92.92490475778214,9701.331588611662,2.6948143301699066,12.125028453216142,150564.27636393806,1783556756564276.2,1783556756976896.2
232.0,6383.059957344211,24288.0,113.13946807160676,-986.8235798527073,6.836808429640492,994.8514734670287,0.11313946807160674,-0.9868235798527073,0.00683680842964049,0.9948514734670286,0.9952630485719647,0.9952630485719647,9.760196375278257,-0.004736951428035277,-0.04645362472174214,1.1095191645644222,0.764987085728221,0.3445320788362012,0.15312121579968818,-9.67743345936255,-9.561483749999999,-0.11594970936255189,-0.04800746407668319,0.0670461873865339,0.61781895,-0.5507727626134661,0.09336833218466328,0.11313946807160674,1.1095191645644222,0.15312121579968818,0.15312121579968818,-0.003660222068583463,9.760196375278257,0.9952630485719647,43.66232739539895,-79.39556157670744,108.85069734035804,-95.71834818555422,110.91532739946898,1.0,1.8701876674690427,232.0,1.8701876674690427,1.8696810082861892,6.730851629830282,0.597520920210741,0.9572172078138346,0.05069734035803807,1.8696810082861892,6.730851629830282,-0.26789737671668906,-0.01816704848813666,0.01816704848813666,2.6850962335378417,0.0,0.0,0.0,155.0317602439762,0.025732635648971287,92.63748833629664,9842.393596705735,2.7339982213071488,10.49145139447834,151477.6770687446,1783556757477677.0,1783556757506973.5
233.0,6200.943877551405,24288.0,151.48376889484797,-973.0605863687807,50.41832051236179,986.7246683526951,0.151483768894848,-0.9730605863687807,0.050418320512361794,0.986724668352695,0.9863908997911822,0.9863908997911822,9.673190317437196,-0.013609100208817783,-0.1334596825628029,1.4855483022326608,0.79433865,0.6912096522326608,0.2551939334193616,-9.542464599313403,-9.561483749999999,0.019019150686595706,-0.11709274097925405,0.49443482285255275,0.6379812884020745,-0.14354646554952175,0.029419949999999973,0.151483768894848,1.4855483022326608,0.2551939334193616,0.2551939334193616,0.3174630044923718,9.673190317437196,0.9863908997911822,43.66231944013664,-79.39556737324224,108.9,-96.18515418376572,110.03595270425278,1.0,1.8867452871215424,233.0,1.8867452871215424,1.8531234740947213,6.6712445067409964,0.5960373242240095,0.06911577871755943,0.0,1.8531234740947213,6.6712445067409964,-0.033621813026821164,-0.02000851031883843,0.02000851031883843,0.0,0.0,0.0,0.0,150.60852489796852,0.024935216966051083,89.76678107778389,9981.867813577011,2.7727410593269477,10.46705923753224,152391.28256173368,1783556758391282.5,1783556758037324.2
234.0,5259.680917693204,24288.0,86.14078659832343,-1017.3426074292354,70.93925710135298,1026.1464675894413,0.08614078659832342,-1.0173426074292353,0.07093925710135297,1.0261464675894412,1.0255351103817354,1.0255351103817354,10.057063890225043,0.02553511038173531,0.25041389022504457,0.8447525448944484,0.79433865,0.05041389489444836,0.3293355912932043,-9.97672288114591,-9.561483749999999,-0.415239131145912,-0.03765525040013837,0.695676465652983,0.6459250374599862,0.04975142819299691,0.029419949999999973,0.08614078659832342,0.8447525448944484,0.3293355912932043,0.3293355912932043,0.2683836919744052,10.057063890225043,1.0255351103817354,43.66231133976694,-79.39557277348871,108.9,-96.62004632737607,109.14053783707149,1.0,1.8671239792250067,234.0,1.8671239792250067,1.872744781991257,6.741881215168526,0.5965773488710883,1.069115778717554,0.0,1.872744781991257,6.741881215168526,0.005620802766250474,-0.04665165700502227,0.04665165700502227,0.0,0.0,0.0,0.0,127.74713012893254,0.021166864999998338,76.20071399999401,10017.284363696685,2.782578989915746,10.11414189508607,152713.67727603967,1783556758713677.2,1783556758577348.8
235.0,4551.58566947291,24288.0,36.14961702443258,-1048.7501211040078,87.5084844531144,1053.8827692222117,0.03614961702443258,-1.048750121104008,0.0875084844531144,1.0538827692222117,1.0530681068310994,1.0530681068310994,10.327070349855198,0.053068106831099304,0.5204203498552,0.3545066417926518,0.79433865,-0.43983200820734825,0.3873626749999999,-10.28472537512462,-9.560941735971506,-0.7237836391531131,0.02505863902849151,0.8581650790621342,0.652142225,0.20602285406213433,0.029419949999999973,0.03614961702443258,0.3545066417926518,0.3873626749999999,0.3873626749999999,0.22488747309956408,10.327070349855198,1.0530681068310994,43.662304182003275,-79.3955794539902,108.9,-97.15803984723787,108.34931864190244,1.0,2.0281768700580645,235.0,2.0281768700580645,2.007615745012917,7.227416682046503,0.5969557839605987,2.0281768700580645,0.0,2.007615745012917,7.227416682046503,0.155045137961166,-0.06750395714649327,0.06750395714649327,0.0,0.0,0.0,0.0,110.54891274015803,0.01833095972000301,65.99145499201083,10046.861341038397,2.79079481695511,9.769891361716327,152979.15427172187,1783556758979154.2,1783556759022108.0
236.0,4683.10567764596,24288.0,41.43889809558384,-1033.797730383638,89.84797415766208,1039.5406801638976,0.04143889809558384,-1.033797730383638,0.08984797415766207,1.0395406801638976,1.038790200434138,1.038790200434138,10.18705191908744,0.03879020043413803,0.3804019190874397,0.40637677000905725,0.79433865,-0.3879618799909428,0.3873626749999999,-10.138092512666704,-9.558447979807257,-0.5796445328594475,0.027552395192741812,0.8811076357732367,0.652142225,0.2289654107732368,0.029419949999999973,0.04143889809558384,0.40637677000905725,0.3873626749999999,0.3873626749999999,0.2014954554784561,10.18705191908744,1.038790200434138,43.662300418476356,-79.39559074457094,108.9,-98.06729183958622,107.9332983765384,1.0,2.839820756635784,236.0,2.839820756635784,2.5574900035483044,9.206964012773895,0.5967523500732468,2.839820756635784,0.0,2.5574900035483044,9.206964012773895,0.7012236032008996,-0.06750395714649327,0.06750395714649327,0.0,0.0,0.0,0.0,113.74327069866506,0.018852708284477392,67.86974982411861,10055.41055960187,2.793169599889408,9.456849202240646,153039.67585320908,1783556759039675.8,1783556759123825.0
237.0,4814.625685819009,24288.0,46.7281791667351,-1018.8453396632681,92.18746386220975,1025.1985911055838,0.0467281791667351,-1.0188453396632682,0.09218746386220975,1.0251985911055836,1.0245122940371767,1.0245122940371767,10.047033488319679,0.02451229403717676,0.24038348831967943,0.4582468982254628,0.79433865,-0.33609175177453726,0.3873626749999999,-9.991459650208787,-9.555954223643006,-0.4355054265657821,0.03004615135699212,0.9040501924843392,0.652142225,0.25190796748433925,0.029419949999999973,0.0467281791667351,0.4582468982254628,0.3873626749999999,0.3873626749999999,0.1781034378573481,10.047033488319679,1.0245122940371767,43.662296654949444,-79.39560203515168,108.9,-98.97654383193456,107.51727811117435,1.0,3.6514646432135036,237.0,3.6514646432135036,3.107364262083691,11.186511343501287,0.5965489161858948,3.6514646432135036,0.0,3.107364262083691,11.186511343501287,1.247402068440633,-0.06750395714649327,0.06750395714649327,0.0,0.0,0.0,0.0,116.93762865717208,0.01937445684895177,69.74804465622638,10063.959778165347,2.795544382823707,9.143807042764964,153100.19743469628,1783556759100197.5,1783556759225542.0
238.0,4946.145693992059,24288.0,52.01746023788636,-1003.8929489428982,94.52695356675743,1010.8565020472697,0.052017460237886365,-1.0038929489428983,0.09452695356675743,1.0108565020472697,1.0102343876402156,1.0102343876402156,9.907015057551918,0.010234387640215482,0.10036505755191916,0.5101170264418683,0.79433865,-0.28422162355813174,0.3873626749999999,-9.844826787750872,-9.553460467478756,-0.2913663202721167,0.032539907521242424,0.9269927491954416,0.652142225,0.27485052419544165,0.029419949999999973,0.052017460237886365,0.5101170264418683,0.3873626749999999,0.3873626749999999,0.15471142023624013,9.907015057551918,1.0102343876402156,43.662292891422524,-79.39561332573244,108.9,-99.88579582428291,107.10125784581031,1.0,4.4631085297912225,238.0,4.4631085297912225,3.657238520619078,13.166058674228681,0.5963454822985428,4.4631085297912225,0.0,3.657238520619078,13.166058674228681,1.7935805336803667,-0.06750395714649327,0.06750395714649327,0.0,0.0,0.0,0.0,120.13198661567912,0.019896205413426155,71.62633948833415,10072.50899672882,2.7979191657580054,8.830764883289282,153160.71901618352,1783556759160719.0,1783556759327258.8
239.0,5077.665702165108,24288.0,57.30674130903762,-988.9405582225282,96.8664432713051,996.5144129889557,0.05730674130903762,-0.9889405582225284,0.0968664432713051,0.9965144129889557,0.9959564812432542,0.9959564812432542,9.766996626784158,-0.004043518756745794,-0.03965337321584106,0.5619871546582738,0.79433865,-0.23235149534172625,0.3873626749999999,-9.698193925292957,-9.550966711314505,-0.1472272139784513,0.03503366368549273,0.9499353059065441,0.652142225,0.2977930809065441,0.029419949999999973,0.05730674130903762,0.5619871546582738,0.3873626749999999,0.3873626749999999,0.13131940261513214,9.766996626784158,0.9959564812432542,43.662289127895605,-79.39562461631319,108.9,-100.79504781663125,106.68523758044626,1.0,5.274752416368942,239.0,5.274752416368942,4.207112779154465,15.145606004956075,0.5961420484111908,5.274752416368942,0.0,4.207112779154465,15.145606004956075,2.3397589989201,-0.06750395714649327,0.06750395714649327,0.0,0.0,0.0,0.0,123.32634457418615,0.020417953977900534,73.50463432044192,10081.058215292296,2.8002939486923037,8.5177227238136,153221.24059767072,1783556759221240.5,1783556759428975.8
240.0,5209.185710338158,24288.0,62.596022380188884,-973.9881675021584,99.20593297585278,982.1723239306417,0.06259602238018888,-0.9739881675021584,0.09920593297585277,0.9821723239306417,0.981678574846293,0.981678574846293,9.626978196016399,-0.018321425153707063,-0.17967180398360139,0.6138572828746793,0.79433865,-0.18048136712532076,0.3873626749999999,-9.551561062835042,-9.548472955150256,-0.0030881076847858457,0.03752741984974304,0.9728778626176465,0.652142225,0.32073563761764656,0.029419949999999973,0.06259602238018888,0.6138572828746793,0.3873626749999999,0.3873626749999999,0.10792738499402414,9.626978196016399,0.981678574846293,43.66228536436869,-79.39563590689393,108.9,-101.7042998089796,106.26921731508222,1.0,6.086396302946662,240.0,6.086396302946662,4.756987037689852,17.125153335683468,0.5959386145238389,6.086396302946662,0.0,4.756987037689852,17.125153335683468,2.885937464159834,-0.06750395714649327,0.06750395714649327,0.0,0.0,0.0,0.0,126.52070253269318,0.020939702542374917,75.3829291525497,10089.60743385577,2.8026687316266026,8.20468056433792,153281.76217915793,1783556759281762.2,1783556759530692.8
241.0,5340.705718511208,24288.0,67.88530345134015,-959.0357767817884,101.54542268040045,967.8302348723277,0.06788530345134014,-0.9590357767817885,0.10154542268040044,0.9678302348723277,0.9674006684493317,0.9674006684493317,9.486959765248638,-0.03259933155066834,-0.3196902347513616,0.6657274110910848,0.79433865,-0.12861123890891524,0.3873626749999999,-9.404928200377126,-9.545979198986005,0.1410509986088796,0.04002117601399335,0.995820419328749,0.652142225,0.343678194328749,0.029419949999999973,0.06788530345134014,0.6657274110910848,0.3873626749999999,0.3873626749999999,0.08453536737291614,9.486959765248638,0.9674006684493317,43.66228160084177,-79.39564719747467,108.9,-102.61355180132794,105.85319704971818,1.0,6.898040189524381,241.0,6.898040189524381,5.3068612962252395,19.10470066641086,0.5957351806364869,6.898040189524381,0.0,5.3068612962252395,19.10470066641086,3.4321159293995676,-0.06750395714649327,0.06750395714649327,0.0,0.0,0.0,0.0,129.7150604912002,0.021461451106849296,77.26122398465748,10098.156652419244,2.805043514560901,7.891638404862237,153342.28376064514,1783556759342283.8,1783556759632409.8
242.0,5472.225726684257,24288.0,73.1745845224914,-944.0833860614185,103.88491238494812,953.4881458140137,0.0731745845224914,-0.9440833860614186,0.10388491238494812,0.9534881458140136,0.9531227620523703,0.9531227620523703,9.346941334480878,-0.046877237947629616,-0.45970866551912193,0.7175975393074903,0.79433865,-0.07674111069250972,0.3873626749999999,-9.25829533791921,-9.543485442821755,0.28519010490254515,0.04251493217824365,1.0187629760398513,0.652142225,0.3666207510398515,0.029419949999999973,0.0731745845224914,0.7175975393074903,0.3873626749999999,0.3873626749999999,0.06114334975180816,9.346941334480878,0.9531227620523703,43.66227783731486,-79.39565848805543,108.9,-103.5228037936763,105.43717678435412,1.0,7.709684076102101,242.0,7.709684076102101,5.8567355547606255,21.084247997138252,0.5955317467491349,7.709684076102101,0.0,5.8567355547606255,21.084247997138252,3.978294394639301,-0.06750395714649327,0.06750395714649327,0.0,0.0,0.0,0.0,132.90941844970723,0.02198319967132368,79.13951881676525,10106.70587098272,2.8074182974951993,7.5785962453865565,153402.80534213234,1783556759402805.2,1783556759734126.8
243.0,5603.745734857307,24288.0,78.46386559364267,-929.1309953410487,106.2244020894958,939.1460567556996,0.07846386559364266,-0.9291309953410487,0.1062244020894958,0.9391460567556997,0.9388448556554091,0.9388448556554091,9.206922903713117,-0.06115514434459089,-0.5997270962868823,0.7694676675238958,0.79433865,-0.024870982476104198,0.3873626749999999,-9.111662475461294,-9.540991686657506,0.4293292111962106,0.045008688342493955,1.041705532750954,0.652142225,0.38956330775095394,0.029419949999999973,0.07846386559364266,0.7694676675238958,0.3873626749999999,0.3873626749999999,0.03775133213070017,9.206922903713117,0.9388448556554091,43.66227407378794,-79.39566977863618,108.9,-104.43205578602465,105.02115651899008,1.0,8.52132796267982,243.0,8.52132796267982,6.406609813296013,23.06379532786565,0.5953283128617829,8.52132796267982,0.0,6.406609813296013,23.06379532786565,4.524472859879035,-0.06750395714649327,0.06750395714649327,0.0,0.0,0.0,0.0,136.10377640821426,0.02250494823579806,81.01781364887302,10115.255089546194,2.809793080429498,7.265554085910875,153463.32692361958,1783556759463327.0,1783556759835843.5
244.0,5735.265743030357,24288.0,83.75314666479392,-914.1786046206787,108.56389179404347,924.8039676973857,0.08375314666479391,-0.9141786046206788,0.10856389179404347,0.9248039676973857,0.9245669492584478,0.9245669492584478,9.066904472945357,-0.07543305074155215,-0.7397455270546424,0.8213377957403013,0.79433865,0.026999145740301267,0.3873626749999999,-8.965029613003379,-9.538497930493255,0.573468317489876,0.04750244450674426,1.0646480894620562,0.652142225,0.4125058644620564,0.029419949999999973,0.08375314666479391,0.8213377957403013,0.3873626749999999,0.3873626749999999,0.014359314509592186,9.066904472945357,0.9245669492584478,43.66227031026102,-79.39568106921692,108.9,-105.341307778373,104.60513625362603,1.0,9.33297184925754,244.0,9.33297184925754,6.9564840718314,25.04334265859304,0.595124878974431,9.33297184925754,0.0,6.9564840718314,25.04334265859304,5.070651325118768,-0.06750395714649327,0.06750395714649327,0.0,0.0,0.0,0.0,139.29813436672129,0.02302669680027244,82.89610848098079,10123.80430810967,2.8121678633637965,6.952511926435193,153523.84850510678,1783556759523848.5,1783556759937560.5
245.0,5705.6222062924435,24288.0,145.67650386588423,-1027.382519329421,-49.712098813477624,1040.1766170098906,0.1456765038658842,-1.0273825193294213,-0.04971209881347762,1.0401766170098907,1.0404680277813545,1.0404680277813545,10.20350578464202,0.040468027781354596,0.396855784642021,1.4285984866363735,0.809048625,0.6195498616363735,0.4389917376727252,-10.075180783181867,-9.524852962672725,-0.5503278205091426,0.025814531336361295,-0.48750915382919024,0.63639392493091,-1.1239030787601003,0.019613299999999945,0.1456765038658842,1.4285984866363735,0.4389917376727252,0.4389917376727252,0.08160052771075883,10.20350578464202,1.0404680277813545,43.66226651768433,-79.39569234106733,108.9,-106.24905138010514,104.18590482547546,1.0,9.696886039338557,245.0,9.696886039338557,7.294027311877251,26.258498322758104,0.6008941203092707,0.3861446779761767,0.0,7.294027311877251,26.258498322758104,5.119737002493901,-0.07594671772139144,0.07594671772139144,0.0,0.0,0.0,0.0,138.57815214643085,0.023130104437610738,83.26837597539865,10216.689122537588,2.837969200704885,3.6135235418744496,154193.71096737342,1783556760193711.0,1783556760052939.8
246.0,5841.898087571557,24288.0,142.2490420630896,-1010.245210315448,-15.300382313419604,1025.0957850775942,0.14224904206308958,-1.010245210315448,-0.015300382313419604,1.0250957850775944,1.0253769442116865,1.0253769442116865,10.055512809953534,0.025376944211686445,0.24886280995353482,1.3949865683479976,0.809048625,0.5859379433479975,0.4457141213304004,-9.907121191739988,-9.5315753463304,-0.375545845409588,0.02917572316519894,-0.1500454942138963,0.6337049714678399,-0.7837504656817362,0.019613299999999945,0.14224904206308958,1.3949865683479976,0.4457141213304004,0.4457141213304004,0.08163787439037558,10.055512809953534,1.0253769442116865,43.66226267892711,-79.39570358314204,108.9,-107.15439708887061,103.76156860246736,1.0,9.349043023640945,246.0,9.349043023640945,7.294027311877251,26.258498322758104,0.6006199233650471,1.3861446779761777,0.0,7.294027311877251,26.258498322758104,4.378592823615076,-0.09781095943293737,0.09781095943293737,0.0,0.0,0.0,0.0,141.88802075093798,0.023670372225418866,85.21334001150792,10229.947087599841,2.8416519687777333,3.434200777834323,154275.83295216836,1783556760275833.0,1783556760190038.2
247.0,5978.173968850671,24288.0,138.82158026029498,-993.1079013014748,19.111334186638416,1010.0149531452979,0.13882158026029498,-0.993107901301475,0.019111334186638407,1.010014953145298,1.0102858606420182,1.0102858606420182,9.907519835265049,0.010285860642018294,0.10086983526504867,1.3613746500596215,0.809048625,0.5523260250596217,0.4524365049880756,-9.739061600298108,-9.538297729988075,-0.20076387031003345,0.03253691499403658,0.18741816540139777,0.6310160180047698,-0.44359785260337214,0.019613299999999945,0.13882158026029498,1.3613746500596215,0.4524365049880756,0.4524365049880756,0.08167522106999232,9.907519835265049,1.0102858606420182,43.66225884016989,-79.39571482521676,108.9,-108.05974279763609,103.33723237945927,1.0,9.001200007943334,247.0,9.001200007943334,7.294027311877251,26.258498322758104,0.6003457264208236,2.3861446779761786,0.0,7.294027311877251,26.258498322758104,3.637448644736251,-0.1196752011444833,0.1196752011444833,0.0,0.0,0.0,0.0,145.1978893554451,0.024210640013226998,87.1583040476172,10243.205052662095,2.845334736850582,3.254878013794196,154357.95493696333,1783556760357955.0,1783556760327136.8
248.0,6114.449850129786,24288.0,135.39411845750035,-975.9705922875017,53.523050686696436,994.9341212130016,0.13539411845750035,-0.9759705922875018,0.053523050686696425,0.9949341212130016,0.9951947770723502,0.9951947770723502,9.759526860576562,-0.004805222927649858,-0.04712313942343749,1.3277627317712457,0.809048625,0.5187141067712457,0.4591588886457508,-9.57100200885623,-9.54502011364575,-0.02598189521047889,0.035898106822874226,0.5248818250166918,0.6283270645416996,-0.10344523952500806,0.019613299999999945,0.13539411845750035,1.3277627317712457,0.4591588886457508,0.4591588886457508,0.08171256774960908,9.759526860576562,0.9951947770723502,43.66225500141267,-79.39572606729146,108.9,-108.96508850640156,102.91289615645117,1.0,8.653356992245723,248.0,8.653356992245723,7.294027311877251,26.258498322758104,0.6000715294766,3.3861446779761795,0.0,7.294027311877251,26.258498322758104,2.896304465857426,-0.1415394428560292,0.1415394428560292,0.0,0.0,0.0,0.0,148.50775795995224,0.02475090780103513,89.10326808372646,10256.46301772435,2.8490175049234305,3.0755552497540695,154440.0769217583,1783556760440077.0,1783556760464235.2
249.0,6250.7257314089,24288.0,131.96665665470573,-958.8332832735287,87.93476718675447,979.8532892807052,0.13196665665470572,-0.9588332832735287,0.08793476718675444,0.9798532892807053,0.980103693502682,0.980103693502682,9.611533885888075,-0.01989630649731801,-0.19511611411192364,1.2941508134828699,0.809048625,0.48510218848286984,0.4658812723034259,-9.40294241741435,-9.551742497303426,0.14880007988907573,0.03925929865171188,0.8623454846319858,0.6256381110786295,0.2367073735533558,0.019613299999999945,0.13196665665470572,1.2941508134828699,0.4658812723034259,0.4658812723034259,0.08174991442922583,9.611533885888075,0.980103693502682,43.66225116265545,-79.39573730936617,108.9,-109.87043421516702,102.48855993344307,1.0,8.305513976548111,249.0,8.305513976548111,7.294027311877251,26.258498322758104,0.5997973325323764,4.38614467797618,0.0,7.294027311877251,26.258498322758104,2.1551602869786013,-0.16340368456757515,0.16340368456757515,0.0,0.0,0.0,0.0,151.81762656445937,0.025291175588843258,91.04823211983573,10269.720982786605,2.852700272996279,2.8962324857139428,154522.19890655324,1783556760522199.0,1783556760601333.8
250.0,6387.001612688015,24288.0,128.5391948519111,-941.6959742595556,122.34648368681249,964.7724573484089,0.1285391948519111,-0.9416959742595555,0.12234648368681247,0.9647724573484089,0.9650126099330139,0.9650126099330139,9.463540911199589,-0.03498739006698616,-0.3431090888004098,1.260538895194494,0.809048625,0.45149027019449395,0.4726036559611011,-9.23488282597247,-9.5584648809611,0.32358205498863035,0.042620490480549514,1.1998091442472798,0.6229491576155595,0.5768599866317199,0.019613299999999945,0.1285391948519111,1.260538895194494,0.4726036559611011,0.4726036559611011,0.08178726110884257,9.463540911199589,0.9650126099330139,43.66224732389823,-79.39574855144089,108.9,-110.7757799239325,102.06422371043496,1.0,7.9576709608505,250.0,7.9576709608505,7.294027311877251,26.258498322758104,0.5995231355881528,5.386144677976181,0.0,7.294027311877251,26.258498322758104,1.4140161080997764,-0.18526792627912106,0.18526792627912106,0.0,0.0,0.0,0.0,155.1274951689665,0.02583144337665139,92.993196155945,10282.97894784886,2.8563830410691273,2.716909721673816,154604.3208913482,1783556760604321.0,1783556760738432.2
251.0,6523.277493967129,24288.0,125.11173304911648,-924.5586652455825,156.7582001868705,949.6916254161125,0.1251117330491165,-0.9245586652455824,0.15675820018687048,0.9496916254161126,0.9499215263633457,0.9499215263633457,9.315547936511104,-0.0500784736366543,-0.49110206348889596,1.226926976906118,0.809048625,0.41787835190611805,0.4793260396187763,-9.06682323453059,-9.565187264618775,0.49836403008818486,0.045981682309387165,1.5372728038625738,0.6202602041524894,0.917012599710084,0.019613299999999945,0.1251117330491165,1.226926976906118,0.4793260396187763,0.4793260396187763,0.08182460778845933,9.315547936511104,0.9499215263633457,43.66224348514101,-79.3957597935156,108.9,-111.68112563269797,101.63988748742686,1.0,7.6098279451528885,251.0,7.6098279451528885,7.294027311877251,26.258498322758104,0.5992489386439293,6.386144677976182,0.0,7.294027311877251,26.258498322758104,0.6728719292209515,-0.20713216799066697,0.20713216799066697,0.0,0.0,0.0,0.0,158.43736377347363,0.02637171116445952,94.93816019205427,10296.236912911114,2.860065809141976,2.53758695763369,154686.44287614318,1783556760686443.0,1783556760875530.8
252.0,8113.056792754958,24288.0,-8.792776645121725,-982.0344788993074,166.0298033130022,997.1134877886009,-0.008792776645121724,-0.9820344788993073,0.1660298033130022,0.9971134877886009,0.996834605543677,0.996834605543677,9.7756080844549,-0.0031653944563229722,-0.031041915545099674,-0.08622768308688294,0.809048625,-0.8952763080868829,0.48542917499999994,-9.630468422497891,-9.635033624999998,0.004565202502106361,0.1403562452550486,1.628196170659453,0.63743225,0.990763920659453,0.019613299999999945,-0.008792776645121724,-0.08622768308688294,0.48542917499999994,0.48542917499999994,0.0,9.7756080844549,0.996834605543677,43.662239664212215,-79.39577104686778,108.9,-112.58737953770756,101.21752201847764,1.0,7.2420714288792345,252.0,7.2420714288792345,7.2420714288792345,26.071457143965247,0.5960197522223234,0.09211736609893204,0.0,7.2420714288792345,26.071457143965247,-0.05195588299801619,-0.22595686755315003,0.22595686755315003,0.0,0.0,0.0,0.0,197.04992338243244,0.032623043758001395,117.44295752880501,10428.068575746547,2.8966857154851513,2.370659708569837,155368.79207672706,1783556761368792.0,1783556761019752.2
253.0,6886.977367907497,24288.0,36.87964684080152,-1004.1202048103406,122.93047410797602,1020.0569117932665,0.03687964684080153,-1.0041202048103406,0.12293047410797603,1.0200569117932665,1.019784043381763,1.019784043381763,10.000665189029768,0.019784043381763126,0.19401518902976733,0.36166578869134625,0.809048625,-0.44738283630865366,0.48542917499999994,-9.847055406503326,-9.635033624999998,-0.21202178150332834,0.1203797758564889,1.2055361339109831,0.63743225,0.5681038839109831,0.019613299999999945,0.03687964684080153,0.36166578869134625,0.48542917499999994,0.48542917499999994,0.0,10.000665189029768,1.019784043381763,43.66223601899532,-79.39578241136752,108.9,-113.5025843673161,100.81457974258646,1.0,6.678053098804355,253.0,6.678053098804355,6.678053098804355,24.040991155695682,0.5962341767457314,1.092117366098927,0.0,6.678053098804355,24.040991155695682,-0.6159742130728953,-0.21482470177082066,0.21482470177082066,0.0,0.0,0.0,0.0,167.2709063117373,0.027696590243131848,99.70772487527465,10435.866303547096,2.8988517509853042,2.325899139490448,155496.80351720168,1783556761496803.5,1783556761234176.8
254.0,5660.897943060037,24288.0,82.55207032672477,-1026.205930721374,79.83114490294986,1043.0003357979322,0.08255207032672478,-1.026205930721374,0.07983114490294986,1.0430003357979323,1.0427334812198492,1.0427334812198492,10.225722293604633,0.04273348121984922,0.4190722936046344,0.8095592604695754,0.809048625,0.0005106354695755266,0.48542917499999994,-10.063642390508761,-9.635033624999998,-0.42860876550876303,0.10040330645792922,0.7828760971625134,0.63743225,0.14544384716251335,0.019613299999999945,0.08255207032672478,0.8095592604695754,0.48542917499999994,0.48542917499999994,0.0,10.225722293604633,1.0427334812198492,43.66223237377842,-79.39579377586726,108.9,-114.41778919692464,100.41163746669527,1.0,6.114034768729477,254.0,6.114034768729477,6.114034768729477,22.010525167426117,0.5964486012691396,2.092117366098922,0.0,6.114034768729477,22.010525167426117,-1.1799925431477745,-0.20369253598849127,0.20369253598849127,0.0,0.0,0.0,0.0,137.49188924104217,0.0227701367282623,81.97249222174429,10443.664031347646,2.9010177864854567,2.2811385704110587,155624.8149576763,1783556761624815.0,1783556761448601.2
255.0,4434.818518212576,24288.0,128.224493812648,-1048.2916566324072,36.73181569792371,1065.943759802598,0.128224493812648,-1.0482916566324072,0.03673181569792369,1.0659437598025978,1.0656829190579353,1.0656829190579353,10.4507793981795,0.06568291905793532,0.6441293981795014,1.2574527322478046,0.809048625,0.44840410724780466,0.48542917499999994,-10.280229374514196,-9.635033624999998,-0.6451957495141977,0.08042683705936951,0.36021606041404364,0.63743225,-0.2772161895859564,0.019613299999999945,0.128224493812648,1.2574527322478046,0.48542917499999994,0.48542917499999994,0.0,10.4507793981795,1.0656829190579353,43.66222872856152,-79.395805140367,108.9,-115.3329940265332,100.00869519080409,1.0,5.550016438654597,255.0,5.550016438654597,5.550016438654597,19.98005917915655,0.5966630257925476,3.0921173660989165,0.0,5.550016438654597,19.98005917915655,-1.7440108732226536,-0.1925603702061619,0.1925603702061619,0.0,0.0,0.0,0.0,107.71287217034705,0.017843683213392754,64.23725956821391,10451.461759148195,2.9031838219856096,2.2363780013316696,155752.82639815094,1783556761752826.5,1783556761663025.8
256.0,3208.739093365116,24288.0,173.89691729857125,-1070.3773825434405,-6.367513507102473,1088.8871838072635,0.17389691729857126,-1.0703773825434406,-0.0063675135071024624,1.0888871838072636,1.0886323568960214,1.0886323568960214,10.675836502754368,0.08863235689602142,0.8691865027543685,1.7053462040260339,0.809048625,0.8962975790260339,0.48542917499999994,-10.49681635851963,-9.635033624999998,-0.8617827335196324,0.060450367660809814,-0.06244397633442622,0.63743225,-0.6998762263344263,0.019613299999999945,0.17389691729857126,1.7053462040260339,0.48542917499999994,0.48542917499999994,0.0,10.675836502754368,1.0886323568960214,43.66222508334462,-79.39581650486674,108.9,-116.24819885614174,99.60575291491291,1.0,4.985998108579718,256.0,4.985998108579718,4.985998108579718,17.949593190886986,0.5968774503159557,4.092117366098911,0.0,4.985998108579718,17.949593190886986,-2.3080292032975325,-0.18142820442383253,0.18142820442383253,0.0,0.0,0.0,0.0,77.93385509965192,0.01291722969852321,46.50202691468357,10459.259486948744,2.905349857485762,2.1916174322522806,155880.83783862556,1783556761880837.8,1783556761877450.2
257.0,2172.5436027968544,24288.0,190.7647631539215,-1067.3815847456026,-17.69039395712217,1085.4308985996827,0.19076476315392152,-1.0673815847456025,-0.01769039395712217,1.0854308985996828,1.085112237775996,1.085112237775996,10.641315926585973,0.08511223777599614,0.8346659265859725,1.8707632645834043,0.809048625,1.0617146395834043,0.4721105374387359,-10.467437618045462,-9.635033624999998,-0.832403993045464,0.04570359060968296,-0.17348350189961212,0.63743225,-0.8109157518996122,0.019613299999999945,0.19076476315392152,1.8707632645834043,0.4721105374387359,0.4721105374387359,-0.02219772926877346,10.641315926585973,1.085112237775996,43.662222592563076,-79.39582829667995,108.9,-117.19781605415075,99.33042192256013,1.0,4.458736890762606,257.0,4.458736890762606,4.458736890762606,16.05145280674538,0.5974074369196799,4.458736890762606,0.0,4.458736890762606,16.05145280674538,-2.4780522231134268,-0.18254940223717617,0.18254940223717617,0.0,0.0,0.0,0.0,52.76673902473001,0.00875058867756228,31.50211923922421,10463.791317380083,2.906608699272245,2.0222592931215613,156035.48738393598,1783556762035487.5,1783556762135812.2
258.0,1389.6298193001928,24288.0,169.2108614220296,-1030.930133287256,13.372582068251461,1046.7606631395238,0.1692108614220296,-1.0309301332872558,0.013372582068251461,1.0467606631395237,1.0462850001405013,1.0462850001405013,10.260550796627847,0.0462850001405013,0.453900796627847,1.6593916941643465,0.809048625,0.8503430691643465,0.44102648296534497,-10.109970991601468,-9.635033624999998,-0.474937366601469,0.03793257699133512,0.1311402319396182,0.63743225,-0.5062920180603818,0.019613299999999945,0.1692108614220296,1.6593916941643465,0.44102648296534497,0.44102648296534497,-0.07400448672442492,10.260550796627847,1.0462850001405013,43.66222164165565,-79.39584065847653,108.9,-118.19333509975908,99.2253086153364,1.0,3.9805051191438254,258.0,3.9805051191438254,3.9805051191438254,14.329818428917772,0.5983583443490281,3.9805051191438254,0.0,3.9805051191438254,14.329818428917772,-2.1225341794401436,-0.20001507311329958,0.20001507311329958,0.0,0.0,0.0,0.0,33.75132905116308,0.005597443644253119,20.15079711931123,10463.966844241377,2.906657456733716,1.686703390291826,156225.6688698056,1783556762225668.8,1783556762452781.5
259.0,606.7160358035308,24288.0,147.65695969013768,-994.4786818289093,44.43555809362509,1008.0904276793647,0.1476569596901377,-0.9944786818289093,0.044435558093625094,1.0080904276793647,1.0074577625050065,1.0074577625050065,9.879785666669722,0.00745776250500646,0.07313566666972149,1.4480201237452888,0.809048625,0.6389714987452888,0.4099424284919541,-9.752504365157472,-9.635033624999998,-0.11747074015747394,0.03016156337298728,0.43576396577884846,0.63743225,-0.20166828422115157,0.019613299999999945,0.1476569596901377,1.4480201237452888,0.4099424284919541,0.4099424284919541,-0.12581124418007636,9.879785666669722,1.0074577625050065,43.66222069074822,-79.39585302027311,108.9,-119.18885414536742,99.12019530811268,1.0,3.502273347525045,259.0,3.502273347525045,3.502273347525045,12.608184051090163,0.5993092517783762,3.502273347525045,0.0,3.502273347525045,12.608184051090163,-1.7670161357668608,-0.217480743989423,0.217480743989423,0.0,0.0,0.0,0.0,14.735919077596158,0.002444298610943958,8.79947499939825,10464.142371102673,2.9067062141951863,1.3511474874620908,156415.85035567527,1783556762415850.2,1783556762769750.5
260.0,35.10093428776703,24288.0,187.59822977054668,-961.39734465582,-17.60167188337259,979.9970496175778,0.18759822977054666,-0.9613973446558199,-0.01760167188337259,0.9799970496175777,0.9797688026524599,0.9797688026524599,9.608249728531746,-0.020231197347540038,-0.19840027146825348,1.8397101799793314,0.8286619249999999,1.0110482549793314,0.49425081999483284,-9.428087269968996,-9.65709979305699,0.22901252308799325,0.14219642499999985,-0.1726134355750758,0.61781895,-0.7904323855750758,-0.08431500775136802,0.18759822977054666,1.8397101799793314,0.49425081999483284,0.49425081999483284,0.16289650540737652,9.608249728531746,0.9797688026524599,43.66221990004917,-79.39586539832811,108.9,-120.1856825122169,99.03279143532211,1.0,3.1131387088591955,260.0,3.1131387088591955,3.1131387088591955,11.207299351893104,0.596,0.2735904670581731,0.0,3.1131387088591955,11.207299351893104,-1.3997047070797928,-0.23016797381306353,0.23016797381306353,0.0,0.0,0.0,0.0,0.8525314919812857,0.0001411413247835684,0.5081087692208462,10464.831517817795,2.906897643838276,2.024909241876122,157209.57069286794,1783556763209570.8,1783556763099950.8
261.0,28.159662785682176,24288.0,200.7501126166022,-981.1251689249033,-5.1804491954312635,1001.9168543610036,0.2007501126166022,-0.9811251689249033,-0.005180449195431262,1.0019168543610038,1.0016856552485291,1.0016856552485291,9.823180631042987,0.0016856552485291117,0.01653063104298802,1.9686860918916018,0.8286619249999999,1.1400241668916018,0.5264947979729004,-9.621551137837402,-9.648143132507526,0.02659199467012424,0.14219642499999985,-0.050802852102376034,0.61781895,-0.668621802102376,-0.2491175618614913,0.2007501126166022,1.9686860918916018,0.5264947979729004,0.5264947979729004,0.15688532383055553,9.823180631042987,1.0016856552485291,43.66221953471909,-79.3958778195508,108.9,-121.18598725542367,98.9924078484851,1.0,2.960565699809753,261.0,2.960565699809753,2.960565699809753,10.658036519315111,0.596,1.273590467058183,0.0,2.960565699809753,10.658036519315111,-1.001080684091531,-0.23016797381306353,0.23016797381306353,0.0,0.0,0.0,0.0,0.6839418897386487,0.00011323037952339849,0.4076293662842346,10464.926708831103,2.906924085786417,1.509078921492461,157427.30741998597,1783556763427307.5,1783556763465281.0
262.0,21.218391283597317,24288.0,213.9019954626577,-1000.8529931939865,7.2407734925100655,1023.8366591044295,0.2139019954626577,-1.0008529931939867,0.007240773492510066,1.0238366591044294,1.0236025078445983,1.0236025078445983,10.038111533554229,0.02360250784459826,0.2314615335542295,2.097662003803872,0.8286619249999999,1.2690000788038722,0.558738775950968,-9.815015005705808,-9.639186471958062,-0.17582853374774482,0.14219642499999985,0.07100773137032376,0.61781895,-0.5468112186296762,-0.4139201159716146,0.2139019954626577,2.097662003803872,0.558738775950968,0.558738775950968,0.15087414225373458,10.038111533554229,1.0236025078445983,43.66221916938901,-79.39589024077348,108.9,-122.18629199863042,98.95202426164809,1.0,2.8079926907603108,262.0,2.8079926907603108,2.8079926907603108,10.10877368673712,0.596,2.273590467058193,0.0,2.8079926907603108,10.10877368673712,-0.6024566611032693,-0.23016797381306353,0.23016797381306353,0.0,0.0,0.0,0.0,0.5153522874960116,8.531943426322858e-05,0.3071499633476229,10465.02189984441,2.9069505277345584,0.9932486011087998,157645.044147104,1783556763645044.2,1783556763830611.0
263.0,837.8042754778976,24288.0,126.4097723438787,-834.7542106322137,66.00818989398701,848.0984638241964,0.12640977234387868,-0.8347542106322138,0.066008189893987,0.8480984638241964,0.8479214367098433,0.8479214367098433,8.315268757310585,-0.15207856329015662,-1.4913812426894144,1.2396563939560978,0.8482752249999999,0.391381168956098,0.48542917499999994,-8.186142379696399,-9.623096801092363,1.4369544213959642,0.14219642499999985,0.6473192154238676,0.6063644724293553,0.0409547429945123,-0.4903325,0.12640977234387868,1.2396563939560978,0.48542917499999994,0.48542917499999994,-0.1151203775944182,8.315268757310585,0.8479214367098433,43.66221855737553,-79.39590263936701,108.9,-123.18477437258748,98.88437229124209,1.0,2.667803408481894,263.0,2.667803408481894,2.667803408481894,9.604092270534817,0.5981065611700072,0.5363398071044071,0.0,2.667803408481894,9.604092270534817,-0.3946510668134132,-0.23016797381306353,0.23016797381306353,0.0,0.0,0.0,0.0,20.348590242807177,0.0033883680290084034,12.198124904430253,10479.019491268717,2.9108387475746436,0.6070547237279753,158476.22996486886,1783556764476230.0,1783556764221312.2
264.0,1380.0058268560997,24288.0,91.7484859544046,-895.8240961755729,62.29448063797192,904.216737026202,0.09174848595440459,-0.8958240961755728,0.06229448063797192,0.904216737026202,0.9040185248032724,0.9040185248032724,8.86539326626201,-0.09598147519672758,-0.9412567337379883,0.8997452897847616,0.8482752249999999,0.05147006478476179,0.48542917499999994,-8.78503337276018,-9.60084071689067,0.815807344130488,0.14219642499999985,0.6109001685483674,0.6124343135752721,-0.001534145026904743,-0.4903325,0.09174848595440459,0.8997452897847616,0.48542917499999994,0.48542917499999994,-0.05411694899224011,8.86539326626201,0.9040185248032724,43.66221773210681,-79.39591501839787,108.9,-124.18168132725502,98.79314708644611,1.0,2.5383197293814668,264.0,2.5383197293814668,2.5383197293814668,9.13795102577328,0.6001697329789044,1.5363398071043988,0.0,2.5383197293814668,9.13795102577328,-0.35180602232125663,-0.23016797381306353,0.23016797381306353,0.0,0.0,0.0,0.0,33.51758152268094,0.005598129999515431,20.15326799825555,10490.247429357492,2.91395761926597,0.33293020493811565,158724.6358506601,1783556764724635.8,1783556764633946.5
265.0,1789.9039603418526,24288.0,62.04115539248333,-952.3797837542476,61.627677895315074,956.6772567235286,0.06204115539248333,-0.9523797837542476,0.06162767789531507,0.9566772567235285,0.9564515286104627,0.9564515286104627,9.379585383047795,-0.04354847138953727,-0.42706461695220566,0.6084158965296966,0.8492476294313995,-0.24083173290170296,0.48542917499999994,-9.33965520635359,-9.58377116218635,0.24411595583275847,0.14219642499999985,0.6043610674320915,0.61781895,-0.013457882567908423,-0.4903325,0.06204115539248333,0.6084158965296966,0.48542917499999994,0.48542917499999994,0.0,9.379585383047795,0.9564515286104627,43.662216851263516,-79.3959273882072,108.9,-125.17784565394695,98.69577866874857,1.0,2.416187844966079,265.0,2.416187844966079,2.416187844966079,8.698276241877887,0.601702527030719,2.416187844966079,0.0,2.416187844966079,8.698276241877887,-0.3055050968789029,-0.23016797381306353,0.23016797381306353,0.0,0.0,0.0,0.0,43.47318738878291,0.007268826034172847,26.16777372302225,10500.514333635158,2.9168095371208773,0.10621901523875311,158974.54898161525,1783556764974549.0,1783556765049578.8
266.0,1160.1043493875866,24288.0,71.26416224746212,-973.4609422799134,84.90479043407106,980.3935600649025,0.07126416224746213,-0.9734609422799134,0.08490479043407106,0.9803935600649026,0.9800905660294424,0.9800905660294424,9.611405149352631,-0.019909433970557527,-0.19524485064736802,0.6988626967040743,0.8578616104003879,-0.15899891369631358,0.48542917499999994,-9.546390749609312,-9.607459609851066,0.0610688602417544,0.14219642499999985,0.832631563110283,0.61781895,0.21481261311028305,-0.4903325,0.07126416224746213,0.6988626967040743,0.48542917499999994,0.48542917499999994,0.0,9.611405149352631,0.9800905660294424,43.6622155336911,-79.39593968554966,108.9,-126.1681740873301,98.55013421480714,1.0,2.351829557585318,266.0,2.351829557585318,2.351829557585318,8.466586407307146,0.5990673822150108,2.351829557585318,0.0,2.351829557585318,8.466586407307146,-0.23204635732857215,-0.23016797381306353,0.23016797381306353,0.0,0.0,0.0,0.0,28.1766144379257,0.004703307717490548,16.931907782965975,10503.229016650088,2.9175636157361358,0.2521023669128799,159236.3066999756,1783556765236306.8,1783556765488769.8
267.0,530.3047384333206,24288.0,80.48716910244092,-994.5421008055793,108.18190297282706,1004.1098634062766,0.08048716910244091,-0.9945421008055793,0.10818190297282707,1.0041098634062766,1.0037296034484222,1.0037296034484222,9.84322491565747,0.003729603448422221,0.036574915657469675,0.7893094968784521,0.8664755913693764,-0.07716609449092418,0.48542917499999994,-9.753126292865034,-9.631148057515784,-0.12197823534924962,0.14219642499999985,1.0609020587884745,0.61781895,0.44308310878847457,-0.4903325,0.08048716910244091,0.7893094968784521,0.48542917499999994,0.48542917499999994,0.0,9.84322491565747,1.0037296034484222,43.6622142161187,-79.39595198289214,108.9,-127.15850252071326,98.40448976086572,1.0,2.2874712702045565,267.0,2.2874712702045565,2.2874712702045565,8.234896572736403,0.5964322373993026,2.2874712702045565,0.0,2.2874712702045565,8.234896572736403,-0.1585876177782414,-0.23016797381306353,0.23016797381306353,0.0,0.0,0.0,0.0,12.880041487068489,0.0021377894008082496,7.6960418429097,10505.943699665018,2.918317694351394,0.3979857185870067,159498.06441833594,1783556765498064.5,1783556765927960.5
268.0,341.8811246403816,24288.0,158.98728441904427,-986.4926904562401,1.238397990022755,1000.5855065360581,0.15898728441904428,-0.9864926904562402,0.0012383979900227552,1.000585506536058,1.0004385152735418,1.0004385152735418,9.810950365807278,0.00043851527354176606,0.0043003658072783835,1.5591326527480205,0.8846932447900725,0.6744394079579481,0.4443509710687116,-9.674188542862687,-9.635033624999998,-0.039154917862688376,0.19122967499999888,0.01214453564885665,0.6084829945610708,-0.5963384589122142,-0.37265270000000006,0.15898728441904428,1.5591326527480205,0.4443509710687116,0.4443509710687116,-0.06892316095853752,9.810950365807278,1.0004385152735418,43.66221171519397,-79.39596390082613,108.86191989950115,-128.1182764655914,98.1280375413008,1.0,2.2458353526515205,268.0,2.2458353526515205,2.2458353526515205,8.085007269545473,0.5947616020099772,0.835972051051614,-0.03808010049886549,2.2458353526515205,8.085007269545473,-0.12181574720809446,-0.18596042983967898,0.18596042983967898,-1.7346202569564628,0.0,0.0,0.0,8.30360875526559,0.0013703472200886269,4.933249992319057,10514.190019860009,2.9206083388500024,1.6545941952152168,160361.95739897323,1783556766361957.5,1783556766380801.0
269.0,126.42072122972024,24288.0,197.250865574426,-936.8411387188996,0.3273603434660477,958.2222559711712,0.197250865574426,-0.9368411387188996,0.00032736034346604777,0.9582222559711712,0.9581182565118487,0.9581182565118487,9.395930400221921,-0.04188174348815131,-0.4107195997780789,1.9343702008854446,0.9047952562974344,1.0295749445880102,0.3952127207173823,-9.187273153017696,-9.635033624999998,0.4477604719823024,0.19122967499999888,0.003210308312251317,0.5973152103903142,-0.5941049020780629,-0.37265270000000006,0.197250865574426,1.9343702008854446,0.3952127207173823,0.3952127207173823,-0.15136988973593565,9.395930400221921,0.9581182565118487,43.66220898208103,-79.39597574431554,108.8163680171733,-129.07205524582935,97.82591923699688,1.0,2.2086578421868555,269.0,2.2086578421868555,2.2086578421868555,7.951168231872679,0.5956726396565339,1.8359720510516155,-0.08363198282670475,2.2086578421868555,7.951168231872679,-0.0922422893894119,-0.13307882462599563,0.13307882462599563,-3.8095942405655965,0.0,0.0,0.0,3.070506477227447,0.0005071865211111167,1.82587147600002,10514.513122437023,2.9206980895658394,2.731801954522592,160633.44661764713,1783556766633446.5,1783556766836319.8
270.0,580.495002595218,24288.0,125.32667188412333,-993.7119522683777,-3.6942736042627935,1003.207532602349,0.12532667188412333,-0.9937119522683777,-0.003694273604262794,1.0032075326023489,1.0029133269327755,1.0029133269327755,9.835219977565302,0.002913326932775441,0.0285699775653023,1.229034806832438,0.9120184499999999,0.31701635683243795,-0.06374322499999996,-9.744985316712686,-9.635033624999998,-0.10995169171268743,0.01460727246315889,-0.036228448241243716,0.5973180765561692,-0.6335465247974128,-0.15690640000000006,0.12532667188412333,1.229034806832438,-0.06374322499999996,-0.06374322499999996,-0.4343173832873136,9.835219977565302,1.0029133269327755,43.66220472405843,-79.39598655188314,108.8,-129.94240926972205,97.35523741813006,1.0,1.9370131584978396,270.0,1.9370131584978396,2.1952989621878523,7.903076263876268,0.5983620292123532,0.6406730888637535,0.0,2.1952989621878523,7.903076263876268,-0.048194696504585695,-0.08533579487985526,0.08533579487985526,0.0,0.0,0.0,0.0,14.099062623032658,0.0023353892679739436,8.407401364706196,10523.490149845898,2.923191708290527,3.218289034188574,161575.05764735938,1783556767575057.8,1783556767409492.8
271.0,1423.647273134654,24288.0,71.13734830538557,-1035.092794202672,-19.436164966135937,1038.1843597395957,0.07113734830538557,-1.035092794202672,-0.019436164966135937,1.0381843597395957,1.0378654346423508,1.0378654346423508,10.17798306463541,0.03786543464235091,0.37133306463541055,0.6976190767590094,0.9131408889658411,-0.2155218122068318,-0.06374322499999996,-10.150792750267632,-9.635033624999998,-0.5157591252676341,0.18595421186054525,-0.19060366716515698,0.6025477555170794,-0.7931514226822364,-0.16027371689752368,0.07113734830538557,0.6976190767590094,-0.06374322499999996,-0.06374322499999996,0.0,10.17798306463541,1.0378654346423508,43.66219949638955,-79.39599664095876,108.8,-130.75490176262542,96.77737090030324,1.0,1.6048583015568998,271.0,1.6048583015568998,2.219521519678693,7.990277470843294,0.5960228913842309,1.6048583015568998,0.0,2.219521519678693,7.990277470843294,0.024222557490840634,-0.04336101641193772,0.04336101641193772,0.0,0.0,0.0,0.0,34.57754496989448,0.005725486909065774,20.611752872636785,10536.78193640807,2.9268838712244634,3.410961709712406,161940.66615638585,1783556767940666.2,1783556768022891.5
272.0,2942.9242837666134,24288.0,72.94171530138553,-996.9003594540063,14.24535229252983,1001.1948363215968,0.07294171530138552,-0.9969003594540063,0.014245352292529823,1.0011948363215968,1.001179510514802,1.001179510514802,9.818217046789982,0.0011795105148019736,0.011567046789982716,0.7153138723603323,0.9278865519669436,-0.21257267960661136,-0.06374322499999996,-9.77625291003963,-9.635033624999998,-0.14121928503963216,0.11664959575536438,0.13969918405953766,0.5951749240165282,-0.4554757399569906,-0.20451070590083095,0.07294171530138552,0.7153138723603323,-0.06374322499999996,-0.06374322499999996,0.0,9.818217046789982,1.001179510514802,43.662192880377226,-79.39600506133807,108.8,-131.43301096168918,96.04603689855466,1.0,2.134353623659323,272.0,2.134353623659323,2.537737191670337,9.135853890013212,0.5963236192168976,2.134353623659323,0.0,2.537737191670337,9.135853890013212,0.34243822948248476,-0.03641697541476659,0.03641697541476659,0.0,0.0,0.0,0.0,71.4777450041235,0.01184742389627002,42.650726026572066,10564.514934728331,2.9345874818689808,4.0587327836375255,162120.20067248787,1783556768120200.8,1783556768323619.2
273.0,4462.201294398572,24288.0,74.74608229738548,-958.7079247053407,47.926869551195594,964.2053129035977,0.07474608229738547,-0.9587079247053407,0.04792686955119558,0.9642053129035977,0.964493586387253,0.964493586387253,9.458451028944554,-0.035506413612746965,-0.3481989710554451,0.7330086679616552,0.9426322149680461,-0.20962354700639088,-0.06374322499999996,-9.40171306981163,-9.635033624999998,0.2333205551883698,0.0473449796501835,0.47000203528423223,0.5878020925159769,-0.1178000572317448,-0.24874769490413823,0.07474608229738547,0.7330086679616552,-0.06374322499999996,-0.06374322499999996,0.0,9.458451028944554,0.964493586387253,43.662186264364905,-79.39601348171739,108.8,-132.11112016075293,95.3147028968061,1.0,2.6638489457617456,273.0,2.6638489457617456,2.8559528636619813,10.281430309183133,0.5966243470495642,2.6638489457617456,0.0,2.8559528636619813,10.281430309183133,0.660653901474129,-0.029472934417595464,0.029472934417595464,0.0,0.0,0.0,0.0,108.37794503835254,0.017969360883474263,64.68969918050735,10592.247933048595,2.942291092513498,4.7065038575626446,162299.73518858987,1783556768299735.2,1783556768624347.0
274.0,5981.478305030531,24288.0,76.55044929338543,-920.5154899566751,81.60838680986136,927.2157894855987,0.07655044929338543,-0.9205154899566751,0.08160838680986132,0.9272157894855987,0.9278076622597041,0.9278076622597041,9.098685011099127,-0.0721923377402959,-0.707964988900873,0.7507034635629781,0.9573778779691485,-0.20667441440617043,-0.06374322499999996,-9.027173229583626,-9.635033624999998,0.6078603954163717,-0.021959636454997378,0.8003048865089268,0.5804292610154257,0.21987562549350104,-0.29298468390744553,0.07655044929338543,0.7507034635629781,-0.06374322499999996,-0.06374322499999996,0.0,9.098685011099127,0.9278076622597041,43.66217964835259,-79.3960219020967,108.8,-132.7892293598167,94.58336889505753,1.0,3.193344267864169,274.0,3.193344267864169,3.1741685356536253,11.427006728353051,0.5969250748822309,3.193344267864169,0.0,3.1741685356536253,11.427006728353051,0.9788695734657731,-0.022528893420424332,0.022528893420424332,0.0,0.0,0.0,0.0,145.27814507258157,0.02409129787067851,86.72867233444263,10619.980931368857,2.949994703158015,5.354274931487764,162479.26970469186,1783556768479269.8,1783556768925075.0
275.0,10154.67690717211,24288.0,90.38656800828069,-981.9215325752689,36.92268639834386,988.1525503217773,0.09038656800828068,-0.9819215325752689,0.03692268639834387,0.9881525503217773,0.9880939930901691,0.9880939930901691,9.689891957337705,-0.011906006909830878,-0.116758042662293,0.8863894371584058,0.9610517000000001,-0.0746622628415943,-0.04903325000000003,-9.62936079742926,-9.59354490935792,-0.03581588807133995,0.013959708165659758,0.3620878625683188,0.5687857000000001,-0.20669783743168121,-0.30400615,0.09038656800828068,0.8863894371584058,-0.04903325000000003,-0.04903325000000003,0.019016981959700315,9.689891957337705,0.9880939930901691,43.662172691899414,-79.39602976967454,108.8,-133.42282040278266,93.81440256117217,1.0,3.3086918632736793,275.0,3.3086918632736793,3.2534506775442753,11.712422439159392,0.5963847218913607,0.7508540626096784,0.0,3.2534506775442753,11.712422439159392,0.8139440745839257,-0.02079881381690729,0.02079881381690729,0.0,0.0,0.0,0.0,246.63679272139626,0.04082107326897521,146.95586376831076,10811.717393289851,3.0032548314694028,7.67750729777484,163257.70297611796,1783556769257703.0,1783556769230787.0
276.0,8556.066534530542,24288.0,124.1968239187926,-955.1806938096822,30.16063521624148,965.7148350357104,0.1241968239187926,-0.9551806938096822,0.03016063521624148,0.9657148350357103,0.9655994935238797,0.9655994935238797,9.469296273165956,-0.03440050647612024,-0.3373537268340446,1.2179547832832274,0.9610517000000001,0.2569030832832273,-0.04903325000000003,-9.36712275094872,-9.61012317666416,0.24300042571544106,0.08479412301959835,0.2957747933433545,0.5687857000000001,-0.27301090665664557,-0.30400615,0.1241968239187926,1.2179547832832274,-0.04903325000000003,-0.04903325000000003,0.011418081742935909,9.469296273165956,0.9655994935238797,43.66216562248227,-79.39603745382362,108.8,-134.0416395769073,93.0329491900138,1.0,3.2866183155833544,276.0,3.2866183155833544,3.2534506775442753,11.712422439159392,0.5982289176682978,1.7508540626096816,0.0,3.2534506775442753,11.712422439159392,0.48870425378076365,-0.02079881381690729,0.02079881381690729,0.0,0.0,0.0,0.0,207.80974399067782,0.03448039407696596,124.12941867707745,10839.328225128187,3.010924506980052,7.687937802869705,163442.4299197745,1783556769442430.0,1783556769538153.0
277.0,6957.456161888974,24288.0,158.00707982930453,-928.4398550440956,23.398584034139095,943.2771197496434,0.1580070798293045,-0.9284398550440955,0.023398584034139094,0.9432771197496433,0.9431049939575904,0.9431049939575904,9.248700588994204,-0.056895006042409595,-0.5579494110057961,1.549520129408049,0.9610517000000001,0.588468429408049,-0.04903325000000003,-9.104884704468178,-9.6267014439704,0.5218167395022221,0.15562853787353695,0.22946172411839016,0.5687857000000001,-0.3393239758816099,-0.30400615,0.1580070798293045,1.549520129408049,-0.04903325000000003,-0.04903325000000003,0.0038191815261715036,9.248700588994204,0.9431049939575904,43.662158553065126,-79.39604513797269,108.8,-134.6604587510319,92.25149581885542,1.0,3.26454476789303,277.0,3.26454476789303,3.2534506775442753,11.712422439159392,0.6000731134452347,2.7508540626096845,0.0,3.2534506775442753,11.712422439159392,0.1634644329776016,-0.02079881381690729,0.02079881381690729,0.0,0.0,0.0,0.0,168.98269525995943,0.028139714884956705,101.30297358584413,10866.939056966525,3.0185941824907014,7.698368307964571,163627.156863431,1783556769627156.8,1783556769845519.0
278.0,7395.027605691432,24288.0,72.82694568691717,-994.5865271565414,72.8642736458926,1000.6674768556287,0.07282694568691717,-0.9945865271565414,0.0728642736458926,1.0006674768556287,1.0004632709214745,1.0004632709214745,9.811193135782077,0.0004632709214744766,0.00454313578207767,0.7141883669206062,0.9901175056304898,-0.2759291387098837,-0.08825984999999992,-9.753561966539698,-9.58109705,-0.1724649165396963,0.3628460500000017,0.7145544291494926,0.543872152316723,0.17068227683276957,-0.15690640000000006,0.07282694568691717,0.7141883669206062,-0.08825984999999992,-0.08825984999999992,-0.055735006002856594,9.811193135782077,1.0004632709214745,43.662151323798795,-79.39605252302616,108.8,-135.25519118572458,91.45237271879391,1.0,3.2525065919093774,278.0,3.2525065919093774,3.2525065919093774,11.70902373087376,0.5958468249498479,0.4974033850654147,0.0,3.2525065919093774,11.70902373087376,-0.0009440856348977908,-0.02079881381690729,0.02079881381690729,0.0,0.0,0.0,0.0,179.61043048703348,0.02972819934976879,107.02151765916764,11004.365499883068,3.056768194411963,7.703610644517307,164407.13915484052,1783556770407139.2,1783556770153175.0
279.0,7276.467105141534,24288.0,46.343301408238794,-1007.8283492958806,64.5496411397959,1012.0616028825019,0.046343301408238786,-1.0078283492958806,0.0645496411397959,1.012061602882502,1.0120086429822979,1.0120086429822979,9.924414558702349,0.01200864298229776,0.11776455870235028,0.4544725367551048,0.9795476753330566,-0.5250751385779518,-0.08825984999999992,-9.883419881622446,-9.58109705,-0.3023228316224466,0.3628460500000017,0.6330157382835794,0.5529320068573801,0.08008373142619934,-0.15690640000000006,0.046343301408238786,0.4544725367551048,-0.08825984999999992,-0.08825984999999992,-0.035466875039418116,9.924414558702349,1.0120086429822979,43.66214393301435,-79.39605960586125,108.8,-135.8255853990324,90.63539540583365,1.0,3.250608563743016,279.0,3.250608563743016,3.250608563743016,11.702190829474858,0.5955388755977702,1.4974033850654223,0.0,3.250608563743016,11.702190829474858,-0.002842113801259463,-0.02079881381690729,0.02079881381690729,0.0,0.0,0.0,0.0,176.73083304967759,0.02923677921826781,105.25240518576412,11035.82457832301,3.065506827311947,7.703610644517307,164590.36901932672,1783556770590369.0,1783556770461124.5
280.0,7157.906604591637,24288.0,19.859657129560418,-1021.0701714352198,56.235008633699195,1023.4557289093751,0.019859657129560407,-1.0210701714352197,0.0562350086336992,1.023455728909375,1.023554015043121,1.023554015043121,10.037635981622623,0.023554015043121043,0.2309859816226229,0.19475670658960353,0.9689778450356235,-0.7742211384460199,-0.08825984999999992,-10.013277796705196,-9.58109705,-0.4321807467051969,0.3628460500000017,0.5514770474176662,0.5619918613980371,-0.010514813980370907,-0.15690640000000006,0.019859657129560407,0.19475670658960353,-0.08825984999999992,-0.08825984999999992,-0.01519874407597964,10.037635981622623,1.023554015043121,43.662136542229895,-79.39606668869635,108.8,-136.3959796123402,89.8184180928734,1.0,3.248710535576654,280.0,3.248710535576654,3.248710535576654,11.695357928075955,0.5952309262456925,2.4974033850654296,0.0,3.248710535576654,11.695357928075955,-0.004740141967621136,-0.02079881381690729,0.02079881381690729,0.0,0.0,0.0,0.0,173.85123561232166,0.02874535908676683,103.4832927123606,11067.283656762953,3.074245460211931,7.703610644517307,164773.59888381293,1783556770773599.0,1783556770769073.8
281.0,7074.3732266366715,24288.0,14.406477214263274,-1021.2658937741464,47.585941655988314,1023.6676050706693,0.014406477214263273,-1.0212658937741463,0.04758594165598832,1.0236676050706695,1.02385427676589,1.02385427676589,10.040580543246215,0.023854276765889956,0.2339305432462147,0.1412792797732549,0.9610517000000001,-0.8197724202267451,-0.09322371658662781,-10.015197177180232,-9.586442752477907,-0.42875442470232467,0.3628460500000017,0.46665867474069783,0.5687857000000001,-0.10212702525930224,-0.150797025739535,0.014406477214263273,0.1412792797732549,-0.09322371658662781,-0.09322371658662781,-0.008314684399711725,10.040580543246215,1.02385427676589,43.66212905317876,-79.396073557457,108.8,-136.94913400197228,88.99057837974829,1.0,3.2445278739418004,281.0,3.2445278739418004,3.2445278739418004,11.680300346190482,0.5951557456996136,3.2445278739418004,0.0,3.2445278739418004,11.680300346190482,-0.008442838759779246,-0.019419133333730958,0.019419133333730958,0.0,0.0,0.0,0.0,171.82237692855145,0.028405920986963287,102.26131555306785,11098.934193869049,3.0830372760747355,7.742589398049212,164957.49009133468,1783556770957490.0,1783556771077872.8
282.0,7095.856152202622,24288.0,72.00562547079906,-982.3475503575683,37.93419248867691,990.3535031060784,0.07200562547079906,-0.9823475503575682,0.03793419248867692,0.9903535031060784,0.9904400957111587,0.9904400957111587,9.712899364605834,-0.009559904288841362,-0.09375063539416617,0.7061339670232115,0.9610517000000001,-0.25491773297678855,-0.11306996235486963,-9.633538604714046,-9.607815632536013,-0.025722972178031434,0.3628460500000017,0.3720073487690835,0.5687857000000001,-0.1967783512309166,-0.12637087710169903,0.07200562547079906,0.7061339670232115,-0.11306996235486963,-0.11306996235486963,-0.04155797714383536,9.712899364605834,0.9904400957111587,43.662121269510074,-79.39607978439194,108.8,-137.45060094423073,88.13017164346601,1.0,3.2334955556983864,282.0,3.2334955556983864,3.2334955556983864,11.640584000514192,0.5957784391942789,3.2334955556983864,0.0,3.2334955556983864,11.640584000514192,-0.017556189186065337,-0.013902974212023956,0.013902974212023956,0.0,0.0,0.0,0.0,172.3441542246973,0.028522146669624496,102.67972801064819,11131.158751331566,3.0919885420365456,7.898432007602386,165143.36409949226,1783556771143364.0,1783556771389219.5
283.0,7117.339077768574,24288.0,129.60477372733484,-943.42920694099,28.28244332136551,957.0394011414874,0.12960477372733484,-0.94342920694099,0.02828244332136551,0.9570394011414874,0.9570259146564273,0.9570259146564273,9.385218185965451,-0.04297408534357268,-0.4214318140345471,1.270988654273168,0.9610517000000001,0.30993695427316803,-0.13291620812311145,-9.25188003224786,-9.629188512594121,0.37730848034626174,0.3628460500000017,0.27735602279746907,0.5687857000000001,-0.291429677202531,-0.10194472846386304,0.12960477372733484,1.270988654273168,-0.13291620812311145,-0.13291620812311145,-0.074801269887959,9.385218185965451,0.9570259146564273,43.66211348584139,-79.39608601132689,108.8,-137.9520678864892,87.26976490718373,1.0,3.2224632374549724,283.0,3.2224632374549724,3.2224632374549724,11.6008676548379,0.5964011326889441,3.2224632374549724,0.0,3.2224632374549724,11.6008676548379,-0.026669539612351433,-0.00838681509031695,0.00838681509031695,0.0,0.0,0.0,0.0,172.8659315208431,0.028638372352285706,103.09814046822855,11163.383308794082,3.100939807998356,8.05427461715556,165329.23810764984,1783556771329238.0,1783556771700566.2
284.0,5987.404435960789,24288.0,144.33661560544732,-987.4210463465722,24.916676617927337,998.3969232776794,0.1443366156054473,-0.9874210463465722,0.024916676617927336,0.9983969232776794,0.9982773143205103,0.9982773143205103,9.789756224481232,-0.0017226856794897772,-0.016893775518768424,1.4154586714271598,0.9606968502596633,0.45476182116749647,-0.1512342338959373,-9.683292604154612,-9.648915617272548,-0.03437698688206393,0.35965240233697116,0.24434912675519713,0.5397205997403367,-0.2953714729851396,0.018430467532210962,0.1443366156054473,1.4154586714271598,-0.1512342338959373,-0.1512342338959373,0.0012943452930352104,9.789756224481232,0.9982773143205103,43.66210569846164,-79.39609222916916,108.79879384655536,-138.45280257777904,86.4089479496611,1.0,3.21137627395896,284.0,3.21137627395896,3.21137627395896,11.560954586252256,0.6009155692588751,0.03826310024680887,-0.001206153444641164,3.21137627395896,11.560954586252256,-0.03548357030626267,-0.0030817213180611702,0.0030817213180611702,-0.03802112538283299,0.0,0.0,0.0,145.42207894061565,0.024274725239922645,87.38901086372152,11282.82077351594,3.134116881532205,8.739897561677903,166116.16455146117,1783556772116164.5,1783556772012061.5
285.0,5579.816866249633,24288.0,126.99917064480263,-972.2901852900096,48.873873290818196,982.6356096770933,0.12699917064480262,-0.9722901852900095,0.048873873290818194,0.9826356096770933,0.9827388626569643,0.9827388626569643,9.63737606747492,-0.01726113734303564,-0.16927393252508047,1.2454364168038534,0.9514229090983921,0.2940135077054615,-0.13114069471318282,-9.534909545574273,-9.627276421229581,0.09236687565531018,0.27618693188552984,0.47928896950740224,0.5489945409016079,-0.06970557139420575,-0.012482669672026589,0.12699917064480262,1.2454364168038534,-0.13114069471318282,-0.13114069471318282,0.035121852334709415,9.63737606747492,0.9827388626569643,43.66209781780484,-79.39609821846832,108.76727121935419,-138.93513225818748,85.53782014692779,1.0,3.1989158107862092,285.0,3.1989158107862092,3.1989158107862092,11.516096918830353,0.598708985354793,1.038263100246811,-0.03272878064581155,3.1989158107862092,11.516096918830353,-0.036774247440417296,-0.0030817213180611702,0.0030817213180611702,-1.0316971510468542,0.0,0.0,0.0,135.52259204747108,0.02255194272485833,81.18699380948999,11304.240874413406,3.1400669095592795,8.772949292606187,166303.40895703612,1783556772303409.0,1783556772327287.8
286.0,5172.229296538477,24288.0,109.66172568415793,-957.1593242334469,72.83106996370904,966.8742960765072,0.10966172568415791,-0.9571593242334469,0.07283106996370906,0.9668742960765072,0.9672004109934185,0.9672004109934185,9.484995910468607,-0.0327995890065815,-0.32165408953139246,1.0754141621805473,0.9421489679371208,0.13326519424342648,-0.11104715553042835,-9.386526486993931,-9.605637225186616,0.21911073819268428,0.1927214614340885,0.7142288122596073,0.5582684820628793,0.15596033019672806,-0.04339580687626414,0.10966172568415791,1.0754141621805473,-0.11104715553042835,-0.11104715553042835,0.06894935937638362,9.484995910468607,0.9672004109934185,43.66208993714804,-79.3961042077675,108.73574859215302,-139.41746193859595,84.66669234419447,1.0,3.1864553476134585,286.0,3.1864553476134585,3.1864553476134585,11.47123925140845,0.596502401450711,2.0382631002468132,-0.06425140784698193,3.1864553476134585,11.47123925140845,-0.03806492457457192,-0.0030817213180611702,0.0030817213180611702,-2.0253731767108754,0.0,0.0,0.0,125.62310515432652,0.02082916020979402,74.98497675525847,11325.660975310875,3.146016937586354,8.80600102353447,166490.6533626111,1783556772490653.2,1783556772642514.0
287.0,4764.64172682732,24288.0,92.32428072351323,-942.0284631768843,96.7882666365999,951.1129824759212,0.09232428072351323,-0.9420284631768843,0.09678826663659992,0.951112982475921,0.9516619593298726,0.9516619593298726,9.332615753462294,-0.04833804067012736,-0.4740342465377045,0.905391907557241,0.9328750267758495,-0.02748311921860852,-0.09095361634767388,-9.238143428413592,-9.583998029143649,0.34585460073005836,0.10925599098264721,0.9491686550118125,0.5675424232241505,0.38162623178766186,-0.07430894408050168,0.09232428072351323,0.905391907557241,-0.09095361634767388,-0.09095361634767388,0.10277686641805783,9.332615753462294,0.9516619593298726,43.662082056491236,-79.39611019706666,108.70422596495185,-139.8997916190044,83.79556454146116,1.0,3.1739948844407078,287.0,3.1739948844407078,3.1739948844407078,11.426381583986547,0.594295817546629,3.0382631002468155,-0.09577403504815231,3.1739948844407078,11.426381583986547,-0.03935560170872655,-0.0030817213180611702,0.0030817213180611702,-3.0190492023748967,0.0,0.0,0.0,115.72361826118195,0.019106377694729705,68.78295970102694,11347.081076208342,3.1519669656134286,8.839052754462754,166677.89776818606,1783556772677897.8,1783556772957740.2
288.0,7976.098534808594,24288.0,75.28485704859028,-880.7155874447333,105.28819074851695,891.0015557266324,0.07528485704859028,-0.8807155874447333,0.10528819074851696,0.8910015557266324,0.8908749569688281,0.8908749569688281,8.736498896758357,-0.10912504303117183,-1.0701511032416413,0.7382922433755579,0.892404060252387,-0.15411181687682912,-0.04903325000000003,-8.636869515614894,-9.58109705,0.9442275343851071,0.05883554100954992,1.0325244358039438,0.5715879113564608,0.460936524447483,-0.06163993186123515,0.07528485704859028,0.7382922433755579,-0.04903325000000003,-0.04903325000000003,0.04398391612897433,8.736498896758357,0.8908749569688281,43.66207385634912,-79.39611528619054,108.7,-140.30962846606786,82.88912083160837,1.0,3.1317839752239673,288.0,3.1317839752239673,3.1317839752239673,11.274422310806282,0.6252844125552667,0.8659386819228904,0.0,3.1317839752239673,11.274422310806282,-0.0687739249322791,-0.0030817213180611702,0.0030817213180611702,0.0,0.0,0.0,0.0,193.72348121343114,0.03372666548052691,121.41599572989686,11508.393776792953,3.1967760491091535,8.84348371307573,167510.30463700148,1783556773510304.8,1783556773285746.0
289.0,7515.44066893568,24288.0,66.37528514417147,-894.2449373736655,131.02695402794907,907.1707788124296,0.06637528514417147,-0.8942449373736656,0.1310269540279491,0.9071707788124296,0.907023083600298,0.907023083600298,8.894857922788862,-0.09297691639970196,-0.9117920772111372,0.6509191900590892,0.8810779237113633,-0.23015873365227416,-0.04903325000000003,-8.769547115095456,-9.58109705,0.8115499349045436,0.013530994845454739,1.2849354787181868,0.5748239503681819,0.710111528350005,-0.04222369779090875,0.06637528514417147,0.6509191900590892,-0.04903325000000003,-0.04903325000000003,0.0236634199800195,8.894857922788862,0.907023083600298,43.66206560674551,-79.3961202359527,108.7,-140.70824224966012,81.97720964795359,1.0,3.084967215623938,289.0,3.084967215623938,3.084967215623938,11.105881976246177,0.6117550626263344,1.8659386819228811,0.0,3.084967215623938,11.105881976246177,-0.1025468628506937,-0.0030817213180611702,0.0030817213180611702,0.0,0.0,0.0,0.0,182.53502296710982,0.031109900690929275,111.99564248734539,11541.730605632667,3.2060362793424075,8.84348371307573,167706.97518718793,1783556773706975.2,1783556773615730.2
290.0,7054.782803062767,24288.0,57.46571323975266,-907.7742873025978,156.7657173073812,923.3400018982267,0.057465713239752664,-0.9077742873025978,0.1567657173073812,0.9233400018982267,0.923171210231768,0.923171210231768,9.053216948819365,-0.07682878976823207,-0.7534330511806331,0.5635461367426204,0.8697517871703396,-0.3062056504277192,-0.04903325000000003,-8.90222471457602,-9.58109705,0.6788723354239803,-0.03177355131864043,1.53734652163243,0.5780599893799029,0.9592865322525271,-0.022807463720582365,0.057465713239752664,0.5635461367426204,-0.04903325000000003,-0.04903325000000003,0.00334292383106468,9.053216948819365,0.923171210231768,43.66205735714189,-79.39612518571487,108.7,-141.1068560332524,81.06529846429882,1.0,3.038150456023909,290.0,3.038150456023909,3.038150456023909,10.937341641686073,0.5982257126974022,2.865938681922872,0.0,3.038150456023909,10.937341641686073,-0.13631980076910827,-0.0030817213180611702,0.0030817213180611702,0.0,0.0,0.0,0.0,171.34656472078848,0.028493135901331644,102.57528924479392,11575.067434472383,3.2152965095756616,8.84348371307573,167903.64573737435,1783556773903645.8,1783556773945714.2
291.0,6834.972302743207,24288.0,97.91431033449626,-913.375649154456,115.99134460725232,931.3447778278888,0.09791431033449627,-0.9133756491544561,0.11599134460725233,0.9313447778278888,0.9310847518532438,0.9310847518532438,9.130822281761612,-0.0689152481467562,-0.6758277182383866,0.9602113714417878,0.8775438028526593,0.08266756858912844,-0.04903325000000003,-8.957155309780546,-9.58109705,0.6239417402194541,-0.0006054885893612,1.137486519592711,0.5758336991849544,0.5616528204077567,-0.019613300000000056,0.09791431033449627,0.9602113714417878,-0.04903325000000003,-0.04903325000000003,0.0,9.130822281761612,0.9310847518532438,43.662048967397595,-79.39612965695325,108.7,-141.4669333845783,80.13789613003397,1.0,3.0134610680703764,291.0,3.0134610680703764,3.0304486331839087,10.909615079462071,0.597687824577228,3.0134610680703764,0.0,3.0304486331839087,10.909615079462071,-0.10196554562787022,-0.0030817213180611702,0.0030817213180611702,0.0,0.0,0.0,0.0,166.00780728902703,0.027557155718823972,99.2057605877663,11607.150788058458,3.2242085522384603,8.4365132447463,168105.3450659152,1783556774105345.0,1783556774281304.0
292.0,6662.585213903335,24288.0,148.08164673516222,-917.4159715491406,62.12037934479223,937.7419549528059,0.14808164673516222,-0.9174159715491407,0.062120379344792226,0.9377419549528059,0.9373768843619557,0.9373768843619557,9.192527023028171,-0.06262311563804432,-0.6141229769718273,1.4521848809553786,0.8891002275727773,0.5630846533826013,-0.04903325000000003,-8.996777337392379,-9.58109705,0.584319712607621,0.04562021029111071,0.6091928181016066,0.5725318635506351,0.036660954550971736,-0.019613300000000056,0.14808164673516222,1.4521848809553786,-0.04903325000000003,-0.04903325000000003,0.0,9.192527023028171,0.9373768843619557,43.662040550059274,-79.39613403396918,108.7,-141.81942282195664,79.20744355186052,1.0,2.993128611520867,292.0,2.993128611520867,3.0304486331839087,10.909615079462071,0.5997079857745703,2.993128611520867,0.0,3.0304486331839087,10.909615079462071,-0.05419688629748483,-0.0030817213180611702,0.0030817213180611702,0.0,0.0,0.0,0.0,161.8208696752842,0.026952125969789468,97.02765349124208,11638.98732942553,3.233052035951536,7.949409336155544,168308.03457271523,1783556774308034.5,1783556774617997.8
293.0,6490.198125063463,24288.0,198.24898313582818,-921.4562939438251,8.249414082332123,944.139132077723,0.19824898313582817,-0.9214562939438251,0.008249414082332124,0.944139132077723,0.9436690168706676,0.9436690168706676,9.254231764294731,-0.05633098312933243,-0.5524182357052678,1.9441583904689694,0.9006566522928952,1.043501738176074,-0.04903325000000003,-9.036399365004213,-9.58109705,0.5446976849957877,0.09184590917158261,0.08089911661050242,0.5692300279163157,-0.4883309113058132,-0.019613300000000056,0.19824898313582817,1.9441583904689694,-0.04903325000000003,-0.04903325000000003,0.0,9.254231764294731,0.9436690168706676,43.66203213272095,-79.39613841098512,108.7,-142.17191225933493,78.27699097368708,1.0,2.9727961549713577,293.0,2.9727961549713577,3.0304486331839087,10.909615079462071,0.6017281469719126,2.9727961549713577,0.0,3.0304486331839087,10.909615079462071,-0.006428226967099437,-0.0030817213180611702,0.0030817213180611702,0.0,0.0,0.0,0.0,157.63393206154137,0.026347096220754963,94.84954639471786,11670.823870792603,3.2418955196646113,7.462305427564788,168510.72407951523,1783556774510724.0,1783556774954691.2
294.0,5582.427096916701,24288.0,16.6509409604449,-1122.6838589579454,77.58176506592517,1126.3304001632193,0.016650940960444904,-1.1226838589579453,0.07758176506592517,1.1263304001632195,1.1261288004360681,1.1261288004360681,11.043551000796366,0.12612880043606817,1.2369010007963679,0.16328995016974696,0.8914470977928663,-0.7281571476231193,0.08616076451611554,-11.009767665449933,-9.6497436,-1.3600240654499334,0.09806650000000161,0.760817216383755,0.5474392766553502,0.21337793972840483,-0.008848597792866425,0.016650940960444904,0.16328995016974696,0.08616076451611554,0.08616076451611554,0.14128013282727883,11.043551000796366,1.1261288004360681,43.66202359056457,-79.39614229308242,108.7,-142.4845449562179,77.33274100821819,1.0,3.0204356820674914,294.0,3.0204356820674914,3.0577524797513522,11.007908927104868,0.595,0.8654300317988864,0.0,3.0577524797513522,11.007908927104868,0.02730384656744334,-0.002236024462501327,0.002236024462501327,0.0,0.0,0.0,0.0,135.58598932991282,0.022409351014249478,80.67366365129813,11785.287278846488,3.273690910790691,4.833752414412687,169296.28200285634,1783556775296282.0,1783556775274423.5
295.0,3436.01105537707,24288.0,2.381666049928814,-1131.5625189022664,101.36388991678531,1137.1116300956094,0.0023816660499288156,-1.1315625189022664,0.10136388991678533,1.1371116300956094,1.1368705419456782,1.1368705419456782,11.148891500171585,0.1368705419456782,1.3422415001715848,0.02335616536853441,0.8790085391438697,-0.8556523737753352,0.02707761093338132,-11.096837575992911,-9.6497436,-1.4470939759929107,0.09806650000000161,0.9940401910524426,0.5567681956420978,0.4372719954103449,0.0035899608561302844,0.0023816660499288156,0.02335616536853441,0.02707761093338132,0.02707761093338132,-0.05731870274493717,11.148891500171585,1.1368705419456782,43.66201502899963,-79.39614609822239,108.7,-142.79098013267287,76.38634561920102,1.0,3.078644506901938,295.0,3.078644506901938,3.0893019355874167,11.1214869681147,0.595,1.8654300317988775,0.0,3.0893019355874167,11.1214869681147,0.05885330240350811,-0.0012588260472788195,0.0012588260472788195,0.0,0.0,0.0,0.0,83.45383651299828,0.013793064645898322,49.655032725233966,11788.362105460668,3.2745450292946305,3.5439016215745065,169484.95352667317,1783556775484953.5,1783556775591518.5
296.0,1289.5950138374392,24288.0,-11.887608860587271,-1140.4411788465877,125.14601476764545,1147.8928600279992,-0.011887608860587272,-1.1404411788465876,0.12514601476764547,1.1478928600279994,1.1476122834552882,1.1476122834552882,11.254231999546802,0.14761228345528818,1.4475819995468018,-0.11657761943267819,0.866569980494873,-0.983147599927551,-0.0320055426493529,-11.183907486535889,-9.6497436,-1.5341638865358878,0.09806650000000161,1.2272631657211304,0.5660971146288453,0.661166051092285,0.016028519505126994,-0.011887608860587272,-0.11657761943267819,-0.0320055426493529,-0.0320055426493529,-0.2559175383171532,11.254231999546802,1.1476122834552882,43.662006467434686,-79.39614990336237,108.7,-143.09741530912785,75.43995023018385,1.0,3.136853331736385,296.0,3.136853331736385,3.1208513914234817,11.235065009124535,0.595,2.865430031798869,0.0,3.1208513914234817,11.235065009124535,0.09040275823957288,-0.00028162763205631224,0.00028162763205631224,0.0,0.0,0.0,0.0,31.32168369608371,0.005176778277547166,18.636401799169803,11791.43693207485,3.2753991477985696,2.2540508287363257,169673.62505049,1783556775673625.0,1783556775908613.5
297.0,902.9205669522735,24288.0,221.99683641439606,-981.5047453784059,-31.76309271656977,1007.9128296920774,0.22199683641439605,-0.9815047453784059,-0.03176309271656977,1.0079128296920774,1.0072653169353494,1.0072653169353494,9.877898420324042,0.007265316935349295,0.07124842032404316,2.177045275823237,0.8629851999999999,1.314060075823237,-0.04903324999999992,-9.625273511265144,-9.643053017157715,0.017779505892571143,0.017779505892571143,-0.3114895331889489,0.53936575,-0.8508552831889489,0.10295431291161834,0.22199683641439605,2.177045275823237,-0.04903324999999992,-0.04903324999999992,0.0,9.877898420324042,1.0072653169353494,43.66199785975378,-79.3961535015818,108.7,-143.38718677956754,74.48845718320891,1.0,3.148242665096424,297.0,3.148242665096424,3.1299439138850054,11.26779808998602,0.5963644991597101,0.7118009734060085,0.0,3.1299439138850054,11.26779808998602,0.07686840954913438,0.0,0.0,0.0,0.0,0.0,0.0,21.930134730136817,0.0036379399924736638,13.096583972905188,11807.854958354126,3.2799597106539236,1.648487735630675,170459.67733249764,1783556776459677.2,1783556776227416.5
298.0,1130.4006814813015,24288.0,214.9679564710834,-992.048065293375,-10.356958343753945,1016.2196878069014,0.21496795647108338,-0.9920480652933749,-0.010356958343753941,1.0162196878069014,1.015777590321226,1.015777590321226,9.96137530612365,0.01577759032122605,0.15472530612365143,2.1081155103271496,0.8629851999999999,1.2451303103271498,-0.04903324999999992,-9.728668159509274,-9.633653503680975,-0.09501465582829866,-0.09501465582829866,-0.10156706554177464,0.53936575,-0.6409328155417746,0.0684894301635749,0.21496795647108338,2.1081155103271496,-0.04903324999999992,-0.04903324999999992,0.0,9.96137530612365,1.015777590321226,43.66198923340112,-79.39615701602177,108.7,-143.67021133052768,73.53490016032461,1.0,3.1406753906788936,298.0,3.1406753906788936,3.1299439138850054,11.26779808998602,0.5982814664169772,1.711800973406001,0.0,3.1299439138850054,11.26779808998602,0.0450802103230343,0.0,0.0,0.0,0.0,0.0,0.0,27.455171751817847,0.0045698976846631,16.45163166478716,11814.631299862966,3.2818420277397125,1.3199838997349236,170651.69355276722,1783556776651693.5,1783556776546911.0
299.0,1357.880796010329,24288.0,207.93907652777074,-1002.5913852083439,11.049176029061876,1024.5265459217255,0.20793907652777072,-1.002591385208344,0.011049176029061879,1.0245265459217254,1.0242898637071027,1.0242898637071027,10.044852191923258,0.024289863707102805,0.2382021919232597,2.0391857448310624,0.8629851999999999,1.1762005448310626,-0.04903324999999992,-9.832062807753404,-9.624253990204236,-0.20780881754916847,-0.20780881754916847,0.10835540210539962,0.53936575,-0.43101034789460035,0.03402454741553143,0.20793907652777072,2.0391857448310624,-0.04903324999999992,-0.04903324999999992,0.0,10.044852191923258,1.0242898637071027,43.66198060704847,-79.39616053046174,108.7,-143.9532358814878,72.58134313744033,1.0,3.133108116261363,299.0,3.133108116261363,3.1299439138850054,11.26779808998602,0.6001984336742443,2.7118009734059934,0.0,3.1299439138850054,11.26779808998602,0.013292011096934231,0.0,0.0,0.0,0.0,0.0,0.0,32.98020877349887,0.005501855376852539,19.806679356669136,11821.407641371805,3.2837243448255014,0.991480063839172,170843.7097730368,1783556776843709.8,1783556776866405.5
300.0,1276.6522497683857,24288.0,198.02898850580158,-1008.3188400124159,26.217388629960766,1028.1884057160594,0.19802898850580156,-1.008318840012416,0.026217388629960765,1.0281884057160595,1.0281015433648832,1.0281015433648832,10.082232000239232,0.028101543364883293,0.27558200023923274,1.9420009801304188,0.8629851999999999,1.079015780130419,-0.02131881626908866,-9.888229952407757,-9.602771175303756,-0.2854587771040014,-0.2549728999999985,0.2571047542080047,0.53936575,-0.28226099579199526,0.012222784338423703,0.19802898850580156,1.9420009801304188,-0.02131881626908866,-0.02131881626908866,0.04642283707020311,10.082232000239232,1.0281015433648832,43.66197191304567,-79.39616369565145,108.68115942839405,-144.20813464279027,71.62030806788036,1.0,3.122101649084674,300.0,3.122101649084674,3.1299439138850054,11.26779808998602,0.6002463771357623,3.122101649084674,-0.018840571605943317,3.1299439138850054,11.26779808998602,0.0,0.0,0.0,-0.6100590044071534,0.0,0.0,0.0,31.00732984237455,0.005173872797593791,18.625942071337647,11825.653497952473,3.2849037494312423,0.8371759767289865,171036.47821248748,1783556777036478.2,1783556777188405.8
301.0,973.5748060113345,24288.0,186.04836305814035,-1010.5854448268383,36.90281132652346,1028.512206403834,0.18604836305814035,-1.0105854448268383,0.03690281132652346,1.0285122064038341,1.0285352111015202,1.0285352111015202,10.086484827948723,0.028535211101520283,0.2798348279487239,1.824511179584112,0.8629851999999999,0.9615259795841122,0.02631218395238709,-9.910457752511114,-9.572604875163487,-0.3378528773476257,-0.2549728999999985,0.3618929546952513,0.53936575,-0.17747279530474872,-0.00047881572063652317,0.18604836305814035,1.824511179584112,0.02631218395238709,0.02631218395238709,0.1262067570391742,10.086484827948723,1.0285352111015202,43.66196317042709,-79.39616660985763,108.6487793596166,-144.44282122277033,70.65389901105867,1.0,3.1086236570727044,301.0,3.1086236570727044,3.1299439138850054,11.26779808998602,0.5989511743846638,3.1086236570727044,-0.051220640383408796,3.1299439138850054,11.26779808998602,0.0,0.0,0.0,-1.6585278584404548,0.0,0.0,0.0,23.646184888403294,0.003940452841043463,14.185630227756466,11828.080859094458,3.285578016415127,0.8080579537835435,171229.78722308893,1783556777229787.2,1783556777512206.5
302.0,670.4973622542834,24288.0,174.06773761047916,-1012.8520496412607,47.58823402308616,1028.8360070916087,0.17406773761047917,-1.0128520496412607,0.047588234023086165,1.0288360070916085,1.0289688788381572,1.0289688788381572,10.090737655658215,0.028968878838157273,0.28408765565821503,1.7070213790378053,0.8629851999999999,0.8440361790378055,0.07394318417386284,-9.932685552614469,-9.542438575023219,-0.39024697759124993,-0.2549728999999985,0.4666811551824978,0.53936575,-0.07268459481750217,-0.013180415779696752,0.17406773761047917,1.7070213790378053,0.07394318417386284,0.07394318417386284,0.2059906770081453,10.090737655658215,1.0289688788381572,43.661954427808524,-79.39616952406382,108.61639929083913,-144.67750780275037,69.68748995423698,1.0,3.095145665060735,302.0,3.095145665060735,3.1299439138850054,11.26779808998602,0.5976559716335653,3.095145665060735,-0.08360070916087427,3.1299439138850054,11.26779808998602,0.0,0.0,0.0,-2.706996712473756,0.0,0.0,0.0,16.28503993443204,0.0027070328844931344,9.745318384175283,11830.508220236443,3.286252283399012,0.7789399308381004,171423.0962336904,1783556777423096.2,1783556777836007.0
303.0,168.61295569982985,24288.0,67.08348942063884,-912.8019184072199,71.2369033327159,918.6459314989984,0.06708348942063884,-0.9128019184072199,0.0712369033327159,0.9186459314989984,0.9185051569853445,0.9185051569853445,9.007458597750329,-0.0814948430146555,-0.7991914022496711,0.6578643015269079,0.859925781972979,-0.2020614804460711,0.07512086479734327,-8.951528933148163,-9.556580425,0.6050514918518372,-0.46267389540531495,0.6985953780677783,0.5439548770405314,0.1546405010272469,-0.0134944639459582,0.06708348942063884,0.6578643015269079,0.07512086479734327,0.07512086479734327,-0.038370627429192145,9.007458597750329,0.9185051569853445,43.66194563236657,-79.39617209190835,108.6,-144.88430121843143,68.7152418002773,1.0,3.1001196385984042,303.0,3.1001196385984042,3.1352511319475034,11.286904075011012,0.596311973816443,0.4935374920961482,0.0,3.1352511319475034,11.286904075011012,0.005307218062497842,3.699505295065565e-09,3.699505295065565e-09,0.0,0.0,0.0,0.0,4.095271468037467,0.0006782201548600232,2.4415925574960835,11834.585622289182,3.2873848950803284,0.590373040238832,172210.28017111646,1783556778210280.2,1783556778155987.0
304.0,145.5406572776632,24288.0,79.40978583796075,-963.0552807239939,49.42884044053097,968.5832349332769,0.07940978583796077,-0.9630552807239938,0.04942884044053097,0.9685832349332769,0.9684371504640609,0.9684371504640609,9.497124181598382,-0.0315628495359391,-0.3095258184016171,0.7787439762878379,0.8537268242929312,-0.07498284800509342,0.02862868219698557,-9.444346068711955,-9.556580425,0.11223435628804601,-0.5556582606060296,0.484731338106133,0.5532533135606029,-0.06852197545446992,-0.0010965485858627846,0.07940978583796077,0.7787439762878379,0.02862868219698557,0.02862868219698557,-0.11611675217895419,9.497124181598382,0.9684371504640609,43.66193678271786,-79.39617430432054,108.6,-145.0624709891605,67.73700163187542,1.0,3.1240288073293185,304.0,3.1240288073293185,3.1460045562516163,11.325616402505819,0.5969440915814339,1.4935374920961402,0.0,3.1460045562516163,11.325616402505819,0.016060642366611047,1.1195400448548288e-08,1.1195400448548288e-08,0.0,0.0,0.0,0.0,3.5348914839598837,0.0005859024568742739,2.1092488447473863,11835.076806859883,3.2875213352388566,0.42038809484052725,172399.28338284872,1783556778399283.5,1783556778472045.8
305.0,122.46835885549655,24288.0,91.73608225528267,-1013.3086430407678,27.62077754834604,1018.5205383675554,0.09173608225528268,-1.0133086430407678,0.02762077754834604,1.0185205383675555,1.0183691439427773,1.0183691439427773,9.986789765446437,0.018369143942777277,0.18013976544643695,0.8996236510487678,0.8475278666128836,0.05209578443588425,-0.017863500403372132,-9.937163204275745,-9.556580425,-0.380582779275745,-0.6486426258067441,0.27086729814448773,0.5625517500806745,-0.29168445193618675,0.01130136677423263,0.09173608225528268,0.8996236510487678,-0.017863500403372132,-0.017863500403372132,-0.19386287692871623,9.986789765446437,1.0183691439427773,43.661927933069144,-79.39617651673272,108.6,-145.24064075988957,66.75876146347353,1.0,3.147937976060233,305.0,3.147937976060233,3.1567579805557298,11.364328730000626,0.5975762093464247,2.493537492096132,0.0,3.1567579805557298,11.364328730000626,0.026814066670724255,1.8691295602031013e-08,1.8691295602031013e-08,0.0,0.0,0.0,0.0,2.9745114998822997,0.0004935847588885246,1.7769051319986886,11835.567991430584,3.2876577753973844,0.25040314944222253,172588.286594581,1783556778588286.5,1783556778788104.8
306.0,48.31249066243864,24288.0,82.5624533121932,-913.2075801033835,75.16654216584851,919.6242343199683,0.0825624533121932,-0.9132075801033835,0.0751665421658485,0.9196242343199683,0.9200268948278407,0.9200268948278407,9.022381748163443,-0.07997310517215923,-0.7842682518365552,0.8096610827740193,0.8433718999999998,-0.03371081722598053,0.102152482073072,-8.955507115420845,-9.530224961554802,0.574717846133957,-0.3999279489485799,0.7371319707307182,0.5657212134451962,0.17141075728552202,-0.023188534313937907,0.0825624533121932,0.8096610827740193,0.102152482073072,0.102152482073072,0.2264845366625492,9.022381748163443,0.9200268948278407,43.66191908342048,-79.39617872914488,108.6,-145.41881052961915,65.78052129990498,1.0,3.163967402738753,306.0,3.163967402738753,3.1639673977979075,11.390282632072466,0.5995833457834151,0.3295700942982202,0.0,3.1639673977979075,11.390282632072466,0.030479476904097726,0.0017720272211700734,0.0017720272211700734,0.0,0.0,0.0,0.0,1.1734137732093097,0.00019542559981870907,0.7035321593473527,11836.673690238158,3.2879649139550438,0.13104842821516635,173377.08147827114,1783556779377081.5,1783556779104163.5
307.0,49.260667295710086,24288.0,87.30333647855042,-989.6938285206135,87.80889727613446,997.3747182482269,0.08730333647855043,-0.9896938285206134,0.08780889727613446,0.9973747182482269,0.9974553129751127,0.9974553129751127,9.781695144987388,-0.002544687024887249,-0.024954855012610633,0.8561532646773764,0.8433718999999998,0.01278136467737661,0.11455039724730057,-9.705580983461674,-9.539523397935474,-0.1660575855261991,-0.34878654885488614,0.8611111224730039,0.5564227770645247,0.3046883454084792,-0.0340367100913879,0.08730333647855043,0.8561532646773764,0.11455039724730057,0.11455039724730057,0.16979943792131957,9.781695144987388,0.9974553129751127,43.661910233771906,-79.39618094155703,108.6,-145.59698029731544,64.80228114616867,1.0,3.163967417730543,307.0,3.163967417730543,3.1639673977979075,11.390282632072466,0.5983191102723865,1.3295700942982227,0.0,3.1639673977979075,11.390282632072466,0.019726052761197488,0.007148739292620193,0.007148739292620193,0.0,0.0,0.0,0.0,1.1964430872782066,0.00019882882067555718,0.7157837544320058,11836.907023248305,3.2880297286800846,0.11468853875241197,173565.4525694144,1783556779565452.5,1783556779420222.5
308.0,50.20884392898153,24288.0,92.04421964490766,-1066.1800769378435,100.4512523864204,1075.1252021764856,0.09204421964490765,-1.0661800769378433,0.1004512523864204,1.0751252021764854,1.0748837311223847,1.0748837311223847,10.541008541811333,0.07488373112238475,0.7343585418113341,0.9026454465807336,0.8433718999999998,0.05927354658073376,0.12694831242152912,-10.455654851502501,-9.548821834316147,-0.9068330171863552,-0.2976451487611923,0.9850902742152896,0.5471243406838533,0.4379659335314363,-0.04488488586883789,0.09204421964490765,0.9026454465807336,0.12694831242152912,0.12694831242152912,0.11311433918008992,10.541008541811333,1.0748837311223847,43.661901384123325,-79.39618315396918,108.6,-145.77515006501173,63.824040992432344,1.0,3.1639674327223335,308.0,3.1639674327223335,3.1639673977979075,11.390282632072466,0.597054874761358,2.329570094298225,0.0,3.1639673977979075,11.390282632072466,0.00897262861829725,0.012525451364070312,0.012525451364070312,0.0,0.0,0.0,0.0,1.2194724013471034,0.00020223204153240528,0.7280353495166589,11837.140356258451,3.288094543405125,0.09832864928965761,173753.82366055765,1783556779753823.8,1783556779736281.2
309.0,51.79126437863035,24288.0,91.7271723553961,-1132.9540536802199,107.41293481687575,1142.4792950530418,0.09172717235539611,-1.1329540536802198,0.10741293481687575,1.1424792950530416,1.14198936258517,1.14198936258517,11.199089982595856,0.14198936258516995,1.3924399825958567,0.8995362747790453,0.8433718999999998,0.05616437477904545,0.1352238592483481,-11.110483870523128,-9.556580425,-1.5539034455231282,-0.2635085181005635,1.0533610572219145,0.53936575,0.5139953072219146,-0.05212598934230447,0.09172717235539611,0.8995362747790453,0.1352238592483481,0.1352238592483481,0.05887849758658804,11.199089982595856,1.14198936258517,43.661892522973154,-79.3961852637548,108.59472490414245,-145.94505512350048,62.844529452711825,1.0,3.162667778661047,309.0,3.162667778661047,3.163967400300072,11.390282641080258,0.5960527509585754,3.162667778661047,-0.005275095857535365,3.163967400300072,11.390282641080258,2.5021644802676703e-09,0.017011765673218937,0.017011765673218937,-0.1680325554150186,0.0,0.0,0.0,1.257906229228174,0.00020827685356349877,0.7497966728285955,11837.385531148539,3.2881626475412604,0.08441979740043601,173942.49232226948,1783556779942492.2,1783556780052751.0
310.0,56.56935448219656,24288.0,65.92548579613856,-1150.7922567335338,85.75225968070892,1157.450644044216,0.06592548579613856,-1.1507922567335338,0.08575225968070892,1.1574506440442158,1.157083109501888,1.157083109501888,11.34710907579669,0.15708310950188809,1.5404590757966907,0.6465081652827023,0.8433718999999998,-0.19686373471729757,0.12272864396457805,-11.285416884495909,-9.556580425,-1.7288364594959087,-0.3150512811461158,0.8409423973978241,0.53936575,0.3015766473978241,-0.0411926759690057,0.06592548579613856,0.6465081652827023,0.12272864396457805,0.12272864396457805,0.016983362421001597,11.34710907579669,1.157083109501888,43.66188360387163,-79.3961868564515,108.56287097011868,-146.07331802524914,61.85861197019264,1.0,3.154819676123314,310.0,3.154819676123314,3.163967415409519,11.39028269547427,0.5963712902988131,3.154819676123314,-0.037129029881308305,3.163967415409519,11.39028269547427,1.7611611668268865e-08,0.017011765673218937,0.017011765673218937,-1.1827056682059531,0.0,0.0,0.0,1.37395648166359,0.00022763145677522762,0.8194732443908195,11837.690371951636,3.288247325542121,0.08286062270489729,174132.6603083914,1783556780132660.2,1783556780371290.2
311.0,61.34744458576277,24288.0,40.12379923688102,-1168.6304597868477,64.09158454454209,1172.42199303539,0.040123799236881016,-1.1686304597868475,0.06409158454454209,1.17242199303539,1.1721768564186061,1.1721768564186061,11.495128168997523,0.17217685641860625,1.6884781689975248,0.39348005578635925,0.8433718999999998,-0.4498918442136406,0.11023342868080803,-11.460349898468689,-9.556580425,-1.903769473468689,-0.36659404419166813,0.6285237375737336,0.53936575,0.08915798757373361,-0.03025936259570693,0.040123799236881016,0.39348005578635925,0.11023342868080803,0.11023342868080803,-0.024911772744584837,11.495128168997523,1.1721768564186061,43.661874684770105,-79.3961884491482,108.53101703609491,-146.20158092699776,60.87269448767346,1.0,3.146971573585581,311.0,3.146971573585581,3.1639674305189662,11.390282749868279,0.5966898296390508,3.146971573585581,-0.06898296390508125,3.1639674305189662,11.390282749868279,3.2721058856270064e-08,0.017011765673218937,0.017011765673218937,-2.1973787809968877,0.0,0.0,0.0,1.4900067340990062,0.00024698605998695647,0.8891498159530433,11837.995212754733,3.2883320035429815,0.08130144800935857,174322.82829451337,1783556780322828.2,1783556780689829.8
312.0,58.03135827732549,24288.0,127.27875962151373,-969.9642670277589,10.191614538368624,977.9956253050843,0.12727875962151372,-0.9699642670277588,0.010191614538368622,0.9779956253050843,0.978454048538571,0.978454048538571,9.595356395100776,-0.021545951461429066,-0.21129360489922333,1.2481782480423176,0.8433718999999998,0.4048063480423178,0.09775898034966615,-9.51210007924777,-9.526929835262248,0.014829756014478841,-0.41732078438808606,0.09994559671269264,0.5395963897377505,-0.4396507930250579,-0.01880606091787326,0.12727875962151372,1.2481782480423176,0.09775898034966615,0.09775898034966615,-0.000512532750556697,9.595356395100776,0.978454048538571,43.66186576481292,-79.39619003135829,108.5,-146.32899932130945,59.88668242050498,1.0,3.1409916565108285,312.0,3.1409916565108285,3.1645138855747086,11.39224998806895,0.5950391978466568,0.02627298493916878,0.0,3.1645138855747086,11.39224998806895,0.0005464874049424598,0.017284985658922284,0.017284985658922284,0.0,0.0,0.0,0.0,1.4094656298396817,0.00023296974335199609,0.8386910760671858,11839.13730651751,3.2886492518104196,0.08463962802354977,175107.70374159882,1783556781107703.8,1783556781007839.5
313.0,59.224914220744,24288.0,99.82697292288803,-1006.6661122878779,55.54674038827196,1015.891026508622,0.09982697292288803,-1.006666112287878,0.05554674038827195,1.015891026508622,1.0163293792688821,1.0163293792688821,9.966786507207184,0.01632937926888218,0.16013650720718345,0.9789681840142399,0.8433718999999998,0.13559628401424006,0.086054194957141,-9.872022230067918,-9.518151246217855,-0.353870983850063,-0.43780415882500456,0.5447274416286472,0.5483749787821444,-0.003647537153497249,0.011919000737505195,0.09982697292288803,0.9789681840142399,0.086054194957141,0.086054194957141,-0.020020508404765283,9.966786507207184,1.0163293792688821,43.661856813143345,-79.39619122491422,108.5,-146.42511865661848,58.897164865534144,1.0,3.2042502617684328,313.0,3.2042502617684328,3.185312448986151,11.467124816350145,0.59653114277593,1.0262729849391619,0.0,3.185312448986151,11.467124816350145,0.021345036662740582,0.027684260287821345,0.027684260287821345,0.0,0.0,0.0,0.0,1.4384547165934305,0.0002383850658080783,0.8581862369090819,11839.406905024322,3.2887241402845335,0.08317908454460379,175286.7371331116,1783556781286737.2,1783556781306228.5
314.0,60.41847016416251,24288.0,72.37518622426234,-1043.367957547997,100.90186623817529,1053.7864277121596,0.07237518622426234,-1.043367957547997,0.10090186623817526,1.0537864277121596,1.0542047099991934,1.0542047099991934,10.33821661931359,0.054204709999193426,0.5315666193135902,0.7097581199861621,0.8433718999999998,-0.13361378001383772,0.07434940956461585,-10.231944380888065,-9.50937265717346,-0.7225717237146048,-0.4582875332619231,0.9895092865446016,0.5571535678265382,0.4323557187180634,0.042644062392883646,0.07237518622426234,0.7097581199861621,0.07434940956461585,0.07434940956461585,-0.03952848405897387,10.33821661931359,1.0542047099991934,43.661847861473774,-79.39619241847016,108.5,-146.52123799192748,57.90764731056331,1.0,3.267508867026037,314.0,3.267508867026037,3.206111012397594,11.541999644631339,0.5980230877052031,2.0262729849391548,0.0,3.206111012397594,11.541999644631339,0.042143585920538705,0.03808353491672041,0.03808353491672041,0.0,0.0,0.0,0.0,1.467443803347179,0.00024380038826416056,0.8776813977509779,11839.676503531131,3.2887990287586475,0.08171854106565782,175465.7705246244,1783556781465770.5,1783556781604617.5
315.0,61.612026107581016,24288.0,44.923399525636626,-1080.0698028081163,146.25699208807862,1091.6818289156972,0.044923399525636634,-1.0800698028081164,0.1462569920880786,1.0916818289156973,1.0920800407295046,1.0920800407295046,10.709646731419998,0.09208004072950468,0.9029967314199968,0.44054805595808444,0.8433718999999998,-0.4028238440419154,0.0626446241720907,-10.591866531708213,-9.500594068129066,-1.0912724635791466,-0.4787709076988417,1.434291131460556,0.5659321568709321,0.8683589745896241,0.0733691240482621,0.044923399525636634,0.44054805595808444,0.0626446241720907,0.0626446241720907,-0.05903645971318246,10.709646731419998,1.0920800407295046,43.661838909804196,-79.3961936120261,108.5,-146.61735732723648,56.918129755592474,1.0,3.330767472283642,315.0,3.330767472283642,3.226909575809037,11.616874472912532,0.5995150326344763,3.0262729849391476,0.0,3.226909575809037,11.616874472912532,0.06294213517833683,0.04848280954561947,0.04848280954561947,0.0,0.0,0.0,0.0,1.4964328901009278,0.00024921571072024275,0.8971765585928739,11839.94610203794,3.288873917232761,0.08025799758671184,175644.80391613714,1783556781644804.0,1783556781903006.5
316.0,62.92212843032032,24288.0,51.04681511703133,-1031.6665898539804,130.2148886622265,1043.0840367725975,0.051046815117031324,-1.0316665898539805,0.1302148886622265,1.0430840367725975,1.0429241894921124,1.0429241894921124,10.227592502882823,0.04292418949211234,0.4209425028828234,0.5005982494674353,0.8403015831316569,-0.3397033336642217,0.036324242965485164,-10.117193163391537,-9.527160474999999,-0.5900326883915377,-0.6031089749999996,1.2769718378994235,0.6131294947805715,0.6638423431188519,0.08335652500000001,0.051046815117031324,0.5005982494674353,0.036324242965485164,0.036324242965485164,-0.03784144039414268,10.227592502882823,1.0429241894921124,43.66182994701968,-79.39619462617037,108.5,-146.6990282987528,55.927383555539336,1.0,3.3267717660493776,316.0,3.3267717660493776,3.2582286656635473,11.72962319638877,0.5965825530813827,0.674942850765943,0.0,3.2582286656635473,11.72962319638877,0.07971259997464375,0.05186316811059144,0.05186316811059144,0.0,0.0,0.0,0.0,1.52825265531562,0.0002532268202408976,0.9116165528672313,11841.126942120969,3.2892019283669356,0.07729957440987281,176424.19045828862,1783556782424190.5,1783556782208723.5
317.0,67.25157414117452,24288.0,88.15634978149586,-998.5772547781662,102.38273766387812,1010.6131939411911,0.08815634978149586,-0.9985772547781662,0.10238273766387809,1.010613193941191,1.0105170393668612,1.0105170393668612,9.90978692410703,0.010517039366861207,0.10313692410702946,0.8645184675847062,0.8357525804051911,0.028765887179515226,0.0029648896380686587,-9.792697635570303,-9.527160474999999,-0.2655371605703041,-0.6031089749999996,1.0040316743114701,0.620711165991348,0.3833205083201222,0.08335652500000001,0.08815634978149586,0.8645184675847062,0.0029648896380686587,0.0029648896380686587,-0.09390758044022085,9.90978692410703,1.0105170393668612,43.66182097888214,-79.39619555390874,108.5,-146.7737408382475,54.93604563150924,1.0,3.2903859178313337,317.0,3.2903859178313337,3.294614513881591,11.860612249973729,0.5959640608369751,1.6749428507659405,0.0,3.294614513881591,11.860612249973729,0.09454311140980248,0.05186316811059144,0.05186316811059144,0.0,0.0,0.0,0.0,1.6334062327408465,0.0002703560041825863,0.9732816150573107,11841.457650121973,3.2892937917005476,0.07729957440987281,176608.19190099993,1783556782608192.0,1783556782517969.5
318.0,71.5810198520287,24288.0,125.2658844459604,-965.487919702352,74.5505866655297,978.1423511097846,0.1252658844459604,-0.9654879197023519,0.0745505866655297,0.9781423511097846,0.97810988924161,0.97810988924161,9.591981345331234,-0.021890110758389925,-0.2146686546687646,1.2284386857019771,0.8312035776787252,0.39723510802325224,-0.030394463689347853,-9.46820210774907,-9.527160474999999,0.0589583672509294,-0.6031089749999996,0.7310915107235169,0.6282928372021246,0.10279867352139238,0.08335652500000001,0.1252658844459604,1.2284386857019771,-0.030394463689347853,-0.030394463689347853,-0.14997372048629903,9.591981345331234,0.97810988924161,43.6618120107446,-79.39619648164711,108.5,-146.8484533777422,53.94470770747914,1.0,3.2540000696132902,318.0,3.2540000696132902,3.3310003620996347,11.991601303558685,0.5953455685925673,2.6749428507659383,0.0,3.3310003620996347,11.991601303558685,0.10937362284496122,0.05186316811059144,0.05186316811059144,0.0,0.0,0.0,0.0,1.7385598101660733,0.00028748518812427503,1.03494667724739,11841.788358122974,3.289385655034159,0.07729957440987281,176792.19334371123,1783556782792193.2,1783556782827215.8
319.0,65.12746071705838,24288.0,103.59793211235785,-978.7657574423048,54.84350724821835,985.8932181593632,0.10359793211235785,-0.9787657574423048,0.054843507248218355,0.9858932181593631,0.9858395135360067,0.9858395135360067,9.66778306541788,-0.014160486463993269,-0.13886693458211957,1.015948660949654,0.8458718252818809,0.17007683566777299,-0.3236194499999999,-9.598413215221578,-9.527160474999999,-0.07125274022157868,-0.5881094233087132,0.5378310803557405,0.632528925,-0.09469784464425954,-0.05393657500000004,0.10359793211235785,1.015948660949654,-0.3236194499999999,-0.3236194499999999,-0.40266764042632763,9.66778306541788,0.9858395135360067,43.66180304871777,-79.39619750984286,108.48725392829417,-146.9312559423757,52.95404526272467,1.0,3.262776915911149,319.0,3.262776915911149,3.365439745398351,12.115583083434064,0.5957647643023503,0.4412725532262153,-0.012746071705837043,3.365439745398351,12.115583083434064,0.11677244071235249,0.05582632404336836,0.05582632404336836,-0.36816779730024046,0.0,0.0,0.0,1.581815765895914,0.00026177952888968076,0.9424063040028506,11843.035268810028,3.2897320191138966,0.0762476845481774,177566.60389095207,1783556783566604.0,1783556783127460.8
320.0,65.41630876828316,24288.0,100.4206035488852,-1009.9613469745818,65.81973319476026,1017.3776557428649,0.10042060354888518,-1.0099613469745818,0.06581973319476025,1.0173776557428649,1.0172418822171854,1.0172418822171854,9.97573510424516,0.017241882217185457,0.1690851042451617,0.9847897117926748,0.851537088764968,0.13325262302770677,-0.3236194499999999,-9.904337443308282,-9.527160474999999,-0.3771769683082829,-0.5541178424101907,0.6454710865343956,0.632528925,0.012942161534395591,-0.05393657500000004,0.10042060354888518,0.9847897117926748,-0.3236194499999999,-0.3236194499999999,-0.26936732317721906,9.97573510424516,1.0172418822171854,43.66179409442819,-79.39619866523508,108.45836912317169,-147.02430187940368,51.96423809167408,1.0,3.328737552163328,320.0,3.328737552163328,3.397414567131524,12.230692441673485,0.597497852609699,1.4412725532262207,-0.04163087682831409,3.397414567131524,12.230692441673485,0.1147614479265186,0.06480752150013668,0.06480752150013668,-1.2024997642637596,0.0,0.0,0.0,1.5888313073640616,0.00026371075155494025,0.9493587055977849,11843.313547277905,3.2898093186883064,0.07659590535908405,177740.2015697382,1783556783740201.5,1783556783416308.8
321.0,65.70515681950795,24288.0,97.24327498541254,-1041.1569365068588,76.79595914130215,1048.8620933263667,0.09724327498541253,-1.0411569365068587,0.07679595914130215,1.0488620933263666,1.0486442508983642,1.0486442508983642,10.283687143072441,0.048644250898364175,0.47703714307244294,0.9536307626356957,0.8572023522480552,0.09642841038764055,-0.3236194499999999,-10.210261671394985,-9.527160474999999,-0.6831011963949871,-0.5201262615116682,0.7531110927130507,0.632528925,0.12058216771305069,-0.05393657500000004,0.09724327498541253,0.9536307626356957,-0.3236194499999999,-0.3236194499999999,-0.1360670059281105,10.283687143072441,1.0486442508983642,43.6617851401386,-79.39619982062729,108.4294843180492,-147.11734781643162,50.9744309206235,1.0,3.394698188415507,321.0,3.394698188415507,3.4293893888646965,12.345801799912907,0.5992309409170476,2.441272553226226,-0.07051568195079114,3.4293893888646965,12.345801799912907,0.11275045514068471,0.07378871895690499,0.07378871895690499,-2.036831731227279,0.0,0.0,0.0,1.595846848832209,0.0002656419742201998,0.9563111071927192,11843.59182574578,3.2898866182627162,0.07694412616999068,177913.79924852427,1783556783913799.2,1783556783705156.8
322.0,65.99400487073274,24288.0,94.06594642193988,-1072.3525260391357,87.77218508784406,1080.3465309098685,0.09406594642193988,-1.0723525260391358,0.08777218508784405,1.0803465309098685,1.0800466195795428,1.0800466195795428,10.591639181899723,0.0800466195795429,0.7849891818997242,0.9224718134787167,0.8628676157311423,0.05960419774757433,-0.3236194499999999,-10.516185899481691,-9.527160474999999,-0.9890254244816914,-0.4861346806131457,0.8607510988917058,0.632528925,0.2282221738917058,-0.05393657500000004,0.09406594642193988,0.9224718134787167,-0.3236194499999999,-0.3236194499999999,-0.002766688679001983,10.591639181899723,1.0800466195795428,43.66177618584901,-79.39620097601949,108.40059951292673,-147.21039375345958,49.98462374957291,1.0,3.4606588246676866,322.0,3.4606588246676866,3.461364210597869,12.46091115815233,0.6009640292243964,3.441272553226231,-0.09940048707326819,3.461364210597869,12.46091115815233,0.11073946235485083,0.0827699164136733,0.0827699164136733,-2.871163698190798,0.0,0.0,0.0,1.6028623903003567,0.0002675731968854593,0.9632635087876534,11843.870104213656,3.289963917837126,0.07729234698089732,178087.3969273104,1783556784087397.0,1783556783994004.8
323.0,60.77110552275054,24288.0,130.87746631323301,-1028.96720440211,55.25060827406918,1042.746508824333,0.13087746631323302,-1.0289672044021099,0.05525060827406918,1.0427465088243328,1.0424037066425365,1.0424037066425365,10.22248830974603,0.0424037066425365,0.4158383097460306,1.2834695050206666,0.8629851999999999,0.42048430502066675,-0.2588473177574925,-10.09072123504995,-9.527160474999999,-0.5635607600499513,-0.34508955514123385,0.5418233776309004,0.6406254415303134,-0.09880206389941304,-0.041791800204529855,0.13087746631323302,1.2834695050206666,-0.2588473177574925,-0.2588473177574925,0.10904399367425494,10.22248830974603,1.0424037066425365,43.66176719344088,-79.396201,108.4,-147.21232495021826,48.990602955093465,1.0,3.4885052718827105,323.0,3.4885052718827105,3.4885052718827105,12.558618978777758,0.5990735651925923,3.4885052718827105,-0.07247950275131451,3.4885052718827105,12.558618978777758,0.10671057373535099,0.08295632390196972,0.08295632390196972,-2.0935563123458665,0.0,0.0,0.0,1.476008610936565,0.00024580057791349073,0.8848820804885666,11844.062488859785,3.2900173580166063,0.07930358388510289,178254.47175365716,1783556784254471.8,1783556784275205.0
324.0,55.4313834885537,24288.0,168.53655855441076,-984.0011241141365,21.807086059888974,1003.6822265741561,0.16853655855441074,-0.9840011241141364,0.021807086059888958,1.003682226574156,1.003297363928207,1.003297363928207,9.838986093966549,0.0032973639282069533,0.03233609396655068,1.6527790419476123,0.8629851999999999,0.7897938419476123,-0.19270232606908436,-9.649754623793896,-9.527160474999999,-0.12259414879389718,-0.201775406483016,0.21385446050920998,0.6488935654913645,-0.43503910498215437,-0.029389614262953296,0.16853655855441074,1.6527790419476123,-0.19270232606908436,-0.19270232606908436,0.22039919853689488,9.838986093966549,1.003297363928207,43.661758200224824,-79.396201,108.4,-147.21232495021826,47.99649285194799,1.0,3.515543880562381,324.0,3.515543880562381,3.515543880562381,12.655957970024572,0.5971062991799935,3.515543880562381,-0.04437570257133275,3.515543880562381,12.655957970024572,0.1026389153742944,0.08295632390196972,0.08295632390196972,-1.2817835209460158,0.0,0.0,0.0,1.3463174421699924,0.0002235255508569162,0.8046919830848983,11844.25305296766,3.2900702924910163,0.08135006877749916,178421.40832672626,1783556784421408.2,1783556784556243.0
325.0,50.09166145435686,24288.0,206.19565079558845,-939.035043826163,-11.636436154291246,964.6179443239791,0.20619565079558846,-0.939035043826163,-0.011636436154291246,0.9646179443239791,0.9641910212138773,0.9641910212138773,9.455483878187069,-0.0358089787861226,-0.35116612181292917,2.0220885788745577,0.8629851999999999,1.159103378874558,-0.12655733438067623,-9.208788012537841,-9.527160474999999,0.3183724624621569,-0.05846125782479822,-0.11411445661248043,0.6571616894524155,-0.7712761460648958,-0.016987428321376737,0.20619565079558846,2.0220885788745577,-0.12655733438067623,-0.12655733438067623,0.3317544033995348,9.455483878187069,0.9641910212138773,43.66174920700877,-79.396201,108.4,-147.21232495021826,47.00238274880252,1.0,3.5425824892420517,325.0,3.5425824892420517,3.5425824892420517,12.753296961271387,0.5951390331673946,3.5425824892420517,-0.01627190239135097,3.5425824892420517,12.753296961271387,0.09856725701323782,0.08295632390196972,0.08295632390196972,-0.4700107295461651,0.0,0.0,0.0,1.2166262734034194,0.00020125052380034168,0.7245018856812301,11844.443617075534,3.290123226965426,0.08339655366989543,178588.34489979537,1783556784588345.0,1783556784837281.0
326.0,2349.726120327359,24288.0,-27.923944835625537,-1022.416573534244,78.76390441095933,1025.416573534244,-0.027923944835625537,-1.0224165735342439,0.07876390441095933,1.025416573534244,1.0259209010732133,1.0259209010732133,10.060847204509628,0.0259209010732133,0.2541972045096272,-0.27384035362228715,0.8456872068082656,-1.1195275604305526,-0.0859445431917343,-10.026481490849593,-9.527160474999999,-0.4993210158495944,-0.48542917500000016,0.7724100431917342,0.6878958647876015,0.08451417840413286,-0.015016090318597786,-0.027923944835625537,-0.27384035362228715,-0.0859445431917343,-0.0859445431917343,0.0038978229095382707,10.060847204509628,1.0259209010732133,43.66174022247058,-79.39620064585662,108.4,-147.18380510832822,46.009231897246714,1.0,3.559202588119785,326.0,3.559202588119785,3.559202588119785,12.813129317231226,0.5931180477945203,0.42100704220985163,0.0,3.559202588119785,12.813129317231226,0.08581737618990412,0.08295632390196972,0.08295632390196972,0.0,0.0,0.0,0.0,57.07014801051089,0.009407268250211879,33.866165700762764,11881.079257262709,3.3002997936840854,1.124780867020485,179348.12038994508,1783556785348120.5,1783556785118047.8
327.0,4216.027729447981,24288.0,-15.867008358434017,-1025.7812999929952,78.20311666783414,1028.7812999929952,-0.015867008358434017,-1.0257812999929952,0.07820311666783414,1.0287812999929953,1.0290979765011463,1.0290979765011463,10.092003671254966,0.029097976501146414,0.28535367125496747,-0.15560219751823695,0.8511866559293841,-1.006788853447621,-0.08044509407061563,-10.059478185576305,-9.527160474999999,-0.532317710576306,-0.48542917500000016,0.7669105940706157,0.6796466911059235,0.08726390296469215,-0.027389850841114706,-0.015867008358434017,-0.15560219751823695,-0.08044509407061563,-0.08044509407061563,0.013156154763273392,10.092003671254966,1.0290979765011463,43.66173124986668,-79.396199804675,108.4,-147.11606314909557,45.017400263327374,1.0,3.5614945565835323,327.0,3.5614945565835323,3.5614945565835323,12.821380403700717,0.5933984416660829,1.421007042209853,0.0,3.5614945565835323,12.821380403700717,0.06113270761237844,0.08295632390196972,0.08295632390196972,0.0,0.0,0.0,0.0,102.39888149283257,0.016889467931110326,60.802084551997176,11914.331315615993,3.3095364765599977,3.578225654991197,179514.67434965327,1783556785514674.2,1783556785398441.8
328.0,6082.329338568604,24288.0,-3.8100718812424965,-1029.1460264517464,77.64232892470895,1032.1460264517464,-0.003810071881242494,-1.0291460264517462,0.07764232892470896,1.0321460264517464,1.0322750519290795,1.0322750519290795,10.123160138000307,0.03227505192907952,0.3165101380003077,-0.037364041414186755,0.8566861050505028,-0.8940501464646895,-0.07494564494949697,-10.092474880303016,-9.527160474999999,-0.5653144053030175,-0.48542917500000016,0.761411144949497,0.6713975174242456,0.09001362752525142,-0.03976361136363163,-0.003810071881242494,-0.037364041414186755,-0.07494564494949697,-0.07494564494949697,0.02241448661700851,10.123160138000307,1.0322750519290795,43.6617222772628,-79.39619896349339,108.4,-147.04832118986292,44.02556862940804,1.0,3.5637865250472798,328.0,3.5637865250472798,3.5637865250472798,12.829631490170208,0.5936788355376454,2.421007042209854,0.0,3.5637865250472798,12.829631490170208,0.03644803903485276,0.08295632390196972,0.08295632390196972,0.0,0.0,0.0,0.0,147.72761497515427,0.024371667612008773,87.73800340323159,11947.583373969277,3.31877315943591,6.031670442961908,179681.22830936144,1783556785681228.2,1783556785678835.5
329.0,7948.630947689226,24288.0,8.246864595949027,-1032.5107529104973,77.08154118158376,1035.5107529104973,0.008246864595949026,-1.0325107529104973,0.07708154118158377,1.0355107529104974,1.0354521273570125,1.0354521273570125,10.154316604745647,0.035452127357012635,0.3476666047456479,0.0808741146898635,0.8621855541716215,-0.781311439481758,-0.06944619582837831,-10.125471575029728,-9.527160474999999,-0.598311100029729,-0.48542917500000016,0.7559116958283784,0.6631483437425677,0.09276335208581071,-0.052137371886148545,0.008246864595949026,0.0808741146898635,-0.06944619582837831,-0.06944619582837831,0.03167281847074363,10.154316604745647,1.0354521273570125,43.6617133046589,-79.39619812231177,108.4,-146.98057923063027,43.0337369954887,1.0,3.5660784935110272,329.0,3.5660784935110272,3.5660784935110272,12.837882576639698,0.5939592294092081,3.4210070422098555,0.0,3.5660784935110272,12.837882576639698,0.011763370457327074,0.08295632390196972,0.08295632390196972,0.0,0.0,0.0,0.0,193.05634845747593,0.03185386729290722,114.67392225446599,11980.835432322561,3.3280098423118223,8.48511523093262,179847.78226906963,1783556785847782.2,1783556785959229.5
330.0,14540.494660145154,24288.0,53.227327826258666,-1090.038792314946,37.312647930187524,1092.2696992018957,0.053227327826258664,-1.090038792314946,0.03731264793018752,1.0922696992018956,1.0921849943290833,1.0921849943290833,10.710675974637303,0.09218499432908331,0.9040259746373047,0.5219817744273796,0.8931541079083807,-0.3711723334810011,-0.06864654999999986,-10.689628922655364,-9.497740524999998,-1.1918883976553665,-0.48542917500000016,0.36591207882457344,0.697029882557262,-0.33111780373268856,-0.059597632557262054,0.053227327826258664,0.5219817744273796,-0.06864654999999986,-0.06864654999999986,0.0,10.710675974637303,1.0921849943290833,43.661704380072734,-79.39619661455868,108.37690931130504,-146.85915699953782,42.04721323970185,1.0,3.5974980059286956,330.0,3.5974980059286956,3.5974980059286956,12.950992821343304,0.5990763724522014,0.8545952856791208,-0.023090688694967304,3.5974980059286956,12.950992821343304,0.03737289593190371,0.0811557125510413,0.0811557125510413,-0.6238975493342952,0.0,0.0,0.0,353.1595343056055,0.05877351769218286,211.58466369185828,12246.864705602251,3.4019068626672913,8.841857669429542,180609.620504622,1783556786609620.5,1783556786230907.0
331.0,14303.534144157846,24288.0,46.47246705124989,-1015.1949349278489,47.03964744620015,1017.6960362457988,0.0464724670512499,-1.0151949349278488,0.04703964744620015,1.0176960362457987,1.0176630459658387,1.0176630459658387,9.979865309720891,0.017663045965838675,0.17321530972089172,0.45573921900813974,0.8825552990413023,-0.4268160800331625,-0.06864654999999986,-9.955661408610188,-9.497740524999998,-0.45792088361019023,-0.48542917500000016,0.4613013586282787,0.703654138099186,-0.24235277947090725,-0.06622188809918599,0.0464724670512499,0.45573921900813974,-0.06864654999999986,-0.06864654999999986,0.0,9.979865309720891,1.0176630459658387,43.66169546365651,-79.39619499339209,108.349889868205,-146.72860136375047,41.061592590351964,1.0,3.6338734106599087,331.0,3.6338734106599087,3.6338734106599087,13.081944278375671,0.5979955947282,1.8545952856791164,-0.05011013179500469,3.6338734106599087,13.081944278375671,0.0715397034798692,0.07904873702578138,0.07904873702578138,-1.3539478547703943,0.0,0.0,0.0,347.40423729330575,0.05771319554554587,207.7675039639651,12301.097952158736,3.416971653377426,8.841857669429542,180770.6563854982,1783556786770656.5,1783556786501101.2
332.0,14066.57362817054,24288.0,39.71760627624113,-940.3510775407517,56.76664696221278,943.122373289702,0.03971760627624113,-0.9403510775407516,0.056766646962212786,0.943122373289702,0.943141097602594,0.943141097602594,9.249054644804477,-0.05685890239740596,-0.5575953551955215,0.3894966635889,0.8719564901742239,-0.48245982658532394,-0.06864654999999986,-9.221693894565012,-9.497740524999998,0.27604663043498556,-0.48542917500000016,0.556690638431984,0.7102783936411099,-0.15358775520912593,-0.07284614364110992,0.03971760627624113,0.3894966635889,-0.06864654999999986,-0.06864654999999986,0.0,9.249054644804477,0.943141097602594,43.661686547240286,-79.39619337222551,108.32287042510497,-146.59804572796313,40.075971941002074,1.0,3.6702488153911212,332.0,3.6702488153911212,3.6702488153911212,13.212895735408038,0.5969148170041986,2.8545952856791117,-0.07712957489504207,3.6702488153911212,13.212895735408038,0.1057065110278347,0.07694176150052146,0.07694176150052146,-2.083998160206493,0.0,0.0,0.0,341.64894028100605,0.05665287339890887,203.95034423607194,12355.331198715223,3.4320364440875615,8.841857669429542,180931.69226637442,1783556786931692.2,1783556786771295.8
333.0,13635.51114251479,24288.0,36.13491638568418,-880.1613184941862,69.10560843400803,883.7771597592874,0.036134916385684175,-0.8801613184941862,0.06910560843400804,0.8837771597592874,0.8838360990023918,0.8838360990023918,8.667471280281804,-0.11616390099760825,-1.1391787197181948,0.3543624777736697,0.8615760207267721,-0.5072135429531025,-0.06945179529898717,-8.631433994011012,-9.497740524999998,0.8663065309889865,-0.48542917500000016,0.6776945149493648,0.7170933179484809,-0.039398802999116,-0.07563484145354435,0.036134916385684175,0.3543624777736697,-0.06945179529898717,-0.06945179529898717,-0.0013556318164769422,8.667471280281804,0.8838360990023918,43.66167764514922,-79.39619163049524,108.3,-146.4577808692093,39.09193479430264,1.0,3.7026451356035612,333.0,3.7026451356035612,3.7026451356035612,13.32952248817282,0.5959178878313198,3.7026451356035612,-0.09589439156600015,3.7026451356035612,13.32952248817282,0.13070613086486363,0.07415405531756662,0.07415405531756662,-2.591013056530037,0.0,0.0,0.0,331.1792946293992,0.05482400063959159,197.36640230252976,12406.124381023876,3.44614566139552,8.849962657918017,181092.387314098,1783556787092387.2,1783556787041056.0
334.0,12134.51004360107,24288.0,50.038025958807324,-900.74861536208,95.84235761309101,908.3749690040437,0.050038025958807325,-0.9007486153620801,0.09584235761309101,0.9083749690040437,0.9084107341601401,0.9084107341601401,8.908466126151536,-0.09158926583985996,-0.8981838738484627,0.49070540726893785,0.8523990927799753,-0.3616936855110374,-0.07469575412572829,-8.833326408840543,-9.497740524999998,0.664414116159455,-0.48542917500000016,0.939892456286419,0.7249592561885925,0.21493320009782646,-0.057280985559950565,0.050038025958807325,0.49070540726893785,-0.07469575412572829,-0.07469575412572829,-0.010183845329509144,8.908466126151536,0.9084107341601401,43.66166882202199,-79.39618922418781,108.3,-146.26399634461006,38.116626310340635,1.0,3.7131077465428555,334.0,3.7131077465428555,3.7131077465428555,13.36718788755428,0.5953831528477381,3.7131077465428555,-0.06915764238691488,3.7131077465428555,13.36718788755428,0.10517391878040701,0.06761399145817806,0.06761399145817806,-1.8686009834058295,0.0,0.0,0.0,294.7229799389828,0.048758684642968016,175.53126471468485,12437.95506863382,3.4549875190649497,8.902744370494574,181251.20360422175,1783556787251203.5,1783556787308423.5
335.0,10633.508944687352,24288.0,63.94113553193048,-921.3359122299739,122.579106792174,932.9727782488001,0.06394113553193048,-0.9213359122299739,0.122579106792174,0.9329727782488001,0.9329853693178883,0.9329853693178883,9.14946097202127,-0.06701463068211169,-0.6571890279787305,0.6270483367642059,0.8432221648331784,-0.2161738280689724,-0.07993971295246942,-9.035218823670075,-9.497740524999998,0.46252170132992343,-0.48542917500000016,1.2020903976234731,0.7328251944287041,0.46926520319476894,-0.03892712966635678,0.06394113553193048,0.6270483367642059,-0.07993971295246942,-0.07993971295246942,-0.019012058842541344,9.14946097202127,0.9329853693178883,43.661659998894756,-79.39618681788039,108.3,-146.07021182001083,37.14131782637863,1.0,3.7235703574821497,335.0,3.7235703574821497,3.7235703574821497,13.404853286935738,0.5948484178641565,3.7235703574821497,-0.042420893207829616,3.7235703574821497,13.404853286935738,0.0796417066959504,0.061073927598789504,0.061073927598789504,-1.146188910281622,0.0,0.0,0.0,258.2666652485664,0.04269336864634444,153.69612712683997,12469.785756243768,3.4638293767343793,8.95552608307113,181410.01989434552,1783556787410020.0,1783556787575791.0
336.0,9132.507845773633,24288.0,77.84424510505363,-941.9232090978678,149.31585597125698,957.5705874935564,0.07784424510505362,-0.9419232090978679,0.149315855971257,0.9575705874935564,0.9575600044756366,0.9575600044756366,9.390455817891002,-0.042439995524363394,-0.4161941821089983,0.7633912662594742,0.8340452368863814,-0.07065397062690737,-0.08518367177921055,-9.237111238499606,-9.497740524999998,0.26062928650039197,-0.48542917500000016,1.4642883389605275,0.7406911326688157,0.7235972062917114,-0.020573273772762996,0.07784424510505362,0.7633912662594742,-0.08518367177921055,-0.08518367177921055,-0.027840272355573546,9.390455817891002,0.9575600044756366,43.661651175767524,-79.39618441157296,108.3,-145.8764272954116,36.16600934241663,1.0,3.734032968421444,336.0,3.734032968421444,3.734032968421444,13.442518686317198,0.5943136828805748,3.734032968421444,-0.01568414402874435,3.734032968421444,13.442518686317198,0.054109494611493794,0.05453386373940094,0.05453386373940094,-0.42377683715741465,0.0,0.0,0.0,221.81035055815005,0.036628052649720855,131.86098953899509,12501.616443853714,3.472671234403809,9.008307795647687,181568.83618446926,1783556787568836.2,1783556787843158.5
337.0,3282.846801878376,24288.0,80.44749682714321,-968.2412940350292,70.53305260174257,974.4591939081149,0.08044749682714321,-0.9682412940350292,0.07053305260174257,0.974459193908115,0.9743229439112399,0.9743229439112399,9.55484409790716,-0.025677056088760142,-0.2518059020928396,0.788920444759904,0.8253612508427971,-0.03644080608289318,-0.08825985000000003,-9.495203486148618,-9.497740524999998,0.0025370388513792363,0.028008044100420904,0.6916929602968788,0.7453053999999999,-0.05361243970312117,-0.07097416273361334,0.08044749682714321,0.788920444759904,-0.08825985000000003,-0.08825985000000003,0.0,9.55484409790716,0.9743229439112399,43.66164240465209,-79.39618169260075,108.3,-145.6574632804773,35.19645024221588,1.0,3.746065418244994,337.0,3.746065418244994,3.740170479597147,13.464613726549729,0.5945447496827143,0.4133862750594505,0.0,3.740170479597147,13.464613726549729,0.03486852526065094,0.04988161485057615,0.04988161485057615,0.0,0.0,0.0,0.0,79.733783124022,0.013183524616828667,47.4606886205832,12572.104987692715,3.4922513854701984,8.745253101414837,182321.26101198918,1783556788321261.0,1783556788108950.0
338.0,4521.027246559961,24288.0,93.62523676628311,-993.0154451206123,59.72730585164784,999.7604545912636,0.09362523676628312,-0.9930154451206122,0.059727305851647844,0.9997604545912636,0.9996484595391041,0.9996484595391041,9.803202565739156,-0.0003515404608959091,-0.003447434260844817,0.9181499281340703,0.8292381353440221,0.08891179279004818,-0.08825985000000003,-9.738154914892052,-9.497740524999998,-0.24041438989205383,0.0008698525918453409,0.5857247839300623,0.7453053999999999,-0.1595806160699376,-0.05288203506123006,0.09362523676628312,0.9181499281340703,-0.08825985000000003,-0.08825985000000003,0.0,9.803202565739156,0.9996484595391041,43.66163370734373,-79.39617852994317,108.3,-145.40276843578712,34.235049776270266,1.0,3.7603255400814035,338.0,3.7603255400814035,3.740170479597147,13.464613726549729,0.5958625236766283,1.4133862750594477,0.0,3.740170479597147,13.464613726549729,0.024555112428077987,0.04790826034865786,0.04790826034865786,0.0,0.0,0.0,0.0,109.80670976444836,0.018211961268552814,65.56306056679013,12600.743599603598,3.500206555445444,8.51156230459094,182479.13033646008,1783556788479130.2,1783556788372504.8
339.0,5759.207691241547,24288.0,106.80297670542302,-1017.7895962061953,48.92155910155313,1025.061715274412,0.10680297670542302,-1.0177895962061954,0.04892155910155312,1.0250617152744121,1.0249739751669684,1.0249739751669684,10.051561033571149,0.024973975166968324,0.24491103357115002,1.0473794115082367,0.833115019845247,0.21426439166298955,-0.08825985000000003,-9.981106343635485,-9.497740524999998,-0.4833658186354869,-0.02626833891673022,0.4797566075632459,0.7453053999999999,-0.265548792436754,-0.034789907388846776,0.10680297670542302,1.0473794115082367,-0.08825985000000003,-0.08825985000000003,0.0,10.051561033571149,1.0249739751669684,43.66162501003537,-79.39617536728558,108.3,-145.14807359109693,33.27364931032464,1.0,3.774585661917813,339.0,3.774585661917813,3.740170479597147,13.464613726549729,0.5971802976705423,2.4133862750594446,0.0,3.740170479597147,13.464613726549729,0.014241699595505027,0.04593490584673957,0.04593490584673957,0.0,0.0,0.0,0.0,139.8796364048747,0.02324039792027696,83.66543251299706,12629.382211514483,3.508161725420689,8.277871507767046,182636.99966093097,1783556788636999.8,1783556788636059.5
340.0,6997.388135923133,24288.0,119.98071664456293,-1042.5637472917783,38.1158123514584,1050.3629759575608,0.11998071664456292,-1.0425637472917784,0.0381158123514584,1.0503629759575608,1.0502994907948326,1.0502994907948326,10.299919501403144,0.05029949079483256,0.4932695014031448,1.176608894882403,0.8369919043464721,0.3396169905359309,-0.08825985000000003,-10.224057772378918,-9.497740524999998,-0.72631724737892,-0.0534065304253058,0.3737884311964295,0.7453053999999999,-0.3715169688035704,-0.016697779716463496,0.11998071664456292,1.176608894882403,-0.08825985000000003,-0.08825985000000003,0.0,10.299919501403144,1.0502994907948326,43.66161631272702,-79.396172204628,108.3,-144.89337874640677,32.31224884437903,1.0,3.7888457837542227,340.0,3.7888457837542227,3.740170479597147,13.464613726549729,0.5984980716644562,3.413386275059442,0.0,3.740170479597147,13.464613726549729,0.003928286762932068,0.043961551344821284,0.043961551344821284,0.0,0.0,0.0,0.0,169.95256304530105,0.028268834572001113,101.767804459204,12658.020823425366,3.5161168953959345,8.044180710943149,182794.86898540187,1783556788794869.0,1783556788899614.2
341.0,3260.7954108032886,24288.0,66.64055205615463,-1032.5007994268524,53.702907350642555,1038.1701308496938,0.06664055205615463,-1.0325007994268525,0.05370290735064255,1.0381701308496938,1.0379159237967814,1.0379159237967814,10.178478194101707,0.037915923796781534,0.3718281941017076,0.6535205698214888,0.8752317529509865,-0.22171118312949778,-0.08498574020043854,-10.125373964699342,-9.527160474999999,-0.5982134896993434,0.04986745684857536,0.5266456163701788,0.7207966146993421,-0.19415099832916335,-0.021266034298465,0.06664055205615463,0.6535205698214888,-0.08498574020043854,-0.08498574020043854,0.00550270554548148,10.178478194101707,1.0379159237967814,43.66160765813945,-79.39616882986914,108.28330668577158,-144.62160298215406,31.35557073462228,1.0,3.7799956365466936,341.0,3.7799956365466936,3.74920270727238,13.497129746180567,0.595,0.6191089383598329,-0.016693314228412692,3.74920270727238,13.497129746180567,0.009032227675233076,0.042795236421362515,0.042795236421362515,-0.4501093792423609,0.0,0.0,0.0,79.19819893759028,0.01308970232440728,47.12292836786621,12725.486882254965,3.5348574672930453,6.717376935040797,183549.32521965905,1783556789549325.2,1783556789166933.2
342.0,2210.568949981609,24288.0,40.21636895974266,-1033.3097029910282,90.37320225994895,1041.6753796277892,0.04021636895974266,-1.0333097029910283,0.09037320225994896,1.0416753796277893,1.0413395729200088,1.0413395729200088,10.212052722776004,0.041339572920008755,0.40540272277600375,0.3943878546590604,0.8633328017445486,-0.4689449470854882,-0.0796973174420216,-10.133306598836967,-9.527160474999999,-0.6061461238369681,0.06705483081342972,0.8862583639425284,0.7287292488369674,0.1575291151055609,-0.03977551395292416,0.04021636895974266,0.3943878546590604,-0.0796973174420216,-0.0796973174420216,0.014390811021812491,10.212052722776004,1.0413395729200088,43.66159902983476,-79.39616532462037,108.25634323363239,-144.339318615646,30.401797934659616,1.0,3.756927482837343,342.0,3.756927482837343,3.763791783791226,13.549650421648414,0.595,1.6191089383598383,-0.04365676636760705,3.763791783791226,13.549650421648414,0.023621304194079096,0.042125432116276416,0.042125432116276416,-1.1771371305050229,0.0,0.0,0.0,53.69029865715332,0.008873813250279507,31.94572770100622,12725.549227623558,3.5348747854509877,4.718063141439664,183709.7577598873,1783556789709757.8,1783556789436567.8
343.0,1160.3424891599293,24288.0,13.792185863330687,-1034.1186065552042,127.04349716925536,1045.1806284058848,0.013792185863330697,-1.0341186065552042,0.12704349716925536,1.0451806284058847,1.044763222043236,1.044763222043236,10.2456272514503,0.04476322204323597,0.4389772514503,0.13525513949663193,0.8514338505381106,-0.7161787110414786,-0.07440889468360465,-10.141239232974591,-9.527160474999999,-0.6140787579745928,0.08424220477828409,1.2458711115148782,0.7366618829745928,0.5092092285402852,-0.05828499360738333,0.013792185863330697,0.13525513949663193,-0.07440889468360465,-0.07440889468360465,0.023278916498143502,10.2456272514503,1.044763222043236,43.66159040153008,-79.3961618193716,108.2293797814932,-144.0570342491379,29.44802513469695,1.0,3.7338593291279922,343.0,3.7338593291279922,3.778380860310072,13.60217109711626,0.595,2.6191089383598434,-0.0706202185068014,3.778380860310072,13.60217109711626,0.03821038071292511,0.04145562781119032,0.04145562781119032,-1.9041648817676848,0.0,0.0,0.0,28.182398376716364,0.004657924176151731,16.76852703414623,12725.61157299215,3.53489210360893,2.7187493478385303,183870.1903001155,1783556789870190.2,1783556789706202.2
344.0,110.11602833824963,24288.0,-12.631997233081279,-1034.92751011938,163.71379207856177,1048.6858771839802,-0.012631997233081269,-1.03492751011938,0.16371379207856177,1.0486858771839802,1.0481868711664633,1.0481868711664633,10.279201780124597,0.04818687116646318,0.47255178012459614,-0.12387757566579649,0.8395348993316726,-0.963412474997469,-0.0691204719251877,-10.149171867112216,-9.527160474999999,-0.6220113921122176,0.10142957874313846,1.6054838590872278,0.7445945171122181,0.8608893419750095,-0.0767944732618425,-0.012631997233081269,-0.12387757566579649,-0.0691204719251877,-0.0691204719251877,0.03216702197447451,10.279201780124597,1.0481868711664633,43.66158177322539,-79.39615831412281,108.20241632935401,-143.77474988262983,28.494252334734288,1.0,3.710791175418642,344.0,3.710791175418642,3.792969936828918,13.654691772584105,0.595,3.6191089383598487,-0.09758367064599575,3.792969936828918,13.654691772584105,0.05279945723177113,0.04078582350610421,0.04078582350610421,-2.631192633030347,0.0,0.0,0.0,2.6744980962794074,0.00044203510202395734,1.5913263672862428,12725.673918360742,3.5349094217668724,0.7194355542373971,184030.6228403437,1783556790030622.8,1783556789975836.8
345.0,134.54922507073212,24288.0,12.103699568855248,-1017.5593585383018,138.95356305483674,1029.9095681297629,0.012103699568855254,-1.0175593585383018,0.13895356305483675,1.0299095681297628,1.0293765705978346,1.0293765705978346,10.094735746053253,0.02937657059783451,0.28808574605325377,0.11869674537691433,0.8488693074277922,-0.7301725620508779,-0.04900072208083668,-9.978848483409637,-9.527160474999999,-0.4516880084096374,0.10296982499999885,1.3626689591317147,0.7453053999999999,0.6173635591317148,-0.07845319999999989,0.012103699568855254,0.11869674537691433,-0.04900072208083668,-0.04900072208083668,0.058157340125976065,10.094735746053253,1.0293765705978346,43.66157322241664,-79.39615446473483,108.2,-143.464751330166,27.549045935872606,1.0,3.745020773163838,345.0,3.745020773163838,3.8054223515497756,13.699520465579193,0.5952356843440769,3.745020773163838,-0.07643156559229544,3.8054223515497756,13.699520465579193,0.052499732826366365,0.04072579900347528,0.04072579900347528,-2.060858860771658,0.0,0.0,0.0,3.2679315785179415,0.0005409417226717433,1.9473902016182758,12727.450169230462,3.5354028247862392,0.48422267445406064,184185.4678690699,1783556790185467.8,1783556790235684.2
346.0,264.7680040414818,24288.0,41.87538859795309,-998.4019238587084,108.14633701603114,1008.9399436831809,0.041875388597953096,-0.9984019238587084,0.10814633701603116,1.0089399436831807,1.008377641008775,1.008377641008775,9.888806593198703,0.008377641008774993,0.08215659319870328,0.4106572795941167,0.8602938500710741,-0.4496365704769574,-0.027421030421304386,-9.790978226609003,-9.527160474999999,-0.26381775160900334,0.10296982499999885,1.0605532758982619,0.7453053999999999,0.315247875898262,-0.07845319999999989,0.041875388597953096,0.4106572795941167,-0.027421030421304386,-0.027421030421304386,0.08583113779835505,9.888806593198703,1.008377641008775,43.661564679236314,-79.39615058147105,108.2,-143.1520246941857,26.60468278233216,1.0,3.7848905528549697,346.0,3.7848905528549697,3.8176644410660368,13.743591987837732,0.595494568596504,3.7848905528549697,-0.05054314034960313,3.8176644410660368,13.743591987837732,0.05073440909048507,0.04072579900347528,0.04072579900347528,-1.362817545781177,0.0,0.0,0.0,6.4306852821595095,0.0010645811148556161,3.8324920134802176,12729.395130714807,3.535943091865224,0.4226614628835217,184339.76288351635,1783556790339763.0,1783556790494568.5
347.0,394.9867830122315,24288.0,71.64707762705093,-979.244489179115,77.33911097722556,987.9703192365989,0.07164707762705094,-0.979244489179115,0.07733911097722557,0.9879703192365988,0.9873787114197154,0.9873787114197154,9.682877440344152,-0.01262128858028453,-0.12377255965584721,0.7026178138113189,0.8717183927143558,-0.16910057890303687,-0.005841338761772091,-9.603107969808368,-9.527160474999999,-0.07594749480836926,0.10296982499999885,0.758437592664809,0.7453053999999999,0.01313219266480914,-0.07845319999999989,0.07164707762705094,0.7026178138113189,-0.005841338761772091,-0.005841338761772091,0.11350493547073402,9.682877440344152,0.9873787114197154,43.661556136055985,-79.39614669820726,108.2,-142.83929805820543,25.660319628791715,1.0,3.8247603325461017,347.0,3.8247603325461017,3.829906530582298,13.787663510096273,0.5957534528489309,3.8247603325461017,-0.024654715106910835,3.829906530582298,13.787663510096273,0.04896908535460378,0.04072579900347528,0.04072579900347528,-0.6647762307906961,0.0,0.0,0.0,9.593438985801077,0.001588220507039489,5.71759382534216,12731.34009219915,3.536483358944208,0.36110025131298273,184494.0578979628,1783556790494058.0,1783556790753452.8
348.0,941.9470808872895,24288.0,39.99721658490054,-936.3969623025889,237.5637950682146,968.260506511074,0.03999721658490054,-0.936396962302589,0.2375637950682146,0.968260506511074,0.9675432837882835,0.9675432837882835,9.48835834396237,-0.032456716211716474,-0.3182916560376293,0.39223870402231487,0.8820510651049662,-0.48981236108265136,0.013675931309380824,-9.182917270364683,-9.527221301099447,0.34430403073476384,0.04412992499999824,2.3297049909057064,0.7453053999999999,1.5843995909057067,-0.09316317499999993,0.03999721658490054,0.39223870402231487,0.013675931309380824,0.013675931309380824,-0.001740814293971561,9.48835834396237,0.9675432837882835,43.661547603037704,-79.3961427767087,108.2,-142.52349230292307,24.717079787384986,1.0,3.862467570074072,348.0,3.862467570074072,3.8418277767087963,13.830579996151666,0.6019007594243527,0.04765489303486016,0.0,3.8418277767087963,13.830579996151666,0.046963830356739525,0.040594585893625905,0.040594585893625905,0.0,0.0,0.0,0.0,22.878010700590487,0.0038256702777053307,13.77241299973919,12747.13763414971,3.5408715650415865,0.5402670789845477,185250.36861274182,1783556791250368.5,1783556791012405.0
349.0,710.0103707445313,24288.0,81.90721695862004,-944.7269002650673,165.45776958051084,973.7270282989505,0.08190721695862005,-0.9447269002650673,0.16545776958051084,0.9737270282989504,0.9731721987971733,0.9731721987971733,9.5435591433343,-0.02682780120282668,-0.2630908566657002,0.8032354091872512,0.8705635795568779,-0.06732817036962668,-0.00802265250367477,-9.264606056484421,-9.528497688382568,0.26389163189814624,0.04412992499999824,1.6225864360567166,0.7453053999999999,0.8772810360567168,-0.09316317499999993,0.08190721695862005,0.8032354091872512,-0.00802265250367477,-0.00802265250367477,-0.03827041667285303,9.5435591433343,0.9731721987971733,43.661539273099734,-79.3961380911186,108.2,-142.14615279917638,23.796288444883917,1.0,3.85695812372057,349.0,3.85695812372057,3.8473372230622984,13.850414003024275,0.5998182749337332,1.047654893034865,0.0,3.8473372230622984,13.850414003024275,0.040163740058535964,0.037841183220926645,0.037841183220926645,0.0,0.0,0.0,0.0,17.244731884643176,0.002882789786326056,10.378043230773802,12747.37047634077,3.540936243427992,0.5402670789845477,185404.99308617032,1783556791404993.0,1783556791272715.8
350.0,478.07366060177304,24288.0,123.81721733233955,-953.0568382275458,93.35174409280711,979.1935500868269,0.12381721733233955,-0.9530568382275457,0.09335174409280714,0.9791935500868268,0.9788011138060632,0.9788011138060632,9.598759942706229,-0.02119888619393688,-0.2078900572937711,1.2142321143521877,0.8590760940087897,0.355156020343398,-0.029721236316730362,-9.346294842604161,-9.529774075665689,0.18347923306152872,0.04412992499999824,0.9154678812077266,0.7453053999999999,0.17016248120772715,-0.09316317499999993,0.12381721733233955,1.2142321143521877,-0.029721236316730362,-0.029721236316730362,-0.0748000190517345,9.598759942706229,0.9788011138060632,43.66153094316177,-79.39613340552849,108.2,-141.76881329542968,22.875497102382848,1.0,3.8514486773670673,350.0,3.8514486773670673,3.852846669415801,13.870248009896883,0.5977357904431135,2.04765489303487,0.0,3.852846669415801,13.870248009896883,0.0333636497603324,0.03508778054822739,0.03508778054822739,0.0,0.0,0.0,0.0,11.611453068695864,0.0019399092949467817,6.983673461808415,12747.603318531828,3.541000921814397,0.5402670789845477,185559.61755959882,1783556791559617.5,1783556791533026.2
351.0,246.13695045901477,24288.0,165.72721770605906,-961.3867761900242,21.24571860510335,984.6600718747034,0.16572721770605905,-0.9613867761900241,0.02124571860510341,0.9846600718747034,0.9844300288149529,0.9844300288149529,9.653960742078157,-0.015569971185047087,-0.152689257921842,1.6252288195171238,0.8475886084607014,0.7776402110564227,-0.05141982012978595,-9.427983628723899,-9.53105046294881,0.10306683422491117,0.04412992499999824,0.2083493263587366,0.7453053999999999,-0.5369560736412629,-0.09316317499999993,0.16572721770605905,1.6252288195171238,-0.05141982012978595,-0.05141982012978595,-0.11132962143061596,9.653960742078157,0.9844300288149529,43.66152261322381,-79.39612871993839,108.2,-141.39147379168298,21.954705759881776,1.0,3.845939231013565,351.0,3.845939231013565,3.858356115769303,13.89008201676949,0.5956533059524939,3.047654893034875,0.0,3.858356115769303,13.89008201676949,0.026563559462128843,0.032334377875528134,0.032334377875528134,0.0,0.0,0.0,0.0,5.978174252748552,0.0009970288035675073,3.5893036928430266,12747.836160722889,3.5410656002008025,0.5402670789845477,185714.24203302732,1783556791714242.0,1783556791793336.8
352.0,69.48946892502246,24288.0,115.03094921983583,-973.416744878113,111.79435580480518,987.2584193659244,0.11503094921983584,-0.973416744878113,0.11179435580480518,0.9872584193659244,0.9871473565189496,0.9871473565189496,9.680608623806556,-0.012852643481050394,-0.12604137619344286,1.128068258166703,0.8376922535579473,0.2903760046087556,0.09806650000000017,-9.545957321158946,-9.497740524999998,-0.048216796158949055,0.04412992499999824,1.0963281193531926,0.755629597628035,0.34069852172515763,-0.07504900801877218,0.11503094921983584,1.128068258166703,0.09806650000000017,0.09806650000000017,0.2654029249132835,9.680608623806556,0.9871473565189496,43.66151431119454,-79.39612394449658,108.2,-141.0068983589541,21.036999443921953,1.0,3.8449156324361606,352.0,3.8449156324361606,3.864963548874734,13.913868775949043,0.5950527751707295,0.20608966840273893,0.0,3.864963548874734,13.913868775949043,0.022281343162577894,0.029304173746643562,0.029304173746643562,0.0,0.0,0.0,0.0,1.687760221250946,0.00027925831581923074,1.0053299369492308,12749.045413305734,3.541401503696037,0.5589235700600436,186463.4540017548,1783556792463454.0,1783556792052775.2
353.0,285.36379814215377,24288.0,76.36306818568775,-965.7343844077525,120.50103100454713,978.8078228485277,0.07636306818568775,-0.9657343844077525,0.12050103100454712,0.9788078228485277,0.9788128803263381,0.9788128803263381,9.598875332852282,-0.021187119673661957,-0.207774667147717,0.7488658826231747,0.8339253425426143,-0.08505945991943947,0.09806650000000017,-9.470619100852286,-9.497740524999998,0.027121424147712056,0.04412992499999824,1.1817114357007419,0.758140871638257,0.42357056406248494,0.012845582338999198,0.07636306818568775,0.7488658826231747,0.09806650000000017,0.09806650000000017,0.19365223890693944,9.598875332852282,0.9788128803263381,43.6615061166767,-79.39611882292294,108.2,-140.5944482694206,20.131177442509905,1.0,3.8611726715686343,353.0,3.8611726715686343,3.8758007089386726,13.95288255217922,0.5953088538530749,1.206089668402735,0.0,3.8758007089386726,13.95288255217922,0.0276986241579813,0.025207659319092093,0.025207659319092093,0.0,0.0,0.0,0.0,6.9309159292766305,0.001147335063863461,4.130406229908459,12752.263006729365,3.5422952796470457,0.649449656205407,186616.07689643264,1783556792616077.0,1783556792308853.8
354.0,501.2381273592851,24288.0,37.695187151539685,-958.0520239373919,129.20770620428908,970.3572263311312,0.03769518715153969,-0.958052023937392,0.12920770620428906,0.9703572263311312,0.9704784041337264,0.9704784041337264,9.517142041898008,-0.029521595866273516,-0.28950795810199115,0.36966350707964657,0.8301584315272812,-0.4604949244476345,0.09806650000000017,-9.395280880545624,-9.497740524999998,0.10245964445437317,0.04412992499999824,1.2670947520482914,0.760652145648479,0.5064426063998122,0.10074017269677057,0.03769518715153969,0.36966350707964657,0.09806650000000017,0.09806650000000017,0.12190155290059543,9.517142041898008,0.9704784041337264,43.661497922158865,-79.3961137013493,108.2,-140.1819981798871,19.22535544109786,1.0,3.877429710701108,354.0,3.877429710701108,3.886637869002611,13.9918963284094,0.5955649325354202,2.206089668402731,0.0,3.886637869002611,13.9918963284094,0.03311590515338471,0.021111144891540624,0.021111144891540624,0.0,0.0,0.0,0.0,12.174071637302317,0.0020154118119076908,7.255482522867688,12755.480600152998,3.5431890555980545,0.7399757423507702,186768.69979111047,1783556792768699.8,1783556792564932.5
355.0,717.1124565764164,24288.0,-0.9726938826083966,-950.3696634670315,137.91438140403102,961.9066298137346,-0.0009726938826083859,-0.9503696634670314,0.137914381404031,0.9619066298137345,0.9621439279411149,0.9621439279411149,9.435408750943735,-0.03785607205888508,-0.3712412490562653,-0.009538868463881744,0.8263915205119482,-0.8359303889758297,0.09806650000000017,-9.319942660238963,-9.497740524999998,0.17779786476103426,0.04412992499999824,1.3524780683958406,0.7631634196587012,0.5893146487371396,0.18863476305454197,-0.0009726938826083859,-0.009538868463881744,0.09806650000000017,0.09806650000000017,0.050150866894251384,9.435408750943735,0.9621439279411149,43.66148972764103,-79.39610857977564,108.2,-139.76954809035362,18.319533439685813,1.0,3.8936867498335817,355.0,3.8936867498335817,3.8974750290665496,14.030910104639577,0.5958210112177655,3.2060896684027265,0.0,3.8974750290665496,14.030910104639577,0.03853318614878811,0.017014630463989152,0.017014630463989152,0.0,0.0,0.0,0.0,17.417227345328,0.002883488559951921,10.380558815826916,12758.698193576629,3.5440828315490633,0.8305018284961336,186921.3226857883,1783556792921322.8,1783556792821011.2
356.0,1232.0469019499023,24288.0,-15.688119993239399,-944.1535582495352,133.381003494169,954.9996597494508,-0.0156881199932394,-0.9441535582495352,0.13338100349416898,0.9549996597494507,0.955316746018476,0.955316746018476,9.368456967342087,-0.04468325398152392,-0.43819303265791154,-0.15384790193170117,0.8248905215443904,-0.9787384234760915,0.09806650000000017,-9.258983492007804,-9.500381675270242,0.2413981832624378,0.04412992499999824,1.3080208179160921,0.764164085637073,0.543856732279019,0.2500695749999998,-0.0156881199932394,-0.15384790193170117,0.09806650000000017,0.09806650000000017,0.0,9.368456967342087,0.955316746018476,43.66148161457325,-79.39610323016726,108.19230507499577,-139.33873392773012,17.42271492702699,1.0,3.9055990171017356,356.0,3.9055990171017356,3.9050497715830215,14.058179177698877,0.5963847462502112,3.9055990171017356,-0.007694925004226031,3.9050497715830215,14.058179177698877,0.03906318414642598,0.014151330317028199,0.014151330317028199,-0.19669110787704305,0.0,0.0,0.0,29.92395515455923,0.004968610650605864,17.886998342181112,12767.236155629673,3.5464544876749087,1.0826575117377961,187074.24649927538,1783556793074246.5,1783556793076949.2
357.0,2441.3447584660307,24288.0,25.209714934382788,-941.3418320982612,98.10662086909485,951.6767106615814,0.025209714934382784,-0.9413418320982612,0.09810662086909484,0.9516767106615813,0.9519892283250413,0.9519892283250413,9.335825165953766,-0.048010771674958666,-0.4708248340462334,0.24722285096126495,0.8286505598527618,-0.581427708891497,0.09806650000000017,-9.231409877746412,-9.509155097989776,0.2777452202433633,0.04412992499999824,0.9620972935459089,0.7616573934314921,0.2004399001144168,0.2500695749999998,0.025209714934382784,0.24722285096126495,0.09806650000000017,0.09806650000000017,0.0,9.335825165953766,0.9519892283250413,43.66147369061773,-79.39609735110348,108.16674392816601,-138.86528171427875,16.546800884155786,1.0,3.907423511212041,357.0,3.907423511212041,3.9050497715830215,14.058179177698877,0.5976628035916994,3.907423511212041,-0.033256071833992075,3.9050497715830215,14.058179177698877,0.02824579641719651,0.014151330317028199,0.014151330317028199,-0.8500633351298464,0.0,0.0,0.0,59.29538149362296,0.009879491543439653,35.56616955638275,12788.127049787256,3.552257513829793,1.7100878381643125,187227.86899172227,1783556793227869.0,1783556793332560.8
358.0,3650.642614982159,24288.0,66.10754986200497,-938.5301059469872,62.832238244020715,948.3537615737121,0.06610754986200497,-0.9385301059469872,0.0628322382440207,0.9483537615737121,0.9486617106316065,0.9486617106316065,9.303193364565445,-0.05133828936839341,-0.5034566354345552,0.648293603854231,0.8324105981611334,-0.18411699430690254,0.09806650000000017,-9.203836263485021,-9.51792852070931,0.31409225722428874,0.04412992499999824,0.6161737691757256,0.759150701225911,-0.14297693205018536,0.2500695749999998,0.06610754986200497,0.648293603854231,0.09806650000000017,0.09806650000000017,0.0,9.303193364565445,0.9486617106316065,43.66146576666222,-79.39609147203971,108.14118278133624,-138.39182950082738,15.670886841284581,1.0,3.9092480053223455,358.0,3.9092480053223455,3.9050497715830215,14.058179177698877,0.5989408609331877,3.9092480053223455,-0.05881721866375812,3.9050497715830215,14.058179177698877,0.017428408687967037,0.014151330317028199,0.014151330317028199,-1.5034355623826499,0.0,0.0,0.0,88.66680783268669,0.014790372436273442,53.24534077058439,12809.017943944838,3.5580605399846768,2.337518164590829,187381.49148416915,1783556793381491.5,1783556793588172.2
359.0,4859.9404714982875,24288.0,107.00538478962716,-935.7183797957132,27.55785561894659,945.0308124858428,0.10700538478962715,-0.9357183797957132,0.02755785561894658,0.9450308124858428,0.9453341929381719,0.9453341929381719,9.270561563177122,-0.05466580706182816,-0.5360884368228771,1.0493643567471969,0.836170636469505,0.2131937202776919,0.09806650000000017,-9.17626264922363,-9.526701943428844,0.3504392942052142,0.04412992499999824,0.2702502448055424,0.7566440090203299,-0.4863937642147875,0.2500695749999998,0.10700538478962715,1.0493643567471969,0.09806650000000017,0.09806650000000017,0.0,9.270561563177122,0.9453341929381719,43.661457842706696,-79.39608559297594,108.11562163450648,-137.91837728737602,14.794972798413376,1.0,3.9110724994326507,359.0,3.9110724994326507,3.9050497715830215,14.058179177698877,0.6002189182746758,3.9110724994326507,-0.08437836549352416,3.9050497715830215,14.058179177698877,0.006611020958737564,0.014151330317028199,0.014151330317028199,-2.156807789635453,0.0,0.0,0.0,118.03823417175042,0.01970125332910723,70.92451198478602,12829.908838102421,3.563863566139561,2.9649484910173456,187535.11397661603,1783556793535114.0,1783556793843783.8
360.0,13911.469615336253,24288.0,96.22156718657872,-1023.322737825585,13.373750257396132,1028.1203965475725,0.0962215671865787,-1.023322737825585,0.01337375025739613,1.0281203965475723,1.028286058905556,1.028286058905556,10.08404147956617,0.02828605890555607,0.27739147956617144,0.9436112318502622,0.83356525,0.11004598185026213,0.19586652841671467,-10.035367926897273,-9.497740524999998,-0.5376274018972746,0.04412992499999824,0.13115168796169377,0.7664069175705165,-0.6352552296088227,-0.08472994210040634,0.0962215671865787,0.9436112318502622,0.19586652841671467,0.19586652841671467,0.1510300303203806,10.08404147956617,1.028286058905556,43.66145006605147,-79.3960793695634,108.1,-137.41719401015666,13.93534132943562,1.0,3.9052413840218203,360.0,3.9052413840218203,3.9057719036384886,14.060778853098558,0.595,0.38885236212121266,0.0,3.9057719036384886,14.060778853098558,0.000722132055467172,0.01308069721379899,0.01308069721379899,0.0,0.0,0.0,0.0,337.8817740172869,0.055844348761190474,201.0396555402857,13062.896591840276,3.628582386622299,0.9301913918447547,188284.19653020875,1783556794284196.5,1783556794101170.8
361.0,15949.440044558498,24288.0,78.78967407309852,-1006.1510222212612,29.76493333425065,1010.4283259249358,0.0787896740730985,-1.0061510222212613,0.029764933334250645,1.0104283259249358,1.0106063459107293,1.0106063459107293,9.910662722125453,0.01060634591072936,0.10401272212545407,0.7726627572489515,0.83356525,-0.060902492751048504,0.24562018893500656,-9.86697092206613,-9.497740524999998,-0.3692303970661329,0.04412992499999824,0.29189428348232915,0.7702341222257697,-0.47833983874344055,-0.06304244905397144,0.0787896740730985,0.7726627572489515,0.24562018893500656,0.24562018893500656,0.2003441519286855,9.910662722125453,1.0106063459107293,43.661442520903705,-79.39607260494816,108.1,-136.87242664867145,13.101300695291123,1.0,3.887378175891168,361.0,3.887378175891168,3.907628989066819,14.067464360640548,0.595,1.3888523621212117,0.0,3.907628989066819,14.067464360640548,0.002579217483797601,0.010327382054830064,0.010327382054830064,0.0,0.0,0.0,0.0,387.3799998022368,0.0640253055228697,230.4910998823309,13141.674411558715,3.6504651143218654,1.0238398928781571,188439.0021481568,1783556794439002.2,1783556794361348.2
362.0,17987.410473780743,24288.0,61.35778095961832,-988.9793066169375,46.15611641110517,992.7362553022992,0.06135778095961831,-0.9889793066169374,0.04615611641110516,0.9927362553022991,0.9929266329159027,0.9929266329159027,9.737283964684737,-0.007073367084097351,-0.06936603531526331,0.6017142826476409,0.83356525,-0.23185096735235916,0.2953738494532985,-9.698573917234988,-9.497740524999998,-0.2008333922349912,0.04412992499999824,0.45263687900296445,0.7740613268810229,-0.32142444787805846,-0.04135495600753653,0.06135778095961831,0.6017142826476409,0.2953738494532985,0.2953738494532985,0.24965827353699044,9.737283964684737,0.9929266329159027,43.66143497575594,-79.39606584033291,108.1,-136.32765928718624,12.267260061146626,1.0,3.8695149677605154,362.0,3.8695149677605154,3.9094860744951494,14.074149868182538,0.595,2.3888523621212108,0.0,3.9094860744951494,14.074149868182538,0.00443630291212803,0.007574066895861136,0.007574066895861136,0.0,0.0,0.0,0.0,436.8782255871867,0.0722062622845489,259.9425442243761,13220.452231277153,3.6723478420214315,1.1174883939115594,188593.80776610487,1783556794593807.8,1783556794621525.8
363.0,20025.380903002988,24288.0,43.92588784613812,-971.8075910126137,62.547299487959684,975.0441846796625,0.04392588784613811,-0.9718075910126136,0.06254729948795969,0.9750441846796625,0.9752469199210759,0.9752469199210759,9.56390520724402,-0.02475308007892406,-0.24274479275598065,0.43076580804633025,0.83356525,-0.4027994419536698,0.34512750997159036,-9.530176912403848,-9.497740524999998,-0.032436387403849465,0.04412992499999824,0.6133794745235999,0.7778885315362761,-0.16450905701267626,-0.019667462961101626,0.04392588784613811,0.43076580804633025,0.34512750997159036,0.34512750997159036,0.2989723951452954,9.56390520724402,0.9752469199210759,43.66142743060817,-79.39605907571767,108.1,-135.78289192570102,11.433219427002129,1.0,3.8516517596298634,363.0,3.8516517596298634,3.91134315992348,14.080835375724527,0.595,3.38885236212121,0.0,3.91134315992348,14.080835375724527,0.00629338834045846,0.00482075173689221,0.00482075173689221,0.0,0.0,0.0,0.0,486.3764513721366,0.08038721904622813,289.3939885664213,13299.230050995593,3.694230569720998,1.2111368949449617,188748.61338405297,1783556794748613.5,1783556794881703.2
364.0,13590.796348416641,24288.0,60.674764479201485,-899.3421658323258,120.69830696884728,910.2899217863298,0.06067476447920149,-0.8993421658323257,0.12069830696884727,0.9102899217863298,0.9100369181300753,0.9100369181300753,8.924413543180302,-0.08996308186992469,-0.8822364568196969,0.5950161790799613,0.834229129351881,-0.2392129502719198,0.3418580802766411,-8.819533850559576,-9.481702791296236,0.6621689407366599,0.03989047935188162,1.183646052036046,0.7649187,0.41872735203604605,-0.004495615184952057,0.06067476447920149,0.5950161790799613,0.3418580802766411,0.3418580802766411,-0.04308035727680342,8.924413543180302,0.9100369181300753,43.66142007358248,-79.39605193818878,108.1,-135.20809311595215,10.619973806540665,1.0,3.8684626168513137,364.0,3.8684626168513137,3.9040298908679163,14.0545076071245,0.5949477559540041,0.5453225995282774,0.0,3.9040298908679163,14.0545076071245,-0.0019862889280982694,0.003085677451236173,0.003085677451236173,0.0,0.0,0.0,0.0,330.0932617103434,0.054465880535106384,196.077169926383,13561.806744431697,3.7671685401199158,1.8696646195578548,189494.37161833665,1783556795494371.5,1783556795135393.8
365.0,9710.150922362503,24288.0,85.75123204359483,-916.4736139703766,116.47751539860285,929.1593429238932,0.08575123204359483,-0.9164736139703766,0.11647751539860285,0.9291593429238931,0.9290150322539177,0.9290150322539177,9.110525266052882,-0.07098496774608232,-0.6961247339471182,0.8409323197203192,0.8354465359887144,0.005485783731604799,0.2943792214401363,-8.987535966442593,-9.47926797802257,0.4917320115799764,0.04110788598871439,1.1422542263837085,0.7649187,0.37733552638370854,0.005243637909715588,0.08575123204359483,0.8409323197203192,0.2943792214401363,0.2943792214401363,-0.12208012239577974,9.110525266052882,0.9290150322539177,43.66141287340862,-79.39604448973306,108.1,-134.6082547776,9.82406658865477,1.0,3.914183909678621,365.0,3.914183909678621,3.8890705918444994,14.000654130640198,0.5966857289535165,1.545322599528279,0.0,3.8890705918444994,14.000654130640198,-0.01871776503317177,0.0021995889104079666,0.0021995889104079666,0.0,0.0,0.0,0.0,235.84014560234047,0.03891501924267267,140.09406927362159,13562.085807224666,3.7672460575624074,2.999175606518177,189643.58901443763,1783556795643589.0,1783556795383675.5
366.0,5829.505496308364,24288.0,110.82769960798818,-933.6050621084275,112.25672382835843,948.0287640614565,0.11082769960798818,-0.9336050621084275,0.11225672382835843,0.9480287640614564,0.9479931463777601,0.9479931463777601,9.29663698892546,-0.05200685362223994,-0.5100130110745393,1.0868484603606772,0.8366639426255479,0.2501845177351294,0.24690036260363157,-9.15553808232561,-9.476833164748903,0.32129508242329297,0.04232529262554716,1.100862400731371,0.7649187,0.33594370073137103,0.014982891004383235,0.11082769960798818,1.0868484603606772,0.24690036260363157,0.24690036260363157,-0.20107988751475606,9.29663698892546,0.9479931463777601,43.66140567323476,-79.39603704127735,108.1,-134.0084164392478,9.028159370768872,1.0,3.959905202505928,366.0,3.959905202505928,3.874111292821082,13.946800654155897,0.5984237019530289,2.545322599528281,0.0,3.874111292821082,13.946800654155897,-0.035449241138245276,0.00131350036957976,0.00131350036957976,0.0,0.0,0.0,0.0,141.58702949433754,0.023364157950238947,84.1109686208602,13562.364870017638,3.7673235750048994,4.128686593478499,189792.80641053861,1783556795792806.5,1783556795631957.5
367.0,1948.8600702542262,24288.0,135.90416717238153,-950.7365102464785,108.035932258114,966.8981851990197,0.13590416717238152,-0.9507365102464784,0.108035932258114,0.9668981851990197,0.9669712605016024,0.9669712605016024,9.482748711798038,-0.03302873949839756,-0.3239012882019605,1.3327646010010352,0.8378813492623813,0.4948832517386539,0.1994215037671268,-9.323540198208626,-9.474398351475235,0.15085815326660945,0.04354269926237993,1.0594705750790334,0.7649187,0.2945518750790336,0.02472214409905088,0.13590416717238152,1.3327646010010352,0.1994215037671268,0.1994215037671268,-0.28007965263373236,9.482748711798038,0.9669712605016024,43.661398473060906,-79.39602959282163,108.1,-133.40857810089562,8.232252152882976,1.0,4.005626495333235,367.0,4.005626495333235,3.8591519937976653,13.892947177671594,0.6001616749525412,3.5453225995282827,0.0,3.8591519937976653,13.892947177671594,-0.05218071724331878,0.00042741182875155343,0.00042741182875155343,0.0,0.0,0.0,0.0,47.33391338633464,0.007813296657805231,28.127867968098826,13562.643932810608,3.7674010924473915,5.2581975804388215,189942.02380663963,1783556795942023.8,1783556795880239.2
368.0,228.04862980728146,24288.0,146.65615098036227,-965.7192450981887,105.86561509803623,982.4504752942611,0.14665615098036225,-0.9657192450981886,0.10586561509803623,0.9824504752942611,0.9825311576977872,0.9825311576977872,9.635339177637004,-0.017468842302212823,-0.17131082236299539,1.4382055430115694,0.8384685749999999,0.5997369680115696,0.17651969999999995,-9.470470634942151,-9.472564967150577,0.002094332208427155,0.04412992499999824,1.0381870343011568,0.7668954985482646,0.2712915357528923,0.024148487204627814,0.14665615098036225,1.4382055430115694,0.17651969999999995,0.17651969999999995,-0.2754264457114155,9.635339177637004,0.9825311576977872,43.66139137160765,-79.39602196845294,108.1,-132.79457315485314,7.4472575091803375,1.0,4.004063147275384,368.0,4.004063147275384,3.8519362573810043,13.866970526571615,0.6003280754901811,4.004063147275384,0.0,3.8519362573810043,13.866970526571615,-0.05215441532198075,-0.0038884726160991596,0.0038884726160991596,0.0,0.0,0.0,0.0,5.538845120759253,0.0009192349874667886,3.3092459548804385,13565.11485651335,3.7680874601425973,5.518286016974099,190094.0934015704,1783556796094093.5,1783556796134385.0
369.0,519.8499278807412,24288.0,144.06005402241334,-978.6997298879334,105.60600540224134,994.911740692416,0.14406005402241334,-0.9786997298879333,0.10560600540224133,0.994911740692416,0.9949058346513634,0.9949058346513634,9.756693303383793,-0.005094165348636572,-0.04995669661620683,1.4127465287788996,0.8384685749999999,0.5742779537788998,0.17651969999999995,-9.5977657061055,-9.471292016438944,-0.12647368966655528,0.04412992499999824,1.0356411328778898,0.770714350683165,0.2649267821947248,0.01396488151155986,0.14406005402241334,1.4127465287788996,0.17651969999999995,0.17651969999999995,-0.19282232299310226,9.756693303383793,0.9949058346513634,43.66138436214586,-79.39601418016207,108.1,-132.16736724276922,6.672431603425906,1.0,3.958438231885969,369.0,3.958438231885969,3.8519362573810043,13.866970526571615,0.5990300270112067,3.958438231885969,0.0,3.8519362573810043,13.866970526571615,-0.036512599546335296,-0.011400367019567223,0.011400367019567223,0.0,0.0,0.0,0.0,12.626115048367446,0.0020918975701729736,7.530831252622705,13569.62823682038,3.7693411768945504,4.968214546867101,190248.82078026416,1783556796248820.8,1783556796393994.5
370.0,811.6512259542011,24288.0,141.4639570644644,-991.680214677678,105.34639570644644,1007.3730060905709,0.1414639570644644,-0.9916802146776779,0.10534639570644644,1.0073730060905708,1.0072805116049397,1.0072805116049397,9.878047429130582,0.007280511604939678,0.0713974291305817,1.3872875145462298,0.8384685749999999,0.54881893954623,0.17651969999999995,-9.72506077726885,-9.47001906572731,-0.2550417115415377,0.04412992499999824,1.033095231454623,0.7745332028180655,0.2585620286365573,0.0037812758184919103,0.1414639570644644,1.3872875145462298,0.17651969999999995,0.17651969999999995,-0.11021820027478901,9.878047429130582,1.0072805116049397,43.66137735268408,-79.3960063918712,108.1,-131.54016133068527,5.897605697671476,1.0,3.912813316496554,370.0,3.912813316496554,3.8519362573810043,13.866970526571615,0.5977319785322321,3.912813316496554,0.0,3.8519362573810043,13.866970526571615,-0.020870783770689842,-0.018912261423035287,0.018912261423035287,0.0,0.0,0.0,0.0,19.713384975975636,0.003264560152879159,11.752416550364972,13574.14161712741,3.770594893646503,4.418143076760102,190403.5481589579,1783556796403548.2,1783556796653604.2
371.0,1103.452524027661,24288.0,138.86786010651548,-1004.6606994674227,105.08678601065155,1019.8342714887258,0.13886786010651547,-1.0046606994674225,0.10508678601065154,1.0198342714887259,1.019655188558516,1.019655188558516,9.99940155487737,0.019655188558515925,0.19275155487737025,1.36182850031356,0.8384685749999999,0.5233599253135601,0.17651969999999995,-9.852355848432198,-9.468746115015678,-0.3836097334165201,0.04412992499999824,1.0305493300313557,0.778352054952966,0.2521972750783898,-0.006402329874576042,0.13886786010651547,1.36182850031356,0.17651969999999995,0.17651969999999995,-0.02761407755647577,9.99940155487737,1.019655188558516,43.66137034322229,-79.39599860358032,108.1,-130.91295541860134,5.122779791917044,1.0,3.8671884011071387,371.0,3.8671884011071387,3.8519362573810043,13.866970526571615,0.5964339300532577,3.8671884011071387,0.0,3.8519362573810043,13.866970526571615,-0.005228967995044388,-0.02642415582650335,0.02642415582650335,0.0,0.0,0.0,0.0,26.80065490358383,0.004437222735585345,15.974001848107239,13578.654997434442,3.771848610398456,3.868071606653103,190558.27553765167,1783556796558275.5,1783556796913214.0
372.0,4663.154536259103,24288.0,56.720879758168856,-974.961221241975,46.956108618204595,979.0697438871455,0.05672087975816886,-0.9749612212419748,0.046956108618204595,0.9790697438871454,0.9796848990605045,0.9796848990605045,9.607426915371697,-0.02031510093949554,-0.19922308462830393,0.5562418154804466,0.8937988361157251,-0.3375570206352784,0.4069000589541279,-9.561103460292612,-9.455067667733621,-0.10603579255899051,-0.014709975000000597,0.46048212258071614,0.7649187,-0.3044365774192838,-0.0029141354672460535,0.05672087975816886,0.5562418154804466,0.4069000589541279,0.4069000589541279,0.3007919707606007,9.607426915371697,0.9796848990605045,43.66136360724449,-79.39599037727294,108.1,-130.25047520303718,4.378184806110272,1.0,3.8408175074487403,372.0,3.8408175074487403,3.8408175074487403,13.826943026815464,0.5999457386774147,0.6657058189378526,0.0,3.8408175074487403,13.826943026815464,-0.011118749932264187,-0.034228721023684544,0.034228721023684544,0.0,0.0,0.0,0.0,113.25869737666109,0.018866862633396465,67.92070548022728,13659.439124062648,3.7942886455729585,6.114655078103161,191315.54758115637,1783556797315547.5,1783556797175710.2
373.0,5017.897621779811,24288.0,92.35355575913283,-988.4224543978946,21.353371047141593,995.6983260209287,0.09235355575913284,-0.9884224543978946,0.0213533710471416,0.9956983260209286,0.996216028902336,0.996216028902336,9.769541919835094,-0.0037839710976640337,-0.03710808016490702,0.9056789975852999,0.910623589328181,-0.004944591742880977,0.3331299871764366,-9.693113062421112,-9.449890820591328,-0.2432222418297844,-0.014709975000000597,0.20940503617945116,0.7649187,-0.5555136638205488,0.007439558817342193,0.09235355575913284,0.9056789975852999,0.3331299871764366,0.3331299871764366,0.054063113125234596,9.769541919835094,0.996216028902336,43.66135700860079,-79.395981931009,108.1,-129.5702814658858,3.648770731058918,1.0,3.8241153101478296,373.0,3.8241153101478296,3.8241153101478296,13.766815116532186,0.5983620641884829,1.665705818937854,0.0,3.8241153101478296,13.766815116532186,-0.027820947233174666,-0.04218025525812193,0.04218025525812193,0.0,0.0,0.0,0.0,121.87469743778804,0.02024359558959239,72.87694412253259,13681.45188234382,3.8004033006510616,6.114655078103161,191472.59530130876,1783556797472595.2,1783556797439656.0
374.0,5372.640707300519,24288.0,127.98623176009679,-1001.8836875538143,-4.24936652392141,1012.3269081547119,0.12798623176009682,-1.0018836875538142,-0.004249366523921411,1.0123269081547117,1.0127471587441674,1.0127471587441674,9.93165692429849,0.012747158744167472,0.12500692429848992,1.255116179690153,0.9274483425406369,0.3276678371495164,0.25935991539874537,-9.825122664549612,-9.444713973449034,-0.3804086911005783,-0.014709975000000597,-0.04167205022181375,0.7649187,-0.8065907502218137,0.01779325310193044,0.12798623176009682,1.255116179690153,0.25935991539874537,0.25935991539874537,-0.19266574451013146,9.93165692429849,1.0127471587441674,43.66135040995709,-79.39597348474507,108.1,-128.89008772873447,2.9193566560075634,1.0,3.8074131128469193,374.0,3.8074131128469193,3.8074131128469193,13.706687206248908,0.5967783896995512,2.6657058189378553,0.0,3.8074131128469193,13.706687206248908,-0.044523144534085145,-0.05013178949255932,0.05013178949255932,0.0,0.0,0.0,0.0,130.49069749891498,0.021620328545788308,77.83318276483791,13703.464640624992,3.8065179557291646,6.114655078103161,191629.64302146118,1783556797629643.0,1783556797703601.8
375.0,5727.383792821227,24288.0,163.61890776106077,-1015.3449207097341,-29.852104094984412,1028.955490288495,0.16361890776106078,-1.015344920709734,-0.029852104094984414,1.028955490288495,1.029278288585999,1.029278288585999,10.093771928761887,0.029278288585998978,0.28712192876188686,1.6045533617950065,0.9442730957530928,0.6602802660419138,0.18558984362105407,-9.957132266678112,-9.439537126306739,-0.5175951403713722,-0.014709975000000597,-0.2927491366230788,0.7649187,-1.0576678366230787,0.02814694738651869,0.16361890776106078,1.6045533617950065,0.18558984362105407,0.18558984362105407,-0.4393946021454976,10.093771928761887,1.029278288585999,43.66134381131338,-79.39596503848112,108.1,-128.2098939915831,2.189942580956209,1.0,3.7907109155460086,375.0,3.7907109155460086,3.7907109155460086,13.64655929596563,0.5951947152106195,3.6657058189378566,0.0,3.7907109155460086,13.64655929596563,-0.061225341834995624,-0.05808332372699671,0.05808332372699671,0.0,0.0,0.0,0.0,139.10669756004197,0.02299706150198423,82.78942140714324,13725.477398906163,3.8126326108072677,6.114655078103161,191786.69074161357,1783556797786690.8,1783556797967547.5
376.0,6700.387337674051,24288.0,114.47160006075566,-896.5386614146134,77.98790769074985,910.587030651614,0.11447160006075566,-0.8965386614146134,0.07798790769074986,0.910587030651614,0.9106108674595264,0.9106108674595264,8.930042063371962,-0.0893891325404737,-0.8766079366280364,1.1225829167358095,0.9305986194473252,0.19198429728848415,-0.06398039508901586,-8.792040863961617,-9.438900624999999,0.6468597610383808,-0.014709975000000597,0.7648001149554919,0.7649187,-0.00011858504450796593,0.0943148905971825,0.11447160006075566,1.1225829167358095,-0.06398039508901586,-0.06398039508901586,-0.29310168607895704,8.930042063371962,0.9106108674595264,43.661337566507704,-79.39595609673847,108.1,-127.48979840918477,1.4996417614147446,1.0,3.7299948843477733,376.0,3.7299948843477733,3.7299948843477733,13.427981583651983,0.5997651153865626,0.8770484642012095,0.0,3.7299948843477733,13.427981583651983,-0.10631294438708816,-0.05972883055765582,0.05972883055765582,0.0,0.0,0.0,0.0,162.73900765742735,0.027099864491806663,97.55951217050398,13848.098910679895,3.8466941418555267,6.890583920179249,192554.19824592173,1783556798554198.2,1783556798246977.0
377.0,7269.7827109717855,24288.0,70.54198669060412,-986.0874886691531,79.11430803357425,995.6302565348561,0.07054198669060412,-0.9860874886691531,0.07911430803357425,0.995630256534856,0.9959772755918644,0.9959772755918644,9.767200549682956,-0.004022724408135586,-0.03944945031704283,0.6917805737794127,0.912648521824142,-0.2208679480447293,-0.04188796724509805,-9.670214870757349,-9.438900624999999,-0.2313142457573505,-0.014709975000000597,0.7758463288774509,0.7649187,0.010927628877450923,0.10121877429840685,0.07054198669060412,0.6917805737794127,-0.04188796724509805,-0.04188796724509805,-0.1342681848532335,9.767200549682956,0.9959772755918644,43.66133137130582,-79.39594708553574,108.1,-126.76410907301504,0.814824144947367,1.0,3.6631086485428885,377.0,3.6631086485428885,3.6631086485428885,13.187191134754398,0.5983571149580321,1.8770484642012097,0.0,3.6631086485428885,13.187191134754398,-0.155379835783934,-0.060490308984263226,0.060490308984263226,0.0,0.0,0.0,0.0,176.56848248408272,0.029330505661207127,105.58982038034566,13881.618685068497,3.856005190296805,7.775288555951892,192722.03189700257,1783556798722032.0,1783556798528577.0
378.0,7839.178084269519,24288.0,26.612373320452576,-1075.6363159236928,80.24070837639866,1080.6734824180983,0.026612373320452548,-1.0756363159236928,0.08024070837639866,1.0806734824180981,1.0813436837242025,1.0813436837242025,10.604359035993951,0.0813436837242025,0.7977090359939507,0.26097823082301597,0.8946984242009589,-0.6337201933779428,-0.019795539401180243,-10.54838887755308,-9.438900624999999,-1.1094882525530818,-0.014709975000000597,0.7868925427994098,0.7649187,0.021973842799409816,0.10812265799963122,0.026612373320452548,0.26097823082301597,-0.019795539401180243,-0.019795539401180243,0.024565316372490043,10.604359035993951,1.0813436837242025,43.66132517610393,-79.39593807433299,108.1,-126.0384197368453,0.1300065284799894,1.0,3.596222412738004,378.0,3.596222412738004,3.596222412738004,12.946400685856814,0.5969491145295016,2.8770484642012097,0.0,3.596222412738004,12.946400685856814,-0.20444672718077983,-0.06125178741087063,0.06125178741087063,0.0,0.0,0.0,0.0,190.3979573107381,0.031561146830607595,113.62012859018732,13915.138459457099,3.8653162387380835,8.659993191724537,192889.8655480834,1783556798889865.5,1783556798810177.0
379.0,8207.32600428391,24288.0,1.571582083859619,-1114.6348510774724,81.55978556128893,1117.0080414516651,0.001571582083859619,-1.1146348510774724,0.08155978556128894,1.117008041451665,1.1177501178865399,1.1177501178865399,10.961384193572036,0.11775011788653977,1.1547341935720352,0.01541195544268193,0.8784812841940393,-0.8630693287513573,0.04130098571133555,-10.930833862318893,-9.438900624999999,-1.491933237318894,-0.014709975000000597,0.7998282710746141,0.7649187,0.03490957107461408,0.1127764750000001,0.001571582083859619,0.01541195544268193,0.04130098571133555,0.04130098571133555,0.19700615813573816,10.961384193572036,1.1177501178865399,43.66131894745294,-79.3959291077746,108.1,-125.31632569557813,-0.5585085517594566,1.0,3.5457360879488506,379.0,3.5457360879488506,3.5457360879488506,12.764649916615863,0.5959067024064518,3.5457360879488506,0.0,3.5457360879488506,12.764649916615863,-0.22076102906470493,-0.061765089980919896,0.061765089980919896,0.0,0.0,0.0,0.0,199.33953399204762,0.03299669709249618,118.78810953298624,13948.594069669116,3.8746094637969772,9.25891203191129,193058.51206816116,1783556799058512.0,1783556799093297.5
380.0,8159.23345506471,24288.0,15.598575606126307,-1049.08012624892,83.27737660483179,1052.5983773188077,0.015598575606126309,-1.0490801262489198,0.0832773766048318,1.0525983773188077,1.0528925499139274,1.0528925499139274,10.325348724613415,0.05289254991392736,0.5186987246134158,0.1529697714678185,0.8658484235386696,-0.712878652070851,0.18306975528826203,-10.287961620078969,-9.438900624999999,-0.8490609950789703,-0.014709975000000597,0.8166720852817736,0.7649187,0.05175338528177365,0.1127764750000001,0.015598575606126309,0.1529697714678185,0.18306975528826203,0.18306975528826203,0.39759108678283894,10.325348724613415,1.0528925499139274,43.66131264961911,-79.39592023355421,108.1,-124.60166780921804,-1.2546711029623892,1.0,3.529169728581402,380.0,3.529169728581402,3.529169728581402,12.705011022893048,0.595620437232528,3.529169728581402,0.0,3.529169728581402,12.705011022893048,-0.16933309120818935,-0.061765089980919896,0.061765089980919896,0.0,0.0,0.0,0.0,198.17146215661168,0.032787759401734,118.03593384624239,13981.916968999412,3.883865824722059,9.266739597578978,193228.83984664583,1783556799228839.8,1783556799379562.8
381.0,8111.14090584551,24288.0,29.625569128392996,-983.5254014203674,84.99496764837465,988.1887131859505,0.029625569128393,-0.9835254014203674,0.08499496764837465,0.9881887131859506,0.988034981941315,0.988034981941315,9.689313255654795,-0.01196501805868505,-0.11733674434520358,0.29052758749295515,0.8532155628832999,-0.5626879753903448,0.3248385248651885,-9.645089377839046,-9.438900624999999,-0.2061887528390467,-0.014709975000000597,0.8335158994889331,0.7649187,0.06859719948893322,0.1127764750000001,0.029625569128393,0.29052758749295515,0.3248385248651885,0.3248385248651885,0.5981760154299398,9.689313255654795,0.988034981941315,43.66130635178529,-79.39591135933381,108.1,-123.88700992285796,-1.9508336541653217,1.0,3.5126033692139536,381.0,3.5126033692139536,3.5126033692139536,12.645372129170234,0.5953341720586042,3.5126033692139536,0.0,3.5126033692139536,12.645372129170234,-0.11790515335167373,-0.061765089980919896,0.061765089980919896,0.0,0.0,0.0,0.0,197.00339032117574,0.03257882171097182,117.28375815949855,14015.239868329707,3.8931221856471416,9.274567163246667,193399.16762513047,1783556799399167.8,1783556799665828.0
382.0,8063.04835662631,24288.0,43.65256265065968,-917.9706765918149,86.71255869191751,923.7790490530933,0.04365256265065968,-0.917970676591815,0.0867125586919175,0.9237790490530933,0.9231774139687026,0.9231774139687026,9.053277786696176,-0.07682258603129746,-0.753372213303823,0.42808540351809166,0.8405827022279303,-0.41249729870983853,0.46660729444211496,-9.002217135599121,-9.438900624999999,0.4366834894008771,-0.014709975000000597,0.8503597136960928,0.7649187,0.08544101369609279,0.1127764750000001,0.04365256265065968,0.42808540351809166,0.46660729444211496,0.46660729444211496,0.7987609440770406,9.053277786696176,0.9231774139687026,43.661300053951464,-79.39590248511342,108.1,-123.17235203649787,-2.6469962053682545,1.0,3.4960370098465052,382.0,3.4960370098465052,3.4960370098465052,12.58573323544742,0.5950479068846803,3.4960370098465052,0.0,3.4960370098465052,12.58573323544742,-0.06647721549515814,-0.061765089980919896,0.061765089980919896,0.0,0.0,0.0,0.0,195.8353184857398,0.032369884020209634,116.53158247275469,14048.562767660003,3.9023785465722236,9.282394728914356,193569.49540361515,1783556799569495.5,1783556799952093.0
383.0,7480.712823116077,24288.0,148.64870140875274,-1012.1326645368944,37.69168616748206,1025.0322935108236,0.14864870140875278,-1.0121326645368942,0.03769168616748206,1.0250322935108236,1.0248263454637638,1.0248263454637638,10.05011328074222,0.024826345463763867,0.24346328074221996,1.4577457876701452,0.83356525,0.6241805376701451,0.36963025174388686,-9.925630794680732,-9.457441891175439,-0.46818890350529374,-0.02954298794035226,0.36962917415433794,0.782018818529824,-0.4123896443754861,0.08825984999999992,0.14864870140875278,1.4577457876701452,0.36963025174388686,0.36963025174388686,-0.20083568761416484,10.05011328074222,1.0248263454637638,43.661293881736974,-79.39589344446885,108.1,-122.44429169469225,-3.3292727951496426,1.0,3.474510939418471,383.0,3.474510939418471,3.474510939418471,12.508239381906495,0.5994874536217412,0.8326485753619358,0.0,3.474510939418471,12.508239381906495,-0.06251970790912317,-0.0614749818983725,0.0614749818983725,0.0,0.0,0.0,0.0,181.69155304784329,0.030268759209917836,108.96753315570422,14185.218933621849,3.9403385926727363,9.256360925082172,194343.47981333322,1783556800343479.8,1783556800243726.8
384.0,8975.5965711307,24288.0,165.04061248939087,-994.2771899669135,63.74311627778193,1011.8602221067395,0.1650406124893909,-0.9942771899669135,0.06374311627778192,1.0118602221067394,1.0114567820697182,1.0114567820697182,9.919002651884002,0.011456782069718261,0.11235265188400262,1.6184955224690851,0.83356525,0.784930272469085,0.22466843732698588,-9.75052840498903,-9.450265563729058,-0.3002628412599731,-0.02380192598324738,0.6251064312455101,0.7848893495083765,-0.1597829182628664,0.08825984999999992,0.1650406124893909,1.6184955224690851,0.22466843732698588,0.22466843732698588,-0.44203670993845945,9.919002651884002,1.0114567820697182,43.66128773477032,-79.39588437037523,108.1,-121.71353763541829,-4.008758489113603,1.0,3.451988032225993,384.0,3.451988032225993,3.451988032225993,12.427156916013574,0.6000728790174782,1.8326485753619433,0.0,3.451988032225993,12.427156916013574,-0.06810313315960209,-0.06112656590255903,0.06112656590255903,0.0,0.0,0.0,0.0,217.99928951962244,0.0363547642463745,130.87715128694822,14233.684771008659,3.953801325280183,9.256360925082172,194519.4001447522,1783556800519400.2,1783556800536439.5
385.0,10470.480319145323,24288.0,181.432523570029,-976.4217153969327,89.7945463880818,998.6881507026553,0.181432523570029,-0.9764217153969327,0.0897945463880818,0.9986881507026553,0.9980872186756726,0.9980872186756726,9.787892023025785,-0.001912781324327345,-0.01875797697421472,1.7792452572680248,0.83356525,0.9456800072680247,0.07970662291008485,-9.575426015297328,-9.443089236282676,-0.13233677901465252,-0.018060864026142497,0.8805836883366823,0.7877598804869289,0.0928238078497533,0.08825984999999992,0.181432523570029,1.7792452572680248,0.07970662291008485,0.07970662291008485,-0.6832377322627541,9.787892023025785,0.9980872186756726,43.661281587803664,-79.3958752962816,108.1,-120.98278357614433,-4.688244183077564,1.0,3.4294651250335155,385.0,3.4294651250335155,3.4294651250335155,12.346074450120655,0.6006583044132153,2.832648575361951,0.0,3.4294651250335155,12.346074450120655,-0.073686558410081,-0.06077814990674555,0.06077814990674555,0.0,0.0,0.0,0.0,254.3070259914016,0.04244076928283117,152.7867694181922,14282.150608395466,3.96726405788763,9.256360925082172,194695.3204761712,1783556800695320.5,1783556800829152.2
386.0,4787.169325448323,24288.0,50.968426481707866,-951.217201488009,99.76211177804944,957.878605901627,0.050968426481707865,-0.9512172014880089,0.09976211177804944,0.9578786059016269,0.957889303784584,0.957889303784584,9.393685140959091,-0.042110696215415924,-0.41296485904090857,0.4998295195568404,0.8384685749999999,-0.33863905544315953,0.4248222679126519,-9.328254168972382,-9.42419065,0.09593648102761712,-0.03432327500000021,0.9783321134682085,0.8214497396371225,0.15688237383108591,0.08825984999999992,0.050968426481707865,0.4998295195568404,0.4248222679126519,0.4248222679126519,0.6133425287133042,9.393685140959091,0.957889303784584,43.66127548666323,-79.39586616385441,108.08677191172764,-120.24733180400922,-5.362664246503861,1.0,3.380734860354601,386.0,3.380734860354601,3.3935725595843347,12.216861214503606,0.5941322808827235,0.41632940888314435,-0.013228088272358801,3.3935725595843347,12.216861214503606,-0.0895136357588432,-0.060574789736514534,0.060574789736514534,-0.4202977632801352,0.0,0.0,0.0,116.27076857648889,0.019186813352443592,69.07252806879694,14389.343430241712,3.997039841733809,8.435833971013803,195470.70712522054,1783556801470707.2,1783556801132281.0
387.0,3910.866410575264,24288.0,60.500365367201624,-966.1505724086159,111.20043844064195,974.4006333031494,0.060500365367201624,-0.9661505724086159,0.11120043844064195,0.9744006333031494,0.9746163589030009,0.9746163589030009,9.557721516036114,-0.02538364109699904,-0.24892848396388556,0.5933059080282678,0.8384685749999999,-0.24516266697173217,0.2674703473190826,-9.474700510910953,-9.42419065,-0.05050986091095233,-0.03432327500000021,1.0905037796339212,0.8276814988685511,0.2628222807653702,0.08825984999999992,0.060500365367201624,0.5933059080282678,0.2674703473190826,0.2674703473190826,0.08398329609085009,9.557721516036114,0.9746163589030009,43.661269449768604,-79.39585694964681,108.05499878210932,-119.50529410067621,-6.029982578687514,1.0,3.2952633434140357,387.0,3.2952633434140357,3.3389364795738032,12.020171326465691,0.5944500121789067,1.4163294088831464,-0.04500121789066952,3.3389364795738032,12.020171326465691,-0.11970174153324471,-0.060574789736514534,0.060574789736514534,-1.4298295290221645,0.0,0.0,0.0,94.98712338005203,0.015680143738416436,56.44851745829918,14400.335838772227,4.00009328854784,6.4649740303972205,195659.7572464495,1783556801659757.2,1783556801450012.2
388.0,3034.5634957022044,24288.0,70.03230425269538,-981.0839433292227,122.63876510323445,990.922660704672,0.07003230425269538,-0.9810839433292228,0.12263876510323446,0.9909226607046719,0.9913434140214179,0.9913434140214179,9.721757891113137,-0.008656585978582147,-0.0848921088868626,0.6867822964996951,0.8384685749999999,-0.15168627850030483,0.1101184267255132,-9.621146852849522,-9.42419065,-0.1969562028495218,-0.03432327500000021,1.202675445799634,0.8339132580999796,0.36876218769965446,0.08825984999999992,0.07003230425269538,0.6867822964996951,0.1101184267255132,0.1101184267255132,-0.445375936531604,9.721757891113137,0.9913434140214179,43.66126341287397,-79.39584773543923,108.023225652491,-118.7632563973432,-6.697300910871166,1.0,3.2097918264734706,388.0,3.2097918264734706,3.2843003995632714,11.823481438427777,0.5947677434750899,2.4163294088831484,-0.07677434750898024,3.2843003995632714,11.823481438427777,-0.14988984730764623,-0.060574789736514534,0.060574789736514534,-2.439361294764194,0.0,0.0,0.0,73.70347818361515,0.01217347412438928,43.824506847801416,14411.328247302741,4.003146735361873,4.494114089780638,195848.80736767847,1783556801848807.2,1783556801767743.5
389.0,2257.5999562036977,24288.0,77.66334367803672,-988.1028558915342,128.51246120736226,999.0199379317796,0.07766334367803673,-0.9881028558915342,0.12851246120736226,0.9990199379317796,0.9994748873097139,0.9994748873097139,9.801500403635805,-0.0005251126902861211,-0.005149596364194389,0.7616172292802188,0.8384685749999999,-0.07685134571978111,-0.011408504280218803,-9.689978871728714,-9.42419065,-0.26578822172871336,-0.0444876176253421,1.260276727699179,0.8392817224100273,0.42099500528915174,0.08825984999999992,0.07766334367803673,0.7616172292802188,-0.011408504280218803,-0.011408504280218803,-0.7742471597879614,9.801500403635805,0.9994748873097139,43.66125725872285,-79.39583867829712,108.0,-118.03386747764162,-7.3775807766561154,1.0,3.1553605941938923,389.0,3.1553605941938923,3.244362293904817,11.679704258057342,0.595,3.1553605941938923,-0.09170820402453567,3.244362293904817,11.679704258057342,-0.15769855953437878,-0.05795131098512479,0.05795131098512479,-2.9138566535342165,0.0,0.0,0.0,54.832587736275414,0.009062608250856629,32.62538970308387,14420.261032823873,4.005628064673298,2.965275788298868,196036.336186054,1783556802036336.2,1783556802082918.0
390.0,1750.5665699846381,24288.0,80.12915953806863,-973.6161877138468,119.26565173224265,984.2250427715883,0.08012915953806864,-0.9736161877138468,0.11926565173224266,0.9842250427715882,0.984249995489186,0.984249995489186,9.652195218264024,-0.01575000451081402,-0.15445478173597432,0.7857986223840007,0.8384685749999999,-0.05266995261599926,-0.03558989738400066,-9.547913187243996,-9.42419065,-0.1237225372439952,-0.08227104435000072,1.1695965035599973,0.842304396548,0.32729210701199724,0.08825984999999992,0.08012915953806864,0.7857986223840007,-0.03558989738400066,-0.03558989738400066,-0.558341864218481,9.652195218264024,0.984249995489186,43.66125078595621,-79.39583004794162,108.0,-117.33884849525401,-8.093080400352195,1.0,3.1852736490087956,390.0,3.1852736490087956,3.244362293904817,11.679704258057342,0.595,3.1852736490087956,-0.06088550577413868,3.244362293904817,11.679704258057342,-0.10469681158007374,-0.04819917837600792,0.04819917837600792,-1.93452306683822,0.0,0.0,0.0,42.5177608517869,0.007027241029670333,25.2980677068132,14423.597302839196,4.006554806344221,2.637521833830795,196219.73124064386,1783556802219731.2,1783556802391145.0
391.0,1243.533183765579,24288.0,82.59497539810053,-959.1295195361594,110.01884225712303,969.4301476113968,0.08259497539810053,-0.9591295195361593,0.11001884225712302,0.9694301476113968,0.9690251036686581,0.9690251036686581,9.502890032892244,-0.03097489633134192,-0.3037599671077542,0.8099800154877825,0.8384685749999999,-0.028488559512217397,-0.05977129048778252,-9.405847502759277,-9.42419065,0.018343147240722946,-0.12005447107465934,1.0789162794208154,0.8453270706859727,0.23358920873484276,0.08825984999999992,0.08259497539810053,0.8099800154877825,-0.05977129048778252,-0.05977129048778252,-0.34243656864900046,9.502890032892244,0.9690251036686581,43.66124431318958,-79.3958214175861,108.0,-116.64382951286639,-8.808580024048272,1.0,3.215186703823699,391.0,3.215186703823699,3.244362293904817,11.679704258057342,0.595,3.215186703823699,-0.030062807523741686,3.244362293904817,11.679704258057342,-0.0516950636257687,-0.03844704576689105,0.03844704576689105,-0.9551894801422236,0.0,0.0,0.0,30.202933967298385,0.004991873808484037,17.970745710542538,14426.93357285452,4.007481548015144,2.3097678793627217,196403.12629523373,1783556802403126.2,1783556802699372.0
392.0,101.0,24288.0,156.05139146082772,-850.5123772757868,167.97951242070695,880.3875694423481,0.15605139146082772,-0.8505123772757868,0.16797951242070697,0.8803875694423481,0.8809837558752793,0.8809837558752793,8.639499349554308,-0.11901624412472073,-1.1671506504456926,1.530341378069326,0.8336372468670467,0.6967041312022794,-0.004903324999999903,-8.340677204611593,-9.438900624999999,1.0982234203884054,-0.03522323583808241,1.6473162854805259,0.8482752249999999,0.799041060480526,0.08843984216761636,0.15605139146082772,1.530341378069326,-0.004903324999999903,-0.004903324999999903,0.12957940942367305,8.639499349554308,0.8809837558752793,43.66123784582562,-79.39581277975088,108.0,-115.94820817481565,-9.52348243658402,1.0,3.245196971009859,392.0,3.245196971009859,3.245196971009859,11.682709095635493,0.6009632918136945,0.02465360821048514,0.0,3.245196971009859,11.682709095635493,0.0008346771050421468,-0.028630394235456977,0.02881541707588459,0.0,0.0,0.0,0.0,2.453088,0.0004095043998857423,1.4742158395886722,14431.67263143463,4.008797953176286,0.9208257660333519,197187.37561580763,1783556803187375.5,1783556803007341.8
393.0,101.0,24288.0,158.13593261151618,-911.8574454246186,126.58648099989324,936.6701805109366,0.15813593261151618,-0.9118574454246187,0.12658648099989325,0.9366701805109365,0.9370692559825173,0.9370692559825173,9.189510219180953,-0.06293074401748264,-0.617139780819046,1.550783743544725,0.8365575847921036,0.7142261587526213,-0.004903324999999903,-8.942266817173335,-9.438900624999999,0.49663380782666333,-0.07172745990129442,1.241389313897603,0.8482752249999999,0.3931140888976032,0.09574068698025891,0.15813593261151618,1.550783743544725,-0.004903324999999903,-0.004903324999999903,0.09070635884055155,9.189510219180953,0.9370692559825173,43.661231592202164,-79.39580384600309,108.0,-115.22875643362127,-10.214757972867293,1.0,3.2790531553831936,393.0,3.2790531553831936,3.2790531553831936,11.804591359379499,0.599474333848917,1.024653608210477,0.0,3.2790531553831936,11.804591359379499,0.03469086147837672,-0.01626124419966751,0.023951166073451186,0.0,0.0,0.0,0.0,2.453088,0.00040848980407577005,1.470563294672772,14432.108014788606,4.008918892996834,0.6808647494038643,197364.85940520908,1783556803364859.5,1783556803305133.2
394.0,101.0,24288.0,160.22047376220462,-973.2025135734505,85.19344957907954,992.952791579525,0.16022047376220463,-0.9732025135734504,0.08519344957907954,0.992952791579525,0.9931547560897555,0.9931547560897555,9.7395210888076,-0.006845243910244533,-0.06712891119239961,1.5712261090201238,0.8394779227171606,0.7317481863029633,-0.004903324999999903,-9.543856429735078,-9.438900624999999,-0.10495580473507848,-0.10823168396450646,0.8354623423146803,0.8482752249999999,-0.012812882685319549,0.10304153179290146,0.16022047376220463,1.5712261090201238,-0.004903324999999903,-0.004903324999999903,0.051833308257430044,9.7395210888076,0.9931547560897555,43.66122533857871,-79.3957949122553,108.0,-114.5093046924269,-10.906033509150566,1.0,3.3129093397565286,394.0,3.3129093397565286,3.3129093397565286,11.926473623123503,0.5979853758841396,2.0246536082104685,0.0,3.3129093397565286,11.926473623123503,0.06854704585171129,-0.0038920941638780383,0.019086915071017778,0.0,0.0,0.0,0.0,2.453088,0.0004074752082657978,1.466910749756872,14432.543398142581,4.0090398328173835,0.4409037327743767,197542.34319461056,1783556803542343.2,1783556803602924.8
395.0,101.0,24288.0,162.30501491289309,-1034.5475817222823,43.80041815826583,1049.2354026481134,0.1623050149128931,-1.0345475817222822,0.043800418158265825,1.0492354026481134,1.0492402561969936,1.0492402561969936,10.289531958434246,0.04924025619699357,0.48288195843424697,1.591668474495523,0.8423982606422176,0.7492702138533054,-0.004903324999999903,-10.145446042296818,-9.438900624999999,-0.7065454172968204,-0.14473590802771846,0.4295353707317575,0.8482752249999999,-0.41873985426824234,0.11034237660554401,0.1623050149128931,1.591668474495523,-0.004903324999999903,-0.004903324999999903,0.012960257674308542,10.289531958434246,1.0492402561969936,43.66121908495526,-79.39578597850752,108.0,-113.78985295123252,-11.597309045433839,1.0,3.346765524129863,395.0,3.346765524129863,3.346765524129863,12.048355886867508,0.596496417919362,3.02465360821046,0.0,3.346765524129863,12.048355886867508,0.10240323022504585,0.00847705587191143,0.014222664068584374,0.0,0.0,0.0,0.0,2.453088,0.00040646061245582557,1.4632582048409721,14432.978781496555,4.009160772637932,0.20094271614488923,197719.82698401203,1783556803719827.0,1783556803900716.5
396.0,102.81533977410727,24288.0,98.48602585622294,-952.5398067767817,96.80951040805317,966.3409726499925,0.09848602585622296,-0.9525398067767816,0.09680951040805316,0.9663409726499925,0.9668839523907099,0.9668839523907099,9.481892511712354,-0.03311604760929011,-0.32475748828764484,0.9658179854629287,0.8542372892255052,0.11158069623742345,-0.019390510634006968,-9.341224496127525,-9.42419065,0.0829661538724745,-0.15690639999999867,0.9493769852431344,0.8924051499999999,0.056971835243134594,0.1127764750000001,0.09848602585622296,0.9658179854629287,-0.019390510634006968,-0.019390510634006968,-0.024389201404052298,9.481892511712354,0.9668839523907099,43.66121293747503,-79.39577690621255,108.0,-113.05924374167869,-12.276851510154724,1.0,3.404554752967351,396.0,3.404554752967351,3.399900973668052,12.239643505204988,0.5948153397741073,0.6666004473562996,0.0,3.399900973668052,12.239643505204988,0.1345444985904304,0.02309801554682862,0.02309801554682862,0.0,0.0,0.0,0.0,2.4971789724335176,0.00041260111549615595,1.4853640157861616,14434.884167042199,4.00969004640061,0.12093982054869115,198483.68817418028,1783556804483688.2,1783556804184660.2
397.0,102.53832191937124,24288.0,154.720650367638,-960.8503424188627,60.52017143763262,981.8539725152104,0.154720650367638,-0.9608503424188627,0.060520171437632615,0.9818539725152104,0.9822428528980602,0.9822428528980602,9.632511873372762,-0.01775714710193971,-0.1741381266272371,1.517291265927797,0.870536992096388,0.6467542738314092,-0.041123447795184086,-9.42272301048194,-9.42419065,0.0014676395180605872,-0.15690639999999867,0.5935001392288597,0.8924051499999999,-0.2989050107711402,0.1127764750000001,0.154720650367638,1.517291265927797,-0.041123447795184086,-0.041123447795184086,-0.060976637702330264,9.632511873372762,0.9822428528980602,43.661206843082226,-79.39576776462334,108.0,-112.32305413539031,-12.950525690769963,1.0,3.474314070257969,397.0,3.474314070257969,3.462678928558215,12.465644142809575,0.5945383219193712,1.666600447356296,0.0,3.462678928558215,12.465644142809575,0.16582805341520818,0.03884521557952143,0.03884521557952143,0.0,0.0,0.0,0.0,2.4904507627776886,0.00041129845934890244,1.480674453656049,14435.291815808825,4.009803282169117,0.12093982054869115,198648.2367798935,1783556804648236.8,1783556804461678.0
398.0,102.26130406463521,24288.0,210.95527487905306,-969.1608780609438,24.230832467212068,997.3669723804285,0.21095527487905308,-0.9691608780609438,0.024230832467212055,0.9973669723804284,0.9976017534054107,0.9976017534054107,9.783131235033169,-0.002398246594589315,-0.02351876496682931,2.0687645463926656,0.8868366949672708,1.1819278514253948,-0.0628563849563612,-9.504221524836353,-9.42419065,-0.08003087483635335,-0.15690639999999867,0.23762329321458497,0.8924051499999999,-0.6547818567854149,0.1127764750000001,0.21095527487905308,2.0687645463926656,-0.0628563849563612,-0.0628563849563612,-0.09756407400060822,9.783131235033169,0.9976017534054107,43.661200748689424,-79.39575862303414,108.0,-111.58686452910193,-13.624199871385201,1.0,3.544073387548586,398.0,3.544073387548586,3.5254568834483786,12.691644780414164,0.5942613040646352,2.6666004473562923,0.0,3.5254568834483786,12.691644780414164,0.1971116082399859,0.05459241561221424,0.05459241561221424,0.0,0.0,0.0,0.0,2.48372255312186,0.000409995803201649,1.4759848915259361,14435.699464575453,4.009916517937625,0.12093982054869115,198812.7853856067,1783556804812785.5,1783556804738696.0
399.0,102.04747279508916,24288.0,260.42371610328297,-978.9938573937449,-8.480870557146737,1013.5033051778236,0.26042371610328297,-0.9789938573937449,-0.008480870557146738,1.0135033051778235,1.0135913130523826,1.0135913130523826,9.939935250145147,0.013591313052382658,0.13328525014514836,2.5538842355242597,0.9031428981719222,1.6507413373523372,-0.08335652500000001,-9.600650111610367,-9.424035466971347,-0.1766146446390209,-0.15690639999999867,-0.08316892924924306,0.8917068263710581,-0.9748757556203013,0.11324202408596125,0.26042371610328297,2.5538842355242597,-0.08335652500000001,-0.08335652500000001,-0.12998608715617907,9.939935250145147,1.0135913130523826,43.661194699338964,-79.39574943032646,108.0,-110.84655825512611,-14.292895071002196,1.0,3.609476818827723,399.0,3.609476818827723,3.5850725704116435,12.906261253481917,0.594110769855208,3.609476818827723,0.0,3.5850725704116435,12.906261253481917,0.22343330498255956,0.0694463584350955,0.0694463584350955,0.0,0.0,0.0,0.0,2.4785290192471257,0.0004090357575412051,1.4725287271483383,14436.108243295863,4.010030067582184,0.12092264534918362,198977.51038328288,1783556804977510.5,1783556805015824.2
400.0,102.88436903524135,24288.0,197.37753267848518,-1014.1434994801366,18.29980912772312,1040.0050194493094,0.19737753267848518,-1.0141434994801366,0.018299809127723117,1.0400050194493093,1.0400680814201695,1.0400680814201695,10.199583650659104,0.040068081420169474,0.39293365065910496,1.9356123808414663,0.919557195198899,1.0160551856425672,-0.08335652500000001,-9.94535034917688,-9.421299750800182,-0.5240505983766973,-0.15690639999999867,0.17945982318238585,0.8793961036008255,-0.6999362804184397,0.12144917259944968,0.19737753267848518,1.9356123808414663,-0.08335652500000001,-0.08335652500000001,-0.09314142491829616,10.199583650659104,1.0400680814201695,43.66118939899611,-79.39573938757158,108.0,-110.03779605851304,-14.878794970170711,1.0,3.602446374346509,400.0,3.602446374346509,3.5921030148928574,12.931570853614286,0.5960635277488965,3.602446374346509,0.0,3.5921030148928574,12.931570853614286,0.16724443764711064,0.0694463584350955,0.0694463584350955,0.0,0.0,0.0,0.0,2.4988555551279417,0.00041377296965342864,1.489582690752343,14436.535811978118,4.010148836660587,0.12061986435925628,199145.1685967267,1783556805145168.5,1783556805294789.8
401.0,103.72126527539353,24288.0,134.3313492536874,-1049.2931415665282,45.080488812592975,1066.5067337207952,0.1343313492536874,-1.0492931415665283,0.04508048881259297,1.0665067337207952,1.0665448497879564,1.0665448497879564,10.45923205117306,0.06654484978795629,0.6525820511730616,1.3173405261586733,0.9359714922258758,0.3813690339327973,-0.08335652500000001,-10.290050586743394,-9.41856403462902,-0.8714865521143736,-0.15690639999999867,0.44208857561401477,0.8670853808305929,-0.4249968052165781,0.12965632111293812,0.1343313492536874,1.3173405261586733,-0.08335652500000001,-0.08335652500000001,-0.056296762680413254,10.45923205117306,1.0665448497879564,43.66118409865325,-79.3957293448167,108.0,-109.22903386189998,-15.464694869339226,1.0,3.595415929865295,401.0,3.595415929865295,3.5991334593740714,12.956880453746656,0.5980162856425849,3.595415929865295,0.0,3.5991334593740714,12.956880453746656,0.1110555703116617,0.0694463584350955,0.0694463584350955,0.0,0.0,0.0,0.0,2.519182091008758,0.0004185101817656522,1.5066366543563479,14436.96338066037,4.01026760573899,0.12031708336932895,199312.82681017052,1783556805312826.8,1783556805573755.0
402.0,104.55816151554572,24288.0,71.2851658288896,-1084.44278365292,71.86116849746283,1093.008447992281,0.07128516582888961,-1.08444278365292,0.07186116849746282,1.0930084479922808,1.093021618155743,1.093021618155743,10.718880451687017,0.0930216181557431,0.9122304516870181,0.6990686714758803,0.9523857892528527,-0.25331711777697263,-0.08335652500000001,-10.634750824309906,-9.415828318457857,-1.21892250585205,-0.15690639999999867,0.7047173280456438,0.8547746580603603,-0.15005733001471655,0.13786346962642654,0.07128516582888961,0.6990686714758803,-0.08335652500000001,-0.08335652500000001,-0.01945210044253036,10.718880451687017,1.093021618155743,43.6611787983104,-79.3957193020618,108.0,-108.4202716652869,-16.050594768507743,1.0,3.5883854853840815,402.0,3.5883854853840815,3.606163903855285,12.982190053879025,0.5999690435362733,3.5883854853840815,0.0,3.606163903855285,12.982190053879025,0.05486670297621277,0.0694463584350955,0.0694463584350955,0.0,0.0,0.0,0.0,2.539508626889574,0.00042324739387787576,1.5236906179603527,14437.390949342624,4.010386374817394,0.12001430237940161,199480.4850236143,1783556805480485.0,1783556805852720.5
403.0,109.98106517434864,24288.0,76.99008936723406,-1054.0387560911831,35.254290486472584,1058.1424544123254,0.07699008936723407,-1.0540387560911832,0.035254290486472585,1.0581424544123255,1.0578413924254486,1.0578413924254486,10.373880291029025,0.057841392425448564,0.5672302910290251,0.755014859893186,0.9094275220940194,-0.1544126622008335,0.01253467006054738,-10.3365891674216,-9.414383999999998,-0.9222051674216023,-0.009806650000001582,0.34572648779916637,0.8924051499999999,-0.5466786622008336,-0.017530838664534247,0.07699008936723407,0.755014859893186,0.01253467006054738,0.01253467006054738,0.14494281325638186,10.373880291029025,1.0578413924254486,43.66117366997021,-79.39570909467413,108.0,-107.59825127526402,-16.617481493135497,1.0,3.6171250031744377,403.0,3.6171250031744377,3.624835973089468,13.049409503122085,0.5951226331467936,0.4720510581169006,0.0,3.624835973089468,13.049409503122085,0.037071621269397774,0.07304535255998758,0.07304535255998758,0.0,0.0,0.0,0.0,2.6712201109545797,0.0004415901255946349,1.5897244521406857,14439.399579745137,4.010944327706982,0.12067361560856156,200237.08935548898,1783556806237089.2,1783556806122633.2
404.0,112.05936826779427,24288.0,91.79799890803413,-1022.3446339161375,48.503472707188436,1028.786423217406,0.09179799890803414,-1.0223446339161375,0.04850347270718844,1.028786423217406,1.0285215484958516,1.0285215484958516,10.086350843556842,0.02852154849585154,0.2797008435568425,0.900230845991473,0.9247134153675234,-0.024482569376050423,0.04947557880484841,-10.025776004193688,-9.414383999999998,-0.61139200419369,-0.009806650000001582,0.47565658062394944,0.8924051499999999,-0.4167485693760504,-0.04428115189316602,0.09179799890803414,0.900230845991473,0.04947557880484841,0.04947557880484841,0.17267010119327583,10.086350843556842,1.0285215484958516,43.66116873400036,-79.39569870315866,108.0,-106.7614027240462,-17.163103599862225,1.0,3.685870180114904,404.0,3.685870180114904,3.656528209029026,13.163501552504492,0.5953824210334743,1.4720510581168942,0.0,3.656528209029026,13.163501552504492,0.062216721877572614,0.08066951537671573,0.08066951537671573,0.0,0.0,0.0,0.0,2.7216979364881873,0.0004501380545921142,1.6204969965316112,14439.8395697114,4.011066547142055,0.12010968309416041,200391.9229359507,1783556806391923.0,1783556806382421.0
405.0,114.13767136123988,24288.0,106.60590844883419,-990.6505117410917,61.75265492790428,999.4303920224866,0.10660590844883419,-0.9906505117410916,0.061752654927904285,0.9994303920224866,0.9992017045662546,0.9992017045662546,9.798821396084659,-0.0007982954337454745,-0.007828603915340016,1.0454468320897599,0.9399993086410273,0.1054475234487326,0.08641648754914945,-9.714962840965775,-9.414383999999998,-0.3005788409657776,-0.009806650000001582,0.6055866734487325,0.8924051499999999,-0.28681847655126735,-0.07103146512179778,0.10660590844883419,1.0454468320897599,0.08641648754914945,0.08641648754914945,0.2003973891301698,9.798821396084659,0.9992017045662546,43.661163798030515,-79.3956883116432,108.0,-105.9245541728284,-17.70872570658895,1.0,3.7546153570553704,405.0,3.7546153570553704,3.688220444968583,13.2775936018869,0.595642208920155,2.4720510581168877,0.0,3.688220444968583,13.2775936018869,0.08736182248574746,0.08829367819344386,0.08829367819344386,0.0,0.0,0.0,0.0,2.7721757620217944,0.00045868598358959347,1.6512695409225364,14440.279559677663,4.011188766577128,0.11954575057975927,200546.75651641237,1783556806546756.5,1783556806642209.0
406.0,116.21597445468551,24288.0,121.41381798963425,-958.956389566046,75.00183714862013,970.0743608275671,0.12141381798963427,-0.9589563895660459,0.07500183714862013,0.9700743608275672,0.9698818606366575,0.9698818606366575,9.511291948612476,-0.030118139363342497,-0.2953580513875226,1.1906628181880468,0.9552852019145311,0.23537761627351567,0.12335739629345047,-9.404149677737864,-9.414383999999998,0.01023432226213461,-0.009806650000001582,0.7355167662735156,0.8924051499999999,-0.15688838372648428,-0.09778177835042955,0.12141381798963427,1.1906628181880468,0.12335739629345047,0.12335739629345047,0.22812467706706377,9.511291948612476,0.9698818606366575,43.661158862060674,-79.39567792012772,108.0,-105.0877056216106,-18.25434781331568,1.0,3.8233605339958365,406.0,3.8233605339958365,3.7199126809081404,13.391685651269308,0.5959019968068356,3.472051058116881,0.0,3.7199126809081404,13.391685651269308,0.11250692309392231,0.095917841010172,0.095917841010172,0.0,0.0,0.0,0.0,2.822653587555402,0.00046723391258707275,1.6820420853134619,14440.719549643927,4.011310986012201,0.11898181806535812,200701.59009687408,1783556806701590.0,1783556806901996.8
407.0,115.6675014433815,24288.0,70.17564051635108,-998.5281737141255,91.80682917263749,1006.860672270744,0.07017564051635108,-0.9985281737141255,0.0918068291726375,1.006860672270744,1.006497518373995,1.006497518373995,9.87036888856234,0.006497518373995134,0.06371888856233937,0.6881879450696743,0.9022117999999999,-0.21402385493032558,0.13238363522769708,-9.792216314753627,-9.414383999999998,-0.37783231475362933,-0.0016242087128300105,0.9003174413058456,0.94959628219796,-0.04927884089211451,-0.10787314999999986,0.07017564051635108,0.6881879450696743,0.13238363522769708,0.13238363522769708,-0.008196101456265205,9.87036888856234,1.006497518373995,43.661154163118866,-79.39566732498557,107.98331246391547,-104.2344586245937,-18.77376884032122,1.0,3.8296987029800356,407.0,3.8296987029800356,3.7514638350219913,13.50526980607917,0.5965006260825361,0.6227568790196764,-0.016687536084536457,3.7514638350219913,13.50526980607917,0.12123063304655428,0.09879400398601668,0.09879400398601668,-0.4471630421988861,0.0,0.0,0.0,2.8093322750568497,0.00046550249485630726,1.6758089814827062,14442.839139146583,4.011899760874049,0.11876907840360315,201455.95834114638,1783556807455958.2,1783556807166875.2
408.0,116.73935061256651,24288.0,81.69801908509007,-1034.70308317412,57.77561805101307,1041.9637325615533,0.08169801908509006,-1.03470308317412,0.05777561805101307,1.0419637325615534,1.04176017747114,1.04176017747114,10.216177444397356,0.04176017747114012,0.4095274443973563,0.8011838788607983,0.9022117999999999,-0.1010279211392015,0.12450019798645588,-10.146970990609482,-9.414383999999998,-0.7325869906094843,0.011514853355905571,0.5665852647599673,0.9312015953017304,-0.36461633054176323,-0.10787314999999986,0.08169801908509006,0.8011838788607983,0.12450019798645588,0.12450019798645588,-0.02135709852010696,10.216177444397356,1.04176017747114,43.6611496077599,-79.39565660649387,107.95651623468584,-103.37127805465153,-19.277318220749958,1.0,3.7982330110265177,408.0,3.7982330110265177,3.782929526975509,13.618546297111832,0.5973045129594249,1.6227568790196778,-0.043483765314160476,3.782929526975509,13.618546297111832,0.120006870927122,0.09879400398601668,0.09879400398601668,-1.1652009431254824,0.0,0.0,0.0,2.8353653476780156,0.00047045781791565553,1.69364814449636,14443.30305500896,4.012028626391376,0.11876907840360315,201616.46775423182,1783556807616467.8,1783556807434837.8
409.0,117.81119978175154,24288.0,93.22039765382905,-1070.8779926341144,23.74440692938863,1077.0667928523628,0.09322039765382904,-1.0708779926341143,0.02374440692938863,1.077066792852363,1.077022836568285,1.077022836568285,10.561986000232373,0.07702283656828511,0.7553360002323732,0.9141798126519225,0.9022117999999999,0.0119680126519226,0.11661676074521467,-10.501725666465337,-9.414383999999998,-1.0873416664653393,0.024653915424641147,0.23285308821408912,0.9128069084055009,-0.6799538201914119,-0.10787314999999986,0.09322039765382904,0.9141798126519225,0.11661676074521467,0.11661676074521467,-0.034518095583948714,10.561986000232373,1.077022836568285,43.66114505240093,-79.39564588800218,107.92972000545622,-102.50809748470934,-19.780867601178695,1.0,3.766767319073,409.0,3.766767319073,3.8143952189290267,13.731822788144497,0.5981083998363136,2.622756879019679,-0.07027999454378449,3.8143952189290267,13.731822788144497,0.11878310880768972,0.09879400398601668,0.09879400398601668,-1.8832388440520786,0.0,0.0,0.0,2.8613984202991816,0.00047541314097500386,1.7114873075100139,14443.766970871338,4.012157491908703,0.11876907840360315,201776.9771673173,1783556807776977.2,1783556807702800.0
410.0,118.88304895093655,24288.0,104.74277622256803,-1107.052902094109,-10.286804192235792,1112.1698531431723,0.10474277622256803,-1.107052902094109,-0.010286804192235793,1.1121698531431725,1.11228549566543,1.11228549566543,10.90779455606739,0.11228549566543009,1.10114455606739,1.0271757464430467,0.9022117999999999,0.1249639464430467,0.10873332350397345,-10.856480342321193,-9.414383999999998,-1.4420963423211943,0.03779297749337673,-0.10087908833178916,0.8944122215092714,-0.9952913098410605,-0.10787314999999986,0.10474277622256803,1.0271757464430467,0.10873332350397345,0.10873332350397345,-0.047679092647790466,10.90779455606739,1.11228549566543,43.66114049704196,-79.3956351695105,107.90292377622659,-101.64491691476715,-20.284416981607432,1.0,3.7353016271194823,410.0,3.7353016271194823,3.8458609108825446,13.84509927917716,0.5989122867132024,3.6227568790196805,-0.09707622377340851,3.8458609108825446,13.84509927917716,0.11755934668825743,0.09879400398601668,0.09879400398601668,-2.6012767449786747,0.0,0.0,0.0,2.887431492920347,0.00048036846403435213,1.7293264705236677,14444.230886733716,4.012286357426031,0.11876907840360315,201937.48658040274,1783556807937486.5,1783556807970762.2
411.0,117.84538493138139,24288.0,101.15061671180183,-1075.206932872823,15.789068770360167,1081.5924709551655,0.10115061671180184,-1.075206932872823,0.015789068770360168,1.0815924709551654,1.0816108464887242,1.0816108464887242,10.606979007718646,0.08161084648872417,0.8003290077186468,0.9919486953767913,0.9157992870352023,0.07614940834158898,0.10787314999999997,-10.544178068257269,-9.414383999999998,-1.1297940682572711,0.03922659999999922,0.15483787125685256,0.882214534723598,-0.7273766634667455,-0.10787314999999986,0.10115061671180184,0.9919486953767913,0.10787314999999997,0.10787314999999997,-0.03777329963672581,10.606979007718646,1.0816108464887242,43.66113584338576,-79.39562453215643,107.9,-100.7882705135859,-20.79883213867719,1.0,3.760982590761172,411.0,3.760982590761172,3.8512920866657465,13.864651511996687,0.5980763079451051,3.760982590761172,-0.07690769862762341,3.8512920866657465,13.864651511996687,0.09230740347311851,0.08857692873918288,0.08857692873918288,-2.0608363219487513,0.0,0.0,0.0,2.862228709213391,0.00047553262463863403,1.7119174486990825,14444.661940562813,4.01240609460078,0.11915015451126451,202092.39919316562,1783556808092399.2,1783556808230923.0
412.0,116.54935850097037,24288.0,95.70730570407557,-1035.0301135300815,49.226550674964415,1042.9708833289171,0.09570730570407557,-1.0350301135300815,0.04922655067496441,1.042970883328917,1.0428605322619453,1.0428605322619453,10.226968238706604,0.042860532261945236,0.4203182387066051,0.9385680494828725,0.9310509001477506,0.007517149335121903,0.10787314999999997,-10.150178062849774,-9.414383999999998,-0.7357940628497748,0.03922659999999922,0.4827475531766398,0.8707758248891868,-0.38802827171254706,-0.10787314999999986,0.09570730570407557,0.9385680494828725,0.10787314999999997,0.10787314999999997,-0.025042403883346647,10.226968238706604,1.0428605322619453,43.661131177690606,-79.3956139047397,107.9,-99.9324243840517,-21.31457808062366,1.0,3.793662585170118,412.0,3.793662585170118,3.8535346877582897,13.872724875929842,0.5970394868007762,3.793662585170118,-0.05098717001940453,3.8535346877582897,13.872724875929842,0.06411261124925875,0.07710851825218212,0.07710851825218212,-1.3662638956098527,0.0,0.0,0.0,2.8307508192715685,0.0004694976136281212,1.6901914090612364,14445.088969617764,4.01252471378271,0.11957790287602314,202246.62633838452,1783556808246626.2,1783556808490128.2
413.0,115.25333207055935,24288.0,90.26399469634929,-994.85329418734,82.66403257956867,1004.3492957026688,0.0902639946963493,-0.9948532941873399,0.08266403257956866,1.0043492957026687,1.0041102180351662,1.0041102180351662,9.846957469694562,0.004110218035166313,0.04030746969456356,0.8851874035889538,0.9463025132602989,-0.06111510967134515,0.10787314999999997,-9.756178057442277,-9.414383999999998,-0.3417940574422784,0.03922659999999922,0.8106572350964272,0.8593371150547756,-0.04867987995834866,-0.10787314999999986,0.0902639946963493,0.8851874035889538,0.10787314999999997,0.10787314999999997,-0.012311508129967494,9.846957469694562,1.0041102180351662,43.661126511995455,-79.39560327732298,107.9,-99.0765782545175,-21.830324022570128,1.0,3.826342579579064,413.0,3.826342579579064,3.855777288850833,13.880798239862997,0.5960026656564474,3.826342579579064,-0.025066641411185656,3.855777288850833,13.880798239862997,0.03591781902539899,0.06564010776518137,0.06564010776518137,-0.6716914692709541,0.0,0.0,0.0,2.799272929329746,0.00046346260261760847,1.6684653694233904,14445.515998672714,4.012643332964641,0.12000565124078176,202400.85348360342,1783556808400853.5,1783556808749333.5
414.0,101.03342853156381,24288.0,23.16164147184278,-913.4011423787658,199.38707335204563,935.3259281827472,0.02316164147184278,-0.9134011423787659,0.19938707335204564,0.9353259281827473,0.9354509167229894,0.9354509167229894,9.173639732481503,-0.06454908327701062,-0.6330102675184961,0.227138111339847,0.9022117999999999,-0.6750736886601529,0.10787314999999997,-8.957405312908724,-9.438695736306835,0.4812904233981115,0.12748644999999925,1.9553192428878383,0.8924051499999999,1.0629140928878384,-0.10910248215897617,0.02316164147184278,0.227138111339847,0.10787314999999997,0.10787314999999997,0.0,9.173639732481503,0.9354509167229894,43.66112185792874,-79.39559264064329,107.9,-98.21998616086503,-22.344784557161496,1.0,3.8586471525977193,414.0,3.8586471525977193,3.8586471525977193,13.891129749351789,0.596991642867109,0.03294250707381274,0.0,3.8586471525977193,13.891129749351789,0.00928066897449732,0.054235077956434556,0.054235077956434556,0.0,0.0,0.0,0.0,2.4538999121746223,0.00040693248190935155,1.4649569348736655,14447.406156221972,4.013168376728324,0.11852298879653958,203151.980851203,1783556809151980.8,1783556809008357.2
415.0,102.0481822504875,24288.0,58.424333204440856,-925.57818700585,150.4252064139778,945.2197769422531,0.05842433320444086,-0.9255781870058502,0.15042520641397783,0.9452197769422532,0.9454217682927837,0.9454217682927837,9.271420384028426,-0.05457823170721636,-0.5352296159715734,0.5729469872193299,0.9022117999999999,-0.32926481278067005,0.10787314999999997,-9.07682132760092,-9.432476152208285,0.35565482460736414,0.12748644999999925,1.4751673504796354,0.8924051499999999,0.5827622004796356,-0.14641998675028728,0.05842433320444086,0.5729469872193299,0.10787314999999997,0.10787314999999997,0.0,9.271420384028426,0.9454217682927837,43.66111754522544,-79.39558173204081,107.9,-97.3414956067098,-22.821510780535164,1.0,3.8799308865626805,415.0,3.8799308865626805,3.8799308865626805,13.967751191625648,0.5967379544373781,1.0329425070738194,0.0,3.8799308865626805,13.967751191625648,0.028369532771958555,0.04469064605770394,0.04469064605770394,0.0,0.0,0.0,0.0,2.4785462504998406,0.00041083995346466223,1.479023832472784,14447.79174818507,4.013275485606963,0.11560295802855763,203303.17915532264,1783556809303179.2,1783556809262045.5
416.0,103.06293596941119,24288.0,93.68702493703893,-937.7552316329343,101.46333947590998,955.1136257017591,0.09368702493703893,-0.9377552316329343,0.10146333947590998,0.9551136257017592,0.9553926198625778,0.9553926198625778,9.36920103557535,-0.04460738013742212,-0.4374489644246506,0.9187558630988127,0.9022117999999999,0.016544063098812845,0.10787314999999997,-9.196237342293115,-9.426256568109732,0.23001922581661677,0.12748644999999925,0.9950154580714325,0.8924051499999999,0.10261030807143268,-0.18373749134159842,0.09368702493703893,0.9187558630988127,0.10787314999999997,0.10787314999999997,0.0,9.36920103557535,0.9553926198625778,43.661113232522126,-79.39557082343833,107.9,-96.46300505255456,-23.29823700390883,1.0,3.9012146205276417,416.0,3.9012146205276417,3.9012146205276417,14.04437263389951,0.5964842660076471,2.032942507073826,0.0,3.9012146205276417,14.04437263389951,0.04745839656941979,0.03514621415897332,0.03514621415897332,0.0,0.0,0.0,0.0,2.5031925888250592,0.0004147474250199729,1.4930907300719025,14448.17734014817,4.013382594485601,0.11268292726057569,203454.37745944227,1783556809454377.5,1783556809515734.0
417.0,104.07768968833487,24288.0,128.94971666963698,-949.9322762600185,52.50147253784215,965.007474461265,0.128949716669637,-0.9499322762600185,0.05250147253784215,0.965007474461265,0.9653634714323721,0.9653634714323721,9.46698168712227,-0.034636528567627875,-0.33966831287772786,1.2645647389782957,0.9022117999999999,0.3623529389782958,0.10787314999999997,-9.31565335698531,-9.42003698401118,0.1043836270258694,0.12748644999999925,0.5148635656632297,0.8924051499999999,-0.3775415843367702,-0.22105499593290956,0.128949716669637,1.2645647389782957,0.10787314999999997,0.10787314999999997,0.0,9.46698168712227,0.9653634714323721,43.66110891981882,-79.39555991483586,107.9,-95.58451449839934,-23.7749632272825,1.0,3.922498354492603,417.0,3.922498354492603,3.922498354492603,14.12099407617337,0.5962305775779163,3.0329425070738325,0.0,3.922498354492603,14.12099407617337,0.06654726036688102,0.025601782260242706,0.025601782260242706,0.0,0.0,0.0,0.0,2.5278389271502775,0.0004186548965752836,1.5071576276710208,14448.562932111266,4.01348970336424,0.10976289649259373,203605.5757635619,1783556809605575.8,1783556809769422.5
418.0,105.73374653860003,24288.0,136.53095740304983,-913.9602729823504,12.46129499819959,924.6924700012003,0.13653095740304982,-0.9139602729823504,0.012461294998199588,0.9246924700012004,0.9246206084714361,0.9246206084714361,9.067430690066407,-0.07537939152856392,-0.7392193099335913,1.3389113134166184,0.9610517,0.37785961341661856,0.10569727124396831,-8.962888511042365,-9.390411344689007,0.4275228336466401,0.12552815911957074,0.12220355859409399,0.9610517000000001,-0.838848141405906,-0.10504450761715871,0.13653095740304982,1.3389113134166184,0.10569727124396831,0.10569727124396831,-0.003656939085767505,9.067430690066407,0.9246206084714361,43.66110464499538,-79.39554897936173,107.9,-94.703859919806,-24.247502210313556,1.0,3.9454817250684027,418.0,3.9454817250684027,3.9418431540637164,14.190635354629379,0.6008668732693,0.09109935301012216,0.0,3.9418431540637164,14.190635354629379,0.08203564900612403,0.01664725527503939,0.01664725527503939,0.0,0.0,0.0,0.0,2.5680612359295174,0.0004286391291339798,1.5431008648823272,14450.490828733538,4.014025230203759,0.10710887863834459,204357.20173412774,1783556810357201.8,1783556810022187.8
419.0,102.81107527253315,24288.0,153.3363171829344,-880.59310936142,50.45602145706913,899.3626523619539,0.15333631718293442,-0.8805931093614201,0.05045602145706912,0.8993626523619539,0.8992953731667879,0.8992953731667879,8.81907497126608,-0.10070462683321212,-0.9875750287339196,1.5037155949020238,0.9610517,0.5426638949020238,0.08181259276782263,-8.63566841591917,-9.396382514308042,0.7607140983888727,0.10403194849103961,0.4948045428219669,0.9610517000000001,-0.4662471571780331,-0.07399442559816938,0.15333631718293442,1.5037155949020238,0.08181259276782263,0.08181259276782263,-0.04379925585239891,8.81907497126608,0.8992953731667879,43.66110074810036,-79.39553777578854,107.9,-93.80161481233503,-24.67826498604181,1.0,3.9854224149246935,419.0,3.9854224149246935,3.9418431540637164,14.190635354629379,0.5994055376362666,1.0910993530101207,0.0,3.9418431540637164,14.190635354629379,0.0616020020584413,0.013578225166064113,0.013578225166064113,0.0,0.0,0.0,0.0,2.497075396219285,0.00041586167798613794,1.4971020407500966,14450.821681901454,4.0141171338615145,0.10710887863834459,204502.1175177369,1783556810502117.5,1783556810265743.8
420.0,99.88840400646626,24288.0,170.14167696281902,-847.2259457404898,88.45074791593866,874.0328347227075,0.170141676962819,-0.8472259457404898,0.08845074791593864,0.8740328347227075,0.8739701378621397,0.8739701378621397,8.570719252465752,-0.1260298621378603,-1.2359307475342476,1.6685198763874292,0.9610517,0.7074681763874291,0.05792791429167694,-8.308448320795973,-9.402353683927078,1.0939053631311053,0.08253573786250848,0.8674055270498399,0.9610517000000001,-0.0936461729501602,-0.04294434357918003,0.170141676962819,1.6685198763874292,0.05792791429167694,0.05792791429167694,-0.08394157261903032,8.570719252465752,0.8739701378621397,43.66109685120534,-79.39552657221536,107.9,-92.89936970486406,-25.10902776177007,1.0,4.025363104780984,420.0,4.025363104780984,3.9418431540637164,14.190635354629379,0.5979442020032331,2.0910993530101196,0.0,3.9418431540637164,14.190635354629379,0.04116835511075858,0.010509195057088836,0.010509195057088836,0.0,0.0,0.0,0.0,2.4260895565090523,0.0004030842268382961,1.451103216617866,14451.15253506937,4.014209037519269,0.10710887863834459,204647.03330134606,1783556810647033.2,1783556810509299.8
421.0,96.96573274039937,24288.0,186.94703674270363,-813.8587821195595,126.4454743748082,848.7030170834612,0.18694703674270363,-0.8138587821195595,0.1264454743748082,0.8487030170834612,0.8486449025574915,0.8486449025574915,8.322363533665424,-0.1513550974425085,-1.4842864663345758,1.8333241578728345,0.9610517,0.8722724578728345,0.03404323581553126,-7.981228225672777,-9.408324853546116,1.427096627873338,0.06103952723397735,1.2400065112777128,0.9610517000000001,0.2789548112777127,-0.011894261560190703,0.18694703674270363,1.8333241578728345,0.03404323581553126,0.03404323581553126,-0.12408388938566173,8.322363533665424,0.8486449025574915,43.66109295431032,-79.39551536864218,107.9,-91.99712459739308,-25.539790537498323,1.0,4.065303794637275,421.0,4.065303794637275,3.9418431540637164,14.190635354629379,0.5964828663701996,3.0910993530101183,0.0,3.9418431540637164,14.190635354629379,0.02073470816307585,0.007440164948113561,0.007440164948113561,0.0,0.0,0.0,0.0,2.35510371679882,0.00039030677569045424,1.4051043924856352,14451.483388237288,4.014300941177023,0.10710887863834459,204791.9490849552,1783556810791949.0,1783556810752855.5
422.0,94.04306147433249,24288.0,203.7523965225882,-780.4916184986291,164.44020083367772,823.3731994442148,0.2037523965225882,-0.7804916184986292,0.16444020083367772,0.8233731994442148,0.8233196672528433,0.8233196672528433,8.074007814865094,-0.1766803327471567,-1.732642185134904,1.9981284393582397,0.9610517,1.0370767393582399,0.010158557339385574,-7.654008130549581,-9.414296023165152,1.7602878926155705,0.039543316605446216,1.6126074955055856,0.9610517000000001,0.6515557955055855,0.019155820458798628,0.2037523965225882,1.9981284393582397,0.010158557339385574,0.010158557339385574,-0.16422620615229314,8.074007814865094,0.8233196672528433,43.661089057415296,-79.39550416506899,107.9,-91.09487948992212,-25.970553313226578,1.0,4.105244484493566,422.0,4.105244484493566,3.9418431540637164,14.190635354629379,0.5950215307371662,4.091099353010117,0.0,3.9418431540637164,14.190635354629379,0.00030106121539312525,0.004371134839138284,0.004371134839138284,0.0,0.0,0.0,0.0,2.2841178770885877,0.0003775293245426124,1.3591055683534046,14451.814241405204,4.014392844834777,0.10710887863834459,204936.86486856436,1783556810936864.8,1783556810996411.5
423.0,96.0221686518329,24288.0,179.98674725948428,-812.8602405922846,138.71180752617227,847.0132527405158,0.17998674725948427,-0.8128602405922847,0.13871180752617226,0.8470132527405158,0.8471079093790016,0.8471079093790016,8.307290779511584,-0.15289209062099846,-1.4993592204884143,1.7650670350122213,0.9610517,0.8040153350122213,0.009806650000000028,-7.9714358784043275,-9.423059931341653,1.4516240529373259,0.052860206394028914,1.3602981472765372,0.9560940249476257,0.40420412232891134,0.019613299999999834,0.17998674725948427,1.7650670350122213,0.009806650000000028,0.009806650000000028,-0.12315651216492192,8.307290779511584,0.8471079093790016,43.661085713975936,-79.39549262530133,107.87472289185209,-90.1655600012125,-26.34013709977525,1.0,4.0532635166756155,423.0,4.0532635166756155,3.9397551759321265,14.183118633355654,0.5947472289185208,4.0532635166756155,-0.025277108147913445,3.9397551759321265,14.183118633355654,-0.0020879781315898036,0.003232450260530866,0.003232450260530866,-0.6484867416805127,0.0,0.0,0.0,2.3321864322157175,0.00038528464393266707,1.3870247181576016,14452.191084216385,4.014497523393439,0.10682586538742814,205089.1460223986,1783556811089146.0,1783556811252771.0
424.0,98.07457666586926,24288.0,155.6144020928026,-846.2118708203753,112.03050334369968,871.3855979071974,0.15561440209280258,-0.8462118708203754,0.11203050334369968,0.8713855979071974,0.8716305908565734,0.8716305908565734,8.547776133823614,-0.12836940914342662,-1.2588738661763845,1.5260559762833825,0.9610517,0.5650042762833825,0.009806650000000028,-8.298503642980634,-9.4318656019264,1.1333619589457673,0.06669768874148842,1.0986439356154925,0.9510622131849134,0.1475817224305791,0.019613299999999834,0.15561440209280258,1.5260559762833825,0.009806650000000028,0.009806650000000028,-0.0808723797051539,8.547776133823614,0.8716305908565734,43.661082378812914,-79.39548108050626,107.84906779167663,-89.23583564418492,-26.708806020191783,1.0,3.999907959108074,424.0,3.999907959108074,3.9376359743281837,14.17548950758146,0.5944906779167664,3.999907959108074,-0.050932208323370025,3.9376359743281837,14.17548950758146,-0.004207179735532813,0.002122631927880576,0.002122631927880576,-1.3066709066931677,0.0,0.0,0.0,2.3820353180606326,0.0003933470088724453,1.4160492319408033,14452.568614753332,4.014602392987036,0.10653861997704513,205241.5373174408,1783556811241537.2,1783556811509322.0
425.0,100.1269846799056,24288.0,131.24205692612094,-879.5635010484662,85.3491991612271,895.7579430738791,0.13124205692612093,-0.8795635010484661,0.08534919916122712,0.8957579430738791,0.8961532723341452,0.8961532723341452,8.788261488135646,-0.10384672766585479,-1.0183885118643548,1.2870449175545438,0.9610517,0.3259932175545437,0.009806650000000028,-8.62557140755694,-9.440671272511148,0.8150998649542088,0.08053517108894792,0.8369897239544478,0.946030401422201,-0.10904067746775314,0.019613299999999834,0.13124205692612093,1.2870449175545438,0.009806650000000028,0.009806650000000028,-0.03858824724538587,8.788261488135646,0.8961532723341452,43.6610790436499,-79.39546953571117,107.82341269150118,-88.30611128715732,-27.077474940608315,1.0,3.946552401540533,425.0,3.946552401540533,3.935516772724241,14.167860381807266,0.5942341269150118,3.946552401540533,-0.07658730849882661,3.935516772724241,14.167860381807266,-0.006326381339475821,0.001012813595230286,0.001012813595230286,-1.9648550717058226,0.0,0.0,0.0,2.4318842039055473,0.0004014093738122236,1.4450737457240048,14452.94614529028,4.0147072625806315,0.10625137456666212,205393.928612483,1783556811393928.5,1783556811765873.0
426.0,100.33330667600171,24288.0,99.4666293464024,-907.7777955493322,203.95579902585106,936.3778275381302,0.0994666293464024,-0.9077777955493322,0.20395579902585104,0.9363778275381301,0.9359245598815414,0.9359245598815414,9.178284585162318,-0.06407544011845852,-0.6283654148376813,0.975434420679897,0.9617054243828423,0.01372899629705462,-0.10787315000000008,-8.902259118723858,-9.448707275,0.5464481562761422,0.25006957500000127,2.000123136516862,0.8934946906380706,1.1066284458787914,0.2689205886820321,0.0994666293464024,0.975434420679897,-0.10787315000000008,-0.10787315000000008,-0.19306191689367513,9.178284585162318,0.9359245598815414,43.66107573335466,-79.39545797785954,107.8,-87.37533545968907,-27.44339497587227,1.0,3.8986542045659767,426.0,3.8986542045659767,3.933582801972125,14.16089808709965,0.5960888817802671,0.08740596056685467,0.0,3.933582801972125,14.16089808709965,-0.0080768033917079,0.0,0.0,0.0,0.0,0.0,0.0,2.43689535254673,0.0004035105243322085,1.4526378875959507,14454.775480829716,4.015215411341586,0.10528933056120161,206142.33226704007,1783556812142332.2,1783556812022220.5
427.0,104.14662414131085,24288.0,104.80527379783518,-905.2355839057927,169.12749950936092,929.2596349362198,0.10480527379783519,-0.9052355839057928,0.16912749950936093,0.9292596349362198,0.9288416829962449,0.9288416829962449,9.108825290555124,-0.07115831700375513,-0.6978247094448753,1.0277886382895403,0.9691845983270772,0.0586040399624632,-0.10787315000000008,-8.877328538909742,-9.448707275,0.571378736090258,0.25006957500000127,1.6585741930634743,0.9059599805451286,0.7526142125183456,0.20410108116533077,0.10480527379783519,1.0277886382895403,-0.10787315000000008,-0.10787315000000008,-0.14286611861022025,9.108825290555124,0.9288416829962449,43.66107268270069,-79.39544628368597,107.8,-86.43358136883263,-27.780614265911787,1.0,3.9077355855961287,427.0,3.9077355855961287,3.933582801972125,14.16089808709965,0.5971057664376829,1.0874059605668518,0.0,3.933582801972125,14.16089808709965,-0.005976847065010017,0.0,0.0,0.0,0.0,0.0,0.0,2.529513207144158,0.000419632891613983,1.510678409810339,14455.201522960864,4.015333756378015,0.10528933056120161,206294.86496565244,1783556812294865.0,1783556812276441.5
428.0,107.95994160661998,24288.0,110.14391824926798,-902.6933722622533,134.2991999928708,922.1414423343093,0.11014391824926797,-0.9026933722622533,0.13429919999287082,0.9221414423343094,0.9217588061109483,0.9217588061109483,9.03936599594793,-0.07824119388905175,-0.7672840040520693,1.0801428558991837,0.976663772271312,0.10347908362787178,-0.10787315000000008,-8.852397959095626,-9.448707275,0.596309315904374,0.25006957500000127,1.3170252496100865,0.9184252704521866,0.3985999791578998,0.13928157364862942,0.11014391824926797,1.0801428558991837,-0.10787315000000008,-0.10787315000000008,-0.09267032032676538,9.03936599594793,0.9217588061109483,43.66106963204672,-79.3954345895124,107.8,-85.49182727797621,-28.117833555951304,1.0,3.916816966626281,428.0,3.916816966626281,3.933582801972125,14.16089808709965,0.5981226510950987,2.087405960566849,0.0,3.933582801972125,14.16089808709965,-0.0038768907383121337,0.0,0.0,0.0,0.0,0.0,0.0,2.6221310617415865,0.0004357552588957576,1.5687189320247275,14455.627565092012,4.0154521014144455,0.10528933056120161,206447.3976642648,1783556812447397.8,1783556812530662.8
429.0,111.77325907192912,24288.0,115.48256270070077,-900.1511606187139,99.47090047638069,915.023249732399,0.11548256270070076,-0.9001511606187139,0.0994709004763807,0.915023249732399,0.9146759292256517,0.9146759292256517,8.969906701340737,-0.08532407077434837,-0.8367432986592633,1.1324970735088271,0.9841429462155467,0.14835412729328035,-0.10787315000000008,-8.82746737928151,-9.448707275,0.6212398957184898,0.25006957500000127,0.9754763061566989,0.9308905603592446,0.04458574579745411,0.07446206613192805,0.11548256270070076,1.1324970735088271,-0.10787315000000008,-0.10787315000000008,-0.04247452204331048,8.969906701340737,0.9146759292256517,43.661066581392745,-79.39542289533885,107.8,-84.55007318711979,-28.455052845990817,1.0,3.925898347656433,429.0,3.925898347656433,3.933582801972125,14.16089808709965,0.5991395357525144,3.0874059605668465,0.0,3.933582801972125,14.16089808709965,-0.0017769344116142513,0.0,0.0,0.0,0.0,0.0,0.0,2.7147489163390146,0.0004518776261775322,1.6267594542391157,14456.05360722316,4.015570446450876,0.10528933056120161,206599.93036287717,1783556812599930.2,1783556812784884.0
430.0,108.76536942669071,24288.0,54.45252866227831,-1092.9274299357678,40.71498407739717,1095.2011656046288,0.05445252866227831,-1.0929274299357679,0.04071498407739717,1.0952011656046288,1.0952105307484223,1.0952105307484223,10.740346351364016,0.0952105307484224,0.9336963513640164,0.5339968902059316,0.9893211800441282,-0.45532428983819656,-0.11132455986761548,-10.717956780779597,-9.401591474926452,-1.3163653058531446,0.25006957500000127,0.3992775986026069,0.9425888699558718,-0.543311271353265,0.02958403961755543,0.05445252866227831,0.5339968902059316,-0.11132455986761548,-0.11132455986761548,-0.005790956153717105,10.740346351364016,1.0952105307484223,43.66106353073886,-79.39541120116562,107.8,-83.60831912189428,-28.792272126867214,1.0,3.9335828292357933,430.0,3.9335828292357933,3.933582801972125,14.16089808709965,0.5969608949044485,0.15382315859471876,0.0,3.933582801972125,14.16089808709965,0.0,0.0,0.0,0.0,0.0,0.0,0.0,2.641693292635464,0.0004380536299704483,1.576993067893614,14458.052912606616,4.0161258090573915,0.10566567919086793,207349.30663694872,1783556813349306.8,1783556813039105.0
431.0,107.24004271091651,24288.0,50.89343299213853,-1079.4537106130958,64.86599041048855,1083.5069941170266,0.050893432992138526,-1.079453710613096,0.06486599041048854,1.0835069941170266,1.0835476111748035,1.0835476111748035,10.625972181127384,0.08354761117480337,0.8193221811273854,0.4990940846523553,0.9818420074255046,-0.4827479227731494,-0.13376207772348594,-10.585824731183916,-9.414056762624158,-1.171767968559757,0.25006957500000127,0.6361180648590175,0.9500680425744953,-0.31394997771547783,0.0944035356456257,0.050893432992138526,0.4990940846523553,-0.13376207772348594,-0.13376207772348594,-0.04343779819376821,10.625972181127384,1.0835476111748035,43.661060480085425,-79.39539950699412,107.8,-82.66656519766373,-29.129491357337546,1.0,3.933583006476129,431.0,3.933583006476129,3.933582801972125,14.16089808709965,0.5967066737851527,1.153823158594719,0.0,3.933582801972125,14.16089808709965,0.0,0.0,0.0,0.0,0.0,0.0,0.0,2.6046461573627404,0.0004317333200871156,1.5542399523136161,14458.431954196636,4.016231098387953,0.10811231097963445,207500.82242404897,1783556813500822.5,1783556813293326.2
432.0,105.71471599514231,24288.0,47.334337321998746,-1065.9799912904239,89.01699674357992,1071.8128226294245,0.04733433732199875,-1.0659799912904238,0.08901699674357993,1.0718128226294243,1.0718846916011844,1.0718846916011844,10.511598010890754,0.07188469160118435,0.7049480108907544,0.464191279098779,0.9743628348068811,-0.5101715557081022,-0.1561995955793564,-10.453692681588235,-9.426522050321864,-1.0271706312663698,0.25006957500000127,0.872958531115428,0.9575472151931188,-0.08458868407769077,0.15922303167369597,0.04733433732199875,0.464191279098779,-0.1561995955793564,-0.1561995955793564,-0.08108464023381931,10.511598010890754,1.0718846916011844,43.66105742943199,-79.39538781282263,107.8,-81.72481127343318,-29.466710587807878,1.0,3.9335831837164648,432.0,3.9335831837164648,3.933582801972125,14.16089808709965,0.596452452665857,2.153823158594719,0.0,3.933582801972125,14.16089808709965,0.0,0.0,0.0,0.0,0.0,0.0,0.0,2.5675990220900164,0.0004254130102037829,1.5314868367336185,14458.810995786656,4.016336387718514,0.11055894276840098,207652.3382111492,1783556813652338.2,1783556813547547.2
433.0,104.18938927936813,24288.0,43.77524165185896,-1052.506271967752,113.1680030766713,1060.1186511418223,0.04377524165185897,-1.0525062719677518,0.1131680030766713,1.0601186511418224,1.0602217720275653,1.0602217720275653,10.397223840654123,0.06022177202756533,0.5905738406541234,0.4292884735452027,0.9668836621882577,-0.537595188643055,-0.17863711343522684,-10.321560631992552,-9.43898733801957,-0.8825732939729825,0.25006957500000127,1.1097989973718385,0.9650263878117422,0.1447726095600963,0.22404252770176625,0.04377524165185897,0.4292884735452027,-0.17863711343522684,-0.17863711343522684,-0.11873148227387041,10.397223840654123,1.0602217720275653,43.66105437877856,-79.39537611865114,107.8,-80.78305734920262,-29.80392981827821,1.0,3.9335833609568005,433.0,3.9335833609568005,3.933582801972125,14.16089808709965,0.5961982315465614,3.1538231585947196,0.0,3.933582801972125,14.16089808709965,0.0,0.0,0.0,0.0,0.0,0.0,0.0,2.530551886817293,0.0004190927003204502,1.5087337211536207,14459.190037376677,4.016441677049076,0.11300557455716749,207803.85399824943,1783556813803854.0,1783556813801768.5
434.0,103.7911579309252,24288.0,43.09091738887373,-1038.4397893108367,130.47419541892998,1047.3832780300563,0.04309091738887373,-1.0384397893108366,0.13047419541893,1.0473832780300563,1.0475430842948281,1.0475430842948281,10.272888387599876,0.04754308429482812,0.4662383875998761,0.4225775450115985,0.9610517,-0.5384741549884015,-0.196133,-10.183615559845116,-9.446767622769173,-0.7368479370759429,0.25006957500000127,1.2795147685050496,0.9730750954066593,0.3064396730983903,0.2745861999999999,0.04309091738887373,0.4225775450115985,-0.196133,-0.196133,-0.13971841079700753,10.272888387599876,1.0475430842948281,43.66105137837591,-79.39536440048107,107.79434887192195,-79.83937077443316,-30.135594327031658,1.0,3.9315313170005544,434.0,3.9315313170005544,3.931530659209975,14.15351037315591,0.5958869774384392,3.9315313170005544,-0.005651128078036783,3.931530659209975,14.15351037315591,-0.00205214276214986,0.0,0.0,-0.1450022608852699,0.0,0.0,0.0,2.5208796438263112,0.00041725641443316234,1.5021230919593842,14459.580988177046,4.016550274493623,0.11501032518107457,207955.56770078355,1783556813955567.8,1783556814056511.2
435.0,107.38341707699472,24288.0,52.58474513205746,-1022.2746231535237,123.5462670657959,1030.9615219337384,0.052584745132057464,-1.0222746231535238,0.12354626706579591,1.0309615219337385,1.0312680609714415,1.0312680609714415,10.113284930125586,0.03126806097144144,0.3066349301255862,0.5156801908492913,0.9610517,-0.4453715091507087,-0.196133,-10.025089433148505,-9.437960615730471,-0.587128817418032,0.25006957500000127,1.2115749999207872,0.9831402463080314,0.22843475361275584,0.2745861999999999,0.052584745132057464,0.5156801908492913,-0.196133,-0.196133,-0.10172077736061928,10.113284930125586,1.0312680609714415,43.66104855588658,-79.39535259734389,107.76868987802146,-78.88884163440416,-30.447592297483776,1.0,3.922213366879698,435.0,3.922213366879698,3.922212887980971,14.119966396731495,0.5953737975604293,3.922213366879698,-0.0313101219785319,3.922212887980971,14.119966396731495,-0.011369913991153974,0.0,0.0,-0.803386228870949,0.0,0.0,0.0,2.6081284339660478,0.00043129585268779054,1.552665069676046,14460.014103635413,4.016670584343169,0.11545059187648238,208107.98212455248,1783556814107982.0,1783556814313101.2
436.0,110.97567622306424,24288.0,62.07857287524119,-1006.109456996211,116.61833871266184,1014.5397658374206,0.0620785728752412,-1.006109456996211,0.11661833871266183,1.0145397658374207,1.0149930376480547,1.0149930376480547,9.953681472651295,0.014993037648054763,0.14703147265129624,0.608782836686984,0.9610517,-0.352268863313016,-0.196133,-9.866563306451893,-9.42915360869177,-0.4374096977601211,0.25006957500000127,1.143635231336525,0.9932053972094037,0.15042983412712135,0.2745861999999999,0.0620785728752412,0.608782836686984,-0.196133,-0.196133,-0.06372314392423102,9.953681472651295,1.0149930376480547,43.66104573339725,-79.39534079420669,107.74303088412097,-77.93831249437514,-30.75959026793589,1.0,3.9128954167588414,436.0,3.9128954167588414,3.912895116751967,14.08642242030708,0.5948606176824194,3.9128954167588414,-0.05696911587902701,3.912895116751967,14.08642242030708,-0.020687685220158087,0.0,0.0,-1.4617701968566281,0.0,0.0,0.0,2.6953772241057843,0.0004453352909424188,1.6032070473927078,14460.44721909378,4.016790894192715,0.11589085857189019,208260.39654832144,1783556814260396.5,1783556814569691.2
437.0,114.56793536913375,24288.0,71.57240061842492,-989.9442908388982,109.69041035952776,998.1180097411028,0.07157240061842493,-0.9899442908388981,0.10969041035952776,0.9981180097411028,0.9987180143246681,0.9987180143246681,9.794078015177005,-0.0012819856753319148,-0.01257198482299371,0.7018854825246768,0.9610517,-0.25916621747532326,-0.196133,-9.70803717975528,-9.420346601653069,-0.28769057810221027,0.25006957500000127,1.0756954627522628,1.0032705481107758,0.07242491464148687,0.2745861999999999,0.07157240061842493,0.7018854825246768,-0.196133,-0.196133,-0.02572551048784276,9.794078015177005,0.9987180143246681,43.66104291090792,-79.39532899106949,107.71737189022048,-76.98778335434613,-31.07158823838801,1.0,3.903577466637985,437.0,3.903577466637985,3.903577345522963,14.052878443882665,0.5943474378044095,3.903577466637985,-0.08262810977952212,3.903577345522963,14.052878443882665,-0.0300054564491622,0.0,0.0,-2.1201541648423072,0.0,0.0,0.0,2.782626014245521,0.00045937472919704706,1.6537490251093694,14460.880334552146,4.016911204042262,0.116331125267298,208412.8109720904,1783556814412811.0,1783556814826281.0
438.0,119.98895066421638,24288.0,49.4544185639274,-952.6519342189551,138.83563235232313,964.3370164452612,0.0494544185639274,-0.9526519342189551,0.13883563235232313,0.9643370164452612,0.9644076724375729,0.9644076724375729,9.457608500909924,-0.0355923275624271,-0.34904149909007565,0.4849821738099386,0.9610517,-0.4760695261900614,-0.196133,-9.342324090708317,-9.448707275,0.10638318429168422,0.23684956570831786,1.3615124540079095,1.01008495,0.35142750400790945,0.2010363249999999,0.0494544185639274,0.4849821738099386,-0.196133,-0.196133,0.0,9.457608500909924,0.9644076724375729,43.661040241712996,-79.39531712431088,107.7,-76.0321306594556,-31.36664104551734,1.0,3.891878728205359,438.0,3.891878728205359,3.891878728205359,14.010763421539291,0.5999157458886847,0.3229707178761599,0.0,3.891878728205359,14.010763421539291,-0.03864448172904481,0.0,0.0,0.0,0.0,0.0,0.0,2.9142916337324873,0.00048565331293867476,1.748351926579229,14463.0704843425,4.017519578984026,0.11851058001305455,209166.46821267786,1783556815166468.2,1783556815084254.0
439.0,116.85848316415246,24288.0,60.15018252247909,-948.4779775522032,163.09675547781842,965.3805056119492,0.06015018252247909,-0.9484779775522032,0.16309675547781843,0.9653805056119491,0.9655141583425705,0.9655141583425705,9.468459420910168,-0.03448584165742953,-0.3381905790898313,0.5898717874340695,0.9610517,-0.3711799125659304,-0.196133,-9.301391558562313,-9.448707275,0.14731571643768665,0.19591703356231543,1.599432797106548,1.01008495,0.5893478471065481,0.2010363249999999,0.06015018252247909,0.5898717874340695,-0.196133,-0.196133,0.0,9.468459420910168,0.9655141583425705,43.66103789386237,-79.39530512418546,107.7,-75.06573768231094,-31.62617245356958,1.0,3.8751892481593564,439.0,3.8751892481593564,3.8751892481593564,13.950681293373682,0.5996548735970126,1.3229707178761594,0.0,3.8751892481593564,13.950681293373682,-0.04586068178904356,0.0,0.0,0.0,0.0,0.0,0.0,2.838258839090935,0.0004727893384934177,1.7020416185763036,14463.484172442077,4.01763449234502,0.11902314531338738,209322.7307153894,1783556815322730.8,1783556815345126.5
440.0,113.72801566408855,24288.0,70.84594648103078,-944.3040208854515,187.35787860331374,966.4239947786372,0.07084594648103078,-0.9443040208854514,0.18735787860331374,0.9664239947786372,0.966620644247568,0.966620644247568,9.479310340910413,-0.03337935575243197,-0.32733965908958695,0.6947614010582004,0.9610517,-0.2662902989417995,-0.196133,-9.260459026416312,-9.448707275,0.1882482485836891,0.15498450141631298,1.8373531402051866,1.01008495,0.8272681902051866,0.2010363249999999,0.07084594648103078,0.6947614010582004,-0.196133,-0.196133,0.0,9.479310340910413,0.966620644247568,43.661035546011746,-79.39529312406005,107.7,-74.09934470516627,-31.88570386162182,1.0,3.858499768113354,440.0,3.858499768113354,3.858499768113354,13.890599165208075,0.5993940013053407,2.322970717876159,0.0,3.858499768113354,13.890599165208075,-0.053076881849042315,0.0,0.0,0.0,0.0,0.0,0.0,2.762226044449383,0.00045992536404816057,1.6557313105733782,14463.897860541656,4.017749405706014,0.11953571061372022,209478.99321810092,1783556815478993.2,1783556815605998.8
441.0,110.59754816402464,24288.0,81.54171043958249,-940.1300642186995,211.61900172880905,967.4674839453252,0.08154171043958247,-0.9401300642186995,0.21161900172880904,0.9674674839453251,0.9677271301525656,0.9677271301525656,9.490161260910657,-0.03227286984743441,-0.3164887390893426,0.7996510146823314,0.9610517,-0.1614006853176686,-0.196133,-9.219526494270308,-9.448707275,0.22918078072969156,0.11405196927031053,2.075273483303825,1.01008495,1.0651885333038251,0.2010363249999999,0.08154171043958247,0.7996510146823314,-0.196133,-0.196133,0.0,9.490161260910657,0.9677271301525656,43.66103319816112,-79.39528112393462,107.7,-73.13295172802162,-32.14523526967406,1.0,3.8418102880673515,441.0,3.8418102880673515,3.8418102880673515,13.830517037042465,0.5991331290136687,3.3229707178761587,0.0,3.8418102880673515,13.830517037042465,-0.06029308190904106,0.0,0.0,0.0,0.0,0.0,0.0,2.6861932498078307,0.0004470613896029035,1.6094210025704527,14464.311548641235,4.017864319067008,0.12004827591405304,209635.25572081245,1783556815635255.8,1783556815866871.0
442.0,116.5179944576568,24288.0,60.532144100923105,-973.8055983765918,104.55429077654433,982.9135651225325,0.0605321441009231,-0.9738055983765918,0.10455429077654434,0.9829135651225326,0.9833629877996841,0.9833629877996841,9.64349664430577,-0.01663701220031591,-0.163153355694228,0.5936175509473176,0.9610517,-0.36743414905268246,-0.2012127903481801,-9.549770671319802,-9.420733737935224,-0.12903693338457917,0.07474893498784776,1.0253273356437986,0.97085835,0.054468985643798595,0.04310733036033278,0.0605321441009231,0.5936175509473176,-0.2012127903481801,-0.2012127903481801,-0.008523138168087406,9.64349664430577,0.9833629877996841,43.6610310935097,-79.39526904306373,107.7,-72.16005616384797,-32.37788343800368,1.0,3.826564550765754,442.0,3.826564550765754,3.833293270016382,13.799855772058976,0.5968705013855857,0.48967744785977496,0.0,3.833293270016382,13.799855772058976,-0.05569091071971241,0.0,0.0,0.0,0.0,0.0,0.0,2.8299890493875686,0.00046920167527854205,1.6891260310027514,14466.42960474705,4.01845266798529,0.12030984954625741,210389.18117419086,1783556816389181.2,1783556816129498.5
443.0,117.5758223399103,24288.0,33.02861916233222,-955.0291534665922,144.48729333161378,970.484087506054,0.03302861916233221,-0.9550291534665922,0.1444872933316138,0.970484087506054,0.9709543148059095,0.9709543148059095,9.521809131291372,-0.029045685194090422,-0.2848408687086268,0.3239001081082853,0.9610517,-0.6371515918917148,-0.21158653814968134,-9.365636647843155,-9.4337009226871,0.06806427484394434,0.037144099207405336,1.4169363151504704,0.97085835,0.4460779651504705,0.09108591394227605,0.03302861916233221,0.3239001081082853,-0.21158653814968134,-0.21158653814968134,-0.025928755284700233,9.521809131291372,0.9709543148059095,43.6610292423109,-79.39525687804309,107.7,-71.18038385955151,-32.58251495258499,1.0,3.8128234252962496,443.0,3.8128234252962496,3.833293270016382,13.799855772058976,0.5966060444150224,1.489677447859772,0.0,3.833293270016382,13.799855772058976,-0.03877209843437705,0.0,0.0,0.0,0.0,0.0,0.0,2.8556815729917413,0.00047324824774619927,1.7036936918863173,14466.888987069093,4.018580274185857,0.12030984954625741,210546.79752864662,1783556816546797.5,1783556816393955.5
444.0,118.6336502221638,24288.0,5.525094223741334,-936.2527085565927,184.42029588668325,958.0546098895754,0.005525094223741325,-0.9362527085565927,0.18442029588668324,0.9580546098895754,0.9585456418121351,0.9585456418121351,9.400121618276973,-0.04145435818786493,-0.4065283817230256,0.05418266526925297,0.9610517,-0.9068690347307471,-0.22196028595118258,-9.181502624366509,-9.446668107438978,0.2651654830724678,-0.00046073657303710713,1.8085452946571423,0.97085835,0.8376869446571423,0.13906449752421932,0.005525094223741325,0.05418266526925297,-0.22196028595118258,-0.22196028595118258,-0.043334372401313055,9.400121618276973,0.9585456418121351,43.661027391112114,-79.39524471302245,107.7,-70.20071155525507,-32.787146467166295,1.0,3.799082299826745,444.0,3.799082299826745,3.833293270016382,13.799855772058976,0.596341587444459,2.489677447859769,0.0,3.833293270016382,13.799855772058976,-0.021853286149041695,0.0,0.0,0.0,0.0,0.0,0.0,2.8813740965959145,0.0004772948202138565,1.7182613527698833,14467.348369391137,4.018707880386425,0.12030984954625741,210704.41388310242,1783556816704414.0,1783556816658412.5
445.0,119.69147810441729,24288.0,-21.97843071484955,-917.4762636465931,224.3532984417527,945.6251322730968,-0.02197843071484956,-0.9174762636465932,0.22435329844175267,0.9456251322730967,0.9461369688183605,0.9461369688183605,9.278434105262575,-0.053863031181639445,-0.5282158947374244,-0.21553477756977923,0.9610517,-1.1765864775697794,-0.23233403375268383,-8.997368600889862,-9.459635292190853,0.4622666913009913,-0.03806557235347954,2.2001542741638143,0.97085835,1.2292959241638142,0.18704308110616258,-0.02197843071484956,-0.21553477756977923,-0.23233403375268383,-0.23233403375268383,-0.060739989517925884,9.278434105262575,0.9461369688183605,43.66102553991332,-79.3952325480018,107.7,-69.22103925095861,-32.9917779817476,1.0,3.7853411743572405,445.0,3.7853411743572405,3.833293270016382,13.799855772058976,0.5960771304738957,3.4896774478597665,0.0,3.833293270016382,13.799855772058976,-0.004934473863706337,0.0,0.0,0.0,0.0,0.0,0.0,2.907066620200087,0.0004813413926815137,1.7328290136534492,14467.807751713179,4.018835486586992,0.12030984954625741,210862.03023755818,1783556816862030.2,1783556816922869.5
446.0,121.45795764059793,24288.0,-32.00469175582214,-922.5701928943349,233.08408471880415,951.841214074036,-0.03200469175582214,-0.922570192894335,0.23308408471880415,0.9518412140740359,0.9521700179820138,0.9521700179820138,9.337598106843314,-0.04782998201798618,-0.46905189315668416,-0.3138588104072331,0.9610517,-1.2749105104072331,-0.22821075985191522,-9.04732298214723,-9.46341725,0.41609426785276915,-0.023118704463193123,2.2857740394076607,0.957454274722341,1.3283197646853198,0.20639795511106349,-0.03200469175582214,-0.3138588104072331,-0.22821075985191522,-0.22821075985191522,-0.041887120096801914,9.337598106843314,0.9521700179820138,43.66102427102118,-79.39522025225416,107.68177552949253,-68.2308392522469,-33.13204131868776,1.0,3.800549440810066,446.0,3.800549440810066,3.843039824357082,13.834943367685495,0.5965467341152242,3.800549440810066,-0.01822447050747555,3.843039824357082,13.834943367685495,0.009746554340699837,0.0,0.0,-0.46888425115845656,0.0,0.0,0.0,2.9499708751748424,0.0004888562121146107,1.7598823636125982,14468.281111171676,4.018966975325465,0.120706500677319,211017.16457833978,1783556817017164.5,1783556817182244.8
447.0,123.51621991369332,24288.0,-34.83480238132831,-937.4925943742766,228.96756017261336,965.7344844174298,-0.03483480238132831,-0.9374925943742766,0.22896756017261335,0.9657344844174298,0.965796327014174,0.965796327014174,9.471226550313549,-0.034203672985825995,-0.33542344968645055,-0.3416127147728532,0.9610517,-1.3026644147728532,-0.21811843099168973,-9.1936617506205,-9.46341725,0.26975549937949983,0.013465987655124668,2.2454047239667587,0.9385311581094181,1.3068735658573407,0.2139672017562326,-0.03483480238132831,-0.3416127147728532,-0.21811843099168973,-0.21811843099168973,-0.008105053262902423,9.471226550313549,0.965796327014174,43.66102324189004,-79.39520790268051,107.65604725107883,-67.23630454342357,-33.24580147463869,1.0,3.827677432222687,447.0,3.827677432222687,3.8567994594339345,13.884478053962164,0.5973185824676349,3.827677432222687,-0.04395274892117019,3.8567994594339345,13.884478053962164,0.023506189417552607,0.0,0.0,-1.1308285612909836,0.0,0.0,0.0,2.999961949263783,0.0004977990598127435,1.7920766153258763,14468.760225625745,4.019100062673817,0.12126647034715789,211171.27696603778,1783556817171277.0,1783556817439527.5
448.0,125.57448218678871,24288.0,-37.66491300683448,-952.4149958542182,224.85103562642257,979.6277547608238,-0.03766491300683448,-0.9524149958542182,0.22485103562642259,0.9796277547608238,0.9794226360463342,0.9794226360463342,9.604854993783782,-0.020577363953665814,-0.20179500621621682,-0.3693666191384733,0.9610517,-1.3304183191384733,-0.20802610213146425,-9.340000519093769,-9.46341725,0.12341673090623051,0.05005067977344245,2.2050354085258568,0.9196080414964953,1.2854273670293614,0.22153644840140171,-0.03766491300683448,-0.3693666191384733,-0.20802610213146425,-0.20802610213146425,0.025677013570997054,9.604854993783782,0.9794226360463342,43.66102221275891,-79.39519555310687,107.63031897266514,-66.24176983460025,-33.35956163058961,1.0,3.8548054236353075,448.0,3.8548054236353075,3.8705590945107873,13.934012740238835,0.5980904308200458,3.8548054236353075,-0.06968102733486482,3.8705590945107873,13.934012740238835,0.03726582449440538,0.0,0.0,-1.792772871423511,0.0,0.0,0.0,3.049953023352724,0.0005067419075108762,1.8242708670391543,14469.239340079814,4.019233150022169,0.12182644001699676,211325.3893537358,1783556817325389.2,1783556817696810.2
449.0,127.63274445988411,24288.0,-40.49502363234065,-967.3373973341597,220.73451108023178,993.5210251042178,-0.04049502363234065,-0.9673373973341598,0.2207345110802318,0.9935210251042177,0.9930489450784944,0.9930489450784944,9.738483437254017,-0.006951054921505627,-0.06816656274598315,-0.3971205235040934,0.9610517,-1.3581722235040934,-0.19793377327123876,-9.486339287567038,-9.46341725,-0.02292203756703881,0.08663537189176024,2.164666093084955,0.9006849248835725,1.2639811682013824,0.2291056950465708,-0.04049502363234065,-0.3971205235040934,-0.19793377327123876,-0.19793377327123876,0.05945908040489653,9.738483437254017,0.9930489450784944,43.66102118362777,-79.39518320353324,107.60459069425144,-65.24723512577692,-33.47332178654053,1.0,3.8819334150479285,449.0,3.8819334150479285,3.88431872958764,13.983547426515505,0.5988622791724565,3.8819334150479285,-0.09540930574855946,3.88431872958764,13.983547426515505,0.05102545957125815,0.0,0.0,-2.4547171815560382,0.0,0.0,0.0,3.099944097441665,0.000515684755209009,1.8564651187524324,14469.718454533882,4.019366237370521,0.12238640968683565,211479.50174143384,1783556817479501.8,1783556817954093.0
450.0,121.18574514898839,24288.0,209.08639327774466,-846.7149029797679,25.559934988043057,873.6792658522388,0.20908639327774467,-0.8467149029797679,0.025559934988043057,0.8736792658522389,0.8740294888459533,0.8740294888459533,8.571301286791169,-0.12597051115404662,-1.2353487132088312,2.0504370786371946,0.953066587665327,1.0973704909718676,-0.17816649724698583,-8.30343670330654,-9.472400501376507,1.168963798069966,0.09316317500000082,0.2506573364504924,0.8853308064979905,-0.6346734700474981,0.23045627499999988,0.20908639327774467,2.0504370786371946,-0.17816649724698583,-0.17816649724698583,0.03019580294624229,8.571301286791169,0.8740294888459533,43.66102038930886,-79.39517082181436,107.6,-64.25011169983247,-33.56112579867617,1.0,3.917137838236343,450.0,3.917137838236343,3.9155773187818586,14.096078347614691,0.5957964362872471,0.8215700958442138,0.0,3.9155773187818586,14.096078347614691,0.07139734131722958,0.0,0.0,0.0,0.0,0.0,0.0,2.9433593781786302,0.0004871274386252036,1.753658779050733,14471.917101090521,4.019976972525143,0.12310733524344486,212224.12040908798,1783556818224120.5,1783556818203563.8
451.0,120.19464913036455,24288.0,187.28228086802005,-826.892982607291,50.58510945829516,851.3796054332023,0.18728228086802007,-0.8268929826072909,0.050585109458295155,0.8513796054332023,0.8517065861374129,0.8517065861374129,8.35238839294446,-0.14829341386258707,-1.4542616070555394,1.836611779674369,0.9433472558942895,0.8932645237800794,-0.1562980007621514,-8.10905006788579,-9.483334749618923,1.374284681733134,0.09316317500000082,0.49607046366919016,0.8707518088414341,-0.37468134517224405,0.23045627499999988,0.18728228086802007,1.836611779674369,-0.1562980007621514,-0.1562980007621514,0.06694957855100604,8.35238839294446,0.8517065861374129,43.66101964598685,-79.39515843311413,107.6,-63.25242605217359,-33.64329261408734,1.0,3.954096313763036,451.0,3.954096313763036,3.950636358749276,14.222290891497394,0.5955486622825911,1.8215700958442202,0.0,3.950636358749276,14.222290891497394,0.09320528134403822,0.0,0.0,0.0,0.0,0.0,0.0,2.9192876380782944,0.00048294497378277026,1.738601905617973,14472.339620308632,4.020094338974618,0.12372784256988643,212371.54594185826,1783556818371546.0,1783556818451337.8
452.0,119.2035531117407,24288.0,165.47816845829544,-807.071062234814,75.61028392854726,829.0799450141658,0.16547816845829547,-0.8070710622348141,0.07561028392854725,0.8290799450141658,0.8293836834288725,0.8293836834288725,8.133475499097752,-0.17061631657112752,-1.6731745009022476,1.622786480711543,0.9336279241232519,0.6891585565882912,-0.13442950427731698,-7.914663432465039,-9.49426899786134,1.5796055653963017,0.09316317500000082,0.7414835908878878,0.8561728111848779,-0.11468922029699014,0.23045627499999988,0.16547816845829547,1.622786480711543,-0.13442950427731698,-0.13442950427731698,0.1037033541557698,8.133475499097752,0.8293836834288725,43.661018902664836,-79.3951460444139,107.6,-62.2547404045147,-33.72545942949851,1.0,3.9910547892897292,452.0,3.9910547892897292,3.985695398716693,14.348503435380096,0.5953008882779351,2.8215700958442267,0.0,3.985695398716693,14.348503435380096,0.11501322137084685,0.0,0.0,0.0,0.0,0.0,0.0,2.895215897977958,0.0004787625089403369,1.7235450321852128,14472.762139526743,4.020211705424094,0.12434834989632801,212518.97147462858,1783556818518971.5,1783556818699111.8
453.0,118.21245709311685,24288.0,143.67405604857086,-787.2491418623372,100.63545839879936,806.7802845951293,0.14367405604857086,-0.7872491418623372,0.10063545839879935,0.8067802845951293,0.807060780720332,0.807060780720332,7.914562605251044,-0.19293921927966795,-1.8920873947489558,1.4089611817487175,0.9239085923522143,0.4850525893965031,-0.11256100779248254,-7.7202767970442885,-9.505203246103758,1.7849264490594696,0.09316317500000082,0.9868967181065855,0.8415938135283216,0.1453029045782639,0.23045627499999988,0.14367405604857086,1.4089611817487175,-0.11256100779248254,-0.11256100779248254,0.14045712976053357,7.914562605251044,0.807060780720332,43.66101815934282,-79.39513365571366,107.6,-61.25705475685581,-33.80762624490968,1.0,4.028013264816423,453.0,4.028013264816423,4.0207544386841105,14.474715979262799,0.5950531142732792,3.821570095844233,0.0,4.0207544386841105,14.474715979262799,0.1368211613976555,0.0,0.0,0.0,0.0,0.0,0.0,2.8711441578776222,0.0004745800440979035,1.7084881587524527,14473.184658744854,4.02032907187357,0.1249688572227696,212666.39700739886,1783556818666397.0,1783556818946885.8
454.0,115.56024142906537,24288.0,106.36144857439227,-1071.756761233144,33.581327859859584,1077.9020931981088,0.10636144857439227,-1.071756761233144,0.03358132785985958,1.077902093198109,1.0782650470038824,1.0782650470038824,10.574167923200623,0.07826504700388241,0.7675179232006234,1.0430494996620638,0.9294754708051719,0.11357402885689191,0.029419949999999973,-10.510343442547011,-9.507547175,-1.0027962675470121,0.19173549761056438,0.329320328856892,0.832730796896121,-0.503410468039229,0.19338595419482796,0.10636144857439227,1.0430494996620638,0.029419949999999973,0.029419949999999973,0.18605522252844792,10.574167923200623,1.0782650470038824,43.66101760993964,-79.39512124849108,107.6,-60.25787746778455,-33.86835727214832,1.0,4.034440796691251,454.0,4.034440796691251,4.028269897912055,14.501771632483397,0.595170181071799,0.7856341977724187,0.0,4.028269897912055,14.501771632483397,0.11390004039790388,0.0012233003854783629,0.0012233003854783629,0.0,0.0,0.0,0.0,2.80672714382914,0.0004640731469707987,1.6706633290948754,14475.266659190036,4.020907405330564,0.1271262849249508,213409.0181071799,1783556819409018.0,1783556819195030.2
455.0,117.54620567742583,24288.0,118.27723406455497,-1003.9857312578436,44.50413122584206,1012.8617640643041,0.11827723406455498,-1.0039857312578435,0.04450413122584207,1.012861764064304,1.0131129639950798,1.0131129639950798,9.935244248362348,0.013112963995079885,0.12859424836235012,1.159903437439168,0.939213298953264,0.220690138485904,0.029419949999999973,-9.845736671439731,-9.507547175,-0.3381894964397323,0.11748455798136231,0.4364364384859041,0.8254274257850519,-0.38899098729914783,0.183648126046736,0.11827723406455498,1.159903437439168,0.029419949999999973,0.029419949999999973,0.12867744724507746,9.935244248362348,1.0131129639950798,43.66101711344858,-79.39510883621452,107.6,-59.258293173889804,-33.92323939420818,1.0,4.032537746410601,455.0,4.032537746410601,4.028269897912055,14.501771632483397,0.5966596542580693,1.785634197772412,0.0,4.028269897912055,14.501771632483397,0.07877428131463766,0.002780386862806986,0.002780386862806986,0.0,0.0,0.0,0.0,2.854962243493319,0.00047325791386518604,1.7037284899146699,14475.708010351964,4.021030002875544,0.1271262849249508,213557.96542580693,1783556819557965.5,1783556819443275.8
456.0,119.53216992578628,24288.0,130.1930195547177,-936.2147012825432,55.42693459182455,947.8214349304993,0.13019301955471768,-0.9362147012825431,0.055426934591824545,0.9478214349304993,0.9479608809862774,0.9479608809862774,9.296320573524076,-0.05203911901372266,-0.510329426475923,1.276757375216272,0.948951127101356,0.3278062481149161,0.029419949999999973,-9.181129900332452,-9.507547175,0.32641727466754733,0.04323361835216022,0.5435525481149162,0.818124054673983,-0.27457150655906676,0.17391029789864404,0.13019301955471768,1.276757375216272,0.029419949999999973,0.029419949999999973,0.071299671961707,9.296320573524076,0.9479608809862774,43.66101661695752,-79.39509642393797,107.6,-58.258708879995055,-33.97812151626804,1.0,4.030634696129951,456.0,4.030634696129951,4.028269897912055,14.501771632483397,0.5981491274443397,2.785634197772405,0.0,4.028269897912055,14.501771632483397,0.04364852223137146,0.0043374733401356095,0.0043374733401356095,0.0,0.0,0.0,0.0,2.903197343157497,0.0004824426807595734,1.7367936507344643,14476.149361513892,4.021152600420524,0.1271262849249508,213706.91274443397,1783556819706912.8,1783556819691521.2
457.0,121.51813417414674,24288.0,142.1088050448804,-868.4436713072428,66.34973795780704,882.7811057966945,0.14210880504488038,-0.8684436713072428,0.06634973795780702,0.8827811057966946,0.8828087979774748,0.8828087979774748,8.657396898685803,-0.11719120202252517,-1.1492531013141962,1.393611312993376,0.958688955249448,0.4349223577439282,0.029419949999999973,-8.516523129225172,-9.507547175,0.991024045774827,-0.031017321277041876,0.6506686577439282,0.8108206835629139,-0.1601520258189857,0.16417246975055208,0.14210880504488038,1.393611312993376,0.029419949999999973,0.029419949999999973,0.013921896678336543,8.657396898685803,0.8828087979774748,43.661016120466456,-79.39508401166141,107.6,-57.2591245861003,-34.0330036383279,1.0,4.028731645849302,457.0,4.028731645849302,4.028269897912055,14.501771632483397,0.59963860063061,3.785634197772398,0.0,4.028269897912055,14.501771632483397,0.008522763148105239,0.005894559817464233,0.005894559817464233,0.0,0.0,0.0,0.0,2.951432442821676,0.0004916274476539608,1.7698588115542586,14476.590712675817,4.021275197965504,0.1271262849249508,213855.860063061,1783556819855860.0,1783556819939766.8
458.0,123.94006151430546,24288.0,53.97028833216312,-992.8852441591154,155.53124952547338,1010.269465610615,0.05397028833216312,-0.9928852441591154,0.1555312495254734,1.010269465610615,1.0099481307036957,1.0099481307036957,9.904207835965398,0.009948130703695789,0.09755783596539824,0.5292677280726074,0.9610517,-0.4317839719273926,0.0938715461472017,-9.736878079632987,-9.507547175,-0.22933090463298805,0.43639592499999935,1.5252405281589836,0.809048625,0.7161919031589836,0.16180972500000013,0.05397028833216312,0.5292677280726074,0.0938715461472017,0.0938715461472017,0.09929184997686202,9.904207835965398,1.0099481307036957,43.661016376024605,-79.39507159938486,107.6,-56.259540292013504,-34.004754240479784,1.0,4.028269897719935,458.0,4.028269897719935,4.028269897912055,14.501771632483397,0.5938119876971388,0.7573642998603416,0.0,4.028269897912055,14.501771632483397,0.0,0.008110718795490702,0.008110718795490702,0.0,0.0,0.0,0.0,3.010256214059451,0.0004965299129087199,1.7875076864713917,14478.818941355194,4.021894150376442,0.125287644365444,214597.4912955966,1783556820597491.2,1783556820188012.2
459.0,125.18128916984561,24288.0,100.14395711825675,-937.2782451909166,140.38827212788354,959.1308862023608,0.10014395711825676,-0.9372782451909166,0.14038827212788355,0.9591308862023608,0.9589681681238034,0.9589681681238034,9.404265185931296,-0.04103183187619659,-0.40238481406870347,0.9820767370737524,0.9610517,0.021025037073752362,0.14012622986237244,-9.1915597032015,-9.507547175,0.31598747179849795,0.43639592499999935,1.376738648862909,0.809048625,0.567690023862909,0.16180972500000013,0.10014395711825676,0.9820767370737524,0.14012622986237244,0.14012622986237244,0.1649977653897,9.404265185931296,0.9589681681238034,43.66101687251567,-79.3950591871083,107.6,-55.259955997865184,-33.949872118406,1.0,4.028269897466266,459.0,4.028269897466266,4.028269897912055,14.501771632483397,0.5935637421660308,1.7573642998603414,0.0,4.028269897912055,14.501771632483397,0.0,0.010538023872797408,0.010538023872797408,0.0,0.0,0.0,0.0,3.0404031513572103,0.0005012897793420662,1.804643205631438,14479.276595980924,4.022021276661366,0.12584976409191254,214744.70089554368,1783556820744701.0,1783556820436257.8
460.0,126.42251682538576,24288.0,146.3176259043504,-881.6712462227179,125.2452947302937,907.9923067941065,0.14631762590435038,-0.8816712462227179,0.1252452947302937,0.9079923067941065,0.907988205543911,0.907988205543911,8.904322535897194,-0.09201179445608898,-0.9023274641028052,1.4348857460748974,0.9610517,0.4738340460748973,0.1863809135775432,-8.646241326770015,-9.507547175,0.861305848229984,0.43639592499999935,1.2282367695668346,0.809048625,0.41918814456683456,0.16180972500000013,0.14631762590435038,1.4348857460748974,0.1863809135775432,0.1863809135775432,0.23070368080253803,8.904322535897194,0.907988205543911,43.66101736900673,-79.39504677483175,107.6,-54.26037170371687,-33.89498999633222,1.0,4.0282698972125965,460.0,4.0282698972125965,4.028269897912055,14.501771632483397,0.5933154966349228,2.7573642998603414,0.0,4.028269897912055,14.501771632483397,0.0,0.012965328950104112,0.012965328950104112,0.0,0.0,0.0,0.0,3.0705500886549695,0.0005060496457754124,1.8217787247914845,14479.734250606652,4.022148402946291,0.12641188381838106,214891.91049549074,1783556820891910.5,1783556820684503.2
461.0,127.66374448092591,24288.0,192.491294690444,-826.064247254519,110.10231733270385,856.8537273858524,0.192491294690444,-0.8260642472545191,0.11010231733270384,0.8568537273858523,0.8570082429640187,0.8570082429640187,8.404379885863092,-0.14299175703598138,-1.402270114136907,1.8876947550760423,0.9610517,0.9266430550760423,0.23263559729271394,-8.100922950338528,-9.507547175,1.4066242246614702,0.43639592499999935,1.07973489027076,0.809048625,0.27068626527076,0.16180972500000013,0.192491294690444,1.8876947550760423,0.23263559729271394,0.23263559729271394,0.29640959621537605,8.404379885863092,0.8570082429640187,43.66101786549779,-79.3950343625552,107.6,-53.26078740956855,-33.84010787425844,1.0,4.0282698969589275,461.0,4.0282698969589275,4.028269897912055,14.501771632483397,0.5930672511038148,3.757364299860341,0.0,4.028269897912055,14.501771632483397,0.0,0.015392634027410817,0.015392634027410817,0.0,0.0,0.0,0.0,3.1006970259527287,0.0005108095122087586,1.838914243951531,14480.191905232383,4.022275529231216,0.12697400354484956,215039.1200954378,1783556821039120.0,1783556820932749.0
462.0,128.71825409786683,24288.0,170.70336682685814,-853.1974282496772,124.67460654453798,883.2222294805433,0.17070336682685813,-0.8531974282496773,0.12467460654453798,0.8832222294805433,0.8833777747995466,0.8833777747995466,8.662976655237973,-0.11662222520045336,-1.1436733447620258,1.674028172292608,0.9610517,0.7129764722926081,0.24516624999999992,-8.367008559744697,-9.500503508451153,1.1334949487064572,0.43639592499999935,1.2226402302699932,0.8240164164162975,0.3986238138536956,0.16180972500000013,0.17070336682685813,1.674028172292608,0.24516624999999992,0.24516624999999992,0.2577890959409478,8.662976655237973,0.8833777747995466,43.66101889781762,-79.39502202182378,107.58204364755332,-52.26696478204697,-33.725995240207524,1.0,4.034033959671585,462.0,4.034033959671585,4.030522473695325,14.50988090530317,0.5933591270489333,4.034033959671585,-0.01795635244667011,4.030522473695325,14.50988090530317,0.0022525757832702904,0.016711039367366967,0.016711039367366967,-0.44223435521594556,0.0,0.0,0.0,3.12630895552899,0.0005152923826926679,1.8550525776936044,14480.658418133811,4.0224051161482794,0.12723775558237277,215185.8402970577,1783556821185840.2,1783556821179563.5
463.0,129.7033859202219,24288.0,123.66332230940382,-911.0739228130371,150.28803392576964,938.3896115324269,0.12366332230940381,-0.9110739228130372,0.15028803392576964,0.9383896115324268,0.9384876328249414,0.9384876328249414,9.20341974444271,-0.06151236717505859,-0.6032302555572884,1.2127229197255147,0.9610517,0.25167121972551487,0.24516624999999992,-8.93458308515447,-9.490842665465456,0.5562595803109848,0.43639592499999935,1.4738221478981486,0.8445457077609064,0.6292764401372423,0.16180972500000013,0.12366332230940381,1.2127229197255147,0.24516624999999992,0.24516624999999992,0.18040460322245389,9.20341974444271,0.9384876328249414,43.6610201292324,-79.395009707676,107.55741535199445,-51.27528298530265,-33.589874650610405,1.0,4.041939743556217,463.0,4.041939743556217,4.033612026672407,14.521003296020666,0.593851692960111,4.041939743556217,-0.04258464800554532,4.033612026672407,14.521003296020666,0.005342128760352415,0.01761741693126362,0.01761741693126362,-1.048787297351288,0.0,0.0,0.0,3.15023583723035,0.0005196723313152223,1.8708203927348004,14481.128222456018,4.022535617348892,0.12739064477884426,215332.37865563302,1783556821332378.8,1783556821425846.5
464.0,130.68851774257698,24288.0,76.6232777919495,-968.9504173763971,175.9014613070013,993.5569935843105,0.0766232777919495,-0.9689504173763972,0.1759014613070013,0.9935569935843105,0.9935974908503362,0.9935974908503362,9.743862833647448,-0.00640250914966381,-0.06278716635255077,0.7514176671584214,0.9610517,-0.20963403284157844,0.24516624999999992,-9.502157610564245,-9.481181822479757,-0.020975788084487856,0.43639592499999935,1.7250040655263041,0.8650749991055152,0.8599290664207888,0.16180972500000013,0.0766232777919495,0.7514176671584214,0.24516624999999992,0.24516624999999992,0.10302011050395996,9.743862833647448,0.9935974908503362,43.661021360647176,-79.39499739352821,107.53278705643558,-50.283601188558336,-33.45375406101329,1.0,4.04984552744085,464.0,4.04984552744085,4.036701579649489,14.532125686738162,0.5943442588712885,4.04984552744085,-0.06721294356442052,4.036701579649489,14.532125686738162,0.00843168173743454,0.018523794495160267,0.018523794495160267,-1.6553402394866306,0.0,0.0,0.0,3.1741627189317096,0.0005240522799377767,1.8865882077759966,14481.598026778223,4.0226661185495045,0.12754353397531576,215478.91701420833,1783556821478917.0,1783556821672129.5
465.0,131.67364956493205,24288.0,29.5832332744952,-1026.8269119397573,201.514888688233,1048.724375636194,0.02958323327449519,-1.0268269119397573,0.20151488868823297,1.0487243756361941,1.048707348875731,1.048707348875731,10.284305922852187,0.048707348875730944,0.4776559228521866,0.2901124145913281,0.9610517,-0.6709392854086718,0.24516624999999992,-10.06973213597402,-9.47152097949406,-0.5982111564799601,0.43639592499999935,1.9761859831544597,0.8856042904501241,1.0905816927043355,0.16180972500000013,0.02958323327449519,0.2901124145913281,0.24516624999999992,0.24516624999999992,0.025635617785466025,10.284305922852187,1.048707348875731,43.661022592061954,-79.39498507938043,107.5081587608767,-49.29191939181401,-33.31763347141617,1.0,4.057751311325482,465.0,4.057751311325482,4.039791132626571,14.543248077455658,0.594836824782466,4.057751311325482,-0.09184123912329573,4.039791132626571,14.543248077455658,0.011521234714516665,0.019430172059056915,0.019430172059056915,-2.261893181621973,0.0,0.0,0.0,3.1980896006330695,0.0005284322285603313,1.9023560228171925,14482.06783110043,4.0227966197501175,0.12769642317178725,215625.45537278365,1783556821625455.2,1783556821918412.5
466.0,128.1654923963745,24288.0,119.85564446888431,-1020.327541696692,-13.62329838067641,1028.4930340930666,0.1198556444688843,-1.020327541696692,-0.01362329838067641,1.0284930340930665,1.02822140416403,1.02822140416403,10.083407433145185,0.028221404164030177,0.27675743314518647,1.175382355830784,0.9610517,0.21433065583078414,0.24516624999999992,-10.005995086779864,-9.507547175,-0.4984479117798647,-0.03922659999999922,-0.13359891906486027,0.965955025,-1.0995539440648603,0.13259705683969045,0.1198556444688843,1.175382355830784,0.24516624999999992,0.24516624999999992,0.0,10.083407433145185,1.02822140416403,43.66102432393917,-79.39497289087258,107.5,-48.31035561721532,-33.12619176405398,1.0,4.0571339906920025,466.0,4.0571339906920025,4.044050943419349,14.558583396309658,0.5985035228108765,0.6687240959410056,0.0,4.044050943419349,14.558583396309658,0.013704988215058882,0.01973043310595557,0.01973043310595557,0.0,0.0,0.0,0.0,3.1128834793231444,0.0005175171293379185,1.8630616656165064,14484.39470913628,4.023442974760076,0.1271262849249508,216371.63346823922,1783556822371633.5,1783556822165492.5
467.0,128.41296724792988,24288.0,115.15362228933193,-986.4234870336039,12.361561032639315,994.8364542815339,0.11515362228933193,-0.9864234870336039,0.012361561032639315,0.9948364542815338,0.9946296574069954,0.9946296574069954,9.75398492981031,-0.005370342593004632,-0.05266507018968897,1.1292712700236769,0.9610517,0.16821957002367688,0.24516624999999992,-9.67350988911809,-9.507547175,-0.16596271411809194,-0.03922659999999922,0.12122550250073238,0.965955025,-0.8447295224992676,0.0889128702855888,0.11515362228933193,1.1292712700236769,0.24516624999999992,0.24516624999999992,0.0,9.75398492981031,0.9946296574069954,43.661026303737984,-79.39496076460485,107.5,-47.33380415928643,-32.90734480329593,1.0,4.052294451700062,467.0,4.052294451700062,4.04889048241129,14.576005736680642,0.5977610982562103,1.6687240959410112,0.0,4.04889048241129,14.576005736680642,0.015440022217816771,0.01973043310595557,0.01973043310595557,0.0,0.0,0.0,0.0,3.1188941485177213,0.0005178710909682658,1.864335927485757,14484.856833426637,4.023571342618508,0.1271262849249508,216519.12847976622,1783556822519128.5,1783556822412967.2
468.0,128.6604420994853,24288.0,110.45160010977956,-952.5194323705158,38.34642044595505,961.1798744700011,0.11045160010977956,-0.9525194323705158,0.03834642044595504,0.9611798744700011,0.9610379106499606,0.9610379106499606,9.424562426475434,-0.03896208935003945,-0.3820875735245644,1.0831601842165697,0.9610517,0.12210848421656964,0.24516624999999992,-9.341024691456319,-9.507547175,0.16652248354368093,-0.03922659999999922,0.376049924066325,0.965955025,-0.589905100933675,0.045228683731487154,0.11045160010977956,1.0831601842165697,0.24516624999999992,0.24516624999999992,0.0,9.424562426475434,0.9610379106499606,43.661028283536794,-79.39494863833713,107.5,-46.35725270135754,-32.68849784253788,1.0,4.0474549127081225,468.0,4.0474549127081225,4.053730021403229,14.593428077051627,0.5970186737015442,2.6687240959410166,0.0,4.053730021403229,14.593428077051627,0.01717505622057466,0.01973043310595557,0.01973043310595557,0.0,0.0,0.0,0.0,3.1249048177122987,0.0005182250525986132,1.8656101893550072,14485.318957716992,4.02369971047694,0.1271262849249508,216666.62349129323,1783556822666623.5,1783556822660442.0
469.0,128.90791695104068,24288.0,105.74957793022719,-918.6153777074277,64.33127985927077,927.5232946584683,0.10574957793022718,-0.9186153777074277,0.06433127985927077,0.9275232946584684,0.9274461638929258,0.9274461638929258,9.09513992314056,-0.07255383610707425,-0.7115100768594398,1.0370490984094622,0.9610517,0.07599739840946237,0.24516624999999992,-9.008539493794546,-9.507547175,0.4990076812054538,-0.03922659999999922,0.6308743456319177,0.965955025,-0.3350806793680823,0.0015444971773855287,0.10574957793022718,1.0370490984094622,0.24516624999999992,0.24516624999999992,0.0,9.09513992314056,0.9274461638929258,43.66103026333561,-79.39493651206939,107.5,-45.380701243428646,-32.46965088177983,1.0,4.042615373716182,469.0,4.042615373716182,4.05856956039517,14.610850417422611,0.5962762491468779,3.6687240959410223,0.0,4.05856956039517,14.610850417422611,0.018910090223332548,0.01973043310595557,0.01973043310595557,0.0,0.0,0.0,0.0,3.130915486906876,0.0005185790142289605,1.8668844512242577,14485.78108200735,4.023828078335373,0.1271262849249508,216814.11850282023,1783556822814118.5,1783556822907917.0
470.0,128.55132062638424,24288.0,58.86214204365191,-1026.2023848465747,106.47509190130047,1033.8006240113957,0.05886214204365191,-1.0262023848465747,0.10647509190130049,1.0338006240113957,1.034099406262689,1.034099406262689,10.141050942425997,0.03409940626268888,0.33440094242599794,0.577240425272379,0.9463417249999999,-0.36910129972762096,0.2304994447357698,-10.063607617355661,-9.474187297105692,-0.5894203202499695,0.01470997499999882,1.0441639599938883,0.965955025,0.07820893499388844,0.16180972500000013,0.05886214204365191,0.577240425272379,0.2304994447357698,0.2304994447357698,-0.02473322978790912,10.141050942425997,1.034099406262689,43.66103294427729,-79.39492467157022,107.5,-44.42716327228661,-32.1732995888277,1.0,4.06438070401547,470.0,4.06438070401547,4.0780346250510044,14.680924650183616,0.5947008804175895,0.6279094688588293,0.0,4.0780346250510044,14.680924650183616,0.034295254559066755,0.019180018892818305,0.019180018892818305,0.0,0.0,0.0,0.0,3.1222544753736203,0.0005157850057718578,1.856826020778688,14488.088673268347,4.024469075907871,0.12719528635038427,217552.68895618472,1783556823552689.0,1783556823149559.8
471.0,127.83676001555096,24288.0,79.34621288753914,-997.8581472835215,92.89844029546825,1006.4091339294534,0.07934621288753915,-0.9978581472835215,0.09289844029546825,1.0064091339294534,1.00667165770861,1.00667165770861,9.872076612068138,0.006671657708609849,0.06542661206813877,0.7781205386135857,0.9463417249999999,-0.16822118638641426,0.20714129202167603,-9.785645600057945,-9.48353055819133,-0.3021150418666159,0.01470997499999882,0.9110224895235537,0.965955025,-0.054932535476446304,0.16180972500000013,0.07934621288753915,0.7781205386135857,0.20714129202167603,0.20714129202167603,-0.06412303200391889,9.872076612068138,1.00667165770861,43.6610360407066,-79.39491300041358,107.5,-43.487262777479344,-31.831020292617012,1.0,4.10191171461817,471.0,4.10191171461817,4.1061665754322405,14.782199671556068,0.594224506677034,1.6279094688588254,0.0,4.1061665754322405,14.782199671556068,0.05776929873758165,0.01830343677320544,0.01830343677320544,0.0,0.0,0.0,0.0,3.1048992272577016,0.0005125116131411054,1.8450418073079793,14488.520923077922,4.02458914529942,0.12730517707326008,217693.93377025943,1783556823693933.8,1783556823387746.8
472.0,127.12219940471769,24288.0,99.83028373142636,-969.5139097204682,79.32178868963601,979.0176438475112,0.09983028373142638,-0.9695139097204682,0.07932178868963602,0.9790176438475112,0.9792439091545309,0.9792439091545309,9.60310228171028,-0.020756090845469186,-0.2035477182897204,0.9790006519547924,0.9463417249999999,0.032658926954792444,0.18378313930758222,-9.50768358276023,-9.492873819276966,-0.01480976348326224,0.01470997499999882,0.7778810190532189,0.965955025,-0.18807400594678103,0.16180972500000013,0.09983028373142638,0.9790006519547924,0.18378313930758222,0.18378313930758222,-0.10351283421992866,9.60310228171028,0.9792439091545309,43.66103913713591,-79.39490132925694,107.5,-42.54736228267207,-31.48874099640632,1.0,4.139442725220872,472.0,4.139442725220872,4.1342985258134775,14.883474692928518,0.5937481329364784,2.627909468858822,0.0,4.1342985258134775,14.883474692928518,0.08124334291609656,0.017426854653592574,0.017426854653592574,0.0,0.0,0.0,0.0,3.087543979141783,0.0005092382205103529,1.8332575938372706,14488.953172887495,4.024709214690969,0.1274150677961359,217835.17858433415,1783556823835178.5,1783556823625933.5
473.0,126.40763879388442,24288.0,120.3143545753136,-941.1696721574149,65.74513708380377,951.626153765569,0.12031435457531361,-0.941169672157415,0.06574513708380378,0.951626153765569,0.9518161606004518,0.9518161606004518,9.33412795135242,-0.04818383939954822,-0.4725220486475795,1.179880765295999,0.9463417249999999,0.23353904029599915,0.16042498659348844,-9.229721565462512,-9.502217080362604,0.2724955149000914,0.01470997499999882,0.6447395485828842,0.965955025,-0.32121547641711573,0.16180972500000013,0.12031435457531361,1.179880765295999,0.16042498659348844,0.16042498659348844,-0.14290263643593842,9.33412795135242,0.9518161606004518,43.661042233565226,-79.3948896581003,107.5,-41.6074617878648,-31.146461700195626,1.0,4.176973735823572,473.0,4.176973735823572,4.1624304761947135,14.98474971430097,0.5932717591959229,3.627909468858818,0.0,4.1624304761947135,14.98474971430097,0.10471738709461145,0.01655027253397971,0.01655027253397971,0.0,0.0,0.0,0.0,3.0701887310258646,0.0005059648278796005,1.821473380366562,14489.38542269707,4.024829284082517,0.12752495851901172,217976.42339840884,1783556823976423.5,1783556823864120.5
474.0,126.51397318762548,24288.0,136.42016941357915,-917.3931968231428,63.65370506388031,929.8323217484942,0.13642016941357915,-0.9173931968231429,0.06365370506388032,0.9298323217484943,0.9299970870296056,0.9299970870296056,9.120155933518882,-0.0700029129703944,-0.6864940664811183,1.3378248543796758,0.9478538315481282,0.3899710228315477,0.14709974999999997,-8.996553993625673,-9.507547175,0.5109931813743255,0.01470997499999882,0.6242296067647018,0.9583944922593588,-0.33416488549465695,0.16180972500000013,0.13642016941357915,1.3378248543796758,0.14709974999999997,0.14709974999999997,-0.1483740129496544,9.120155933518882,0.9299970870296056,43.6610456447142,-79.39487816865203,107.5,-40.682194615373895,-30.769393292661327,1.0,4.196338083730729,474.0,4.196338083730729,4.180525190279734,15.04989068500704,0.5935139731876254,4.196338083730729,0.0,4.180525190279734,15.04989068500704,0.10801393845818942,0.016050204558552217,0.016050204558552217,0.0,0.0,0.0,0.0,3.0727713807810475,0.0005066079865792995,1.8237887516854785,14489.827594920727,4.0249521097002,0.12753104228717732,218118.47119324,1783556824118471.2,1783556824102794.8
475.0,127.71058084019512,24288.0,146.71099522567803,-899.6834035651123,76.81638924214633,915.4730299176586,0.14671099522567804,-0.8996834035651122,0.07681638924214633,0.9154730299176586,0.9156271857860417,0.9156271857860417,8.979235341488685,-0.08437281421395829,-0.827414658511314,1.4387433813298953,0.9513742452789498,0.48736913605094556,0.14709974999999997,-8.822880249571808,-9.507547175,0.6846669254281915,0.01470997499999882,0.7533114435614943,0.9407924236052507,-0.18748098004375655,0.16180972500000013,0.14671099522567804,1.4387433813298953,0.14709974999999997,0.14709974999999997,-0.10879656797133391,8.979235341488685,0.9156271857860417,43.66104947385869,-79.3948669205401,107.5,-39.77636271769945,-30.34611966087401,1.0,4.191574344088638,475.0,4.191574344088638,4.185288929921825,15.06704014771857,0.5947105808401951,4.191574344088638,0.0,4.185288929921825,15.06704014771857,0.08451171443180373,0.016050204558552217,0.016050204558552217,0.0,0.0,0.0,0.0,3.101834587446659,0.0005124529203642726,1.8448305133113811,14490.28294561748,4.025078596004853,0.12739925465136273,218261.58546848735,1783556824261585.5,1783556824342116.2
476.0,128.90718849276476,24288.0,157.00182103777692,-881.9736103070816,89.97907342041233,901.1137380868229,0.1570018210377769,-0.8819736103070815,0.08997907342041234,0.9011137380868229,0.9012572845424778,0.9012572845424778,8.83831474945849,-0.09874271545752217,-0.9683352505415097,1.5396619082801148,0.9548946590097714,0.5847672492703434,0.14709974999999997,-8.649206505517942,-9.507547175,0.8583406694820576,0.01470997499999882,0.8823932803582866,0.9231903549511428,-0.040797074592856086,0.16180972500000013,0.1570018210377769,1.5396619082801148,0.14709974999999997,0.14709974999999997,-0.06921912299301343,8.83831474945849,0.9012572845424778,43.66105330300317,-79.39485567242816,107.5,-38.870530820024996,-29.922846029086692,1.0,4.1868106044465465,476.0,4.1868106044465465,4.190052669563916,15.084189610430098,0.5959071884927647,4.1868106044465465,0.0,4.190052669563916,15.084189610430098,0.061009490405418046,0.016050204558552217,0.016050204558552217,0.0,0.0,0.0,0.0,3.1308977941122706,0.0005182978541492455,1.8658722749372838,14490.738296314235,4.025205082309507,0.12726746701554814,218404.69974373467,1783556824404699.8,1783556824581437.8
477.0,130.1037961453344,24288.0,167.29264684987578,-864.263817049051,103.14175759867834,886.7544462559872,0.16729264684987577,-0.864263817049051,0.10314175759867834,0.8867544462559873,0.8868873832989139,0.8868873832989139,8.697394157428294,-0.11311261670108606,-1.1092558425717054,1.6405804352303344,0.958415072740593,0.6821653624897412,0.14709974999999997,-8.475532761464075,-9.507547175,1.0320144135359235,0.01470997499999882,1.0114751171550789,0.9055882862970347,0.10588683085804429,0.16180972500000013,0.16729264684987577,1.6405804352303344,0.14709974999999997,0.14709974999999997,-0.029641678014692946,8.697394157428294,0.8868873832989139,43.66105713214766,-79.39484442431623,107.5,-37.96469892235055,-29.499572397299374,1.0,4.182046864804455,477.0,4.182046864804455,4.194816409206007,15.101339073141627,0.5971037961453344,4.182046864804455,0.0,4.194816409206007,15.101339073141627,0.03750726637903236,0.016050204558552217,0.016050204558552217,0.0,0.0,0.0,0.0,3.159961000777882,0.0005241427879342184,1.8869140365631865,14491.19364701099,4.025331568614161,0.12713567937973358,218547.814018982,1783556824547814.0,1783556824820759.2
478.0,139.7039788009542,24288.0,-2.8825470693892683,-989.230344882481,151.56615409106868,1001.4079576019084,-0.002882547069389268,-0.9892303448824808,0.1515661540910687,1.0014079576019084,1.001533489960124,1.001533489960124,9.82168839931745,0.00153348996012412,0.015038399317451202,-0.02826813021802628,0.9445999392250264,-0.9728680694430526,0.12748645000000014,-9.701035761641782,-9.523418340516649,-0.17761742112513226,0.01470997499999882,1.4863562250171787,0.965955025,0.5204012000171786,0.13290690086680798,-0.002882547069389268,-0.02826813021802628,0.12748645000000014,0.12748645000000014,-0.03101194871151401,9.82168839931745,1.001533489960124,43.66106124328903,-79.39483339501345,107.49407957601909,-37.076488142527865,-29.04512683008829,1.0,4.182141563370122,478.0,4.182141563370122,4.20086827821399,15.123125801570367,0.5949407957601908,0.2510461948483579,-0.005920423980915723,4.20086827821399,15.123125801570367,0.021210762920155835,0.016050204558552217,0.016050204558552217,-0.13962139571554333,0.0,0.0,0.0,3.393130237117576,0.0005607551020797588,2.0187183674871316,14493.67318346511,4.026020328740306,0.12648630465392555,219285.16731844665,1783556825285167.2,1783556825059204.2
479.0,138.52482848869946,24288.0,33.43528254805659,-986.1645540706186,137.88801046891376,999.049656977399,0.0334352825480566,-0.9861645540706185,0.13788801046891375,0.9990496569773989,0.9991485231429023,0.9991485231429023,9.798299864479342,-0.0008514768570977312,-0.008350135520657467,0.3278881135998991,0.9376618305792227,-0.6097737169793235,0.12748645000000014,-9.670970624176631,-9.528043746280519,-0.14292687789611339,0.01470997499999882,1.3522194578649729,0.965955025,0.3862644328649729,0.09590365475585466,0.0334352825480566,0.3278881135998991,0.12748645000000014,0.12748645000000014,-0.02323815751173397,9.798299864479342,0.9991485231429023,43.661066195720345,-79.3948230184907,107.47049656977399,-36.24084698350377,-28.497685072818733,1.0,4.19673058950364,479.0,4.19673058950364,4.210763063027549,15.158747026899178,0.5947049656977399,1.2510461948483629,-0.029503430226009094,4.210763063027549,15.158747026899178,0.02641130641375486,0.016050204558552217,0.016050204558552217,-0.6957795792716853,0.0,0.0,0.0,3.364491034333533,0.0005558068842654048,2.000904783355457,14494.132498999359,4.026147916388709,0.12648630465392555,219425.2503755425,1783556825425250.5,1783556825295034.2
480.0,137.34567817644472,24288.0,69.75311216550246,-983.0987632587563,124.20986684675881,996.6913563528894,0.06975311216550245,-0.9830987632587562,0.12420986684675882,0.9966913563528894,0.9967635563256804,0.9967635563256804,9.774911329641233,-0.0032364436743195822,-0.03173867035876614,0.6840443574178244,0.9307237219334189,-0.24667936451559436,0.12748645000000014,-9.640905486711482,-9.532669152044386,-0.10823633466709452,0.01470997499999882,1.2180826907127673,0.965955025,0.2521276657127673,0.05890040864490134,0.06975311216550245,0.6840443574178244,0.12748645000000014,0.12748645000000014,-0.015464366311953932,9.774911329641233,0.9967635563256804,43.66107114815166,-79.39481264196795,107.4469135635289,-35.40520582447967,-27.95024331554918,1.0,4.211319615637159,480.0,4.211319615637159,4.220657847841108,15.194368252227989,0.5944691356352889,2.2510461948483678,-0.05308643647110247,4.220657847841108,15.194368252227989,0.031611849907353884,0.016050204558552217,0.016050204558552217,-1.2519377628278274,0.0,0.0,0.0,3.33585183154949,0.0005508586664510507,1.9830911992237825,14494.59181453361,4.026275504037112,0.12648630465392555,219565.33343263838,1783556825565333.5,1783556825530864.2
481.0,136.16652786419,24288.0,106.07094178294831,-980.032972446894,110.53172322460388,994.33305572838,0.10607094178294832,-0.9800329724468939,0.11053172322460389,0.9943330557283799,0.9943785895084586,0.9943785895084586,9.751522794803124,-0.005621410491541433,-0.05512720519687481,1.0402006012357496,0.9237856132876152,0.11641498794813487,0.12748645000000014,-9.610840349246331,-9.537294557808256,-0.07354579143807566,0.01470997499999882,1.0839459235605615,0.965955025,0.11799089856056161,0.021897162533948022,0.10607094178294832,1.0402006012357496,0.12748645000000014,0.12748645000000014,-0.007690575112173893,9.751522794803124,0.9943785895084586,43.661076100582974,-79.39480226544521,107.4233305572838,-34.56956466545558,-27.402801558279624,1.0,4.225908641770676,481.0,4.225908641770676,4.230552632654667,15.2299894775568,0.5942333055728379,3.2510461948483727,-0.07666944271619584,4.230552632654667,15.2299894775568,0.03681239340095291,0.016050204558552217,0.016050204558552217,-1.8080959463839694,0.0,0.0,0.0,3.307212628765447,0.0005459104486366967,1.9652776150921079,14495.05113006786,4.0264030916855145,0.12648630465392555,219705.41648973423,1783556825705416.5,1783556825766694.5
482.0,143.96979066169465,24288.0,178.80867419073277,-969.012587224294,30.21398281299623,986.0,0.17880867419073276,-0.9690125872242938,0.03021398281299623,0.986,0.9858516776715315,0.9858516776715315,9.667902354837524,-0.014148322328468533,-0.13874764516247592,1.7535140847525494,0.8825984999999998,0.8709155847525497,0.12753582540124883,-9.50276728850312,-9.566387074999998,0.06361978649687788,0.01470997499999882,0.29629795455306945,0.965955025,-0.6696570704469306,-0.014709975000000042,0.17880867419073276,1.7535140847525494,0.12753582540124883,0.12753582540124883,8.229233541448868e-05,9.667902354837524,0.9858516776715315,43.66108106293613,-79.3947918993022,107.4,-33.734759407376814,-26.854263040863767,1.0,4.240371368947829,482.0,4.240371368947829,4.240341496784388,15.265229388423796,0.5980050348897176,0.01070469806398926,0.0,4.240341496784388,15.265229388423796,0.041851641541476185,0.01605946933098801,0.01605946933098801,0.0,0.0,0.0,0.0,3.4967382755912393,0.0005808515640945982,2.091065630740554,14497.601859605098,4.02711162766808,0.12648907722608418,220443.51046691526,1783556826443510.5,1783556826002517.5
483.0,141.14772710373458,24288.0,160.93560499031892,-970.1884470401106,50.20359968188015,986.0,0.16093560499031892,-0.9701884470401105,0.05020359968188015,0.986,0.9859241846796387,0.9859241846796387,9.668613405688578,-0.01407581532036124,-0.13803659431142054,1.578239150678311,0.8825984999999998,0.6956406506783112,0.13214832366636034,-9.5142985341659,-9.566387074999998,0.05208854083409885,0.01470997499999882,0.49232913082030993,0.965955025,-0.47362589417969003,-0.014709975000000042,0.16093560499031892,1.578239150678311,0.13214832366636034,0.13214832366636034,0.007769789443933657,9.668613405688578,0.9859241846796387,43.6610869422352,-79.39478249242367,107.4,-32.97720554612933,-26.204365320825016,1.0,4.2431619346660625,483.0,4.2431619346660625,4.240341496784388,15.265229388423796,0.5984753788160442,1.010704698063983,0.0,4.240341496784388,15.265229388423796,0.031984468775207706,0.016924955903370623,0.016924955903370623,0.0,0.0,0.0,0.0,3.428195995895505,0.0005698847993432808,2.051585277635811,14498.05423865109,4.027237288514189,0.12674808239765079,220584.61364481327,1783556826584613.8,1783556826237689.5
484.0,138.3256635457745,24288.0,143.06253578990507,-971.3643068559273,70.19321655076405,986.0,0.14306253578990508,-0.9713643068559272,0.07019321655076406,0.986,0.9859966916877461,0.9859966916877461,9.669324456539634,-0.014003308312253947,-0.13732554346036516,1.4029642166040726,0.8825984999999998,0.5203657166040727,0.13676082193147182,-9.525829779828678,-9.566387074999998,0.04055729517131981,0.01470997499999882,0.6883603070875504,0.965955025,-0.27759471791244955,-0.014709975000000042,0.14306253578990508,1.4029642166040726,0.13676082193147182,0.13676082193147182,0.015457286552452825,9.669324456539634,0.9859966916877461,43.66109282153428,-79.39477308554515,107.4,-32.21965168488186,-25.55446760078626,1.0,4.245952500384296,484.0,4.245952500384296,4.240341496784388,15.265229388423796,0.5989457227423709,2.010704698063977,0.0,4.240341496784388,15.265229388423796,0.022117296008939222,0.01779044247575324,0.01779044247575324,0.0,0.0,0.0,0.0,3.3596537161997704,0.0005589180345919632,2.0121049245310676,14498.506617697081,4.027362949360298,0.1270070875692174,220725.71682271129,1783556826725716.8,1783556826472861.2
485.0,135.5035999878144,24288.0,125.18946658949122,-972.540166671744,90.18283341964798,986.0,0.1251894665894912,-0.9725401666717439,0.09018283341964797,0.986,0.9860691986958533,0.9860691986958533,9.67003550739069,-0.013930801304146655,-0.13661449260930977,1.227689282529834,0.8825984999999998,0.34509078252983416,0.14137332019658333,-9.537361025491457,-9.566387074999998,0.02902604950854077,0.01470997499999882,0.8843914833547909,0.965955025,-0.08156354164520907,-0.014709975000000042,0.1251894665894912,1.227689282529834,0.14137332019658333,0.14137332019658333,0.023144783660971995,9.67003550739069,0.9860691986958533,43.66109870083336,-79.39476367866662,107.4,-31.46209782363438,-24.90456988074751,1.0,4.248743066102529,485.0,4.248743066102529,4.240341496784388,15.265229388423796,0.5994160666686976,3.010704698063971,0.0,4.240341496784388,15.265229388423796,0.01225012324267074,0.01865592904813585,0.01865592904813585,0.0,0.0,0.0,0.0,3.291111436504036,0.0005479512698406458,1.9726245714263246,14498.958996743073,4.027488610206406,0.12726609274078396,220866.82000060927,1783556826866820.0,1783556826708033.2
486.0,132.68153642985433,24288.0,107.31639738907738,-973.7160264875607,110.17245028853189,986.0,0.10731639738907736,-0.9737160264875607,0.1101724502885319,0.986,0.9861417057039606,0.9861417057039606,9.670746558241746,-0.013858294296039362,-0.1359034417582544,1.0524143484555957,0.8825984999999998,0.16981584845559572,0.14598581846169484,-9.548892271154235,-9.566387074999998,0.017494803845761735,0.01470997499999882,1.0804226596220312,0.965955025,0.11446763462203136,-0.014709975000000042,0.10731639738907736,1.0524143484555957,0.14598581846169484,0.14598581846169484,0.030832280769491162,9.670746558241746,0.9861417057039606,43.66110458013244,-79.3947542717881,107.4,-30.7045439623869,-24.254672160708758,1.0,4.251533631820762,486.0,4.251533631820762,4.240341496784388,15.265229388423796,0.5998864105950242,4.0107046980639645,0.0,4.240341496784388,15.265229388423796,0.0023829504764022527,0.019521415620518467,0.019521415620518467,0.0,0.0,0.0,0.0,3.2225691568083015,0.0005369845050893282,1.9331442183215817,14499.411375789065,4.027614271052515,0.12752509791235056,221007.92317850728,1783556827007923.2,1783556826943205.2
487.0,133.88951849375394,24288.0,103.37790369875079,-960.0175631462207,108.00878157311038,971.63965944747,0.10337790369875079,-0.9600175631462208,0.10800878157311038,0.97163965944747,0.9716658754572326,0.9716658754572326,9.528787157552669,-0.028334124542767392,-0.27786284244732984,1.0137909193073544,0.8825984999999998,0.13119241930735454,0.14709974999999997,-9.414556235627884,-9.566387074999998,0.15183083937211306,0.01470997499999882,1.059204317813943,0.9520576400974208,0.10714667771652212,-0.036019298517288065,0.10337790369875079,1.0137909193073544,0.14709974999999997,0.14709974999999997,0.02651221782107571,9.528787157552669,0.9716658754572326,43.661110723796234,-79.39474519773341,107.4,-29.973793040308543,-23.575551564656713,1.0,4.207242215403323,487.0,4.207242215403323,4.223146923988472,15.2033289263585,0.5988662889037476,4.207242215403323,0.0,4.223146923988472,15.2033289263585,-0.01719457279591536,0.021846843723883017,0.021846843723883017,0.0,0.0,0.0,0.0,3.251908625176296,0.0005408986454002103,1.947235123440757,14499.907721738837,4.027752144927452,0.1287867474633905,221154.237398529,1783556827154237.5,1783556827188951.8
488.0,136.38065313685163,24288.0,103.87613062737033,-941.5831667872978,98.79158339364895,952.7070361599276,0.10387613062737032,-0.9415831667872979,0.09879158339364895,0.9527070361599276,0.9525579049760795,0.9525579049760795,9.34140197883367,-0.047442095023920515,-0.4652480211663301,1.018676856416901,0.8825984999999998,0.13607835641690127,0.14709974999999997,-9.233776562574654,-9.566387074999998,0.3326105124253439,0.01470997499999882,0.9688144812873274,0.9337353759366204,0.035079105350707046,-0.06411343689718205,0.10387613062737032,1.018676856416901,0.14709974999999997,0.14709974999999997,0.01836898930516448,9.34140197883367,0.9525579049760795,43.66111695163284,-79.3947362296487,107.4,-29.25157608130455,-22.887126506013814,1.0,4.147960058810773,488.0,4.147960058810773,4.200477658719695,15.121719571390901,0.597371608117889,4.147960058810773,0.0,4.200477658719695,15.121719571390901,-0.03986383806469313,0.02463711215828416,0.02463711215828416,0.0,0.0,0.0,0.0,3.3124133033878524,0.0005495508143844629,1.9783829317840662,14500.418066598617,4.027893907388502,0.1303676355149976,221302.210796329,1783556827302210.8,1783556827438065.2
489.0,138.87178777994933,24288.0,104.37435755598986,-923.148770428375,89.57438521418752,933.7744128723851,0.10437435755598987,-0.9231487704283751,0.08957438521418752,0.9337744128723852,0.9334499344949263,0.9334499344949263,9.15401680011467,-0.06655006550507364,-0.6526331998853303,1.023562793526448,0.8825984999999998,0.14096429352644801,0.14709974999999997,-9.052996889521424,-9.566387074999998,0.5133901854785747,0.01470997499999882,0.878424644760712,0.91541311177582,-0.036988467015107995,-0.09220757527707604,0.10437435755598987,1.023562793526448,0.14709974999999997,0.14709974999999997,0.010225760789253246,9.15401680011467,0.9334499344949263,43.66112317946945,-79.39472726156399,107.4,-28.52935912230055,-22.19870144737092,1.0,4.088677902218222,489.0,4.088677902218222,4.177808393450917,15.040110216423301,0.5958769273320303,4.088677902218222,0.0,4.177808393450917,15.040110216423301,-0.0625331033334709,0.027427380592685298,0.027427380592685298,0.0,0.0,0.0,0.0,3.3729179815994086,0.0005582029833687154,2.0095307401273756,14500.928411458395,4.028035669849552,0.1319485235666047,221450.184194129,1783556827450184.2,1783556827687178.8
490.0,141.362922423047,24288.0,104.8725844846094,-904.7143740694522,80.35718703472608,914.8417895848428,0.1048725844846094,-0.9047143740694522,0.08035718703472608,0.9148417895848427,0.9143419640137732,0.9143419640137732,8.966631621395669,-0.08565803598622676,-0.8400183786043306,1.0284487306359946,0.8825984999999998,0.14585023063599475,0.14709974999999997,-8.872217216468192,-9.566387074999998,0.6941698585318056,0.01470997499999882,0.7880348082340964,0.8970908476150196,-0.10905603938092306,-0.12030171365697002,0.1048725844846094,1.0284487306359946,0.14709974999999997,0.14709974999999997,0.002082532273342017,8.966631621395669,0.9143419640137732,43.661129407306056,-79.39471829347927,107.4,-27.807142163296557,-21.51027638872802,1.0,4.0293957456256715,490.0,4.0293957456256715,4.155139128182139,14.958500861455702,0.5943822465461718,4.0293957456256715,0.0,4.155139128182139,14.958500861455702,-0.08520236860224867,0.030217649027086436,0.030217649027086436,0.0,0.0,0.0,0.0,3.433422659810965,0.000566855152352968,2.040678548470685,14501.438756318174,4.028177432310601,0.13352941161821177,221598.157591929,1783556827598157.5,1783556827936292.2
491.0,142.53810613813323,24288.0,28.995379795732,-1013.9822962483579,132.69515089493416,1022.8029275356467,0.028995379795731996,-1.0139822962483578,0.13269515089493417,1.0228029275356467,1.0231822966340745,1.0231822966340745,10.033990669286545,0.023182296634074343,0.22734066928654512,0.2843475412738152,0.874550856186508,-0.5902033149126928,0.10022185410912483,-9.943769485503958,-9.590903699999998,-0.35286578550395964,-0.03922659999999922,1.301294901523806,0.965955025,0.3353398765238061,-0.019613300000000056,0.028995379795731996,0.2843475412738152,0.10022185410912483,0.10022185410912483,-0.07287375381152775,10.033990669286545,1.0231822966340745,43.66113566358653,-79.39470936335763,107.4,-27.08798244234569,-20.818707145143794,1.0,4.038468963092266,491.0,4.038468963092266,4.149341737571899,14.937630255258838,0.595,0.7442620860666146,0.0,4.149341737571899,14.937630255258838,-0.07467724954552646,0.030931226455814365,0.030931226455814365,0.0,0.0,0.0,0.0,3.4619655218829797,0.0005721859682001035,2.0598694855203727,14503.99722163482,4.02888811712078,0.14027976085847293,222337.7243840631,1783556828337724.5,1783556828179368.8
492.0,143.26111238580748,24288.0,38.39446101549724,-997.8351567169663,126.91110091354017,1006.4147859216971,0.03839446101549723,-0.9978351567169663,0.12691110091354016,1.006414785921697,1.0068469970761793,1.0068469970761793,9.873796103877114,0.006846997076179296,0.06714610387711362,0.37652104111762597,0.8769142792594262,-0.5003932381418003,0.06358879647889229,-9.785420139618436,-9.590903699999998,-0.19451643961843823,-0.03922659999999922,1.2445727477737687,0.965955025,0.2786177227737687,-0.019613300000000056,0.03839446101549723,0.37652104111762597,0.06358879647889229,0.06358879647889229,-0.12649763865925234,9.873796103877114,1.0068469970761793,43.66114192964068,-79.39470044628058,107.4,-26.369873227253905,-20.12605751964442,1.0,4.071029956028399,492.0,4.071029956028399,4.149341737571899,14.937630255258838,0.595,1.7442620860666176,0.0,4.149341737571899,14.937630255258838,-0.05274611806303263,0.030931226455814365,0.030931226455814365,0.0,0.0,0.0,0.0,3.479525897626492,0.000575088308079934,2.070317909087762,14504.502228773908,4.029028396881639,0.14027976085847293,222481.12062318515,1783556828481120.5,1783556828420370.8
493.0,143.98411863348173,24288.0,47.79354223526248,-981.6880171855747,121.12705093214616,990.0266443077475,0.04779354223526248,-0.9816880171855747,0.12112705093214618,0.9900266443077474,0.9905116975182843,0.9905116975182843,9.713601538467682,-0.009488302481715748,-0.09304846153231783,0.4686945409614367,0.8792777023323444,-0.41058316137090767,0.026955738848659747,-9.627070793732916,-9.590903699999998,-0.03616709373291682,-0.03922659999999922,1.1878505940237312,0.965955025,0.22189556902373128,-0.019613300000000056,0.04779354223526248,0.4686945409614367,0.026955738848659747,0.026955738848659747,-0.18012152350697694,9.713601538467682,0.9905116975182843,43.66114819569482,-79.39469152920351,107.4,-25.65176401216212,-19.43340789414505,1.0,4.103590948964532,493.0,4.103590948964532,4.149341737571899,14.937630255258838,0.595,2.7442620860666205,0.0,4.149341737571899,14.937630255258838,-0.0308149865805388,0.030931226455814365,0.030931226455814365,0.0,0.0,0.0,0.0,3.497086273370004,0.0005779906479597645,2.080766332655152,14505.007235912999,4.029168676642497,0.14027976085847293,222624.5168623072,1783556828624516.8,1783556828661373.0
494.0,144.70712488115598,24288.0,57.192623455027714,-965.5408776541832,115.34300095075217,973.6385026937978,0.05719262345502772,-0.9655408776541832,0.11534300095075217,0.9736385026937978,0.9741763979603892,0.9741763979603892,9.55340697305825,-0.025823602039610795,-0.25324302694174927,0.5608680408052475,0.8816411254052626,-0.3207730846000151,-0.009677318781572797,-9.468721447847393,-9.590903699999998,0.12218225215260459,-0.03922659999999922,1.1311284402736939,0.965955025,0.16517341527369386,-0.019613300000000056,0.05719262345502772,0.5608680408052475,-0.009677318781572797,-0.009677318781572797,-0.23374540835470156,9.55340697305825,0.9741763979603892,43.66115446174897,-79.39468261212646,107.4,-24.933654797070336,-18.740758268645674,1.0,4.136151941900665,494.0,4.136151941900665,4.149341737571899,14.937630255258838,0.595,3.744262086066623,0.0,4.149341737571899,14.937630255258838,-0.008883855098044971,0.030931226455814365,0.030931226455814365,0.0,0.0,0.0,0.0,3.514646649113516,0.000580892987839595,2.091214756222542,14505.51224305209,4.029308956403356,0.14027976085847293,222767.91310142927,1783556828767913.0,1783556828902375.0
495.0,151.41101357123392,24288.0,94.83612666485,-1027.7259909525108,68.38281452646964,1034.7259909525108,0.09483612666484999,-1.0277259909525107,0.06838281452646965,1.0347259909525106,1.0344962755515823,1.0344962755515823,10.144942900637924,0.03449627555158223,0.3382929006379239,0.9300247015578511,0.9209524412383412,0.009072260319509959,-0.02451662500000007,-10.07854908917444,-9.587544811468048,-0.49100427770639127,-0.0936405942176057,0.6706063280760035,0.8796413735785862,-0.20903504550258262,-0.12325490270639022,0.09483612666484999,0.9300247015578511,-0.02451662500000007,-0.02451662500000007,0.0,10.144942900637924,1.0344962755515823,43.66116069912214,-79.39467365682357,107.4,-24.2124671824981,-18.051279038319247,1.0,4.175783497456819,495.0,4.175783497456819,4.175783497456819,15.03282059084455,0.6003149773812768,0.5949203484947259,0.0,4.175783497456819,15.03282059084455,0.026441759884919543,0.031785845401039216,0.031785845401039216,0.0,0.0,0.0,0.0,3.67747069761813,0.0006132215732073638,2.2075976635465095,14508.226388762061,4.0300628857672365,0.14027976085847293,223508.65469615182,1783556829508654.8,1783556829137004.5
496.0,152.10188516820295,24288.0,101.28426156989437,-1027.2654098878647,58.94090270122611,1034.2654098878647,0.10128426156989437,-1.0272654098878646,0.05894090270122611,1.0342654098878645,1.0342050821136923,1.0342050821136923,10.14208726851024,0.034205082113692276,0.3354372685102403,0.9932593037244045,0.9277275771847575,0.06553172653964694,-0.02451662500000007,-10.074032331876827,-9.581898864846034,-0.4921334670307942,-0.185104929494228,0.578012803474979,0.8581867764149341,-0.28017397293995516,-0.12438409203079295,0.10128426156989437,0.9932593037244045,-0.02451662500000007,-0.02451662500000007,0.0,10.14208726851024,1.0342050821136923,43.661166916966515,-79.3946646754928,107.4,-23.48918349407011,-17.363958521466042,1.0,4.2202293799212915,496.0,4.2202293799212915,4.2202293799212915,15.192825767716648,0.5991635247196617,1.5949203484947276,0.0,4.2202293799212915,15.192825767716648,0.07088764234939203,0.033222372067822796,0.033222372067822796,0.0,0.0,0.0,0.0,3.694250586965314,0.0006148265385495527,2.21337553877839,14508.739763883343,4.030205489967592,0.14027976085847293,223645.9078534163,1783556829645907.8,1783556829367295.0
497.0,152.79275676517202,24288.0,107.73239647493874,-1026.8048288232187,49.498990875982564,1033.8048288232187,0.10773239647493874,-1.0268048288232188,0.049498990875982564,1.0338048288232187,1.0339138886758024,1.0339138886758024,10.139231636382556,0.03391388867580232,0.3325816363825568,1.056493905890958,0.934502713131174,0.12199119275978393,-0.02451662500000007,-10.069515574579217,-9.57625291822402,-0.4932626563551971,-0.2765692647708503,0.48541927887395436,0.8367321792512821,-0.3513129003773277,-0.1255132813551957,0.10773239647493874,1.056493905890958,-0.02451662500000007,-0.02451662500000007,0.0,10.139231636382556,1.0339138886758024,43.66117313481089,-79.39465569416205,107.4,-22.765899805642125,-16.67663800461284,1.0,4.264675262385764,497.0,4.264675262385764,4.264675262385764,15.35283094458875,0.5980120720580466,2.594920348494729,0.0,4.264675262385764,15.35283094458875,0.11533352481386451,0.03465889873460638,0.03465889873460638,0.0,0.0,0.0,0.0,3.711030476312498,0.0006164315038917417,2.21915341401027,14509.253139004622,4.030348094167948,0.14027976085847293,223783.16101068084,1783556829783161.0,1783556829597585.5
498.0,153.48362836214105,24288.0,114.18053137998311,-1026.3442477585727,40.05707905073902,1033.3442477585727,0.1141805313799831,-1.0263442477585727,0.040057079050739026,1.0333442477585726,1.0336226952379124,1.0336226952379124,10.136376004254872,0.033622695237912364,0.32972600425487325,1.1197285080575112,0.9412778490775904,0.1784506589799209,-0.02451662500000007,-10.064998817281605,-9.570606971602006,-0.49439184567960004,-0.36803360004747254,0.39282575427292976,0.81527758208763,-0.42245182781470025,-0.12664247067959844,0.1141805313799831,1.1197285080575112,-0.02451662500000007,-0.02451662500000007,0.0,10.136376004254872,1.0336226952379124,43.66117935265526,-79.39464671283129,107.4,-22.042616117214138,-15.989317487759635,1.0,4.309121144850236,498.0,4.309121144850236,4.309121144850236,15.51283612146085,0.5968606193964315,3.594920348494731,0.0,4.309121144850236,15.51283612146085,0.15977940727833698,0.03609542540138996,0.03609542540138996,0.0,0.0,0.0,0.0,3.727810365659682,0.0006180364692339307,2.2249312892421504,14509.766514125904,4.030490698368304,0.14027976085847293,223920.41416794536,1783556829920414.2,1783556829827876.0
499.0,153.7159916219796,24288.0,119.0,-1015.7756983912659,34.704050268122344,1022.9461034180781,0.119,-1.015775698391266,0.03470405026812235,1.022946103418078,1.0233649613539175,1.0233649613539175,10.035781998261395,0.023364961353917617,0.22913199826139619,1.16699135,0.9482913445322195,0.2187000054677805,-0.02451662500000007,-9.961356752628708,-9.566387074999998,-0.39496967762870966,-0.43639592500000113,0.340330474561882,0.7978493896198431,-0.4575189150579611,-0.12748645000000003,0.119,1.16699135,-0.02451662500000007,-0.02451662500000007,0.0,10.035781998261395,1.0233649613539175,43.66118547684356,-79.39463761432962,107.39431983243959,-21.309896432307145,-15.31234971245706,1.0,4.348268108686599,499.0,4.348268108686599,4.348268108686599,15.653765191271757,0.5958863966487918,4.348268108686599,-0.005680167560408306,4.348268108686599,15.653765191271757,0.187963694654589,0.038941092120920257,0.038941092120920257,-0.127739232763741,0.0,0.0,0.0,3.7334540045146407,0.0006179798517110551,2.2247274661597984,14510.272324045687,4.030631201123799,0.14010948372255813,224056.7401953088,1783556830056740.2,1783556830056801.8
500.0,152.59155971565608,24288.0,119.0,-975.2961497636186,41.45064170606357,983.141213934225,0.119,-0.9752961497636186,0.04145064170606357,0.9831412139342249,0.9836147345192747,0.9836147345192747,9.645965436273444,-0.016385265480725282,-0.16068456372655454,1.16699135,0.9560101816401229,0.2109811683598771,-0.02451662500000007,-9.564387987079389,-9.566387074999998,0.0019990879206082113,-0.43639592500000113,0.40649193548676826,0.7923359345427693,-0.385843999056001,-0.12748645000000003,0.119,1.16699135,-0.02451662500000007,-0.02451662500000007,0.0,9.645965436273444,0.9836147345192747,43.661191323889476,-79.39462816910161,107.37183119431313,-20.549254213884716,-14.666017257289171,1.0,4.371734774918125,500.0,4.371734774918125,4.371734774918125,15.73824518970525,0.5954366238862624,4.371734774918125,-0.028168805686880967,4.371734774918125,15.73824518970525,0.16802747511080188,0.04595661630471748,0.04595661630471748,-0.6334780775471395,0.0,0.0,0.0,3.706143802373855,0.0006130063604545275,2.2068228976362994,14510.75574739582,4.030765485387726,0.139435330918072,224190.32270578007,1783556830190322.8,1783556830281688.0
501.0,151.46712780933254,24288.0,119.0,-934.8166011359713,48.19723314400479,943.3363244503718,0.119,-0.9348166011359712,0.04819723314400479,0.9433363244503716,0.9438645076846318,0.9438645076846318,9.256148874285493,-0.05613549231536817,-0.5505011257145054,1.16699135,0.9637290187480263,0.2032623312519737,-0.02451662500000007,-9.167419221530071,-9.566387074999998,0.39896785346992614,-0.43639592500000113,0.47265339641165455,0.7868224794656954,-0.3141690830540409,-0.12748645000000003,0.119,1.16699135,-0.02451662500000007,-0.02451662500000007,0.0,9.256148874285493,0.9438645076846318,43.66119717093539,-79.39461872387359,107.34934255618666,-19.78861199546229,-14.019684802121285,1.0,4.395201441149651,501.0,4.395201441149651,4.395201441149651,15.822725188138742,0.594986851123733,4.395201441149651,-0.050657443813353624,4.395201441149651,15.822725188138742,0.14809125556701475,0.052972140488514716,0.052972140488514716,-1.139216922330538,0.0,0.0,0.0,3.6788336002330686,0.0006080328691979999,2.1889183291128,14511.239170745956,4.030899769651652,0.13876117811358588,224323.9052162513,1783556830323905.2,1783556830506574.5
502.0,150.342695903009,24288.0,119.0,-894.337052508324,54.94382458194602,903.5314349665185,0.119,-0.8943370525083238,0.054943824581946014,0.9035314349665184,0.9041142808499889,0.9041142808499889,8.866332312297544,-0.09588571915001107,-0.9403176877024559,1.16699135,0.9714478558559296,0.19554349414407032,-0.02451662500000007,-8.770450455980754,-9.566387074999998,0.7959366190192441,-0.43639592500000113,0.5388148573365408,0.7813090243886216,-0.24249416705208074,-0.12748645000000003,0.119,1.16699135,-0.02451662500000007,-0.02451662500000007,0.0,8.866332312297544,0.9041142808499889,43.6612030179813,-79.39460927864559,107.32685391806018,-19.02796977703986,-13.373352346953396,1.0,4.418668107381176,502.0,4.418668107381176,4.418668107381176,15.907205186572236,0.5945370783612036,4.418668107381176,-0.07314608193982629,4.418668107381176,15.907205186572236,0.12815503602322761,0.05998766467231194,0.05998766467231194,-1.6449557671139365,0.0,0.0,0.0,3.6515233980922823,0.0006030593779414723,2.1710137605893003,14511.72259409609,4.031034053915579,0.13808702530909972,224457.48772672252,1783556830457487.8,1783556830731460.8
503.0,149.21826399668547,24288.0,119.0,-853.8575038806766,61.69041601988724,863.7265454826653,0.119,-0.8538575038806766,0.061690416019887236,0.8637265454826653,0.864364054015346,0.864364054015346,8.476515750309593,-0.13563594598465398,-1.3301342496904067,1.16699135,0.9791666929638331,0.1878246570361669,-0.02451662500000007,-8.373481690431436,-9.566387074999998,1.1929053845685618,-0.43639592500000113,0.6049763182614272,0.7757955693115477,-0.17081925105012058,-0.12748645000000003,0.119,1.16699135,-0.02451662500000007,-0.02451662500000007,0.0,8.476515750309593,0.864364054015346,43.66120886502721,-79.39459983341757,107.3043652799337,-18.26732755861743,-12.72701989178551,1.0,4.442134773612702,503.0,4.442134773612702,4.442134773612702,15.991685185005728,0.5940873055986742,4.442134773612702,-0.09563472006629894,4.442134773612702,15.991685185005728,0.10821881647944048,0.06700318885610917,0.06700318885610917,-2.150694611897335,0.0,0.0,0.0,3.6242131959514965,0.0005980858866849447,2.153109192065801,14512.206017446224,4.031168338179505,0.1374128725046136,224591.07023719378,1783556830591070.2,1783556830956347.2
504.0,150.8240498927003,24288.0,79.6100954934115,-1031.5366984978039,43.21395439928877,1036.360748390504,0.0796100954934115,-1.0315366984978038,0.04321395439928877,1.036360748390504,1.0357466291778006,1.0357466291778006,10.157204681026476,0.035746629177800505,0.3505546810264773,0.7807083429704638,0.9806649999999999,-0.19995665702953608,-0.04263417675738408,-10.115919364323489,-9.590630581640747,-0.5252887826827414,-0.4715819405598763,0.42378412590978515,0.77472535,-0.35094122409021483,-0.1569064,0.0796100954934115,0.7807083429704638,-0.04263417675738408,-0.04263417675738408,-0.03014567680097173,10.157204681026476,1.0357466291778006,43.661214750652896,-79.39459043414539,107.3,-17.510386250392166,-12.076422829086166,1.0,4.47018387229325,504.0,4.47018387229325,4.47018387229325,16.0926619402557,0.5952316507510981,0.8058895381232097,0.0,4.47018387229325,16.0926619402557,0.10948274537367694,0.07705625003971206,0.07705625003971206,0.0,0.0,0.0,0.0,3.663214523793904,0.0006056768269861053,2.1804365771499796,14514.86359672798,4.031906554646659,0.134973476159866,225316.74601448714,1783556831316746.0,1783556831175950.0
505.0,150.60571958938166,24288.0,70.44022275403034,-1028.4800742513435,52.16549683535132,1033.085793840725,0.07044022275403035,-1.0284800742513436,0.05216549683535132,1.0330857938407252,1.032605662774175,1.032605662774175,10.126402322844365,0.0326056627741752,0.31975232284436517,0.6907826104708117,0.9806649999999999,-0.2898823895291882,-0.06511560988229712,-10.085944120156936,-9.584207315033629,-0.5017368051233088,-0.4726524849943953,0.511568769540398,0.77472535,-0.263156580459602,-0.1569064,0.07044022275403035,0.6907826104708117,-0.06511560988229712,-0.06511560988229712,-0.06755238749134283,10.126402322844365,1.032605662774175,43.661220645571085,-79.39458104594235,107.3,-16.75433636134255,-11.424798572337895,1.0,4.499336717873491,505.0,4.499336717873491,4.499336717873491,16.197612184344568,0.5967599628743282,1.8058895381232087,0.0,4.499336717873491,16.197612184344568,0.11585304481932279,0.08784094711397714,0.08784094711397714,0.0,0.0,0.0,0.0,3.6579117173869022,0.000606348515797659,2.1828546568715725,14515.341644725571,4.032039345757101,0.13479087081357544,225447.9625267816,1783556831447962.5,1783556831394280.5
506.0,150.38738928606307,24288.0,61.270350014649196,-1025.423450004883,61.11703927141387,1029.8108392909462,0.0612703500146492,-1.025423450004883,0.061117039271413875,1.0298108392909462,1.0294646963705498,1.0294646963705498,10.095599964662252,0.029464696370549888,0.28894996466225303,0.6008568779711595,0.9806649999999999,-0.3798081220288404,-0.08759704300721015,-10.055968875990386,-9.57778404842651,-0.47818482756387615,-0.4737230294289144,0.5993534131710108,0.77472535,-0.1753719368289892,-0.1569064,0.0612703500146492,0.6008568779711595,-0.08759704300721015,-0.08759704300721015,-0.10495909818171394,10.095599964662252,1.0294646963705498,43.661226540489274,-79.3945716577393,107.3,-15.998286472292929,-10.773174315589625,1.0,4.528489563453731,506.0,4.528489563453731,4.528489563453731,16.302562428433433,0.5982882749975584,2.805889538123208,0.0,4.528489563453731,16.302562428433433,0.12222334426496863,0.0986256441882422,0.0986256441882422,0.0,0.0,0.0,0.0,3.6526089109799,0.0006070202046092126,2.1852727365931655,14515.819692723162,4.032172136867543,0.13460826546728488,225579.1790390761,1783556831579179.0,1783556831612610.8
507.0,150.16905898274447,24288.0,52.10047727526805,-1022.3668257584227,70.06858170747643,1026.5358847411671,0.052100477275268044,-1.0223668257584226,0.07006858170747643,1.0265358847411672,1.0263237299669246,1.0263237299669246,10.06479760648014,0.026323729966924576,0.2581476064801409,0.5109311454715073,0.9806649999999999,-0.46973385452849253,-0.11007847613212318,-10.025993631823836,-9.571360781819392,-0.4546328500044435,-0.47479357386343346,0.6871380568016237,0.77472535,-0.08758729319837638,-0.1569064,0.052100477275268044,0.5109311454715073,-0.11007847613212318,-0.11007847613212318,-0.14236580887208503,10.06479760648014,1.0263237299669246,43.66123243540746,-79.39456226953625,107.3,-15.242236583243308,-10.121550058841354,1.0,4.557642409033972,507.0,4.557642409033972,4.557642409033972,16.4075126725223,0.5998165871207887,3.8058895381232065,0.0,4.557642409033972,16.4075126725223,0.12859364371061446,0.10941034126250727,0.10941034126250727,0.0,0.0,0.0,0.0,3.647306104572898,0.0006076918934207661,2.1876908163147584,14516.297740720753,4.032304927977985,0.13442566012099433,225710.39555137057,1783556831710395.5,1783556831830941.0
508.0,147.3914034418563,24288.0,85.16826768605534,-891.5404588952475,105.79835563955827,902.1979808836232,0.08516826768605534,-0.8915404588952475,0.10579835563955826,0.9021979808836232,0.9019525422419026,0.9019525422419026,8.845132898376553,-0.0980474577580974,-0.9615171016234458,0.8352153923034545,1.01008495,-0.17486955769654547,-0.12244860701095732,-8.743025241225078,-9.598685792422309,0.8556605511972312,-0.4756225249999986,1.037527444332674,0.75905578585923,0.2784716584734441,-0.1569064,0.08516826768605534,0.8352153923034545,-0.12244860701095732,-0.12244860701095732,0.008452756693024683,8.845132898376553,0.9019525422419026,43.66123841883748,-79.39455299405736,107.3048925430232,-14.495264584541202,-9.460141705401977,1.0,4.581800488236971,508.0,4.581800488236971,4.581800488236971,16.494481757653094,0.595048925430232,0.225673302446808,0.004892543023204267,4.581800488236971,16.494481757653094,0.12857775573580238,0.11847497730726732,0.11847497730726732,0.10606915826715807,0.0,0.0,0.0,3.5798424067958057,0.0005917195607431036,2.130190418675173,14518.902031200476,4.03302834200013,0.134211210749627,226436.1595564183,1783556832436159.5,1783556832048925.5
509.0,149.1257842375136,24288.0,81.48270849528355,-933.8159907893945,96.04246366398587,942.9559295815701,0.08148270849528355,-0.9338159907893946,0.09604246366398587,0.9429559295815702,0.9427767711165509,0.9427767711165509,9.245481822470124,-0.05722322888344911,-0.5611681775298764,0.7990724032652723,1.01008495,-0.21101254673472764,-0.10012499613443301,-9.157606586074815,-9.611442141494608,0.45383555541979387,-0.4756225249999986,0.9418548262904269,0.7548036695017967,0.18705115678863027,-0.1569064,0.08148270849528355,0.7990724032652723,-0.10012499613443301,-0.10012499613443301,0.0459084796402131,9.245481822470124,0.9427767711165509,43.66124470596786,-79.39454410535578,107.32657230296891,-13.779440500888532,-8.765162312777976,1.0,4.5888206033476,509.0,4.5888206033476,4.5888206033476,16.51975417205136,0.5952657230296892,1.2256733024468098,0.02657230296892255,4.5888206033476,16.51975417205136,0.10664968159796598,0.12163776691239145,0.12163776691239145,0.5760811495710879,0.0,0.0,0.0,3.6219670475607306,0.0005989085402347566,2.156070744845124,14519.388465489708,4.033163462636028,0.13388749865862398,226565.37092569476,1783556832565371.0,1783556832265723.0
510.0,150.86016503317094,24288.0,77.79714930451176,-976.0915226835416,86.28657168841347,983.7138782795171,0.07779714930451176,-0.9760915226835416,0.08628657168841347,0.9837138782795171,0.9836009999911992,0.9836009999911992,9.645830746563693,-0.016399000008800832,-0.16081925343630676,0.7629294142270902,1.01008495,-0.24715553577290983,-0.07780138525790872,-9.572187930924553,-9.62419849056691,0.05201055964235668,-0.4756225249999986,0.84618220824818,0.7505515531443635,0.09563065510381646,-0.1569064,0.07779714930451176,0.7629294142270902,-0.07780138525790872,-0.07780138525790872,0.08336420258740151,9.645830746563693,0.9836009999911992,43.66125099309824,-79.3945352166542,107.34825206291464,-13.063616417235863,-8.070182920153975,1.0,4.595840718458229,510.0,4.595840718458229,4.595840718458229,16.545026586449623,0.5954825206291463,2.2256733024468116,0.04825206291464083,4.595840718458229,16.545026586449623,0.08472160746012959,0.12480055651751557,0.12480055651751557,1.0460931408750178,0.0,0.0,0.0,3.6640916883256556,0.0006060975197264096,2.1819510710150745,14519.87489977894,4.033298583271926,0.133563786567621,226694.58229497125,1783556832694582.2,1783556832482520.8
511.0,152.59454582882825,24288.0,74.11159011373996,-1018.3670545776886,76.53067971284108,1024.471826977464,0.07411159011373997,-1.0183670545776886,0.07653067971284108,1.024471826977464,1.0244252288658475,1.0244252288658475,10.046179670657263,0.024425228865847443,0.23952967065726272,0.726786425188908,1.01008495,-0.28329852481109197,-0.05547777438138442,-9.98676927577429,-9.636954839639209,-0.34981443613508056,-0.4756225249999986,0.7505095902059329,0.7462994367869303,0.00421015341900266,-0.1569064,0.07411159011373997,0.726786425188908,-0.05547777438138442,-0.05547777438138442,0.12081992553458992,10.046179670657263,1.0244252288658475,43.661257280228625,-79.39452632795263,107.36993182286035,-12.347792333583193,-7.375203527529973,1.0,4.602860833568857,511.0,4.602860833568857,4.602860833568857,16.570299000847886,0.5956993182286036,3.2256733024468134,0.06993182286035911,4.602860833568857,16.570299000847886,0.0627935333222932,0.12796334612263968,0.12796334612263968,1.5161051321789476,0.0,0.0,0.0,3.7062163290905805,0.0006132864992180626,2.2078313971850254,14520.361334068173,4.033433703907824,0.13324007447661798,226823.7936642477,1783556832823793.8,1783556832699318.2
512.0,154.32892662448558,24288.0,70.42603092296817,-1060.6425864718358,66.7747877372687,1065.2297756754108,0.07042603092296817,-1.0606425864718356,0.06677478773726869,1.0652297756754108,1.0652494577404958,1.0652494577404958,10.446528594750832,0.06524945774049573,0.6398785947508323,0.6906434361507259,1.01008495,-0.3194415138492741,-0.033154163504860126,-10.401350620624026,-9.649711188711509,-0.7516394319125179,-0.4756225249999986,0.654836972163686,0.7420473204294972,-0.0872103482658112,-0.1569064,0.07042603092296817,0.6906434361507259,-0.033154163504860126,-0.033154163504860126,0.15827564848177833,10.446528594750832,1.0652494577404958,43.661263567359015,-79.39451743925105,107.39161158280608,-11.631968249930523,-6.6802241349059726,1.0,4.6098809486794865,512.0,4.6098809486794865,4.6098809486794865,16.59557141524615,0.5959161158280607,4.225673302446815,0.0916115828060774,4.6098809486794865,16.59557141524615,0.04086545918445682,0.13112613572776383,0.13112613572776383,1.9861171234828774,0.0,0.0,0.0,3.7483409698555055,0.0006204754787097155,2.233711723354976,14520.847768357407,4.033568824543722,0.132916362385615,226953.00503352418,1783556832953005.0,1783556832916115.8
513.0,155.0,24288.0,74.16952566647002,-1080.101715399882,51.368567250442446,1084.2309535415438,0.07416952566647003,-1.080101715399882,0.05136856725044245,1.0842309535415438,1.0843624141825359,1.0843624141825359,10.633962669043164,0.08436241418253587,0.8273126690431654,0.7273545788770883,1.01008495,-0.2827303711229117,-0.037824253830235736,-10.592179487326252,-9.654646925,-0.9375325623262519,-0.4705529521122901,0.5037535600265514,0.7429368614438544,-0.239183301417303,-0.15247052372325479,0.07416952566647003,0.7273545788770883,-0.037824253830235736,-0.037824253830235736,0.1280741637194442,10.633962669043164,1.0843624141825359,43.66127013562053,-79.39450895971248,107.4,-10.949094842929549,-5.9541685065059085,1.0,4.629549812217462,513.0,4.629549812217462,4.629549812217462,16.666379323982866,0.5958707618583382,4.629549812217462,0.08707618583383236,4.629549812217462,16.666379323982866,0.04514872101950408,0.13270198211165643,0.13270198211165643,1.8877908058660762,0.0,0.0,0.0,3.76464,0.0006231219180339929,2.2432389049223747,14521.325469779187,4.033701519383106,0.13268595989846058,227079.89669428873,1783556833079896.8,1783556833129238.2
514.0,155.0,24288.0,82.60163652052425,-1085.1609819123146,32.39631782882043,1089.5010228253277,0.08260163652052425,-1.0851609819123145,0.03239631782882043,1.0895010228253277,1.0897729769404372,1.0897729769404372,10.687022164312937,0.08977297694043718,0.8803721643129381,0.8100453387839992,1.01008495,-0.2000396112160008,-0.05953057830579984,-10.641793943270399,-9.654646925,-0.9871470182703986,-0.46228387612159955,0.3176993502360018,0.7470713994392,-0.4293720492031981,-0.14523508223140008,0.08260163652052425,0.8100453387839992,-0.05953057830579984,-0.05953057830579984,0.05517293860411836,10.687022164312937,1.0897729769404372,43.66127688130921,-79.39450073840439,107.4,-10.287017229682338,-5.208500079355957,1.0,4.657201539546638,514.0,4.657201539546638,4.657201539546638,16.7659255423679,0.5956599590869869,4.657201539546638,0.06599590869869498,4.657201539546638,16.7659255423679,0.0659744515469097,0.13327627868591968,0.13327627868591968,1.430775457987124,0.0,0.0,0.0,3.76464,0.0006229014745492318,2.2424453083772344,14521.797659723547,4.033832683256539,0.1325144468628762,227205.3243432428,1783556833205324.2,1783556833340041.0
515.0,155.0,24288.0,91.03374737457848,-1090.220248424747,13.424068407198412,1094.7710921091116,0.09103374737457848,-1.090220248424747,0.013424068407198418,1.0947710921091116,1.0951835396983385,1.0951835396983385,10.74008165958271,0.09518353969833848,0.933431659582711,0.8927360986909101,1.01008495,-0.11734885130908992,-0.08123690278136395,-10.691408399214545,-9.654646925,-1.0367614742145452,-0.45401480013090895,0.13164514044545228,0.7512059374345454,-0.6195607969890932,-0.13799964073954538,0.09103374737457848,0.8927360986909101,-0.08123690278136395,-0.08123690278136395,-0.017728286511207475,10.74008165958271,1.0951835396983385,43.6612836269979,-79.39449251709631,107.4,-9.624939616435128,-4.462831652206006,1.0,4.684853266875814,515.0,4.684853266875814,4.684853266875814,16.865471760752932,0.5954491563156356,4.684853266875814,0.04491563156355762,4.684853266875814,16.865471760752932,0.08680018207431531,0.13385057526018296,0.13385057526018296,0.9737601101081717,0.0,0.0,0.0,3.76464,0.0006226810310644706,2.241651711832094,14522.269849667904,4.0339638471299715,0.13234293382729181,227330.75199219686,1783556833330752.0,1783556833550843.8
516.0,155.0,24288.0,99.46585822863271,-1095.2795149371796,-5.548181014423605,1100.0411613928954,0.09946585822863271,-1.0952795149371797,-0.0055481810144236005,1.1000411613928955,1.1005941024562398,1.1005941024562398,10.793141154852483,0.10059410245623979,0.9864911548524837,0.975426858597821,1.01008495,-0.03465809140217907,-0.10294322725692805,-10.741022855158691,-9.654646925,-1.086375930158692,-0.4457457241402184,-0.05440906934509726,0.755340475429891,-0.8097495447749882,-0.13076419924769067,0.09946585822863271,0.975426858597821,-0.10294322725692805,-0.10294322725692805,-0.09062951162653332,10.793141154852483,1.1005941024562398,43.66129037268659,-79.39448429578823,107.4,-8.962862003187915,-3.717163225056054,1.0,4.71250499420499,516.0,4.71250499420499,4.71250499420499,16.96501797913797,0.5952383535442841,4.71250499420499,0.023835354428420247,4.71250499420499,16.96501797913797,0.10762591260172093,0.1344248718344462,0.1344248718344462,0.5167447622292194,0.0,0.0,0.0,3.76464,0.0006224605875797094,2.240858115286954,14522.742039612262,4.034095011003404,0.13217142079170746,227456.1796411509,1783556833456179.8,1783556833761646.5
517.0,155.0,24288.0,107.89796908268694,-1100.3387814496123,-24.52043043604563,1105.3112306766793,0.10789796908268695,-1.1003387814496122,-0.024520430436045612,1.1053112306766795,1.106004665214141,1.106004665214141,10.846200650122256,0.10600466521414109,1.0395506501222567,1.0581176185047318,1.01008495,0.04803266850473181,-0.12464955173249215,-10.790637311102838,-9.654646925,-1.1359903861028386,-0.43747664814952786,-0.2404632791356468,0.7594750134252365,-0.9999382925608833,-0.12352875775583597,0.10789796908268695,1.0581176185047318,-0.12464955173249215,-0.12464955173249215,-0.16353073674185914,10.846200650122256,1.106004665214141,43.661297118375266,-79.39447607448014,107.4,-8.300784389940706,-2.9714947979061024,1.0,4.7401567215341665,517.0,4.7401567215341665,4.7401567215341665,17.064564197523,0.5950275507729328,4.7401567215341665,0.0027550772932828788,4.7401567215341665,17.064564197523,0.12845164312912655,0.13499916840870949,0.13499916840870949,0.05972941435026691,0.0,0.0,0.0,3.76464,0.0006222401440949482,2.240064518741814,14523.214229556621,4.034226174876837,0.13199990775612308,227581.60729010496,1783556833581607.2,1783556833972449.2
518.0,165.575023784336,24288.0,153.20619648524402,-974.6466639140181,-22.98450878688995,986.8247859409761,0.15320619648524403,-0.974646663914018,-0.02298450878688995,0.9868247859409761,0.9870399655660282,0.9870399655660282,9.679555478318091,-0.012960034433971727,-0.12709452168190885,1.5024395467620182,0.9797916098121661,0.5226479369498521,-0.12923323037566772,-9.558018706672405,-9.69494627312166,0.13692756644925572,-0.218779445143027,-0.22540103309495432,0.7626355455635014,-0.9880365786584557,-0.10424193105548937,0.15320619648524403,1.5024395467620182,-0.12923323037566772,-0.12923323037566772,-0.002930839556489407,9.679555478318091,0.9870399655660282,43.66130387802689,-79.39446787511892,107.4,-7.64047419920624,-2.224282907536262,1.0,4.768106059598393,518.0,4.768106059598393,4.768106059598393,17.165181814554217,0.601753145811294,0.8693054519340024,0.0,4.768106059598393,17.165181814554217,0.13214397937165664,0.13458896243838542,0.13458896243838542,0.0,0.0,0.0,0.0,4.021486177673952,0.0006722614093350784,2.420141073606282,14526.131738746364,4.035036594096209,0.13116387343288813,228307.16072806696,1783556834307160.8,1783556834178122.0
519.0,163.93581145397067,24288.0,156.894424228566,-989.1946733460103,-13.763939428584997,1001.577696914264,0.156894424228566,-0.9891946733460103,-0.013763939428584997,1.001577696914264,1.0019051848769869,1.0019051848769869,9.825333481273903,0.0019051848769868797,0.018683481273903402,1.5386087053610669,0.9787869109621925,0.5598217943988743,-0.13124262807561485,-9.70068594336865,-9.684899284621926,-0.015786658746726412,-0.2730331830416001,-0.13497813659733304,0.7656496421134222,-0.9006277787107552,-0.0831432552060444,0.156894424228566,1.5386087053610669,-0.13124262807561485,-0.13124262807561485,-0.006302312207407435,9.825333481273903,1.0019051848769869,43.66131063977775,-79.39445967905728,107.4,-6.980429729210131,-1.4768389672839182,1.0,4.796100141544567,519.0,4.796100141544567,4.796100141544567,17.265960509560443,0.6003188350222243,1.869305451934009,0.0,4.796100141544567,17.265960509560443,0.1332604187094605,0.1340307427694835,0.1340307427694835,0.0,0.0,0.0,0.0,3.9816729885940396,0.0006640540862945421,2.3905947106603516,14526.60334587761,4.035167596077112,0.13116387343288813,228429.28204667917,1783556834429282.0,1783556834383023.5
520.0,162.29659912360535,24288.0,160.58265197188797,-1003.7426827780026,-4.543370070280044,1016.3306078875519,0.16058265197188798,-1.0037426827780025,-0.004543370070280044,1.016330607887552,1.0167704041879455,1.0167704041879455,9.971111484229715,0.016770404187945488,0.16446148422971563,1.5747778639601153,0.9777822121122189,0.5969956518478963,-0.133252025775562,-9.843353180064899,-9.67485229612219,-0.16850088394270857,-0.3272869209401733,-0.04455524009971179,0.7686637386633429,-0.8132189787630546,-0.062044579356599454,0.16058265197188798,1.5747778639601153,-0.133252025775562,-0.133252025775562,-0.009673784858325464,9.971111484229715,1.0167704041879455,43.66131740152861,-79.39445148299562,107.4,-6.320385259214023,-0.729395027031575,1.0,4.82409422349074,520.0,4.82409422349074,4.82409422349074,17.366739204566667,0.5988845242331546,2.8693054519340158,0.0,4.82409422349074,17.366739204566667,0.13437685804726437,0.13347252310058158,0.13347252310058158,0.0,0.0,0.0,0.0,3.9418597995141265,0.0006558467632540059,2.361048347714421,14527.074953008856,4.035298598058013,0.13116387343288813,228551.4033652914,1783556834551403.2,1783556834587925.0
521.0,160.65738679324002,24288.0,164.27087971520996,-1018.2906922099949,4.677199288024909,1031.0835188608398,0.16427087971520998,-1.0182906922099948,0.004677199288024909,1.0310835188608398,1.0316356234989041,1.0316356234989041,10.116889487185526,0.03163562349890409,0.3102394871855278,1.6109470225591638,0.9767775132622454,0.6341695092969184,-0.13526142347550915,-9.986020416761145,-9.664805307622455,-0.32121510913869067,-0.38154065883874644,0.04586765639790946,0.7716778352132636,-0.7258101788153541,-0.040945903507154505,0.16427087971520998,1.6109470225591638,-0.13526142347550915,-0.13526142347550915,-0.013045257509243492,10.116889487185526,1.0316356234989041,43.661324163279474,-79.39444328693396,107.4,-5.660340789217914,0.01804891322076818,1.0,4.852088305436914,521.0,4.852088305436914,4.852088305436914,17.46751789957289,0.597450213444085,3.8693054519340224,0.0,4.852088305436914,17.46751789957289,0.1354932973850682,0.13291430343167965,0.13291430343167965,0.0,0.0,0.0,0.0,3.9020466104342133,0.0006476394402134696,2.3315019847684906,14527.546560140103,4.035429600038915,0.13116387343288813,228673.5246839036,1783556834673524.8,1783556834792826.8
522.0,159.0181744628747,24288.0,167.95910745853195,-1032.8387016419872,13.897768646329858,1045.8364298341278,0.16795910745853196,-1.032838701641987,0.013897768646329862,1.0458364298341278,1.0465008428098628,1.0465008428098628,10.26266749014134,0.046500842809862705,0.45601749014134,1.6471161811582122,0.9757728144122719,0.6713433667459404,-0.1372708211754563,-10.12868765345739,-9.654758319122719,-0.47392933433467277,-0.43579439673731957,0.13629055289553077,0.7746919317631843,-0.6384013788676537,-0.01984722765770955,0.16795910745853196,1.6471161811582122,-0.1372708211754563,-0.1372708211754563,-0.01641673016016152,10.26266749014134,1.0465008428098628,43.661330925030335,-79.39443509087232,107.4,-5.000296319221805,0.7654928534731118,1.0,4.880082387383088,522.0,4.880082387383088,4.880082387383088,17.568296594579117,0.5960159026550154,4.8693054519340295,0.0,4.880082387383088,17.568296594579117,0.13660973672287208,0.13235608376277772,0.13235608376277772,0.0,0.0,0.0,0.0,3.8622334213543006,0.0006394321171729335,2.30195562182256,14528.018167271348,4.0355606020198165,0.13116387343288813,228795.64600251583,1783556834795646.0,1783556834997728.2
523.0,165.0,24288.0,-9.097077261836358,-1019.1127347694887,133.99582473266332,1031.5031314505025,-0.009097077261836357,-1.0191127347694888,0.13399582473266333,1.0315031314505025,1.0314237183174375,1.0314237183174375,10.114811407237697,0.031423718317437475,0.30816140723769814,-0.08921185272978752,0.982103240441038,-1.0713150931708255,-0.13729310000000006,-9.994081900427206,-9.661203458718665,-0.3328784417085408,-0.17161637499999927,1.3140501546145726,0.77472535,0.5393248046145727,0.022059844326821565,-0.009097077261836357,-0.08921185272978752,-0.13729310000000006,-0.13729310000000006,0.0,10.114811407237697,1.0314237183174375,43.66133820563676,-79.39442779436324,107.4,-4.412694532859069,1.5702910875291782,1.0,4.967604489330028,523.0,4.967604489330028,4.918362978215957,17.706106721577445,0.5976304801659493,0.9889126853562411,0.0,4.918362978215957,17.706106721577445,0.14935003603717958,0.13234989460566826,0.13234989460566826,0.0,0.0,0.0,0.0,4.00752,0.0006652822505207348,2.3950161018746456,14530.861188809356,4.03635033022482,0.1311339621822581,229505.1169105471,1783556835505117.0,1783556835184760.0
524.0,165.0,24288.0,-15.262512645689263,-985.8567499717367,168.37279778202497,1005.7204016634813,-0.015262512645689261,-0.9858567499717368,0.16837279778202496,1.0057204016634813,1.0058171062639756,1.0058171062639756,9.863696325143614,0.0058171062639755175,0.057046325143615406,-0.14967411963684857,0.9885159051129991,-1.1381900247498478,-0.13729310000000006,-9.667952097110332,-9.65295860414043,-0.014993492969901268,-0.17161637499999927,1.651173097369095,0.77472535,0.876447747369095,0.06420021217113689,-0.015262512645689261,-0.14967411963684857,-0.13729310000000006,-0.13729310000000006,0.0,9.863696325143614,1.0058171062639756,43.6613454920604,-79.3944205079396,107.4,-3.825904946439741,2.3757323562140735,1.0,5.0557939969009835,524.0,5.0557939969009835,4.956758897492177,17.844332030971838,0.5972568174154127,1.988912685356242,0.0,4.956758897492177,17.844332030971838,0.16222065766896052,0.13234989460566826,0.13234989460566826,0.0,0.0,0.0,0.0,4.00752,0.0006648662891468376,2.3935186409286153,14531.307432171274,4.036474286714241,0.13110371557800987,229616.468410207,1783556835616468.5,1783556835371591.2
525.0,165.0,24288.0,-21.42794802954217,-952.6007651739847,202.74977083138663,979.9376718764601,-0.021427948029542163,-0.9526007651739847,0.20274977083138662,0.9799376718764601,0.9802104942105135,0.9802104942105135,9.612581243049533,-0.019789505789486433,-0.19406875695046732,-0.21013638654390968,0.9949285697849601,-1.2050649563288698,-0.13729310000000006,-9.341822293793456,-9.644713749562195,0.3028914557687382,-0.17161637499999927,1.9882960401236174,0.77472535,1.2135706901236172,0.10634058001545221,-0.021427948029542163,-0.21013638654390968,-0.13729310000000006,-0.13729310000000006,0.0,9.612581243049533,0.9802104942105135,43.66135277848403,-79.39441322151596,107.4,-3.2391153600204134,3.1811736248989693,1.0,5.14398350447194,525.0,5.14398350447194,4.995154816768398,17.98255734036623,0.5968831546648762,2.988912685356243,0.0,4.995154816768398,17.98255734036623,0.17509127930074148,0.13234989460566826,0.13234989460566826,0.0,0.0,0.0,0.0,4.00752,0.0006644503277729403,2.392021179982585,14531.753675533191,4.036598243203662,0.13107346897376163,229727.81990986687,1783556835727820.0,1783556835558422.8
526.0,165.0,24288.0,-27.593383413395074,-919.3447803762326,237.12674388074828,954.1549420894388,-0.027593383413395067,-0.9193447803762327,0.23712674388074825,0.9541549420894389,0.9546038821570516,0.9546038821570516,9.36146616095545,-0.04539611784294839,-0.44518383904455006,-0.2705986534509708,1.001341234456921,-1.2719398879078918,-0.13729310000000006,-9.015692490476582,-9.63646889498396,0.6207764045073778,-0.17161637499999927,2.3254189828781398,0.77472535,1.5506936328781395,0.14848094785976754,-0.027593383413395067,-0.2705986534509708,-0.13729310000000006,-0.13729310000000006,0.0,9.36146616095545,0.9546038821570516,43.66136006490767,-79.39440593509234,107.4,-2.6523257736010852,3.9866148935838646,1.0,5.232173012042896,526.0,5.232173012042896,5.033550736044618,18.120782649760624,0.5965094919143397,3.9889126853562438,0.0,5.033550736044618,18.120782649760624,0.1879619009325224,0.13234989460566826,0.13234989460566826,0.0,0.0,0.0,0.0,4.00752,0.000664034366399043,2.3905237190365547,14532.199918895107,4.0367221996930835,0.13104322236951338,229839.17140952678,1783556835839171.5,1783556835745254.0
527.0,165.0,24288.0,-33.75881879724798,-886.0887955784806,271.50371693010993,928.3722123024176,-0.03375881879724797,-0.8860887955784806,0.2715037169301099,0.9283722123024176,0.9289972701035897,0.9289972701035897,9.110351078861367,-0.07100272989641035,-0.6962989211386327,-0.3310609203580318,1.0077538991288821,-1.338814819486914,-0.13729310000000006,-8.689562687159706,-9.628224040405723,0.9386613532460173,-0.17161637499999927,2.662541925632662,0.77472535,1.887816575632662,0.19062131570408286,-0.03375881879724797,-0.3310609203580318,-0.13729310000000006,-0.13729310000000006,0.0,9.110351078861367,0.9289972701035897,43.6613673513313,-79.3943986486687,107.4,-2.0655361871817575,4.79205616226876,1.0,5.320362519613853,527.0,5.320362519613853,5.071946655320839,18.259007959155017,0.5961358291638031,4.988912685356245,0.0,5.071946655320839,18.259007959155017,0.20083252256430334,0.13234989460566826,0.13234989460566826,0.0,0.0,0.0,0.0,4.00752,0.0006636184050251457,2.389026258090525,14532.646162257024,4.036846156182505,0.13101297576526516,229950.52290918666,1783556835950523.0,1783556835932085.5
528.0,165.50059352116256,24288.0,-15.350517252044444,-889.64354753633,264.4768526746602,931.0142445079014,-0.015350517252044442,-0.88964354753633,0.2644768526746602,0.9310142445079015,0.9316664570341947,0.9316664570341947,9.136526860874385,-0.06833354296580525,-0.670123139125614,-0.15053715000976162,1.01008495,-1.1606221000097616,-0.13729310000000006,-8.72442289544715,-9.625226975,0.900804079552851,-0.20966225227089244,2.593631927281956,0.7728844204546341,1.8207475068273216,0.17341656136520417,-0.015350517252044442,-0.15053715000976162,-0.13729310000000006,-0.13729310000000006,0.0,9.136526860874385,0.9316664570341947,43.66137450534169,-79.39439111921317,107.4,-1.4591747793347492,5.582860470213204,1.0,5.31906598476359,528.0,5.31906598476359,5.119178156950914,18.42904136502329,0.5966257419014531,5.31906598476359,0.0,5.119178156950914,18.42904136502329,0.21306601052972773,0.12602080478153135,0.12602080478153135,0.0,0.0,0.0,0.0,4.019678415441996,0.0006661935557959866,2.398296800865552,14533.117104532508,4.03697697348125,0.130783701328946,230066.21417655467,1783556836066214.2,1783556836125148.5
529.0,166.28708105888808,24288.0,17.092093679133754,-914.2212830902529,233.80383870336445,949.8899454133142,0.01709209367913376,-0.9142212830902529,0.23380383870336444,0.9498899454133142,0.9504842383858952,0.9504842383858952,9.32106625636704,-0.0495157616141048,-0.4855837436329608,0.1676161804784771,1.01008495,-0.8424687695215228,-0.13729310000000006,-8.965448145817028,-9.625226975,0.659778829182973,-0.269436514362622,2.2928324148203485,0.7699921174501956,1.5228402973701527,0.12231920828679009,0.01709209367913376,0.1676161804784771,-0.13729310000000006,-0.13729310000000006,0.0,9.32106625636704,0.9504842383858952,43.66138158372953,-79.39438345095968,107.4,-0.8416357065702682,6.365305462026979,1.0,5.2666630671644805,529.0,5.2666630671644805,5.171455748913822,18.61724069608976,0.5976088513236101,5.2666630671644805,0.0,5.171455748913822,18.61724069608976,0.22493562502244085,0.11607710782702621,0.11607710782702621,0.0,0.0,0.0,0.0,4.0387806247582745,0.0006704769609266991,2.4137170593361166,14533.602152607018,4.037111709057503,0.1304407600872986,230184.38392909794,1783556836184384.0,1783556836321770.2
530.0,167.07356859661363,24288.0,49.53470461031196,-938.7990186441757,203.13082473206867,968.7656463187269,0.04953470461031196,-0.9387990186441757,0.20313082473206867,0.968765646318727,0.9693020197375957,0.9693020197375957,9.505605651859693,-0.03069798026240434,-0.30104434814030756,0.4857695109667158,1.01008495,-0.5243154390332841,-0.13729310000000006,-9.206473396186905,-9.625226975,0.41875357881309516,-0.3292107764543516,1.992032902358741,0.767099814445757,1.224933087912984,0.07122185520837598,0.04953470461031196,0.4857695109667158,-0.13729310000000006,-0.13729310000000006,0.0,9.505605651859693,0.9693020197375957,43.66138866211737,-79.39437578270618,107.4,-0.22409663380578726,7.147750453840754,1.0,5.214260149565371,530.0,5.214260149565371,5.22373334087673,18.805440027156227,0.598591960745767,5.214260149565371,0.0,5.22373334087673,18.805440027156227,0.236805239515154,0.10613341087252105,0.10613341087252105,0.0,0.0,0.0,0.0,4.057882834074552,0.0006747603660574116,2.4291373178066817,14534.08720068153,4.037246444633756,0.1300978188456512,230302.5536816412,1783556836302553.8,1783556836518392.2
531.0,167.86005613433915,24288.0,81.97731554149016,-963.3767541980986,172.45781076077293,987.6413472241397,0.08197731554149015,-0.9633767541980987,0.17245781076077293,0.9876413472241397,0.9881198010892961,0.9881198010892961,9.690145047352345,-0.011880198910703882,-0.11650495264765426,0.8039228414549544,1.01008495,-0.20616210854504557,-0.13729310000000006,-9.447498646556783,-9.625226975,0.17772832844321718,-0.38898503854608113,1.6912333898971337,0.7642075114413186,0.927025878455815,0.02012450212996189,0.08197731554149015,0.8039228414549544,-0.13729310000000006,-0.13729310000000006,0.0,9.690145047352345,0.9881198010892961,43.661395740505206,-79.39436811445269,107.4,0.3934424389586937,7.930195445654528,1.0,5.161857231966262,531.0,5.161857231966262,5.276010932839638,18.993639358222694,0.5995750701679239,5.161857231966262,0.0,5.276010932839638,18.993639358222694,0.24867485400786715,0.0961897139180159,0.0961897139180159,0.0,0.0,0.0,0.0,4.076985043390829,0.0006790437711881242,2.444557576277247,14534.572248756042,4.0373811802100095,0.12975487760400378,230420.72343418445,1783556836420723.5,1783556836715014.0
532.0,168.6465436720647,24288.0,114.41992647266835,-987.9544897520215,141.78479678947718,1006.5170481295524,0.11441992647266835,-0.9879544897520215,0.14178479678947717,1.0065170481295524,1.0069375824409965,1.0069375824409965,9.874684442844998,0.00693758244099657,0.06803444284499893,1.122076171943193,1.01008495,0.11199122194319311,-0.13729310000000006,-9.688523896926661,-9.625226975,-0.06329692192666081,-0.4487593006378107,1.3904338774355263,0.76131520843688,0.6291186689986461,-0.030972850948452202,0.11441992647266835,1.122076171943193,-0.13729310000000006,-0.13729310000000006,0.0,9.874684442844998,1.0069375824409965,43.661402818893045,-79.3943604461992,107.4,1.0109815117231746,8.712640437468304,1.0,5.109454314367152,532.0,5.109454314367152,5.328288524802545,19.18183868928916,0.6005581795900808,5.109454314367152,0.0,5.328288524802545,19.18183868928916,0.2605444685005803,0.08624601696351075,0.08624601696351075,0.0,0.0,0.0,0.0,4.0960872527071075,0.0006833271763188367,2.459977834747812,14535.057296830553,4.037515915786263,0.1294119363623564,230538.8931867277,1783556836538893.2,1783556836911636.0
533.0,170.0,24288.0,89.72015656602483,-970.7654458868146,105.95890403782619,980.4568073585182,0.08972015656602483,-0.9707654458868146,0.1059589040378262,0.9804568073585183,0.9807545868582151,0.9807545868582151,9.617916969213116,-0.019245413141784795,-0.18873303078688386,0.8798541733882074,1.01008495,-0.13023077661179264,-0.10296982500000007,-9.51995695990593,-9.595807025,0.07585006509406958,-0.40475666145892775,1.039101886282548,0.740402075,0.2986998112825482,0.20593965000000003,0.08972015656602483,0.8798541733882074,-0.10296982500000007,-0.10296982500000007,0.051838574589050994,9.617916969213116,0.9807545868582151,43.661410115180374,-79.39435319345814,107.4,1.5950585750706612,9.519172038780312,1.0,5.113257336145117,533.0,5.113257336145117,5.333121495975987,19.199237385513552,0.5941028795094321,0.5505887747980353,0.0,5.333121495975987,19.199237385513552,0.21986415983086985,0.08011153912274645,0.08011153912274645,0.0,0.0,0.0,0.0,4.12896,0.0006813963959386847,2.453027025379265,14537.980632420664,4.038327953450183,0.1275136485358544,231247.2133081121,1783556837247213.2,1783556837102879.5
534.0,170.0,24288.0,91.0281319534435,-968.5232023655254,96.80307632589542,977.6540029569068,0.0910281319534435,-0.9685232023655254,0.09680307632589541,0.9776540029569067,0.97784355416558,0.97784355416558,9.589369490457885,-0.022156445834419954,-0.21728050954211445,0.8926810302212368,1.01008495,-0.11740391977876322,-0.10296982500000007,-9.497968062477879,-9.595807025,0.09783896252212024,-0.35619784630531653,0.9493138884513422,0.740402075,0.20891181345134227,0.20593965000000003,0.0910281319534435,0.8926810302212368,-0.10296982500000007,-0.10296982500000007,0.041041557052830954,9.589369490457885,0.97784355416558,43.661417589325445,-79.39434627987396,107.4,2.1518226902830757,10.345364034893382,1.0,5.162937755420595,534.0,5.162937755420595,5.299228386752931,19.077222192310554,0.5942897331362061,1.5505887747980454,0.0,5.299228386752931,19.077222192310554,0.13629063133233643,0.07708628890762165,0.07708628890762165,0.0,0.0,0.0,0.0,4.12896,0.0006816107045916861,2.45379853653007,14538.439681555392,4.038455467098719,0.1275136485358544,231358.39121604268,1783556837358391.2,1783556837289733.2
535.0,170.0,24288.0,92.3361073408622,-966.2809588442362,87.64724861396465,974.8511985552954,0.09233610734086219,-0.9662809588442363,0.08764724861396464,0.9748511985552952,0.9749325214729448,0.9749325214729448,9.560822011702655,-0.025067478527055112,-0.245827988297345,0.9055078870542662,1.01008495,-0.1045770629457338,-0.10296982500000007,-9.475979165049829,-9.595807025,0.1198278599501709,-0.3076390311517053,0.8595258906201364,0.740402075,0.11912381562013635,0.20593965000000003,0.09233610734086219,0.9055078870542662,-0.10296982500000007,-0.10296982500000007,0.030244539516610908,9.560822011702655,0.9749325214729448,43.66142506347052,-79.39433936628977,107.4,2.7085868054954907,11.171556031006453,1.0,5.212618174696074,535.0,5.212618174696074,5.265335277529876,18.955206999107553,0.5944765867629803,2.550588774798056,0.0,5.265335277529876,18.955206999107553,0.052717102833803015,0.07406103869249686,0.07406103869249686,0.0,0.0,0.0,0.0,4.12896,0.0006818250132446875,2.454570047680875,14538.898730690122,4.038582980747254,0.1275136485358544,231469.56912397328,1783556837469569.0,1783556837476586.8
536.0,170.0,24288.0,93.64408272828088,-964.038715322947,78.49142090203387,972.0483941536838,0.09364408272828087,-0.964038715322947,0.07849142090203387,0.9720483941536838,0.9720214887803097,0.9720214887803097,9.532274532947424,-0.02797851121969027,-0.2743754670525756,0.9183347438872956,1.01008495,-0.09175020611270435,-0.10296982500000007,-9.453990267621778,-9.595807025,0.14181675737822153,-0.25908021599809405,0.7697378927889305,0.740402075,0.029335817788930407,0.20593965000000003,0.09364408272828087,0.9183347438872956,-0.10296982500000007,-0.10296982500000007,0.019447521980390868,9.532274532947424,0.9720214887803097,43.66143253761559,-79.39433245270557,107.4,3.2653509207079052,11.997748027119526,1.0,5.262298593971551,536.0,5.262298593971551,5.231442168306821,18.833191805904555,0.5946634403897544,3.550588774798066,0.0,5.231442168306821,18.833191805904555,-0.030856425664730402,0.07103578847737206,0.07103578847737206,0.0,0.0,0.0,0.0,4.12896,0.000682039321897689,2.4553415588316803,14539.35777982485,4.03871049439579,0.1275136485358544,231580.74703190388,1783556837580747.0,1783556837663440.5
537.0,170.0,24288.0,94.95205811569956,-961.796471801658,69.3355931901031,969.2455897520724,0.09495205811569955,-0.9617964718016578,0.0693355931901031,0.9692455897520723,0.9691104560876745,0.9691104560876745,9.503727054192193,-0.03088954391232543,-0.30292294580780615,0.9311616007203251,1.01008495,-0.07892334927967493,-0.10296982500000007,-9.432001370193728,-9.595807025,0.16380565480627218,-0.21052140084448287,0.6799498949577245,0.740402075,-0.06045218004227548,0.20593965000000003,0.09495205811569955,0.9311616007203251,-0.10296982500000007,-0.10296982500000007,0.008650504444170821,9.503727054192193,0.9691104560876745,43.66144001176066,-79.39432553912138,107.4,3.82211503592032,12.823940023232597,1.0,5.311979013247029,537.0,5.311979013247029,5.197549059083766,18.711176612701557,0.5948502940165284,4.550588774798076,0.0,5.197549059083766,18.711176612701557,-0.11442995416326385,0.06801053826224726,0.06801053826224726,0.0,0.0,0.0,0.0,4.12896,0.0006822536305506904,2.456113069982486,14539.81682895958,4.038838008044326,0.1275136485358544,231691.92493983445,1783556837691925.0,1783556837850294.0
538.0,166.80774568705988,24288.0,78.38284318961159,-1042.5020817953357,117.92476371109258,1053.3864516348604,0.07838284318961158,-1.0425020817953359,0.11792476371109259,1.0533864516348603,1.0531475824882264,1.0531475824882264,10.327849739808165,0.05314758248822646,0.521199739808166,0.7686731091654044,1.01008495,-0.2414118408345956,-0.10428958453059595,-10.22345304043823,-9.625226975,-0.5982260654382296,-0.16256659536162757,1.156446884047386,0.740402075,0.416044809047386,0.21140722519818295,0.07838284318961158,0.7686731091654044,-0.10428958453059595,-0.10428958453059595,-0.0021922915790629194,10.327849739808165,1.0531475824882264,43.66144749958364,-79.3943186542198,107.40384508625881,4.376569285710268,13.651643975398096,1.0,5.344808115081436,538.0,5.344808115081436,5.170394107174384,18.613418785827783,0.5952691560381161,0.198806113340879,0.003845086258801944,5.170394107174384,18.613418785827783,-0.174414007907052,0.060220413201294086,0.0659093069673464,0.07436737275919728,0.0,0.0,0.0,4.051426527247311,0.0006699049500367944,2.4116578201324597,14542.689070572147,4.039635852936706,0.12779133788613178,232399.147419278,1783556838399147.5,1783556838038450.8
539.0,165.8407014160899,24288.0,110.48871298581534,-1004.787355227506,87.36616474844084,1020.1201287134926,0.11048871298581532,-1.0047873552275062,0.08736616474844083,1.0201201287134927,1.0199611285694292,1.0199611285694292,10.002401801485393,0.019961128569429318,0.19575180148539406,1.0835241372023459,1.01008495,0.07343918720234582,-0.11092800982053146,-9.853597917141823,-9.625226975,-0.22837094214182235,-0.11704596480207,0.8567693995302972,0.740402075,0.11636732453029719,0.23890927282791577,0.11048871298581532,1.0835241372023459,-0.11092800982053146,-0.11092800982053146,-0.013219576113839513,10.002401801485393,1.0199611285694292,43.66145504252895,-79.39431188490991,107.42318597167821,4.921714716850795,14.485441150381279,1.0,5.3097259626336895,539.0,5.3097259626336895,5.170394107174384,18.613418785827783,0.5966230180174741,1.198806113340878,0.023185971678200686,5.170394107174384,18.613418785827783,-0.13933185545930576,0.033227716685066966,0.06753189632161943,0.44843722156552984,0.0,0.0,0.0,4.027938955993991,0.0006675026934436077,2.4030096963969876,14543.147190951928,4.039763108597756,0.12918812265100085,232515.57954950279,1783556838515579.5,1783556838231859.8
540.0,164.87365714511992,24288.0,142.59458278201907,-967.0726286596764,56.80756578578908,986.8538057921248,0.14259458278201906,-0.9670726286596765,0.05680756578578908,0.9868538057921249,0.9867746746506322,0.9867746746506322,9.676953863162622,-0.013225325349367822,-0.1296961368373779,1.3983751652392873,1.01008495,0.3882902152392873,-0.11756643511046697,-9.483742793845416,-9.625226975,0.14148418115458494,-0.07152533424251241,0.5570919150132083,0.740402075,-0.18331015998679168,0.2664113204576486,0.14259458278201906,1.3983751652392873,-0.11756643511046697,-0.11756643511046697,-0.024246860648616104,9.676953863162622,0.9867746746506322,43.66146258547427,-79.3943051156,107.4425268570976,5.466860147991322,15.319238325364461,1.0,5.274643810185943,540.0,5.274643810185943,5.170394107174384,18.613418785827783,0.5979768799968321,2.1988061133408774,0.04252685709759943,5.170394107174384,18.613418785827783,-0.10424970301155954,0.006235020168839846,0.06915448567589245,0.8225070703718623,0.0,0.0,0.0,4.004451384740673,0.0006651004368504209,2.3943615726615155,14543.60531133171,4.039890364258807,0.13058490741586992,232632.01167972756,1783556838632011.8,1783556838425268.5
541.0,163.9066128741499,24288.0,174.7004525782228,-929.3579020918467,26.248966823137323,953.5874828707571,0.1747004525782228,-0.9293579020918468,0.02624896682313732,0.9535874828707571,0.953588220731835,0.953588220731835,9.351505924839849,-0.04641177926816496,-0.45514407516015,1.7132261932762285,1.01008495,0.7031412432762286,-0.12420486040040248,-9.113887670549008,-9.625226975,0.5113393044509922,-0.02600470368295482,0.25741443049611956,0.740402075,-0.48298764450388043,0.29391336808738144,0.1747004525782228,1.7132261932762285,-0.12420486040040248,-0.12420486040040248,-0.0352741451833927,9.351505924839849,0.953588220731835,43.66147012841958,-79.39429834629011,107.461867742517,6.0120055791318485,16.15303550034764,1.0,5.239561657738197,541.0,5.239561657738197,5.170394107174384,18.613418785827783,0.5993307419761901,3.1988061133408765,0.06186774251699818,5.170394107174384,18.613418785827783,-0.06916755056381331,-0.020757676347387274,0.07077707503016549,1.196576919178195,0.0,0.0,0.0,3.9809638134873535,0.0006626981802572342,2.3857134489260434,14544.063431711493,4.040017619919857,0.13198169218073902,232748.44380995235,1783556838748443.8,1783556838618677.5
542.0,162.93956860317994,24288.0,206.80632237442654,-891.643175524017,-4.309632139514434,920.3211599493893,0.20680632237442653,-0.8916431755240171,-0.0043096321395144355,0.9203211599493893,0.9204017668130379,0.9204017668130379,9.026057986517078,-0.0795982331869621,-0.780592013482922,2.02807722131317,1.01008495,1.0179922713131702,-0.13084328569033798,-8.744032547252601,-9.625226975,0.8811944277473995,0.01951592687660275,-0.04226305402096919,0.740402075,-0.7826651290209692,0.32141541571711424,0.20680632237442653,2.02807722131317,-0.13084328569033798,-0.13084328569033798,-0.04630142971816929,9.026057986517078,0.9204017668130379,43.66147767136489,-79.39429157698022,107.4812086279364,6.557151010272376,16.986832675330824,1.0,5.204479505290451,542.0,5.204479505290451,5.170394107174384,18.613418785827783,0.6006846039555481,4.198806113340876,0.08120862793639692,5.170394107174384,18.613418785827783,-0.03408539811606709,-0.0477503728636144,0.07239966438443853,1.5706467679845275,0.0,0.0,0.0,3.9574762422340344,0.0006602959236640476,2.3770653251905713,14544.521552091273,4.040144875580908,0.1333784769456081,232864.87594017712,1783556838864876.0,1783556838812086.2
543.0,162.10182618956784,24288.0,236.57443334605028,-856.0691749904623,-32.82334180943834,888.9673488008945,0.23657443334605027,-0.8560691749904623,-0.03282334180943834,0.8889673488008945,0.8891217938679727,0.8891217938679727,8.719306239835355,-0.11087820613202731,-1.0873437601646454,2.320002666773044,1.01008495,1.309917716773044,-0.13709893287184788,-8.395170774920215,-9.625476618450481,1.2303058435302656,0.06374322499999963,-0.3218870249555285,0.7405130276446583,-1.0624000526001869,0.348136075,0.23657443334605027,2.320002666773044,-0.13709893287184788,-0.13709893287184788,-0.056367086446948926,8.719306239835355,0.8891217938679727,43.66148522628042,-79.39428483594669,107.5,7.100019291501552,17.82195303760212,1.0,5.169557139424343,543.0,5.169557139424343,5.169557139424343,18.610405701927636,0.6019660579368107,5.169557139424343,0.09943429894683971,5.169557139424343,18.610405701927636,-0.000836967750040342,-0.0744689778574304,0.0744689778574304,1.923147382689179,0.0,0.0,0.0,3.937129154492224,0.0006583342671485514,2.3700033617347853,14544.981396352774,4.0402726100979915,0.13474166364881518,232981.3715782768,1783556838981371.5,1783556839005657.0
544.0,165.6857402916255,24288.0,186.3996359172428,-893.7002730620679,8.590776703228165,923.0145327704424,0.1863996359172428,-0.8937002730620679,0.008590776703228165,0.9230145327704424,0.923036584492071,0.923036584492071,9.051896721309168,-0.07696341550792901,-0.754753278690832,1.8279559895678292,1.01008495,0.8178710395678291,-0.13026495124399767,-8.764205782824128,-9.634263166257718,0.8700573834335903,0.06374322499999963,0.08424674035671237,0.7444181600034299,-0.6601714196467174,0.348136075,0.1863996359172428,1.8279559895678292,-0.13026495124399767,-0.13026495124399767,-0.03354854536976619,9.051896721309168,0.923036584492071,43.66149319053398,-79.39427906186286,107.5,7.565017270258506,18.70232162610536,1.0,5.140098897541113,544.0,5.140098897541113,5.140098897541113,18.504356031148006,0.6007714199027915,5.140098897541113,0.0795236650465204,5.140098897541113,18.504356031148006,-0.030295209633271574,-0.09181464273481493,0.09181464273481493,1.5380580937954846,0.0,0.0,0.0,4.024175260203001,0.0006714395419527851,2.4171823510300263,14545.50019114281,4.04041671976189,0.13495591799097748,233100.0389563227,1783556839100039.0,1783556839204763.2
545.0,169.2696543936832,24288.0,136.2248384884353,-931.3313711336735,50.00489521589466,957.0617167399903,0.1362248384884353,-0.9313313711336735,0.05000489521589467,0.9570617167399903,0.9569513751161693,0.9569513751161693,9.384487202782982,-0.04304862488383071,-0.42216279721701844,1.335909312362614,1.01008495,0.32582436236261414,-0.12343096961614748,-9.133240790728038,-9.643049714064954,0.5098089233369147,0.06374322499999963,0.49038050566895325,0.7483232923622014,-0.257942786693248,0.348136075,0.1362248384884353,1.335909312362614,-0.12343096961614748,-0.12343096961614748,-0.010730004292583459,9.384487202782982,0.9569513751161693,43.66150115478754,-79.39427328777903,107.5,8.030015249015461,19.582690214608597,1.0,5.110640655657881,545.0,5.110640655657881,5.110640655657881,18.398306360368373,0.5995767818687723,5.110640655657881,0.0596130311462011,5.110640655657881,18.398306360368373,-0.059753451516502805,-0.10916030761219947,0.10916030761219947,1.1529688049017905,0.0,0.0,0.0,4.111221365913778,0.0006845448167570186,2.4643613403252673,14546.018985932846,4.040560829425789,0.13517017233313977,233218.70633436862,1783556839218706.2,1783556839403869.8
546.0,172.85356849574086,24288.0,86.0500410596278,-968.9624692052791,91.41901372856117,991.1089007095383,0.0860500410596278,-0.9689624692052792,0.09141901372856118,0.9911089007095383,0.9908661657402675,0.9908661657402675,9.717077684256795,-0.00913383425973241,-0.0895723157432049,0.843862635157399,1.01008495,-0.16622231484260097,-0.11659698798829728,-9.50227579863195,-9.65183626187219,0.14956046324023942,0.06374322499999963,0.8965142709811942,0.752228424720973,0.14428584626022145,0.348136075,0.0860500410596278,0.843862635157399,-0.11659698798829728,-0.11659698798829728,0.012088536784599271,9.717077684256795,0.9908661657402675,43.6615091190411,-79.3942675136952,107.5,8.495013227772414,20.46305880311184,1.0,5.08118241377465,546.0,5.08118241377465,5.08118241377465,18.29225668958874,0.598382143834753,5.08118241377465,0.039702397245881794,5.08118241377465,18.29225668958874,-0.08921169339973403,-0.126505972489584,0.126505972489584,0.7678795160080962,0.0,0.0,0.0,4.198267471624554,0.0006976500915612522,2.5115403296205083,14546.537780722883,4.040704939089688,0.13538442667530207,233337.37371241453,1783556839337373.8,1783556839602976.0
547.0,176.43748259779855,24288.0,35.87524363082031,-1006.5935672768848,132.83313224122767,1025.1560846790862,0.035875243630820286,-1.0065935672768849,0.13283313224122767,1.0251560846790861,1.024780956364366,1.024780956364366,10.049668165730608,0.02478095636436589,0.24301816573060875,0.351815957952184,1.01008495,-0.658268992047816,-0.10976300636044707,-9.871310806535861,-9.660622809679426,-0.21068799685643613,0.06374322499999963,1.302648036293435,0.7561335570797445,0.5465144792136909,0.348136075,0.035875243630820286,0.351815957952184,-0.10976300636044707,-0.10976300636044707,0.034907077861782015,10.049668165730608,1.024780956364366,43.66151708329466,-79.39426173961137,107.5,8.96001120652937,21.343427391615077,1.0,5.0517241718914185,547.0,5.0517241718914185,5.0517241718914185,18.18620701880911,0.5971875058007338,5.0517241718914185,0.0197917633455625,5.0517241718914185,18.18620701880911,-0.11866993528296527,-0.14385163736696854,0.14385163736696854,0.38279022711440214,0.0,0.0,0.0,4.285313577335331,0.0007107553663654859,2.5587193189157493,14547.05657551292,4.040849048753587,0.13559868101746436,233456.04109046044,1783556839456041.0,1783556839802082.2
548.0,176.99080428646676,24288.0,30.07750672835154,-1129.868632663811,70.0696246881802,1132.8791420507062,0.03007750672835154,-1.1298686326638108,0.0700696246881802,1.132879142050706,1.132443349241453,1.132443349241453,11.105475570838694,0.13244334924145293,1.2988255708386944,0.2949595813575886,0.975761675,-0.6808020936424114,-0.06864654999999997,-11.080226226512561,-9.703635085427939,-1.3765911410846223,0.049052574102310606,0.6871482849483423,0.740402075,-0.053253790051657604,-0.014761505939497576,0.03007750672835154,0.2949595813575886,-0.06864654999999997,-0.06864654999999997,0.05761039567720967,11.105475570838694,1.132443349241453,43.66152504860591,-79.39425596847184,107.5001313673362,9.424772075178407,22.223912897446933,1.0,5.021814158159915,548.0,5.021814158159915,5.021814158159915,18.0785309693757,0.5949986863266381,0.005970204432060263,0.00013136733618904342,5.021814158159915,18.0785309693757,-0.14838558801198143,-0.1611037176208681,0.1611037176208681,0.0028905839345690163,0.0,0.0,0.0,4.298752654509705,0.0007104867792579193,2.5577524053285097,14550.13338563023,4.041703718230617,0.14411728011209843,234169.78032197696,1783556840169780.2,1783556840001313.8
549.0,175.450536505375,24288.0,43.05976374041067,-1107.864807219643,81.73165217358924,1112.6356226420714,0.043059763740410664,-1.1078648072196429,0.08173165217358926,1.1126356226420715,1.112324312221345,1.112324312221345,10.908175216445454,0.11232431222134506,1.1015252164454536,0.4222720320848982,0.975761675,-0.5534896429151017,-0.06864654999999997,-10.86444241172051,-9.696082651910217,-1.1683597598102933,0.05228933132419149,0.8015137067881289,0.740402075,0.06111163178812899,-0.02339285853117956,0.043059763740410664,0.4222720320848982,-0.06864654999999997,-0.06864654999999997,0.044917230101206684,10.908175216445454,1.112324312221345,43.66153319002133,-79.39425068755374,107.52213519278035,9.85005447792537,23.123864957495712,1.0,4.916684831071353,549.0,4.916684831071353,4.916684831071353,17.700065391856874,0.5947786480721964,1.0059702044320709,0.022135192780355806,4.916684831071353,17.700065391856874,-0.22095974807091623,-0.16277410294125366,0.16277410294125366,0.48705891811195207,0.0,0.0,0.0,4.261342630642548,0.0007040513644379144,2.534584911976492,14550.67305194596,4.041853625540542,0.14539298402350087,234300.4830451153,1783556840300483.0,1783556840221352.0
550.0,173.91026872428324,24288.0,56.042020752469796,-1085.860981775475,93.3936796589983,1092.392103233437,0.05604202075246979,-1.085860981775475,0.0933936796589983,1.092392103233437,1.0922052752012372,1.0922052752012372,10.710874862052213,0.0922052752012372,0.9042248620522126,0.5495844828122078,0.975761675,-0.4261771921877921,-0.06864654999999997,-10.64865859692846,-9.688530218392495,-0.9601283785359644,0.055526088546072376,0.9158791286279155,0.740402075,0.1754770536279156,-0.03202421112286155,0.05604202075246979,0.5495844828122078,-0.06864654999999997,-0.06864654999999997,0.03222406452520368,10.710874862052213,1.0922052752012372,43.661541331436744,-79.39424540663563,107.54413901822453,10.275336880672334,24.02381701754449,1.0,4.811555503982791,550.0,4.811555503982791,4.811555503982791,17.321599814338047,0.5945586098177548,2.0059702044320815,0.04413901822452257,4.811555503982791,17.321599814338047,-0.29353390812985103,-0.1644444882616392,0.1644444882616392,0.971227252289335,0.0,0.0,0.0,4.223932606775391,0.0006976159496179095,2.5114174186244744,14551.212718261688,4.042003532850467,0.14666868793490329,234431.18576825366,1783556840431185.8,1783556840441390.2
551.0,172.37000094319149,24288.0,69.02427776452893,-1063.857156331307,105.05570714440734,1072.1485838248022,0.06902427776452892,-1.0638571563313068,0.10505570714440735,1.0721485838248024,1.0720862381811294,1.0720862381811294,10.513574507658971,0.07208623818112933,0.7069245076589719,0.6768969335395175,0.975761675,-0.2988647414604825,-0.06864654999999997,-10.432874782136409,-9.680977784874774,-0.7518969972616356,0.05876284576795326,1.0302445504677022,0.740402075,0.2898424754677022,-0.040655563714543534,0.06902427776452892,0.6768969335395175,-0.06864654999999997,-0.06864654999999997,0.019530898949200695,10.513574507658971,1.0720862381811294,43.66154947285216,-79.39424012571752,107.56614284366869,10.7006192834193,24.923769077593274,1.0,4.706426176894229,551.0,4.706426176894229,4.706426176894229,16.943134236819223,0.594338571563313,3.005970204432092,0.06614284366868933,4.706426176894229,16.943134236819223,-0.36610806818878583,-0.16611487358202479,0.16611487358202479,1.455395586466718,0.0,0.0,0.0,4.186522582908235,0.0006911805347979046,2.4882499252724566,14551.752384577418,4.042153440160392,0.14794439184630573,234561.88849139205,1783556840561888.5,1783556840661428.5
552.0,170.82973316209973,24288.0,82.00653477658805,-1041.8533308871388,116.71773462981639,1051.9050644161678,0.08200653477658805,-1.041853330887139,0.11671773462981638,1.0519050644161676,1.0519672011610215,1.0519672011610215,10.31627415326573,0.051967201161021465,0.509624153265731,0.8042093842668272,0.975761675,-0.1715522907331728,-0.06864654999999997,-10.21709096734436,-9.673425351357054,-0.5436656159873067,0.061999602989834146,1.1446099723074887,0.740402075,0.4042078973074888,-0.049286916306225524,0.08200653477658805,0.8042093842668272,-0.06864654999999997,-0.06864654999999997,0.0068377333731977005,10.31627415326573,1.0519672011610215,43.66155761426757,-79.39423484479941,107.58814666911286,11.125901686166264,25.823721137642053,1.0,4.6012968498056654,552.0,4.6012968498056654,4.6012968498056654,16.5646686593004,0.5941185333088713,4.005970204432103,0.0881466691128561,4.6012968498056654,16.5646686593004,-0.43868222824772063,-0.16778525890241033,0.16778525890241033,1.939563920644101,0.0,0.0,0.0,4.149112559041078,0.0006847451199778997,2.465082431920439,14552.292050893147,4.042303347470317,0.14922009575770814,234692.5912145304,1783556840692591.2,1783556840881466.8
553.0,168.34872453500128,24288.0,172.81692057829994,-891.9283170950216,73.41879244166455,911.4171774433494,0.17281692057829995,-0.8919283170950215,0.07341879244166455,0.9114171774433494,0.9118977218797778,0.9118977218797778,8.942661794272324,-0.0881022781202222,-0.8639882057276771,1.694755054189185,0.9169217749999999,0.777833279189185,0.09316317500000004,-8.746828830839894,-9.6693569,0.9225280691601071,0.1053668661674633,0.7199924008980496,0.740402075,-0.02040967410195034,-0.0493768157184397,0.17281692057829995,1.694755054189185,0.09316317500000004,0.09316317500000004,0.23793796666150416,8.942661794272324,0.9118977218797778,43.6615659522114,-79.39423025637733,107.6,11.495416064410469,26.74539744812097,1.0,4.477691555966919,553.0,4.477691555966919,4.477691555966919,16.119689601480907,0.6003025509299974,0.4613059025933819,0.0,4.477691555966919,16.119689601480907,-0.4892126669391207,-0.1686850856148967,0.1686850856148967,0.0,0.0,0.0,0.0,4.088853821506111,0.0006818067966028008,2.454504467770083,14555.322330732379,4.043145091870103,0.1525883269606023,235433.1636994419,1783556841433163.8,1783556841116241.5
554.0,169.10467526756463,24288.0,152.9102179541315,-904.7794795485987,72.15887455405895,920.9925533891519,0.15291021795413148,-0.9047794795485987,0.07215887455405895,0.920992553389152,0.9213834477137479,0.9213834477137479,9.035684987522027,-0.07861655228625206,-0.7709650124779737,1.4995369888998833,0.9169217749999999,0.5826152138998834,0.09316317500000004,-8.872855683115265,-9.6693569,0.7965012168847354,0.08930462028922971,0.7076368271455622,0.740402075,-0.03276524785443777,-0.03949235671644977,0.15291021795413148,1.4995369888998833,0.09316317500000004,0.09316317500000004,0.1700953819972636,9.035684987522027,0.9213834477137479,43.66157451965304,-79.39422647662366,107.6,11.799806832801051,27.692442446517184,1.0,4.332510786557076,554.0,4.332510786557076,4.332510786557076,15.597038831605474,0.5987906494648707,1.4613059025933843,0.0,4.332510786557076,15.597038831605474,-0.5140013526661451,-0.1686850856148967,0.1686850856148967,0.0,0.0,0.0,0.0,4.10721435289861,0.0006831277348335389,2.4592598454007404,14555.945028154556,4.0433180633762635,0.15840012564063416,235583.09392806698,1783556841583094.0,1783556841368225.0
555.0,169.86062600012798,24288.0,133.00351532996302,-917.6306420021758,70.89895666645336,930.5679293349544,0.13300351532996302,-0.9176306420021758,0.07089895666645336,0.9305679293349545,0.9308691735477181,0.9308691735477181,9.12870818077173,-0.0691308264522819,-0.6779418192282702,1.3043189236105817,0.9169217749999999,0.3873971486105818,0.09316317500000004,-8.998882535390637,-9.6693569,0.6704743646093637,0.07324237441099613,0.6952812533930748,0.740402075,-0.045120821606925196,-0.029607897714459836,0.13300351532996302,1.3043189236105817,0.09316317500000004,0.09316317500000004,0.10225279733302303,9.12870818077173,0.9308691735477181,43.66158308709467,-79.39422269687,107.6,12.104197601191634,28.6394874449134,1.0,4.187330017147234,555.0,4.187330017147234,4.187330017147234,15.074388061730042,0.597278747999744,2.461305902593387,0.0,4.187330017147234,15.074388061730042,-0.5387900383931696,-0.1686850856148967,0.1686850856148967,0.0,0.0,0.0,0.0,4.125574884291109,0.0006844486730642771,2.4640152230313976,14556.567725576733,4.043491034882424,0.164211924320666,235733.02415669206,1783556841733024.2,1783556841620208.8
556.0,170.61657673269136,24288.0,113.09681270579455,-930.4818044557529,69.63903877884776,940.1433052807571,0.11309681270579454,-0.9304818044557529,0.06963903877884776,0.940143305280757,0.9403548993816883,0.9403548993816883,9.221731374021433,-0.05964510061831175,-0.5849186259785668,1.10910085832128,0.9169217749999999,0.1921790833212802,0.09316317500000004,-9.124909387666008,-9.6693569,0.544447512333992,0.057180128532762546,0.6829256796405874,0.740402075,-0.05747639535941262,-0.019723438712469905,0.11309681270579454,1.10910085832128,0.09316317500000004,0.09316317500000004,0.03441021266878247,9.221731374021433,0.9403548993816883,43.66159165453631,-79.39421891711633,107.6,12.408588369582219,29.586532443309615,1.0,4.042149247737392,556.0,4.042149247737392,4.042149247737392,14.551737291854609,0.5957668465346173,3.461305902593389,0.0,4.042149247737392,14.551737291854609,-0.563578724120194,-0.1686850856148967,0.1686850856148967,0.0,0.0,0.0,0.0,4.1439354156836075,0.0006857696112950152,2.4687706006620544,14557.19042299891,4.043664006388584,0.17002372300069785,235882.9543853171,1783556841882954.5,1783556841872192.2
557.0,172.6884145178667,24288.0,82.08963558642006,-942.5847557129437,90.94938873226714,953.4420725893335,0.08208963558642006,-0.9425847557129438,0.09094938873226714,0.9534420725893334,0.953606421520648,0.953606421520648,9.351684413605463,-0.04639357847935198,-0.45496558639453705,0.8050243248235663,0.9137376038016081,-0.10871327897804178,0.09316317500000004,-9.243598794612339,-9.676362076636462,0.4327632820241234,0.05731209511581773,0.8919088230112875,0.740402075,0.15150674801128752,-0.014709975000000042,0.08208963558642006,0.8050243248235663,0.09316317500000004,0.09316317500000004,0.0,9.351684413605463,0.953606421520648,43.66160028597532,-79.39421544146352,107.61298780398359,12.688489316850287,30.540651711475668,1.0,3.945883266270931,557.0,3.945883266270931,3.945883266270931,14.205179758575351,0.5953896341195076,3.945883266270931,0.012987803983591128,3.945883266270931,14.205179758575351,-0.5239515806552528,-0.16697830119395113,0.16697830119395113,0.34229980031740026,0.0,0.0,0.0,4.194256211809947,0.0006937010327194237,2.4973237177899255,14557.85335280076,4.043848153555764,0.17444420567908095,236036.66706782187,1783556842036667.0,1783556842129878.0
558.0,176.11462683963276,24288.0,39.657313755317475,-953.9176118541699,135.49014891522575,970.5731341981638,0.039657313755317475,-0.9539176118541699,0.13549014891522576,0.9705731341981637,0.9707338831753446,0.9707338831753446,9.519647435441492,-0.02926611682465543,-0.28700256455850714,0.3889053959385842,0.907276129750599,-0.5183707338120149,0.09316317500000004,-9.354736148289694,-9.690577319548682,0.33584117125898716,0.07411192764844114,1.3287044688594987,0.740402075,0.5883023938594987,-0.014709975000000042,0.039657313755317475,0.3889053959385842,0.09316317500000004,0.09316317500000004,0.0,9.519647435441492,0.9707338831753446,43.661608983283514,-79.394212278806,107.63934328338179,12.943184156901054,31.502052159908853,1.0,3.899962748058134,558.0,3.899962748058134,3.899962748058134,14.039865893009283,0.5961802985014537,3.899962748058134,0.03934328338179374,3.899962748058134,14.039865893009283,-0.41802455329237476,-0.1635148117772463,0.1635148117772463,1.0369110946264228,0.0,0.0,0.0,4.277472056681001,0.0007084362828571677,2.550370618285804,14558.557691711749,4.044043803253261,0.1774326787018908,236194.27283462312,1783556842194272.8,1783556842393432.8
559.0,179.5408391613988,24288.0,-2.7750080757851094,-965.250467995396,180.0309090981844,987.704195806994,-0.0027750080757851237,-0.965250467995396,0.18003090909818437,0.987704195806994,0.9878613448300411,0.9878613448300411,9.687610457277522,-0.012138655169958878,-0.11903954272247724,-0.027213532946397834,0.90081465569959,-0.9280281886459881,0.09316317500000004,-9.46587350196705,-9.7047925624609,0.2389190604938509,0.09091176018106455,1.7655001147077098,0.740402075,1.0250980397077099,-0.014709975000000042,-0.0027750080757851237,-0.027213532946397834,0.09316317500000004,0.09316317500000004,0.0,9.687610457277522,0.9878613448300411,43.66161768059172,-79.39420911614846,107.66569876278,13.197878996951822,32.46345260834204,1.0,3.854042229845337,559.0,3.854042229845337,3.854042229845337,13.874552027443215,0.5969709628833997,3.854042229845337,0.06569876277999635,3.854042229845337,13.874552027443215,-0.3120975259294968,-0.1600513223605415,0.1600513223605415,1.7315223889354452,0.0,0.0,0.0,4.360687901552054,0.0007231715329949118,2.6034175187816824,14559.262030622736,4.044239452950758,0.18042115172470063,236351.87860142434,1783556842351878.5,1783556842656987.8
560.0,182.96705148316485,24288.0,-45.20732990688771,-976.5833241366222,224.571669281143,1004.8352574158242,-0.04520732990688771,-0.9765833241366222,0.22457166928114297,1.0048352574158241,1.0049888064847377,1.0049888064847377,9.855573479113552,0.004988806484737672,0.04892347911355266,-0.4433324618313801,0.8943531816485809,-1.3376856434799613,0.09316317500000004,-9.577010855644406,-9.71900780537312,0.14199694972871463,0.10771159271368796,2.202295760555921,0.740402075,1.4618936855559208,-0.014709975000000042,-0.04520732990688771,-0.4433324618313801,0.09316317500000004,0.09316317500000004,0.0,9.855573479113552,1.0049888064847377,43.661626377899914,-79.39420595349094,107.69205424217819,13.45257383700259,33.42485305677522,1.0,3.8081217116325408,560.0,3.8081217116325408,3.8081217116325408,13.709238161877147,0.5977616272653458,3.8081217116325408,0.09205424217819898,3.8081217116325408,13.709238161877147,-0.2061704985666188,-0.15658783294383669,0.15658783294383669,2.4261336832444678,0.0,0.0,0.0,4.443903746423108,0.0007379067831326557,2.656464419277561,14559.966369533726,4.044435102648254,0.18340962474751046,236509.4843682256,1783556842509484.2,1783556842920542.5
561.0,190.38473616596977,24288.0,108.57867440656159,-993.0381595850756,49.726602274043124,1000.4228957510453,0.10857867440656158,-0.9930381595850756,0.04972660227404312,1.0004228957510453,1.000629378117797,1.000629378117797,9.812822090918894,0.0006293781177970743,0.006172090918894678,1.0647930573691071,0.8884450682305018,0.17634798913860533,0.07354987499999988,-9.73837766769498,-9.747810099999999,0.009432432305018291,0.04903324999999903,0.487651384190745,0.7375723453084945,-0.24992096111774947,-0.022255920844014804,0.10857867440656158,1.0647930573691071,0.07354987499999988,0.07354987499999988,-0.026622398450407973,9.812822090918894,1.000629378117797,43.661635155778654,-79.39420326868725,107.71923680829849,13.66878619625495,34.395159772381305,1.0,3.7628954411914406,561.0,3.7628954411914406,3.7628954411914406,13.546423588289187,0.5959618404149244,0.6985159062463616,0.019236808298487135,3.7628954411914406,13.546423588289187,-0.1720998608683848,-0.15554364597581616,0.15554364597581616,0.5297728945090748,0.0,0.0,0.0,4.624064471999073,0.0007655010298330567,2.755803707399004,14563.462716499147,4.04540631013865,0.19849911284527838,237267.42084979094,1783556843267420.8,1783556843192368.0
562.0,190.93552701057234,24288.0,116.56514165329878,-991.6611824735692,30.724318135254634,999.5967094841415,0.11656514165329877,-0.9916611824735692,0.03072431813525464,0.9995967094841415,0.9996605113158085,0.9996605113158085,9.803320753295173,-0.0003394886841915554,-0.003329246704827116,1.1431135463943223,0.8897954214895573,0.25331812490476513,0.07354987499999988,-9.724874135104427,-9.747810099999999,0.02293596489557238,0.04903324999999903,0.3013026344410949,0.7335212855313281,-0.4322186510902333,-0.033058746916458256,0.11656514165329877,1.1431135463943223,0.07354987499999988,0.07354987499999988,-0.01754439334751421,9.803320753295173,0.9996605113158085,43.661643968432166,-79.39420079012845,107.74677635052862,13.868389261795956,35.36931049191536,1.0,3.7179688126889405,562.0,3.7179688126889405,3.7179688126889405,13.384687725680186,0.5973388175264308,1.6985159062463484,0.04677635052861381,3.7179688126889405,13.384687725680186,-0.1690429170957004,-0.15554364597581616,0.15554364597581616,1.2881992807540585,0.0,0.0,0.0,4.6374420800327805,0.000769495732232011,2.770184636035239,14564.233266721889,4.045620351867189,0.2025783547393642,237432.6581031717,1783556843432658.0,1783556843467763.5
563.0,191.4863178551749,24288.0,124.55160890003597,-990.2842053620627,11.722033996466152,998.7705232172376,0.12455160890003597,-0.9902842053620627,0.011722033996466152,0.9987705232172376,0.9986916445138199,0.9986916445138199,9.79381941567145,-0.0013083554861801848,-0.012830584328548908,1.2214340354195377,0.8911457747486126,0.330288260670925,0.07354987499999988,-9.711370602513872,-9.747810099999999,0.03643949748612647,0.04903324999999903,0.11495388469144485,0.7294702257541618,-0.614516341062717,-0.04386157298890171,0.12455160890003597,1.2214340354195377,0.07354987499999988,0.07354987499999988,-0.00846638824462045,9.79381941567145,0.9986916445138199,43.661652781085685,-79.39419831156965,107.77431589275875,14.067992327336963,36.3434612114494,1.0,3.67304218418644,563.0,3.67304218418644,3.67304218418644,13.222951863071184,0.5987157946379372,2.6985159062463353,0.07431589275874048,3.67304218418644,13.222951863071184,-0.16598597332301604,-0.15554364597581616,0.15554364597581616,2.0466256669990424,0.0,0.0,0.0,4.650819688066488,0.0007734904346309651,2.784565564671474,14565.00381694463,4.045834393595729,0.20665759663345004,237597.89535655247,1783556843597895.2,1783556843743159.0
564.0,186.28934437408546,24288.0,233.22535450560912,-933.7816931320114,-39.64666575743817,963.5116383828649,0.2332253545056091,-0.9337816931320114,-0.03964666575743817,0.9635116383828649,0.9634792955815868,0.9634792955815868,9.448504234015168,-0.03652070441841319,-0.35814576598483167,2.2871594227624312,0.8928780665010208,1.3942813562614105,0.09316317500000004,-9.15727024095304,-9.752618841699796,0.5953486007467566,0.11277647499999865,-0.38880097475018105,0.7253137667991832,-1.1141147415493642,-0.014709975000000042,0.2332253545056091,2.2871594227624312,0.09316317500000004,0.09316317500000004,0.030148850782419214,9.448504234015168,0.9634792955815868,43.66166159797837,-79.39419586497262,107.8,14.26502145023679,37.31808052956321,1.0,3.628472530877765,564.0,3.628472530877765,3.6300161762852245,13.068058234626807,0.6371898357525607,0.06737348694355148,0.0,3.6300161762852245,13.068058234626807,-0.16111441682498967,-0.15467979524418854,0.15467979524418854,0.0,0.0,0.0,0.0,4.524595596157788,0.0008007602386752961,2.882736859231066,14568.660786089955,4.046850218358319,0.21046200577704507,238401.49661646367,1783556844401496.5,1783556844019289.5
565.0,190.58397698420842,24288.0,206.88494116352175,-900.8561764544022,-4.716987195104927,926.5777979358077,0.20688494116352174,-0.9008561764544022,-0.004716987195104931,0.9265777979358076,0.9266108722649063,0.9266108722649063,9.086948510496642,-0.0733891277350937,-0.7197014895033566,2.02884820826125,0.8998973929820311,1.1289508152792191,0.09316317500000004,-8.834381222826563,-9.751214976403594,0.9168337535770308,0.11277647499999865,-0.0462578424768757,0.719698305614375,-0.7659561480912507,-0.014709975000000042,0.20688494116352174,2.02884820826125,0.09316317500000004,0.09316317500000004,0.021347187483346595,9.086948510496642,0.9266108722649063,43.661670473552434,-79.39419386081073,107.8,14.426420427523645,38.29918648625398,1.0,3.5888443544818642,565.0,3.5888443544818642,3.6132997635145765,13.007879148652476,0.6251648644442165,1.067373486943543,0.0,3.6132997635145765,13.007879148652476,-0.13112384073396693,-0.14185797510667067,0.14185797510667067,0.0,0.0,0.0,0.0,4.628903632992453,0.0008029391176669535,2.8905808236010326,14569.493831795331,4.047081619943146,0.21046200577704507,238572.1366855059,1783556844572136.8,1783556844305598.5
566.0,194.87860959433135,24288.0,180.54452782143437,-867.9306597767929,30.212691367228317,889.6439574887504,0.18054452782143438,-0.867930659776793,0.03021269136722831,0.8896439574887504,0.8897424489482257,0.8897424489482257,8.725392786978118,-0.11025755105177422,-1.0812572130218814,1.7705369937600692,0.9069167194630415,0.8636202742970277,0.09316317500000004,-8.511492204700087,-9.749811111107391,1.238318906407305,0.11277647499999865,0.2962852897964297,0.7140828444295667,-0.41779755463313706,-0.014709975000000042,0.18054452782143438,1.7705369937600692,0.09316317500000004,0.09316317500000004,0.012545524184273973,8.725392786978118,0.8897424489482257,43.661679349126494,-79.39419185664885,107.8,14.587819404810501,39.28029244294475,1.0,3.5492161780859632,566.0,3.5492161780859632,3.5965833507439284,12.947700062678143,0.6131398931358722,2.0673734869435347,0.0,3.5965833507439284,12.947700062678143,-0.10113326464294423,-0.1290361549691528,0.1290361549691528,0.0,0.0,0.0,0.0,4.73321166982712,0.0008051179966586109,2.8984247879709994,14570.326877500707,4.047313021527972,0.21046200577704507,238742.7767545481,1783556844742776.8,1783556844591907.2
567.0,199.17324220445428,24288.0,154.20411447934703,-835.0051430991838,65.14236992956157,852.7101170416931,0.154204114479347,-0.8350051430991837,0.06514236992956154,0.8527101170416931,0.8528740256315452,0.8528740256315452,8.363837063459593,-0.14712597436845473,-1.4428129365404063,1.512225779258888,0.9139360459440519,0.5982897333148364,0.09316317500000004,-8.188603186573609,-9.748407245811189,1.5598040592375793,0.11277647499999865,0.6388284220697349,0.7084673832447584,-0.06963896117502344,-0.014709975000000042,0.154204114479347,1.512225779258888,0.09316317500000004,0.09316317500000004,0.003743860885201355,8.363837063459593,0.8528740256315452,43.661688224700555,-79.39418985248697,107.8,14.749218382097357,40.26139839963552,1.0,3.5095880016900627,567.0,3.5095880016900627,3.579866937973281,12.887520976703811,0.601114921827528,3.0673734869435263,0.0,3.579866937973281,12.887520976703811,-0.0711426885519215,-0.11621433483163493,0.11621433483163493,0.0,0.0,0.0,0.0,4.837519706661785,0.0008072968756502684,2.9062687523409663,14571.159923206083,4.047544423112799,0.21046200577704507,238913.41682359032,1783556844913416.8,1783556844878216.2
568.0,198.7482419218882,24288.0,128.6852522177178,-853.6504921326213,89.1678721751695,868.8462928190098,0.1286852522177178,-0.8536504921326212,0.08916787217516951,0.8688462928190098,0.8689322685496356,0.8689322685496356,8.521314631372283,-0.1310677314503645,-1.2853353686277167,1.261971228660882,0.9169217749999999,0.345049453660882,0.09000857452046927,-8.371451598672369,-9.743866849400586,1.3724152507282166,0.11277647499999865,0.874438113666626,0.7115993508391788,0.16283876282744725,-0.011555374520469296,0.1286852522177178,1.261971228660882,0.09000857452046927,0.09000857452046927,-0.005292953824716048,8.521314631372283,0.8689322685496356,43.66169714687561,-79.39418835664054,107.81608398627223,14.869681746215047,41.247655629751385,1.0,3.5056029794623242,568.0,3.5056029794623242,3.5727564723957683,12.861923300624767,0.596,3.5056029794623242,0.01608398627222857,3.5727564723957683,12.861923300624767,-0.04899515922157035,-0.09764116242627693,0.09764116242627693,0.4501842316009633,0.0,0.0,0.0,4.82719729979882,0.0007991693307444714,2.877009590680097,14571.949650995344,4.047763791943149,0.2107498868358788,239081.86055818247,1783556845081860.5,1783556845160839.8
569.0,194.8296988842733,24288.0,103.77451433573745,-910.469366178037,105.12194025688724,924.2656872081346,0.10377451433573745,-0.910469366178037,0.10512194025688724,0.9242656872081346,0.9241676202762924,0.9241676202762924,9.062988393382502,-0.07583237972370764,-0.7436616066174974,1.0176803410105597,0.9169217749999999,0.10075856601055966,0.08451889165192267,-8.928654409829846,-9.737004745814902,0.8083503359850559,0.11277647499999865,1.0308940754202034,0.7212062958591353,0.30968777956106797,-0.00606569165192271,0.10377451433573745,1.0176803410105597,0.08451889165192267,0.08451889165192267,-0.014503831120935206,9.062988393382502,0.9241676202762924,43.661706103545406,-79.39418723705683,107.84407357939804,14.959843958090122,42.23772590939096,1.0,3.528001552281599,569.0,3.528001552281599,3.5727564723957683,12.861923300624767,0.596,3.528001552281599,0.04407357939805156,3.5727564723957683,12.861923300624767,-0.03265317023964272,-0.07481075317561878,0.07481075317561878,1.2336015549500166,0.0,0.0,0.0,4.732023726501231,0.0007834128169429814,2.820286140994733,14572.707314216143,4.047974253948927,0.21125086175397487,239248.67853321237,1783556845248678.5,1783556845440735.8
570.0,190.91115584665843,24288.0,78.86377645375713,-967.2882402234528,121.07600833860499,979.6850815972595,0.07886377645375713,-0.9672882402234528,0.12107600833860499,0.9796850815972593,0.9794029720029492,0.9794029720029492,9.60466215539272,-0.020597027997050793,-0.20198784460727803,0.7733894533602372,0.9169217749999999,-0.1435323216397627,0.07902920878337605,-9.485857220987324,-9.730142642229218,0.24428542124189523,0.11277647499999865,1.1873500371737806,0.7308132408790918,0.4565367962946888,-0.0005760087833761238,0.07886377645375713,0.7733894533602372,0.07902920878337605,0.07902920878337605,-0.023714708417154364,9.60466215539272,0.9794029720029492,43.66171506021521,-79.3941861174731,107.87206317252387,15.050006169965197,43.22779618903054,1.0,3.5504001251008734,570.0,3.5504001251008734,3.5727564723957683,12.861923300624767,0.596,3.5504001251008734,0.07206317252387454,3.5727564723957683,12.861923300624767,-0.01631118125771508,-0.051980343924960634,0.051980343924960634,2.0170188782990697,0.0,0.0,0.0,4.63685015320364,0.0007676563031414914,2.763562691309369,14573.464977436939,4.0481847159547035,0.21175183667207093,239415.49650824224,1783556845415496.5,1783556845720631.8
571.0,183.0020505889109,24288.0,91.00820235564362,-953.0271703030695,117.96360204683145,964.0251197141586,0.09100820235564361,-0.9530271703030694,0.11796360204683144,0.9640251197141585,0.9646044035438579,0.9646044035438579,9.459537774013375,-0.03539559645614209,-0.34711222598662583,0.8924855876309723,0.9169519391116147,-0.024466351480642277,0.07357501175967877,-9.346003899652596,-9.747810099999999,0.40180620034740283,0.04903324999999903,1.1568277580125597,0.7698647574914541,0.38696300052110555,0.004903325000000014,0.09100820235564361,0.8924855876309723,0.07357501175967877,0.07357501175967877,4.2246654922514734e-05,9.459537774013375,0.9646044035438579,43.66172401691736,-79.39418499846205,107.9,15.140122262480972,44.217870044707304,1.0,3.5728100968593197,571.0,3.5728100968593197,3.5727564723957683,12.861923300624767,0.5989979494110891,0.0018851881644650398,0.0,3.5727564723957683,12.861923300624767,0.0,-0.0291780085947017,0.0291780085947017,0.0,0.0,0.0,0.0,4.444753804703468,0.000739555059871619,2.6623982155378285,14576.884975396084,4.049134715387799,0.21046200577704507,240181.3050251005,1783556846181305.0,1783556846000512.8
572.0,184.08978758490775,24288.0,95.35915033963104,-967.4396855000278,98.65627036788726,977.3498979151201,0.09535915033963104,-0.9674396855000278,0.09865627036788724,0.9773498979151201,0.977707778188271,0.977707778188271,9.588037982970008,-0.022292221811728997,-0.21861201702999217,0.9351538116781426,0.9329525231293034,0.00220128854883914,0.08690883177441952,-9.487342391808848,-9.747810099999999,0.26046770819115117,0.04903324999999903,0.9674875138032415,0.7925322515165133,0.17495526228672817,0.004903325000000014,0.09535915033963104,0.9351538116781426,0.08690883177441952,0.08690883177441952,0.022452028192301934,9.588037982970008,0.977707778188271,43.66173299074757,-79.3941841826593,107.9,15.205820412799827,45.20983723695018,1.0,3.6012552486812974,572.0,3.6012552486812974,3.5727564723957683,12.861923300624767,0.5979102124150922,1.0018851881644677,0.0,3.5727564723957683,12.861923300624767,0.0,-0.021239439282569845,0.021239439282569845,0.0,0.0,0.0,0.0,4.471172760862239,0.0007425785626320118,2.6732828254752423,14577.619851685335,4.049338847690369,0.21046200577704507,240343.10590325503,1783556846343106.0,1783556846272447.0
573.0,185.17752458090462,24288.0,99.71009832361847,-981.8522006969862,79.34893868894305,990.6746761160815,0.09971009832361846,-0.9818522006969862,0.07934893868894305,0.9906746761160815,0.9908111528326841,0.9908111528326841,9.716538191926642,-0.009188847167315911,-0.09011180807335856,0.9778220357253129,0.9489531071469923,0.028868928578320553,0.10024265178916028,-9.6286808839651,-9.747810099999999,0.11912921603489945,0.04903324999999903,0.7781472695939233,0.8151997455415725,-0.03705247594764921,0.004903325000000014,0.09971009832361846,0.9778220357253129,0.10024265178916028,0.10024265178916028,0.04486180972968135,9.716538191926642,0.9908111528326841,43.66174196457779,-79.39418336685657,107.9,15.271518563118684,46.201804429193054,1.0,3.6297004005032756,573.0,3.6297004005032756,3.5727564723957683,12.861923300624767,0.5968224754190954,2.0018851881644704,0.0,3.5727564723957683,12.861923300624767,0.0,-0.013300869970437987,0.013300869970437987,0.0,0.0,0.0,0.0,4.497591717021011,0.0007456020653924045,2.6841674354126566,14578.354727974587,4.049542979992939,0.21046200577704507,240504.90678140958,1783556846504906.8,1783556846544381.2
574.0,186.26526157690148,24288.0,104.06104630760589,-996.2647158939445,60.04160700999885,1003.999454317043,0.10406104630760589,-0.9962647158939445,0.060041607009998846,1.003999454317043,1.003914527477097,1.003914527477097,9.845038400883276,0.003914527477097182,0.03838840088327511,1.0204902597724832,0.9649536911646812,0.05553656860780197,0.11357647180390104,-9.77001937612135,-9.747810099999999,-0.022209276121352206,0.04903324999999903,0.5888070253846052,0.8378672395666318,-0.24906021418202662,0.004903325000000014,0.10406104630760589,1.0204902597724832,0.11357647180390104,0.11357647180390104,0.06727159126706077,9.845038400883276,1.003914527477097,43.66175093840801,-79.39418255105382,107.9,15.33721671343754,47.19377162143593,1.0,3.6581455523252533,574.0,3.6581455523252533,3.5727564723957683,12.861923300624767,0.5957347384230985,3.001885188164473,0.0,3.5727564723957683,12.861923300624767,0.0,-0.005362300658306132,0.005362300658306132,0.0,0.0,0.0,0.0,4.524010673179783,0.0007486255681527973,2.6950520453500704,14579.089604263838,4.049747112295509,0.21046200577704507,240666.7076595641,1783556846666707.8,1783556846816315.5
575.0,194.181044926361,24288.0,63.91467553183718,-1094.7156738954152,35.18860564638673,1097.8076139936004,0.06391467553183719,-1.0947156738954151,0.035188605646386734,1.0978076139936004,1.0976527233439515,1.0976527233439515,10.76429607938096,0.09765272334395156,0.9576460793809626,0.6267888528042911,1.0118696623939782,-0.38508080958968716,0.17651969999999984,-10.735493463406472,-9.723293474999998,-1.0121999884064738,0.19122967499999888,0.3450823395621384,0.8567433407045163,-0.5116610011423779,0.004903325000000014,0.06391467553183719,0.6267888528042911,0.17651969999999984,0.17651969999999984,0.08240103515388206,10.76429607938096,1.0976527233439515,43.661759911840264,-79.39418172701498,107.90909950081821,15.403578132280467,48.185694822628236,1.0,3.6672638283431387,575.0,3.6672638283431387,3.581633738124943,12.893881457249796,0.5950909950081821,0.32452566585254744,0.009099500818210532,3.581633738124943,12.893881457249796,0.008877265729174782,-8.175376275307644e-10,8.175376275307644e-10,0.2551444272461352,0.0,0.0,0.0,4.716269219171456,0.0007796086837622609,2.8065912615441393,14582.649010913727,4.050735836364923,0.21046200577704507,241425.23302487654,1783556847425233.0,1783556847090995.0
576.0,191.6575000736371,24288.0,82.14027724595427,-1056.8625011045565,57.33972157585211,1063.3191676730403,0.08214027724595427,-1.0568625011045565,0.05733972157585211,1.0633191676730405,1.0630815717783162,1.0630815717783162,10.425268895879823,0.06308157177831622,0.6186188958798249,0.8055209498540374,1.0173691115339705,-0.21184816167993303,0.17651969999999984,-10.364280646456999,-9.723293474999998,-0.6409871714570006,0.19122967499999888,0.56231058059183,0.8526187538495221,-0.29030817325769204,0.004903325000000014,0.08214027724595427,0.8055209498540374,0.17651969999999984,0.17651969999999984,0.056983413078287956,10.425268895879823,1.0630815717783162,43.661768884444186,-79.39418088583335,107.9371388880707,15.471320091745602,49.177526459951444,1.0,3.63615475121586,576.0,3.63615475121586,3.608988325645328,12.992357972323182,0.595371388880707,1.3245256658525466,0.03713888807069676,3.608988325645328,12.992357972323182,0.03623185324955992,-7.54144051774008e-10,7.54144051774008e-10,1.041351664741068,0.0,0.0,0.0,4.6549773617884975,0.0007698303624408871,2.771389304787194,14583.403963151732,4.050945545319924,0.21046200577704507,241592.34777290135,1783556847592347.8,1783556847371389.0
577.0,189.1339552209132,24288.0,100.36587896007136,-1019.009328313698,79.4908375053175,1028.8307213524804,0.10036587896007138,-1.0190093283136978,0.07949083750531749,1.0288307213524803,1.028510420212681,1.028510420212681,10.086241712378685,0.028510420212680895,0.2795917123786871,0.9842530469037837,1.0228685606739627,-0.03861551377017891,0.17651969999999984,-9.993067829507526,-9.723293474999998,-0.2697743545075273,0.19122967499999888,0.7795388216215218,0.848494166994528,-0.06895534537300618,0.004903325000000014,0.10036587896007138,0.9842530469037837,0.17651969999999984,0.17651969999999984,0.03156579100269386,10.086241712378685,1.028510420212681,43.6617778570481,-79.39418004465173,107.96517827532318,15.539062051210736,50.169358097274646,1.0,3.6050456740885815,577.0,3.6050456740885815,3.6363429131657132,13.090834487396569,0.5956517827532318,2.3245256658525455,0.065178275323183,3.6363429131657132,13.090834487396569,0.06358644076994507,-6.907504760172517e-10,6.907504760172517e-10,1.8275589022360008,0.0,0.0,0.0,4.593685504405539,0.0007600520411195134,2.736187348030248,14584.158915389737,4.051155254274925,0.21046200577704507,241759.4625209262,1783556847759462.5,1783556847651782.8
578.0,186.6104103681893,24288.0,118.59148067418843,-981.1561555228394,101.64195343478288,994.3422750319203,0.11859148067418845,-0.9811561555228394,0.10164195343478287,0.9943422750319203,0.9939392686470455,0.9939392686470455,9.747214528877548,-0.006060731352954443,-0.059435471122450734,1.16298514395353,1.0283680098139547,0.1346171341395752,0.17651969999999984,-9.621855012558052,-9.723293474999998,0.10143846244194599,0.19122967499999888,0.9967670626512134,0.8443695801395339,0.15239748251167962,0.004903325000000014,0.11859148067418845,1.16298514395353,0.17651969999999984,0.17651969999999984,0.0061481689270997675,9.747214528877548,0.9939392686470455,43.66178682965202,-79.39417920347012,107.99321766257567,15.606804010675871,51.161189734597855,1.0,3.573936596961303,578.0,3.573936596961303,3.6636975006860983,13.189311002469955,0.5959321766257567,3.3245256658525446,0.09321766257566923,3.6636975006860983,13.189311002469955,0.09094102829033021,-6.273569002604952e-10,6.273569002604952e-10,2.6137661397309335,0.0,0.0,0.0,4.532393647022581,0.0007502737197981396,2.7009853912733024,14584.913867627742,4.0513649632299265,0.21046200577704507,241926.57726895102,1783556847926577.2,1783556847932176.8
579.0,189.7179516152116,24288.0,96.56123295849532,-998.6453199090164,112.57692742281739,1011.4060027039459,0.09656123295849532,-0.9986453199090164,0.11257692742281739,1.011406002703946,1.011098394466968,1.011098394466968,9.91548807009949,0.011098394466968031,0.10883807009949203,0.946942215192428,1.02969825,-0.08275603480757193,0.17651969999999984,-9.793365126485755,-9.722280679160907,-0.07108444732484892,0.19021687916090702,1.104002525310972,0.8565382459081969,0.24746427940277513,0.004903325000000014,0.09656123295849532,0.946942215192428,0.17651969999999984,0.17651969999999984,0.0,9.91548807009949,1.011098394466968,43.66179581624463,-79.39417879344713,108.0,15.639823943753486,52.15456768103251,1.0,3.587873093341602,579.0,3.587873093341602,3.6703141942424815,13.213131099272934,0.5970327643375587,3.587873093341602,0.07934471324881996,3.6703141942424815,13.213131099272934,0.07740689457984604,-6.120228768224933e-10,6.120228768224933e-10,2.2247771412212662,0.0,0.0,0.0,4.607869608830259,0.0007642798272305229,2.7514073780298824,14585.71155442228,4.051586542895076,0.21192358549830215,242091.13827337456,1783556848091138.2,1783556848206552.8
580.0,194.62216391031646,24288.0,61.68683441552742,-1033.7921746906013,119.93324586547469,1044.9181200538292,0.06168683441552742,-1.0337921746906011,0.11993324586547469,1.0449181200538291,1.0447627361620484,1.0447627361620484,10.245622486583551,0.04476273616204832,0.4389724865835511,0.6049411947210319,1.02969825,-0.4247570552789681,0.17651969999999984,-10.138038029929584,-9.72094473767469,-0.417093292254894,0.18888093767469089,1.176143365566657,0.87390548522901,0.3022378803376472,0.004903325000000014,0.06168683441552742,0.6049411947210319,0.17651969999999984,0.17651969999999984,0.0,10.245622486583551,1.0447627361620484,43.6618048073005,-79.39417852099089,108.0,15.66176536401205,53.14843899744282,1.0,3.616181964132761,580.0,3.616181964132761,3.6703141937857846,13.213131097628825,0.5983950455306435,3.616181964132761,0.05209908938712784,3.6703141937857846,13.213131097628825,0.05082668408642427,-6.120228768224933e-10,6.120228768224933e-10,1.4608265428276572,0.0,0.0,0.0,4.726983117053766,0.0007858746651103031,2.829148794397091,14586.522876231293,4.051811910064247,0.21385150118443919,242254.88447278333,1783556848254884.5,1783556848479009.0
581.0,199.52637620542131,24288.0,26.81243587255952,-1068.9390294721861,127.28956430813197,1078.4302374037125,0.02681243587255952,-1.068939029472186,0.12728956430813199,1.0784302374037122,1.0784270778571285,1.0784270778571285,10.57575690306761,0.0784270778571286,0.7691069030676101,0.2629401742496358,1.02969825,-0.7667580757503643,0.17651969999999984,-10.482710933373413,-9.719608796188474,-0.763102137184939,0.18754499618847476,1.2482842058223425,0.8912727245498231,0.35701148127251925,0.004903325000000014,0.02681243587255952,0.2629401742496358,0.17651969999999984,0.17651969999999984,0.0,10.57575690306761,1.0784270778571285,43.66181379835638,-79.39417824853466,108.0,15.683706784270612,54.14231031385312,1.0,3.644490834923919,581.0,3.644490834923919,3.670314193329088,13.213131095984718,0.5997573267237282,3.644490834923919,0.024853465525435714,3.670314193329088,13.213131095984718,0.0242464735930025,-6.120228768224933e-10,6.120228768224933e-10,0.6968759444340482,0.0,0.0,0.0,4.846096625277273,0.0008074695029900833,2.9068902107643,14587.334198040306,4.052037277233417,0.2157794168705762,242418.6306721921,1783556848418630.8,1783556848751465.2
582.0,207.047843166747,24288.0,70.77019716963828,-953.7176475012047,93.21058774867483,960.8372554180721,0.07077019716963828,-0.9537176475012047,0.09321058774867483,0.9608372554180721,0.9609471911439998,0.9609471911439998,9.423672772032305,-0.03905280885600018,-0.3829772279676942,0.6940185540736332,1.02969825,-0.33567969592636676,0.17651969999999984,-9.352775167867689,-9.6693569,0.31658173213231156,0.029419950000001194,0.9140836103455419,0.9177428420845637,-0.003659231739021789,-0.3530394000000001,0.07077019716963828,0.6940185540736332,0.17651969999999984,0.17651969999999984,0.0,9.423672772032305,0.9609471911439998,43.661822789412255,-79.39417802392158,108.00239215833734,15.701795303112108,55.136181630303284,1.0,3.670314194548612,582.0,3.670314194548612,3.670314192912489,13.213131094484961,0.5949760784166265,0.08779972697266075,0.002392158337348891,3.670314192912489,13.213131094484961,-1.6361230808635135e-09,-6.120228768224933e-10,6.120228768224933e-10,0.06517584630678856,0.0,0.0,0.0,5.028778014833951,0.0008311115245211258,2.9920014882760526,14591.13784728279,4.05309384646744,0.2254349739519981,243177.20942052384,1783556849177209.5,1783556849023921.5
583.0,207.5927556442297,24288.0,90.93195883649929,-961.8913346634456,84.21953187020978,970.37322377402,0.0909319588364993,-0.9618913346634457,0.08421953187020978,0.9703732237740199,0.9705133424430649,0.9705133424430649,9.51748466966928,-0.02948665755693518,-0.2891653303307184,0.8917378941239558,1.02969825,-0.1379603558760443,0.17651969999999984,-9.43293165707728,-9.6693569,0.2364252429227215,0.029419950000001194,0.8259114722149926,0.9270944324923492,-0.10118296027735658,-0.3530394000000001,0.0909319588364993,0.8917378941239558,0.17651969999999984,0.17651969999999984,0.0,9.51748466966928,0.9705133424430649,43.661831780468134,-79.39417829637782,108.02963778221148,15.679853882843524,56.13005294716748,1.0,3.6703141940919153,583.0,3.6703141940919153,3.670314192912489,13.213131094484961,0.5947036221778851,1.0877997269726463,0.029637782211483842,3.670314192912489,13.213131094484961,-1.179426228298461e-09,-6.120228768224933e-10,6.120228768224933e-10,0.8074998665976739,0.0,0.0,0.0,5.042012849087051,0.0008329147706881107,2.9984931744771983,14591.959373149382,4.0533220480970495,0.2262072403820139,243339.04842633623,1783556849339048.5,1783556849296377.8
584.0,208.13766812171244,24288.0,111.0937205033603,-970.0650218256866,75.22847599174473,979.9091921299677,0.11109372050336029,-0.9700650218256865,0.07522847599174473,0.9799091921299677,0.9800794937421298,0.9800794937421298,9.611296567306256,-0.019920506257870178,-0.19535343269374258,1.089457234174278,1.02969825,0.05975898417427816,0.17651969999999984,-9.513088146286869,-9.6693569,0.1562687537131314,0.029419950000001194,0.7377393340844434,0.9364460229001348,-0.1987066888156914,-0.3530394000000001,0.11109372050336029,1.089457234174278,0.17651969999999984,0.17651969999999984,0.0,9.611296567306256,0.9800794937421298,43.66184077152401,-79.39417856883405,108.05688340608562,15.65791246257494,57.12392426403168,1.0,3.6703141936352184,584.0,3.6703141936352184,3.670314192912489,13.213131094484961,0.5944311659391438,2.087799726972632,0.056883406085618794,3.670314192912489,13.213131094484961,-7.227293757334084e-10,-6.120228768224933e-10,6.120228768224933e-10,1.5498238868885594,0.0,0.0,0.0,5.055247683340152,0.0008347180168550957,3.004984860678344,14592.780899015976,4.0535502497266584,0.22697950681202972,243500.8874321486,1783556849500887.5,1783556849568834.0
585.0,208.68258059919518,24288.0,131.2554821702213,-978.2387089879276,66.23742011327968,989.4451604859155,0.1312554821702213,-0.9782387089879275,0.06623742011327968,0.9894451604859155,0.9896456450411948,0.9896456450411948,9.705108464943232,-0.010354354958805177,-0.10154153505676677,1.2871765742246006,1.02969825,0.2574783242246006,0.17651969999999984,-9.59324463549646,-9.6693569,0.07611226450354133,0.029419950000001194,0.6495671959538942,0.9457976133079203,-0.29623041735402617,-0.3530394000000001,0.1312554821702213,1.2871765742246006,0.17651969999999984,0.17651969999999984,0.0,9.705108464943232,0.9896456450411948,43.66184976257989,-79.3941788412903,108.08412902995975,15.635971042306357,58.11779558089588,1.0,3.6703141931785215,585.0,3.6703141931785215,3.670314192912489,13.213131094484961,0.5941587097004024,3.087799726972617,0.08412902995975374,3.670314192912489,13.213131094484961,-2.660325231683559e-10,-6.120228768224933e-10,6.120228768224933e-10,2.292147907179445,0.0,0.0,0.0,5.068482517593252,0.0008365212630220806,3.01147654687949,14593.602424882567,4.053778451356267,0.2277517732420455,243662.72643796096,1783556849662726.5,1783556849841290.2
586.0,219.57467384790206,24288.0,143.22868725923433,-951.6599248109648,111.57218247969354,970.0734281637978,0.14322868725923432,-0.9516599248109647,0.11157218247969354,0.9700734281637978,0.969631384437539,0.969631384437539,9.508835616194391,-0.030368615562460927,-0.29781438380560743,1.4045936059107702,1.0123855769379757,0.3922080289727943,0.17651969999999984,-9.332595801647447,-9.634458468265505,0.3018626666180583,-0.1188301134689889,1.0941493433144864,0.9919240345930364,0.10222530872145025,-0.3530394000000001,0.14322868725923432,1.4045936059107702,0.17651969999999984,0.17651969999999984,0.0,9.508835616194391,0.969631384437539,43.66185875357854,-79.39417911729933,108.11172993294333,15.61374350886428,59.111660572235984,1.0,3.6572743333341413,586.0,3.6572743333341413,3.670314192768909,13.213131093968073,0.5957037959766003,0.4174855340601263,0.011729932943339592,3.670314192768909,13.213131093968073,-1.4357974609834043e-10,-7.103326729345055e-10,7.103326729345055e-10,0.3295714836323305,0.0,0.0,0.0,5.333029678417845,0.000882637356393126,3.1774944830152534,14597.62292405706,4.0548952566825145,0.23537648489737362,244422.49689698947,1783556850422497.0,1783556850117299.2
587.0,230.5323561498792,24288.0,148.5670453037873,-941.26417493473,77.01333829653484,958.272847223207,0.14856704530378728,-0.94126417493473,0.07701333829653485,0.958272847223207,0.9579170871938765,0.9579170871938765,9.393957603129827,-0.042082912806123564,-0.4126923968701716,1.4569450148283856,1.0178962515608827,0.43904876326750286,0.17651969999999984,-9.230648321123669,-9.633080799609779,0.4024324784861091,-0.12158545078044179,0.7552428540057134,0.983658022658676,-0.22841516865296246,-0.3530394000000001,0.14856704530378728,1.4569450148283856,0.17651969999999984,0.17651969999999984,0.0,9.393957603129827,0.9579170871938765,43.66186774449736,-79.39417939826554,108.13982655423045,15.591116763835554,60.1055167376193,1.0,3.6260400545040876,587.0,3.6260400545040876,3.6703141924249936,13.213131092729977,0.5973895932538276,1.4174855340601418,0.03982655423046287,3.6703141924249936,13.213131092729977,-4.87495245881057e-10,-9.45813397633951e-10,9.45813397633951e-10,1.1189916113842797,0.0,0.0,0.0,5.599169866168266,0.0009295132873253208,3.346247834371155,14598.664651344774,4.055184625373546,0.252562362497748,244591.35759092506,1783556850591357.5,1783556850398265.5
588.0,241.49003845185635,24288.0,153.90540334834026,-930.8684250584953,42.45449411337617,946.4722662826163,0.15390540334834027,-0.9308684250584953,0.04245449411337618,0.9464722662826163,0.9462027899502138,0.9462027899502138,9.279079590065264,-0.0537972100497862,-0.5275704099347358,1.509296423746001,1.0234069261837897,0.4858894975622114,0.17651969999999984,-9.128700840599892,-9.631703130954051,0.5030022903541599,-0.12434078809189468,0.41633636469694035,0.9753920107243156,-0.5590556460273751,-0.3530394000000001,0.15390540334834027,1.509296423746001,0.17651969999999984,0.17651969999999984,0.0,9.279079590065264,0.9462027899502138,43.661876735416165,-79.39417967923175,108.16792317551759,15.568490018806829,61.0993729030026,1.0,3.594805775674034,588.0,3.594805775674034,3.670314192081078,13.213131091491881,0.5990753905310549,2.4174855340601575,0.06792317551758614,3.670314192081078,13.213131091491881,-8.314107456637736e-10,-1.1812941223333968e-09,1.1812941223333968e-09,1.908411739136229,0.0,0.0,0.0,5.865310053918687,0.0009763892182575157,3.5150011857270567,14599.706378632487,4.055473994064578,0.2697482400981223,244760.21828486066,1783556850760218.2,1783556850679231.8
589.0,252.4477207538335,24288.0,159.24376139289325,-920.4726751822606,7.895649930217488,934.6716853420255,0.15924376139289323,-0.9204726751822606,0.007895649930217491,0.9346716853420255,0.9344884927065511,0.9344884927065511,9.1642015770007,-0.06551150729344885,-0.6424484229993,1.5616478326636165,1.0289176008066965,0.5327302318569199,0.17651969999999984,-9.026753360076114,-9.630325462298325,0.6035721022222107,-0.12709612540334755,0.07742987538816726,0.9671259987899553,-0.8896961234017879,-0.3530394000000001,0.15924376139289323,1.5616478326636165,0.17651969999999984,0.17651969999999984,0.0,9.1642015770007,0.9344884927065511,43.66188572633498,-79.39417996019797,108.1960197968047,15.545863273778101,62.09322906838591,1.0,3.5635714968439802,589.0,3.5635714968439802,3.670314191737163,13.213131090253786,0.600761187808282,3.417485534060173,0.09601979680470943,3.670314191737163,13.213131090253786,-1.1753262454464902e-09,-1.4167748470328425e-09,1.4167748470328425e-09,2.6978318668881784,0.0,0.0,0.0,6.131450241669108,0.0010232651491897107,3.683754537082958,14600.748105920202,4.05576336275561,0.2869341176984967,244929.07897879626,1783556850929079.0,1783556850960198.0
590.0,259.84649351629986,24288.0,152.51648829913617,-929.2898285886878,7.443335072387903,942.1205298854278,0.15251648829913617,-0.9292898285886878,0.007443335072387903,0.9421205298854278,0.9419237305555466,0.9419237305555466,9.237116352252551,-0.05807626944445339,-0.5695336477474489,1.4956758199787237,1.02969825,0.46597756997872364,0.17651969999999984,-9.113220097529254,-9.6301303,0.5169102024707452,-0.09079235998936097,0.07299418188763282,0.9579281928101728,-0.8849340109225401,-0.2693310071632318,0.15251648829913617,1.4956758199787237,0.17651969999999984,0.17651969999999984,0.0,9.237116352252551,0.9419237305555466,43.66189471737144,-79.39418023385974,108.2,15.523824769523912,63.08709823915651,1.0,3.5851443843462096,590.0,3.5851443843462096,3.644316616422805,13.1195398191221,0.600064561037392,3.5851443843462096,0.07661402593480704,3.644316616422805,13.1195398191221,-0.025997576203428574,-0.012998788939824757,0.012998788939824757,2.1525952719718973,0.0,0.0,0.0,6.311151634523892,0.0010518509079621423,3.786663268663712,14601.841753741011,4.056067153816946,0.29133342341577323,245092.61426516925,1783556851092614.2,1783556851233859.8
591.0,266.6578994871056,24288.0,143.7978886565048,-941.277903097306,12.62000361020028,952.7463231998847,0.14379788865650478,-0.941277903097306,0.01262000361020028,0.9527463231998848,0.9525194311430003,0.9525194311430003,9.341024679418503,-0.04748056885699972,-0.4656253205814963,1.4101755647933127,1.02969825,0.3804773147933127,0.17651969999999984,-9.230782948409194,-9.6301303,0.39934735159080503,-0.04804223239665538,0.12375995840397057,0.9485766023992686,-0.824816643995298,-0.17180727859237235,0.14379788865650478,1.4101755647933127,0.17651969999999984,0.17651969999999984,0.0,9.341024679418503,0.9525194311430003,43.661903708427324,-79.39418050631599,108.2,15.501883349248011,64.08096955635217,1.0,3.615432631292374,591.0,3.615432631292374,3.614028369476641,13.010502130115908,0.5989747360820631,3.615432631292374,0.04936840205158168,3.614028369476641,13.010502130115908,-0.056285822816093754,-0.028142912246157347,0.028142912246157347,1.3870852959935904,0.0,0.0,0.0,6.476587062742822,0.0010774180343076658,3.878704923507596,14602.943970590228,4.056373325163951,0.2936224176401801,245255.2706397521,1783556851255270.8,1783556851506316.0
592.0,273.4693054579114,24288.0,135.07928901387342,-953.265977605924,17.796672148012657,963.3721165143418,0.13507928901387342,-0.953265977605924,0.017796672148012657,0.9633721165143417,0.9631151317304539,0.9631151317304539,9.444933006584456,-0.03688486826954605,-0.3617169934155438,1.3246753096079018,1.02969825,0.29497705960790177,0.17651969999999984,-9.348345799289135,-9.6301303,0.28178450071086486,-0.0052921048039497876,0.17452573492030832,0.9392250119883643,-0.764699277068056,-0.07428355002151299,0.13507928901387342,1.3246753096079018,0.17651969999999984,0.17651969999999984,0.0,9.444933006584456,0.9631151317304539,43.6619126994832,-79.39418077877222,108.2,15.47994192897211,65.07484087354783,1.0,3.645720878238538,592.0,3.645720878238538,3.583740122530477,12.901464441109717,0.5978849111267341,3.645720878238538,0.022122778168356325,3.583740122530477,12.901464441109717,-0.08657406942875893,-0.04328703555248994,0.04328703555248994,0.6215753200152836,0.0,0.0,0.0,6.642022490961753,0.001102985160653189,3.9707465783514806,14604.046187439446,4.056679496510956,0.29591141186458697,245417.9270143349,1783556851417927.0,1783556851778772.2
593.0,279.7202022143612,24288.0,160.11919114255505,-1044.5595955712774,-18.048687528828207,1056.7274742426607,0.16011919114255505,-1.0445595955712776,-0.018048687528828208,1.056727474242661,1.0569302582675988,1.0569302582675988,10.364945117239946,0.056930258267598816,0.558295117239948,1.5702328658181375,1.0313445773727206,0.5388882884454168,-0.16790670388645795,-10.243630357909069,-9.62032365,-0.623306707909069,0.03820036265451111,-0.17699716155458312,0.9169217749999999,-1.093918936554583,-0.015126991368100907,0.16011919114255505,1.5702328658181375,-0.16790670388645795,-0.16790670388645795,-0.539484636199961,10.364945117239946,1.0569302582675988,43.66192167878672,-79.39418127979779,108.20559595571278,15.43959338490442,66.06741308349439,1.0,3.652949568292983,593.0,3.652949568292983,3.5480030631829,12.772811027458438,0.599776161771489,0.18802453329113014,0.005595955712774934,3.5480030631829,12.772811027458438,-0.11609025100775554,-0.06115556504398189,0.06115556504398189,0.16654592776387148,0.0,0.0,0.0,6.793844271382406,0.0011318920840371037,4.074811502533573,14609.244308464087,4.058123419017801,0.30745442741533296,246183.35189604815,1783556852183352.0,1783556852055959.5
594.0,278.2321103109204,24288.0,166.07155875631827,-1047.535779378159,-12.989175057129469,1060.5965131916068,0.16607155875631827,-1.0475357793781592,-0.012989175057129466,1.0605965131916069,1.060764857325737,1.060764857325737,10.40254968809344,0.060764857325737165,0.5958996880934404,1.6286056516776486,1.0401004952516473,0.5885051564260013,-0.04386453393499681,-10.272816750838825,-9.62032365,-0.6524931008388244,0.08489859134211959,-0.1273802935739987,0.9169217749999999,-1.0443020685739985,-0.12165732556170872,0.16607155875631827,1.6286056516776486,-0.04386453393499681,-0.04386453393499681,-0.14894523416170508,10.40254968809344,1.060764857325737,43.661930607338135,-79.39418276788969,108.23535779378159,15.319754506942573,67.05437515737823,1.0,3.560596601945907,594.0,3.560596601945907,3.4887355532329196,12.55944799163851,0.5985856882487364,1.1880245332911457,0.035357793781589354,3.4887355532329196,12.55944799163851,-0.14227230456063977,-0.09078931976953486,0.09078931976953486,1.0523129329982395,0.0,0.0,0.0,6.757701495231636,0.0011236595628027616,4.045174426089941,14610.42906866631,4.058452519073974,0.3142784327092023,246360.7324509383,1783556852360732.5,1783556852353578.0
595.0,276.74401840747964,24288.0,172.02392637008148,-1050.5119631850407,-7.92966258543073,1064.465552140553,0.1720239263700815,-1.0505119631850408,-0.007929662585430727,1.064465552140553,1.0645994563838754,1.0645994563838754,10.440154258946933,0.06459945638387551,0.6335042589469329,1.6869784375371597,1.048856413130574,0.6381220244065857,0.08017763601646427,-10.30200314376858,-9.62032365,-0.68167949376858,0.13159682002972808,-0.07776342559341426,0.9169217749999999,-0.9946852005934141,-0.22818765975531652,0.1720239263700815,1.6869784375371597,0.08017763601646427,0.08017763601646427,0.24159416787655086,10.440154258946933,1.0645994563838754,43.66193953588955,-79.3941842559816,108.26511963185041,15.199915628980724,68.04133723126206,1.0,3.468243635598831,595.0,3.468243635598831,3.4294680432829394,12.346084955818583,0.5973952147259837,2.1880245332911614,0.06511963185040377,3.4294680432829394,12.346084955818583,-0.168454358113524,-0.12042307449508782,0.12042307449508782,1.9380799382326073,0.0,0.0,0.0,6.721558719080866,0.0011154270415684193,4.01553734964631,14611.613828868532,4.058781619130147,0.32110243800307164,246538.11300582843,1783556852538113.0,1783556852651196.2
596.0,275.2559265040388,24288.0,177.97629398384473,-1053.4881469919223,-2.8701501137319916,1068.334591089499,0.1779762939838447,-1.0534881469919224,-0.0028701501137319875,1.068334591089499,1.068434055442014,1.068434055442014,10.477758829800425,0.06843405544201386,0.6711088298004253,1.7453512233966706,1.0576123310095005,0.6877388923871701,0.20421980596792538,-10.331189536698336,-9.62032365,-0.7108658866983355,0.17829504871733656,-0.02814655761282983,0.9169217749999999,-0.9450683326128297,-0.3347179939489243,0.1779762939838447,1.7453512233966706,0.20421980596792538,0.20421980596792538,0.6321335699148068,10.477758829800425,1.068434055442014,43.661948464440975,-79.3941857440735,108.29488146991922,15.080076751018876,69.0282993051459,1.0,3.3758906692517554,596.0,3.3758906692517554,3.3702005333329597,12.132721919998653,0.5962047412032311,3.188024533291177,0.09488146991921818,3.3702005333329597,12.132721919998653,-0.19463641166640822,-0.15005682922064079,0.15005682922064079,2.8238469434669753,0.0,0.0,0.0,6.685415942930096,0.0011071945203340772,3.9859002732026783,14612.798589070755,4.05911071918632,0.327926443296941,246715.49356071858,1783556852715493.5,1783556852948814.8
597.0,289.14489980279274,24288.0,53.26859087717398,-1044.673257840979,127.7171105032767,1055.5500451684227,0.05326859087717397,-1.044673257840979,0.1277171105032767,1.0555500451684225,1.0559427218946236,1.0559427218946236,10.35526069366791,0.055942721894623654,0.5486106936679112,0.5223864267256382,1.0856599584287199,-0.5632735317030819,0.11380832872875633,-10.244745004006235,-9.62032365,-0.6244213540062358,-0.012648613302114177,1.2524770017169584,0.9276878221904267,0.32478917952653164,-0.22946299530003658,0.05326859087717397,0.5223864267256382,0.11380832872875633,0.11380832872875633,-0.18780608617015743,10.35526069366791,1.0559427218946236,43.66195723903683,-79.39418841301229,108.3,14.865142022928111,69.998243131421,1.0,3.2871645973921884,597.0,3.2871645973921884,3.2871645973921884,11.833792550611879,0.5979275500986035,0.8280170038913217,0.0,3.2871645973921884,11.833792550611879,-0.21859048647395224,-0.17194731035815197,0.17194731035815197,0.0,0.0,0.0,0.0,7.022751326410231,0.0011663733288539498,4.198943983874219,14618.320774645023,4.060644659623616,0.343671305512389,247504.5269228327,1783556853504527.0,1783556853268112.5
598.0,291.73530530498977,24288.0,8.907896652050042,-1105.8715878303835,153.9449662130215,1119.0149799722496,0.008907896652050037,-1.1058715878303835,0.1539449662130215,1.1190149799722495,1.1190615830070065,1.1190615830070065,10.974245272995658,0.11906158300700645,1.1675952729956598,0.08735662470282657,1.0999492584951627,-1.012592633792336,-0.021146171898758198,-10.844895606796829,-9.62032365,-1.22457195679683,-0.06345501353835509,1.5096844029129273,0.922924722168279,0.5867596807446481,-0.08021919460607935,0.008907896652050037,0.08735662470282657,-0.021146171898758198,-0.021146171898758198,-0.4146203729390895,10.974245272995658,1.1190615830070065,43.661965981655406,-79.39419132721846,108.3,14.630455442948062,70.9646521882427,1.0,3.199191848444592,598.0,3.199191848444592,3.199191848444592,11.51709065440053,0.596632347347505,1.8280170038913257,0.0,3.199191848444592,11.51709065440053,-0.24208179969799093,-0.1922294774331473,0.1922294774331473,0.0,0.0,0.0,0.0,7.085667095247592,0.001174264014862302,4.227350453504287,14619.70118593567,4.0610281072043515,0.36126907134457403,247697.1883320586,1783556853697188.2,1783556853591913.2
599.0,294.3257108071868,24288.0,-35.45279757307388,-1167.069917819788,180.17282192276633,1182.4799147760764,-0.0354527975730739,-1.167069917819788,0.1801728219227663,1.1824799147760765,1.1821804441193893,1.1821804441193893,11.593229852323407,0.18218044411938925,1.7865798523234084,-0.3476731773199849,1.1142385585616055,-1.4619117358815905,-0.15610067252627274,-11.445046209587424,-9.62032365,-1.8247225595874244,-0.114261413774596,1.7668918041088961,0.9181616221461315,0.8487301819627646,0.06902460608787792,-0.0354527975730739,-0.3476731773199849,-0.15610067252627274,-0.15610067252627274,-0.6414346597080215,11.593229852323407,1.1821804441193893,43.661974724273975,-79.39419424142466,108.3,14.395768862968012,71.93106124506438,1.0,3.111219099496995,599.0,3.111219099496995,3.111219099496995,11.200388758189181,0.5953371445964066,2.8280170038913295,0.0,3.111219099496995,11.200388758189181,-0.2655731129220296,-0.21251164450814264,0.21251164450814264,0.0,0.0,0.0,0.0,7.148582864084952,0.0011821547008706544,4.2557569231343555,14621.081597226317,4.061411554785087,0.37886683717675906,247889.84974128453,1783556853889849.8,1783556853915713.8
600.0,297.18664974908603,24288.0,-11.740272795988083,-1151.5669098568885,130.14710652376374,1246.5596320426207,-0.011740272795988084,-1.1515669098568886,0.13014710652376374,1.2465596320426209,1.163825960343308,1.163825960343308,11.413233854000701,0.16382596034330804,1.6065838540007018,-0.1151327462147766,1.1179581,-1.2330908462147767,-0.1912296750000001,-11.293013636548057,-9.62032365,-1.6726899865480567,-0.13954853617855356,1.2763071221912674,0.9209424703928514,0.35536465179841614,-0.1172857919996805,-0.011740272795988084,-0.1151327462147766,-0.1912296750000001,-0.1912296750000001,-0.5090133146261222,11.413233854000701,1.163825960343308,43.66198328661803,-79.3941980066434,108.3,14.092548619205424,72.87754275682394,1.0,2.983882852990459,600.0,2.983882852990459,2.983882852990459,10.741978270765653,0.595,2.983882852990459,0.0,2.983882852990459,10.741978270765653,-0.3018638746741072,-0.21779114459177895,0.21779114459177895,0.0,0.0,0.0,0.0,7.218069349105801,0.0011929864618660975,4.294751262717951,14622.637774199446,4.061843826166512,0.39246820746927064,248102.63207508827,1783556854102632.0,1783556854273331.2
601.0,300.14279051865736,24288.0,35.92749711335034,-1109.0723862943,53.28744651490797,1310.8556937807982,0.03592749711335033,-1.1090723862943002,0.05328744651490799,1.3108556937807982,1.1168006721428854,1.1168006721428854,10.952073311470027,0.11680067214288546,1.1454233114700276,0.35232838956663703,1.1179581,-0.765629710433363,-0.1912296750000001,-10.876284717052998,-9.62032365,-1.2559610670529984,-0.15585531998488195,0.5225713373654222,0.9263780649949609,-0.4038067276295384,-0.4216790897178103,0.03592749711335033,0.35232838956663703,-0.1912296750000001,-0.1912296750000001,-0.2501754764304336,10.952073311470027,1.1168006721428854,43.66199178552274,-79.39420207133696,108.3,13.765211097902766,73.81701168369557,1.0,2.842694430149253,601.0,2.842694430149253,2.842694430149253,10.23369994853731,0.595,2.842694430149253,0.0,2.842694430149253,10.23369994853731,-0.3426588148908004,-0.21779114459177895,0.21779114459177895,0.0,0.0,0.0,0.0,7.28986809611715,0.0012048531992193622,4.337471517189704,14624.255803837563,4.062293278843766,0.40466322977058156,248322.49504482513,1783556854322495.0,1783556854642848.8
602.0,317.8659234757867,24288.0,-10.692753888920304,-952.8826830413134,244.59219649576033,983.6312895584134,-0.010692753888920303,-0.9528826830413133,0.24459219649576033,0.9836312895584134,0.9839381316727173,0.9839381316727173,9.649136878968253,-0.016061868327282777,-0.15751312103174764,-0.1048600949247803,1.1718946749999999,-1.27675476992478,-0.3138128000000001,-9.344586963647096,-9.610188289613456,0.2656013259663603,-0.6178189500000002,2.3986300637651476,0.93163175,1.4669983137651477,0.10787314999999986,-0.010692753888920303,-0.1048600949247803,-0.3138128000000001,-0.3138128000000001,-0.20256921862873853,9.649136878968253,0.9839381316727173,43.662000284912615,-79.39420613407653,108.30167595655266,13.438030935701374,74.75653424018742,1.0,2.6943421795066578,602.0,2.6943421795066578,2.6943421795066578,9.699631846223967,0.5950670382621066,0.0334663657587262,0.0016759565526664206,2.6943421795066578,9.699631846223967,-0.3875737507204732,-0.21779114459177895,0.21779114459177895,0.08392994885298782,0.0,0.0,0.0,7.720327549379907,0.001276138789368655,4.5940996417271585,14630.490802673457,4.064025222964848,0.4524346934119419,249140.03897975048,1783556855140039.0,1783556855016759.5
603.0,313.8596168101656,24288.0,28.36873610088547,-949.3771647088948,202.52597650673871,972.6139462279554,0.028368736100885476,-0.9493771647088949,0.20252597650673873,0.9726139462279554,0.9727835657556022,0.9727835657556022,9.539747955117177,-0.027216434244397805,-0.2669020448828237,0.27820226588374847,1.1718946749999999,-0.8936924091162514,-0.3138128000000001,-9.310209572292484,-9.600366177797852,0.2901566055053681,-0.6178189500000002,1.9861013675098091,0.93163175,1.0544696175098092,0.10787314999999986,0.028368736100885476,0.27820226588374847,-0.3138128000000001,-0.3138128000000001,-0.09939577518752735,9.539747955117177,0.9727835657556022,43.662008798314275,-79.3942101403832,108.35175478987293,13.115395421852988,75.69760566015918,1.0,2.339093232345707,603.0,2.339093232345707,2.339093232345707,8.420735636444546,0.5970701915949171,1.0334663657586998,0.051754789872934505,2.339093232345707,8.420735636444546,-0.5514772364745676,-0.21779114459177895,0.21779114459177895,2.591819495572033,0.0,0.0,0.0,7.623022373085302,0.0012642459344882034,4.551285364157533,14632.749377446726,4.064652604846312,0.5415395630155841,249440.01119133885,1783556855440011.2,1783556855517548.0
604.0,309.70716591735436,24288.0,213.23538143996646,-739.732282745731,13.558276701017272,771.233106804069,0.21323538143996645,-0.739732282745731,0.013558276701017273,0.7712331068040691,0.7709245879668798,0.7709245879668798,7.560187610585401,-0.22907541203312023,-2.246462389414598,2.091124753398247,1.1710788010419502,0.9200459523562969,-0.3138128000000001,-7.2542955905884225,-9.566795011979023,2.3124994213906005,-0.17161637499999927,0.132961274210031,0.9169217749999999,-0.7839605007899689,0.12267702799305485,0.21323538143996645,2.091124753398247,-0.3138128000000001,-0.3138128000000001,0.0,7.560187610585401,0.7709245879668798,43.66201731198496,-79.39421414559298,108.4,12.792848241253724,76.6387068176902,1.0,1.991933853536929,604.0,1.991933853536929,1.991933853536929,7.170961872732946,0.5940207989975692,0.03661473464182944,0.0,1.991933853536929,7.170961872732946,-0.6995428359310953,-0.21779114459177895,0.21779114459177895,0.0,0.0,0.0,0.0,7.522167645800702,0.001241205792656051,4.4683408535617835,14639.486317165922,4.066523976990533,0.6306007834205102,250335.3754035537,1783556856335375.5,1783556856020799.0
605.0,329.02086364784327,24288.0,110.41834352177567,-1032.8460483025622,83.42841849072703,1050.7136739629082,0.11041834352177568,-1.032846048302562,0.08342841849072703,1.0507136739629082,1.0504146607979892,1.0504146607979892,10.3010489333146,0.05041466079798923,0.49439893331460105,1.0828340484978214,1.1487961335303385,-0.0659620850325171,-0.3138128000000001,-10.128759699586322,-9.57793634573483,-0.5508233538514915,-0.17161637499999927,0.8181533001920881,0.9169217749999999,-0.09876847480791173,0.2591583665016761,0.11041834352177568,1.0828340484978214,-0.3138128000000001,-0.3138128000000001,0.0,10.3010489333146,1.0504146607979892,43.66202583273397,-79.39421812194252,108.4,12.472625232916792,77.58059041231044,1.0,1.8576224177714853,605.0,1.8576224177714853,1.8576224177714853,6.687440703977347,0.5945888489308189,1.036614734641809,0.0,1.8576224177714853,6.687440703977347,-0.4308913283882354,-0.21779114459177895,0.21779114459177895,0.0,0.0,0.0,0.0,7.991258736278818,0.0013199203507224724,4.751713262600901,14642.302036436517,4.067306121232365,0.7185135318974167,250673.36511383727,1783556856673365.0,1783556856588849.0
606.0,349.03797063335423,24288.0,39.27775548667802,-1201.871638333184,134.8625672333363,1210.3891786731858,0.039277755486678015,-1.201871638333184,0.13486256723333634,1.2103891786731857,1.2101761638132222,1.2101761638132222,11.867774076858936,0.21017616381322227,2.061124076858936,0.3851832008434309,1.132668075,-0.7474848741565692,-0.3138128000000001,-11.786334502060118,-9.586000375,-2.200334127060119,-0.20968140231458857,1.3225499949587975,0.9169217749999999,0.40562821995879766,0.35794272500000013,0.039277755486678015,0.3851832008434309,-0.3138128000000001,-0.3138128000000001,0.0,11.867774076858936,1.2101761638132222,43.66203407016136,-79.39422289764792,108.4,12.088028572815718,78.49115563703542,1.0,1.7329205757844017,606.0,1.7329205757844017,1.7408254582902651,6.266971649844955,0.595,1.7329205757844017,0.0,1.7408254582902651,6.266971649844955,-0.2152365743168621,-0.21040562450136716,0.21040562450136716,0.0,0.0,0.0,0.0,8.477434230742908,0.0014011314909144529,5.044073367292031,14645.282411214757,4.068134003115209,0.796427702120009,251020.64550076702,1783556857020645.5,1783556857172513.5
607.0,370.8983507935377,24288.0,51.14481900220616,-1045.7260657604452,137.9854786847911,1056.1173529713199,0.05114481900220617,-1.0457260657604452,0.1379854786847911,1.05611735297132,1.0561907841881908,1.0561907841881908,10.357693353759121,0.05619078418819071,0.5510433537591204,0.501559339267985,1.132668075,-0.631108735732015,-0.3138128000000001,-10.255069522789668,-9.586000375,-0.6690691477896695,-0.34749525044892904,1.3531752945442066,0.9169217749999999,0.4362535195442067,0.35794272500000013,0.05114481900220617,0.501559339267985,-0.3138128000000001,-0.3138128000000001,0.0,10.357693353759121,1.0561907841881908,43.66204156514885,-79.39422976805311,108.4,11.534741744643398,79.31965155333108,1.0,1.6334005270488063,607.0,1.6334005270488063,1.6699249155431852,6.0117296959554665,0.595,1.6334005270488063,0.0,1.6699249155431852,6.0117296959554665,-0.13845900066536804,-0.1836664621799723,0.1836664621799723,0.0,0.0,0.0,0.0,9.008379144073443,0.0014888848863121385,5.359985590723698,14648.694263227819,4.069081739785505,0.8481407512321589,251392.27196349014,1783556857392272.0,1783556857797095.8
608.0,395.22983676119554,24288.0,122.95571335815548,-1064.7889661542386,41.274123403040086,1075.3292926318475,0.12295571335815547,-1.0647889661542385,0.041274123403040076,1.0753292926318474,1.0752361144372278,1.0752361144372278,10.544464241645839,0.07523611443722775,0.7378142416458393,1.2057836464037552,1.132668075,0.07311557140375535,0.07952072571924886,-10.442012714936464,-9.564376978554302,-0.8776357363821611,-0.12940434964037528,0.40476088227042295,0.9062319928913927,-0.5014711106209698,0.35794272500000013,0.12295571335815547,1.2057836464037552,0.07952072571924886,0.07952072571924886,0.4456781590745651,10.544464241645839,1.0752361144372278,43.66204891934704,-79.39423691934705,108.4,10.958834410422766,80.13258462237393,1.0,1.6198545106245186,608.0,1.6198545106245186,1.6468918859504682,5.928810789421686,0.597950272064674,0.675136061018856,0.0,1.6468918859504682,5.928810789421686,-0.06698105082022016,-0.126515488414136,0.126515488414136,0.0,0.0,0.0,0.0,9.599342275255918,0.0015944003332479311,5.739841199692552,14657.896269801862,4.071637852722739,0.8372454303047371,252356.91762430378,1783556858356917.5,1783556858409945.5
609.0,403.9573568711627,24288.0,217.43641860929958,-910.037649468374,57.051863844653006,937.8386482004665,0.21743641860929958,-0.910037649468374,0.05705186384465301,0.9378386482004667,0.9375354791106522,0.9375354791106522,9.194082306220476,-0.062464520889347876,-0.6125676937795234,2.1323228545548876,1.0931626841737254,1.0391601703811622,0.20103632500000002,-8.924420715159028,-9.561483749999999,0.6370630348409706,-0.17161637499999927,0.5594876605721665,0.9169217749999999,-0.3574341144278335,0.3545275373781342,0.21743641860929958,2.1323228545548876,0.20103632500000002,0.20103632500000002,0.0,9.194082306220476,0.9375354791106522,43.66205622743002,-79.39424415635814,108.4,10.376024110249253,80.94042011438715,1.0,1.651726520060961,609.0,1.651726520060961,1.651726520060961,5.94621547221946,0.594,0.028244175068380742,0.0,1.651726520060961,5.94621547221946,0.004834634110492845,-0.0553156637522119,0.056587502316621324,0.0,0.0,0.0,0.0,9.8113162836868,0.001618867186808322,5.827921872509959,14667.19229492384,4.074220081923288,0.8087587345823181,253310.44333950977,1783556859310443.2,1783556859014214.5
610.0,402.4475542752631,24288.0,162.0769900929796,-946.7761793019317,94.29366121017736,967.5314325864928,0.1620769900929796,-0.9467761793019317,0.09429366121017736,0.9675314325864928,0.967662059013407,0.967662059013407,9.489523131023827,-0.032337940986593025,-0.3171268689761725,1.5894323148953182,1.083291947089006,0.5061403678063123,0.20103632500000002,-9.284702618751288,-9.561483749999999,0.2767811312487109,-0.17161637499999927,0.9247049327067858,0.9169217749999999,0.007783157706785837,0.23361100809032093,0.1620769900929796,1.5894323148953182,0.20103632500000002,0.20103632500000002,0.0,9.489523131023827,0.967662059013407,43.662064279710535,-79.39424969230099,108.4,9.93020407850585,81.83051920224888,1.0,1.82289930520296,610.0,1.82289930520296,1.82289930520296,6.562437498730656,0.594,1.028244175068401,0.0,1.82289930520296,6.562437498730656,0.17600741925249186,-0.004235960554655652,0.05053791811989455,0.0,0.0,0.0,0.0,9.77464619823759,0.0016128166227092023,5.8061398417531285,14670.103826368335,4.07502884065787,0.8087587345823181,253609.3842534979,1783556859609384.2,1783556859517482.0
611.0,396.0738447326475,24288.0,144.72308225257186,-1024.8153881683813,160.42770332198182,1047.686159886248,0.14472308225257183,-1.0248153881683812,0.16042770332198183,1.0476861598862481,1.0473523686436772,1.0473523686436772,10.271018105959515,0.047352368643677104,0.46436810595951605,1.4192486145721834,1.0642025673618543,0.3550460472103293,0.11277647499999977,-10.050005826381454,-9.561483749999999,-0.488522076381455,-0.16971543020052787,1.573258336782513,0.9169217749999999,0.6563365617825131,0.1417438190953639,0.14472308225257183,1.4192486145721834,0.11277647499999977,0.11277647499999977,-0.1443841145721841,10.271018105959515,1.0473523686436772,43.66207235076248,-79.39425516615064,108.4018461183162,9.489384530034176,82.72269328470527,1.0,1.9915615321612996,611.0,1.9915615321612996,1.9915615321612996,7.169621515780679,0.5999076940841906,0.04122944337598339,0.0018461183161875758,1.9915615321612996,7.169621515780679,0.3383905760580501,0.04557699386699686,0.04557699386699686,0.08266308148483835,0.0,0.0,0.0,9.619841540866542,0.001603057820579626,5.771008154086654,14678.772861473562,4.077436905964878,0.7630418876102002,254506.9844039813,1783556860506984.5,1783556860018461.2
612.0,397.8649126346344,24288.0,138.0065776201211,-1020.3377184134141,146.54692708158365,1040.0741213028039,0.1380065776201211,-1.020337718413414,0.14654692708158365,1.040074121302804,1.0401279381662623,1.0401279381662623,10.200170644818176,0.0401279381662623,0.3935206448181761,1.3533822044183608,1.0685936613721092,0.28478854304625145,0.11277647499999977,-10.006094886278905,-9.561483749999999,-0.4446111362789064,-0.12360894309285231,1.437134422464612,0.9169217749999999,0.5202126474646123,0.1307660840697267,0.1380065776201211,1.3533822044183608,0.11277647499999977,0.11277647499999977,-0.07851770441836094,10.200170644818176,1.0401279381662623,43.66208085833502,-79.39425919605343,108.44662281586587,9.16484877627937,83.6631203523978,1.0,2.101841955483979,612.0,2.101841955483979,2.101841955483979,7.566631039742325,0.597668859206707,1.0412294433760036,0.0466228158658566,2.101841955483979,7.566631039742325,0.2963752214455118,0.0659323245729841,0.0659323245729841,2.087615724939447,0.0,0.0,0.0,9.66334299807,0.0016042661943908333,5.775358299807,14681.361198177168,4.078155888382547,0.7429424526622727,254773.40575440187,1783556860773405.8,1783556860466228.2
613.0,399.65598053662126,24288.0,131.29007298767038,-1015.8600486584469,132.66615084118544,1032.4620827193598,0.13129007298767037,-1.0158600486584468,0.13266615084118547,1.0324620827193598,1.0329035076888475,1.0329035076888475,10.129323183676835,0.03290350768884749,0.3226731836768362,1.2875157942645377,1.0729847553823642,0.21453103888217356,0.11277647499999977,-9.962183946176356,-9.561483749999999,-0.40070019617635777,-0.07750245598517672,1.3010105081467114,0.9169217749999999,0.3840887331467114,0.11978834904408951,0.13129007298767037,1.2875157942645377,0.11277647499999977,0.11277647499999977,-0.012651294264537732,10.129323183676835,1.0329035076888475,43.66208936590755,-79.39426322595621,108.49139951341553,8.840313022524567,84.60354742009032,1.0,2.2121223788066584,613.0,2.2121223788066584,2.2121223788066584,7.963640563703971,0.5954300243292234,2.041229443376024,0.09139951341552562,2.2121223788066584,7.963640563703971,0.2543598668329735,0.08628765527897136,0.08628765527897136,4.092568368394057,0.0,0.0,0.0,9.706844455273458,0.0016054745682020407,5.779708445527346,14683.949534880774,4.078874870800215,0.7228430177143451,255039.8271048224,1783556861039827.0,1783556860913995.2
614.0,397.21738625627296,24288.0,138.69566794914704,-1002.8260648711941,112.95649081967181,1018.8260648711941,0.13869566794914703,-1.0028260648711942,0.11295649081967182,1.0188260648711942,1.0189826077750916,1.0189826077750916,9.992805790537602,0.01898260777509172,0.1861557905376032,1.3601398720935027,1.073828175,0.2863116970935027,0.14347560895366085,-9.834364229069095,-9.563189257441868,-0.27117497162722626,-0.06864655000000042,1.1077247706967346,0.9152162675581299,0.19250850313860474,0.11085777023251973,0.13869566794914703,1.3601398720935027,0.14347560895366085,0.14347560895366085,0.05133634440411552,9.992805790537602,1.0189826077750916,43.66209760870764,-79.39426817392062,108.5,8.441844015809131,85.51470654232153,1.0,2.264426469954343,614.0,2.264426469954343,2.264426469954343,8.151935291835635,0.5960434801538976,2.264426469954343,0.06521732820340816,2.264426469954343,8.151935291835635,0.1917455775146459,0.09019740651654473,0.09019740651654473,2.920216579961613,0.0,0.0,0.0,9.647615877392358,0.0015972961980754935,5.750266313071776,14686.427039752652,4.0795630665979585,0.7123553113918478,255299.0003773436,1783556861299000.5,1783556861347826.8
615.0,393.77323744477155,24288.0,149.45863298508888,-987.7579138208755,91.86107934922578,1003.7579138208755,0.14945863298508888,-0.9877579138208755,0.09186107934922577,1.0037579138208756,1.003469697697365,1.003469697697365,9.840676110923864,0.0034696976973650345,0.034026110923864816,1.4656885031632219,1.073828175,0.3918603281632218,0.18147311613875988,-9.686596145571489,-9.565300230063263,-0.1212959155082261,-0.06864655000000042,0.9008494538000849,0.9131052949367355,-0.01225584113665057,0.10241387974694227,0.14945863298508888,1.4656885031632219,0.18147311613875988,0.18147311613875988,0.1148773263189968,9.840676110923864,1.003469697697365,43.662105788561064,-79.39427334014384,108.5,8.02579821115746,86.41890754026115,1.0,2.3029473413069135,615.0,2.3029473413069135,2.3029473413069135,8.29061042870489,0.5973350359582107,2.3029473413069135,0.022165468059643187,2.3029473413069135,8.29061042870489,0.12423412354405805,0.09019740651654473,0.09019740651654473,0.9924964593535281,0.0,0.0,0.0,9.563964391058612,0.0015868862353317383,5.712790447194258,14688.878195605204,4.0802439432236675,0.7041526852613056,255556.45050100333,1783556861556450.5,1783556861778345.2
616.0,397.0361325231727,24288.0,169.3490142368918,-965.5542988424256,105.07246516167861,987.6265638887711,0.1693490142368918,-0.9655542988424256,0.1050724651616786,0.987626563888771,0.9883684101729493,0.9883684101729493,9.692583069622554,-0.011631589827050707,-0.1140669303774468,1.6607465104662151,1.073828175,0.5869183354662151,0.11277647499999977,-9.468853064743072,-9.561483749999999,0.09263068525692683,-0.035622845107535835,1.0304088904777753,0.9129636810991628,0.11744520937861258,0.08483326461172022,0.1693490142368918,1.6607465104662151,0.11277647499999977,0.11277647499999977,-0.11974065582364533,9.692583069622554,0.9883684101729493,43.66211366269641,-79.39427927714942,108.5,7.547679832691666,87.28931446118787,1.0,2.3601545254552327,616.0,2.3601545254552327,2.3601545254552327,8.496556291638838,0.5957710939814618,0.48514493948403986,0.0,2.3601545254552327,8.496556291638838,0.10960152164299583,0.09061943916295283,0.09061943916295283,0.0,0.0,0.0,0.0,9.643213586722819,0.0015958534216762288,5.745072318034423,14696.99402191167,4.082498339419908,0.671277163331325,256399.4713237239,1783556862399471.2,1783556862192773.5
617.0,395.04937063330857,24288.0,106.16998613921307,-979.0642796935016,134.07918875369464,997.1630209601187,0.10616998613921307,-0.9790642796935016,0.13407918875369462,0.9971630209601187,0.9976807030385489,0.9976807030385489,9.783905466452985,-0.00231929696145111,-0.0227445335470145,1.0411718945721138,1.073828175,-0.032656280427886264,0.11277647499999977,-9.601340718456276,-9.561483749999999,-0.039856968456277425,-0.01808771446902282,1.3148676763914193,0.9149120289478864,0.39995564744353296,0.05755639472958999,0.10616998613921307,1.0411718945721138,0.11277647499999977,0.11277647499999977,-0.06079904023200719,9.783905466452985,0.9976807030385489,43.66212121239159,-79.39428603213985,108.5,7.003687575831018,88.12385776662671,1.0,2.4371923662223907,617.0,2.4371923662223907,2.4371923662223907,8.773892518400606,0.5973605034933531,1.48514493948406,0.0,2.4371923662223907,8.773892518400606,0.15108605581105433,0.09148934960014495,0.09148934960014495,0.0,0.0,0.0,0.0,9.5949591139418,0.0015920922536033525,5.7315321129720695,14699.265910046463,4.08312941945735,0.6514903705687264,256637.48539812962,1783556862637485.5,1783556862590125.8
618.0,393.06260874344446,24288.0,42.99095804153433,-992.5742605445776,163.08591234571065,1006.6994780314665,0.0429909580415343,-0.9925742605445775,0.16308591234571068,1.0066994780314664,1.0069929959041486,1.0069929959041486,9.875227863283417,0.0069929959041484906,0.06857786328341783,0.42159727867801267,1.073828175,-0.6522308963219874,0.11277647499999977,-9.73382837216948,-9.561483749999999,-0.1723446221694817,-0.0005525838305098091,1.5993264623050634,0.9168603767966099,0.6824660855084533,0.030279524847459757,0.0429909580415343,0.42159727867801267,0.11277647499999977,0.11277647499999977,-0.001857424640369032,9.875227863283417,1.0069929959041486,43.66212876208677,-79.39429278713028,108.5,6.459695318970368,88.95840107206556,1.0,2.514230206989549,618.0,2.514230206989549,2.514230206989549,9.051228745162376,0.5989499130052444,2.48514493948408,0.0,2.514230206989549,9.051228745162376,0.1925705899791128,0.09235926003733708,0.09235926003733708,0.0,0.0,0.0,0.0,9.54670464116078,0.0015883310855304765,5.717991907909715,14701.537798181256,4.083760499494792,0.6317035778061277,256875.49947253536,1783556862875499.5,1783556862987478.2
619.0,390.16073663470877,24288.0,116.98550643636227,-937.5467772231492,98.47430940496055,950.1818232628185,0.11698550643636227,-0.9375467772231492,0.09847430940496055,0.9501818232628185,0.9499884627079922,0.9499884627079922,9.31620435781533,-0.05001153729200779,-0.49044564218466813,1.147235916694152,1.0809861265101544,0.06624979018399765,0.14498725679569366,-9.194193102855396,-9.561483749999999,0.3672906471446027,0.0,0.9657030863261562,0.9169217749999999,0.0487813113261563,0.09806650000000006,0.11698550643636227,1.147235916694152,0.14498725679569366,0.14498725679569366,0.05404493589881524,9.31620435781533,0.9499884627079922,43.66213629907921,-79.3942995691713,108.53649539603308,5.913524626751692,89.7915402154379,1.0,2.5666806731001786,619.0,2.5666806731001786,2.549839256985331,9.179421325147192,0.5953649539603306,0.9684870422752361,0.03649539603306822,2.549839256985331,9.179421325147192,0.15630274622305484,0.09238667348816865,0.09238667348816865,1.3752521959215311,0.0,0.0,0.0,9.476223971383806,0.0015671448843480554,5.641721583652999,14709.339649781065,4.0859276804947395,0.6176323567739701,257695.5125603571,1783556863695512.5,1783556863364954.0
620.0,384.13147335042845,24288.0,112.84038792841957,-963.9248040918754,104.12674373397331,976.1830211762773,0.11284038792841956,-0.9639248040918754,0.10412674373397332,0.9761830211762773,0.9761199195538867,0.9761199195538867,9.572466409093122,-0.023880080446113318,-0.23418359090687724,1.1065861902782357,1.0883769858585026,0.01820920441973299,0.1782461238632616,-9.45287318004759,-9.561483749999999,0.10861056995240859,0.0,1.0211345314387694,0.9169217749999999,0.10421275643876939,0.09806650000000006,0.11284038792841956,1.1065861902782357,0.1782461238632616,0.1782461238632616,0.10984840413298966,9.572466409093122,0.9761199195538867,43.66214383565831,-79.39430635209249,108.57417829155982,5.367283051869286,90.6246336697118,1.0,2.618331106929226,620.0,2.618331106929226,2.584100283027071,9.302761018897456,0.5957417829155982,1.968487042275244,0.0741782915598179,2.584100283027071,9.302761018897456,0.11750496939451407,0.09238667348816865,0.09238667348816865,2.7952528112015305,0.0,0.0,0.0,9.329785224735208,0.0015439079026749963,5.558068449629986,14711.412490239876,4.086503469511076,0.6037471109407073,257920.10261769654,1783556863920102.5,1783556863741783.0
621.0,380.7242657781572,24288.0,106.49938207224015,-980.3100465176332,107.396445184869,991.9479136285546,0.10649938207224015,-0.9803100465176332,0.10739644518486899,0.9919479136285546,0.9919502159489,0.9919502159489,9.72770858523528,-0.00804978405109998,-0.07894141476471961,1.0444021651987339,1.0981765556622436,-0.05377439046350988,0.20103632500000002,-9.613557517682146,-9.561483749999999,-0.0520737676821477,0.0,1.0531993491721954,0.9163298899172195,0.13686945925497593,0.08978010884107375,0.10649938207224015,1.0444021651987339,0.20103632500000002,0.20103632500000002,0.13021127266770488,9.72770858523528,0.9919502159489,43.662151293508295,-79.3943132935083,108.6,4.808277602950575,91.44902440711463,1.0,2.6481534762399503,621.0,2.6481534762399503,2.6131476114251817,9.407331401130655,0.5958792890369737,2.6481534762399503,0.08792890369737483,2.6131476114251817,9.407331401130655,0.08551475756835097,0.09238667348816865,0.09238667348816865,3.31341569180997,0.0,0.0,0.0,9.247030967219883,0.0015305829919181216,5.510098770905238,14713.506229802902,4.087085063834138,0.5931192678485793,258145.8230230006,1783556864145823.0,1783556864120711.0
622.0,383.0252523027516,24288.0,95.37794720336719,-974.9410779602463,105.47895641437366,985.4284518088705,0.09537794720336719,-0.9749410779602462,0.10547895641437365,0.9854284518088704,0.9853549692834527,0.9853549692834527,9.663031309523571,-0.014645030716547333,-0.1436186904764289,0.9353381459419008,1.1132198686631862,-0.17788172272128536,0.20103632500000002,-9.560905922178847,-9.561483749999999,0.0005778278211513166,0.0,1.0343952079210172,0.9144494757921017,0.11994573212891566,0.06345431108942441,0.09537794720336719,0.9353381459419008,0.20103632500000002,0.20103632500000002,0.07342024204334131,9.663031309523571,0.9853549692834527,43.66215857996563,-79.39432057996562,108.6,4.221485303396507,92.25446940021368,1.0,2.630456325481429,622.0,2.630456325481429,2.630844762183703,9.471041143861331,0.5954957912828747,2.630456325481429,0.04957912828747025,2.630844762183703,9.471041143861331,0.06834455974212972,0.09238667348816865,0.09238667348816865,1.868285111564152,0.0,0.0,0.0,9.302917327929231,0.0015388365794488078,5.539811686015708,14715.645466546921,4.087679296263032,0.5895827642016424,258374.00418668953,1783556864374004.2,1783556864504208.8
623.0,385.326238827346,24288.0,84.25651233449423,-969.5721094028593,103.56146764387832,978.9089899891862,0.08425651233449423,-0.9695721094028592,0.10356146764387832,0.9789089899891863,0.9787597226180054,0.9787597226180054,9.598354033811862,-0.021240277381994688,-0.2082959661881382,0.8262741266850677,1.1282631816641286,-0.3019890549790608,0.20103632500000002,-9.508254326675548,-9.561483749999999,0.05322942332445034,0.0,1.0155910666698393,0.9125690616669838,0.1030220050028554,0.037128513337775074,0.08425651233449423,0.8262741266850677,0.20103632500000002,0.20103632500000002,0.016629211418977746,9.598354033811862,0.9787597226180054,43.66216586642295,-79.39432786642296,108.6,3.6346930038424388,93.05991439331271,1.0,2.6127591747229078,623.0,2.6127591747229078,2.6485419129422243,9.534750886592008,0.5951122935287756,2.6127591747229078,0.011229352877565671,2.6485419129422243,9.534750886592008,0.051174361915908455,0.09238667348816865,0.09238667348816865,0.4231545313183336,0.0,0.0,0.0,9.35880368863858,0.0015470901669794941,5.5695246011261785,14717.784703290941,4.088273528691927,0.5860462605547055,258602.18535037848,1783556864602185.2,1783556864887706.5
624.0,386.0590817727199,24288.0,127.12225616485144,-958.6624748749796,63.32494974995926,970.1181635454398,0.12712225616485143,-0.9586624748749796,0.06332494974995925,0.9701181635454397,0.9700512975294385,0.9700512975294385,9.512953556917068,-0.02994870247056145,-0.2936964430829314,1.2466434734190404,1.104365319825042,0.14227815359399837,0.22875968590851486,-9.401267359232719,-9.561483749999999,0.1602163907672805,0.07117063678330578,0.6210056184654379,0.9120184499999999,-0.2910128315345621,0.04708855748313793,0.12712225616485143,1.2466434734190404,0.22875968590851486,0.22875968590851486,0.026907865284128224,9.512953556917068,0.9700512975294385,43.66217340508965,-79.39433463293399,108.6,3.0897729704071843,93.89323861027334,1.0,2.643611319485164,624.0,2.643611319485164,2.677880531099981,9.640369911959931,0.5991983034488702,0.7071859546101609,0.0,2.677880531099981,9.640369911959931,0.05842585546709688,0.0918231885235576,0.0918231885235576,0.0,0.0,0.0,0.0,9.37660297809582,0.001560606840096867,5.6181846243487215,14725.472003176461,4.090408889771238,0.5747513215598169,259422.88682162444,1783556865422886.8,1783556865257385.2
625.0,388.97073712913163,24288.0,96.18591800297641,-966.669527105112,79.33905421022398,975.9414742582633,0.0961859180029764,-0.966669527105112,0.07933905421022398,0.9759414742582633,0.9758107966794687,0.9758107966794687,9.56943494925671,-0.024189203320531365,-0.2372150507432889,0.9432616327838885,1.099011522637363,-0.15574988985347438,0.20555989809523853,-9.479789717985346,-9.561483749999999,0.08169403201465325,0.07473983490842513,0.778050335970693,0.9120184499999999,-0.13396811402930697,0.07207294435897395,0.0961859180029764,0.9432616327838885,0.20555989809523853,0.20555989809523853,-0.03887346175280609,9.56943494925671,0.9758107966794687,43.66218104818496,-79.39434118415853,108.6,2.5621903678866147,94.73810636577292,1.0,2.694565554128577,625.0,2.694565554128577,2.7120393597571426,9.763341695125714,0.5966506050120098,1.7071859546101513,0.0,2.7120393597571426,9.763341695125714,0.07578927813800782,0.09102638966048958,0.09102638966048958,0.0,0.0,0.0,0.0,9.447321263392348,0.0015656749838764516,5.6364299419552255,14727.530329588302,4.090980647107861,0.5732839638305198,259639.07723183802,1783556865639077.2,1783556865621342.2
626.0,391.8823924855434,24288.0,65.24957984110137,-974.6765793352444,95.35315867048871,981.7647849710868,0.06524957984110137,-0.9746765793352443,0.09535315867048871,0.9817647849710868,0.9815702958294987,0.9815702958294987,9.625916341596353,-0.018429704170501278,-0.18073365840364639,0.6398797921487368,1.0936577254496838,-0.45377793330094707,0.1823601102819622,-9.558312076737973,-9.561483749999999,0.0031716732620259702,0.0783090330335445,0.9350950534759481,0.9120184499999999,0.023076603475948143,0.09705733123480997,0.06524957984110137,0.6398797921487368,0.1823601102819622,0.1823601102819622,-0.10465478878974041,9.625916341596353,0.9815702958294987,43.66218869128027,-79.39434773538309,108.6,2.0346077653660446,95.5829741212725,1.0,2.7455197887719907,626.0,2.7455197887719907,2.7461981884143047,9.886313478291497,0.5941029065751495,2.7071859546101416,0.0,2.7461981884143047,9.886313478291497,0.09315270080891876,0.09022959079742156,0.09022959079742156,0.0,0.0,0.0,0.0,9.51803954868888,0.0015707431276560362,5.6546752595617304,14729.588656000142,4.091552404444483,0.5718166061012226,259855.2676420516,1783556865855267.8,1783556865985299.0
627.0,396.31519310467144,24288.0,136.83218962153626,-952.1519310467141,83.46257583087906,966.6031758663499,0.13683218962153623,-0.952151931046714,0.08346257583087907,0.9666031758663499,0.9662450815790715,0.9662450815790715,9.4756273292674,-0.03375491842092847,-0.3310226707325981,1.3418653923520383,1.0770525846149814,0.26481280773705684,0.11277647499999977,-9.337420734599258,-9.561483749999999,0.22406301540074158,0.07200438077003742,0.8184882692718901,0.9170551961550555,-0.09856692688316546,0.07456168460974064,0.13683218962153623,1.3418653923520383,0.11277647499999977,0.11277647499999977,-0.07586846152897596,9.4756273292674,0.9662450815790715,43.662196532875846,-79.3943538208586,108.6,1.544532820407759,96.44978409607326,1.0,2.766405798304117,627.0,2.766405798304117,2.766405798304117,9.95906087389482,0.5953424034476643,0.9596080235946829,0.0,2.766405798304117,9.95906087389482,0.08054596289310038,0.0884450059716969,0.0884450059716969,0.0,0.0,0.0,0.0,9.62570341012626,0.0015918273515347745,5.730578465525188,14737.366807946042,4.093713002207233,0.570036256108702,260663.07245480793,1783556866663072.5,1783556866342403.5
628.0,395.6015612065519,24288.0,156.45706681982293,-945.0156120655189,101.66018923292671,964.1054642229316,0.1564570668198229,-0.9450156120655189,0.10166018923292672,0.9641054642229316,0.9639120611834066,0.9639120611834066,9.452748214804254,-0.036087938816593425,-0.3539017851957459,1.5343196943286164,1.075303000051558,0.4590166942770582,0.11277647499999977,-9.26743735206232,-9.561483749999999,0.29404639793767895,0.07550354989688422,0.9969458947410808,0.9223039498453258,0.07464194489575482,0.05006750072181251,0.1564570668198229,1.5343196943286164,0.11277647499999977,0.11277647499999977,-0.0347017659190126,9.452748214804254,0.9639120611834066,43.66220438282673,-79.39435988672973,108.6,1.0560366538485946,97.31751766632392,1.0,2.78602617123319,628.0,2.78602617123319,2.78602617123319,10.029694216439484,0.595699219396724,1.959608023594683,0.0,2.78602617123319,10.029694216439484,0.06667771612208506,0.08661884309919052,0.08661884309919052,0.0,0.0,0.0,0.0,9.608370718584734,0.0015899135335103976,5.723688720637432,14739.407039067395,4.094279733074275,0.5682427315951266,260875.73476044752,1783556866875734.8,1783556866699219.5
629.0,394.6750988108784,24288.0,170.88814227070975,-941.0035573329164,116.8375494054392,963.6245059456079,0.17088814227070973,-0.9410035573329163,0.11683754940543922,0.9636245059456079,0.9635582545791082,0.9635582545791082,9.44927855726821,-0.03644174542089186,-0.35737144273178917,1.6758402003990553,1.0735626589794751,0.6022775414195803,0.1109178628563253,-9.228092535518844,-9.561483749999999,0.33339121448115555,0.07792216795895038,1.1457849538768503,0.9275249730615748,0.21825998081527562,0.029419950000000084,0.17088814227070973,1.6758402003990553,0.1109178628563253,0.1109178628563253,-0.003092532684982485,9.44927855726821,0.9635582545791082,43.662212245454555,-79.39436592055337,108.6,0.5701213342972544,98.1866525467289,1.0,2.807848556761378,629.0,2.807848556761378,2.807848556761378,10.108254804340959,0.5962707509909346,2.807848556761378,0.0,2.807848556761378,10.108254804340959,0.057293048411132586,0.08410660532771368,0.08410660532771368,0.0,0.0,0.0,0.0,9.585868799918616,0.0015877044079938547,5.715735868777878,14741.434346047974,4.094842873902214,0.5661119229303705,261087.54426911034,1783556867087544.2,1783556867054150.2
630.0,392.6062273775812,24288.0,157.44047795427772,-953.7615978382494,115.80311368879059,973.968863112094,0.1574404779542777,-0.9537615978382493,0.1158031136887906,0.9739688631120941,0.9738282624592611,0.9738282624592611,9.549992930046113,-0.02617173754073889,-0.25665706995388704,1.5439636631303173,1.0718719341426963,0.472091728987621,0.09908278899887452,-9.353206173440467,-9.561483749999999,0.2082775765595322,0.07454071828539306,1.1356406048561782,0.9325971475719108,0.20304345728426743,0.029419950000000084,0.1574404779542777,1.5439636631303173,0.09908278899887452,0.09908278899887452,-0.02278483527641473,9.549992930046113,0.9738282624592611,43.662220176128386,-79.39437178235576,108.6,0.09805921238604698,99.06330923158941,1.0,2.8414906726529354,630.0,2.8414906726529354,2.8414906726529354,10.229366421550568,0.5979948105186823,2.8414906726529354,0.0,2.8414906726529354,10.229366421550568,0.0719748622335325,0.0779117272669994,0.0779117272669994,0.0,0.0,0.0,0.0,9.535620050546692,0.0015839101621500766,5.702076583740276,14743.39228019246,4.095386744497904,0.5621706760672139,261294.7762243456,1783556867294776.2,1783556867398962.0
631.0,390.53735594428395,24288.0,143.9928136378457,-966.5196383435823,114.76867797214197,984.3132202785803,0.1439928136378457,-0.9665196383435822,0.11476867797214198,0.9843132202785803,0.9840982703394141,0.9840982703394141,9.650707302824015,-0.015901729660585923,-0.15594269717598488,1.4120871258615793,1.0701812093059175,0.34190591655566166,0.08724771514142374,-9.47831981136209,-9.561483749999999,0.08316393863790883,0.07115926861183573,1.1254962558355062,0.937669322082247,0.1878269337532592,0.029419950000000084,0.1439928136378457,1.4120871258615793,0.08724771514142374,0.08724771514142374,-0.04247713786784697,9.650707302824015,0.9840982703394141,43.66222810680221,-79.39437764415815,108.6,-0.3740029095251606,99.93996591644995,1.0,2.8751327885444935,631.0,2.8751327885444935,2.8751327885444935,10.350478038760176,0.59971887004643,2.8751327885444935,0.0,2.8751327885444935,10.350478038760176,0.08665667605593241,0.0717168492062851,0.0717168492062851,0.0,0.0,0.0,0.0,9.48537130117477,0.0015801159163062984,5.688417298702674,14745.350214336946,4.095930615093595,0.5582294292040575,261502.00817958088,1783556867502008.2,1783556867743774.0
632.0,396.3384663805776,24288.0,152.98460085826716,-981.9692017165344,85.9615808300541,997.1384349068231,0.15298460085826715,-0.9819692017165343,0.08596158083005412,0.9971384349068231,0.9975825333882876,0.9975825333882876,9.78294275105225,-0.0024174666117124243,-0.023707248947749643,1.5002664360067255,1.0644364276663862,0.43583000834033925,0.0784532,-9.62982827201345,-9.561483749999999,-0.06834452201345131,0.07845320000000022,0.8429951366470501,0.9638805116680679,-0.12088537502101772,-0.0981420069966371,0.15298460085826715,1.5002664360067255,0.0784532,0.0784532,0.0,9.78294275105225,0.9975825333882876,43.66223603079828,-79.39438352309871,108.6,-0.8474452002453637,100.81588444201196,1.0,2.91164343090502,632.0,2.91164343090502,2.9068368678812377,10.464612724372456,0.5959153834048556,0.25691083576236556,0.0,2.9068368678812377,10.464612724372456,0.09601580918258495,0.06711350244559489,0.06711350244559489,0.0,0.0,0.0,0.0,9.626268671451468,0.0015934539058444247,5.736434061039929,14753.026620543365,4.098062950150934,0.5437225653325042,262302.3468741109,1783556868302346.8,1783556868084616.5
633.0,397.65591326666646,24288.0,149.03226020000068,-974.0645204000014,97.4892410833314,989.8924770333346,0.14903226020000065,-0.9740645204000014,0.09748924108333139,0.9898924770333345,0.9903901378293952,0.9903901378293952,9.712409445144639,-0.009609862170604748,-0.09424055485536104,1.4615072144903363,1.0660513952295692,0.39545581926076717,0.0784532,-9.552309828980672,-9.561483749999999,0.009173921019327166,0.07845320000000022,0.9560428660698517,0.9558056738521534,0.000237192217698301,-0.11752161775483168,0.14903226020000065,1.4615072144903363,0.0784532,0.0784532,0.0,9.712409445144639,0.9903901378293952,43.6622439354796,-79.3943894516097,108.6,-1.324879492640934,101.68966791486366,1.0,2.95645100215955,633.0,2.95645100215955,2.9329353683037835,10.558567325893621,0.5955860216833334,1.256910835762352,0.0,2.9329353683037835,10.558567325893621,0.08997961521853788,0.06711350244559489,0.06711350244559489,0.0,0.0,0.0,0.0,9.658266821420796,0.0015978625398401984,5.7523051434247146,14754.93051046654,4.098591808462927,0.5431463718160103,262498.3170984166,1783556868498317.0,1783556868413978.2
634.0,398.9733601527553,24288.0,145.07991954173417,-966.1598390834683,109.01690133660867,982.646519159846,0.14507991954173416,-0.9661598390834684,0.10901690133660866,0.9826465191598459,0.9831977422705029,0.9831977422705029,9.641876139237027,-0.01680225772949707,-0.16477386076297243,1.4227479929739473,1.067666362792752,0.3550816301811951,0.0784532,-9.474791385947894,-9.561483749999999,0.08669236405210565,0.07845320000000022,1.0690905954926533,0.9477308360362391,0.1213597594564143,-0.13690122851302627,0.14507991954173416,1.4227479929739473,0.0784532,0.0784532,0.0,9.641876139237027,0.9831977422705029,43.66225184016092,-79.39439538012068,108.6,-1.8023137850365045,102.56345138771535,1.0,3.0012585734140793,634.0,3.0012585734140793,2.9590338687263293,10.652521927414785,0.5952566599618112,2.2569108357623384,0.0,2.9590338687263293,10.652521927414785,0.0839434212544908,0.06711350244559489,0.06711350244559489,0.0,0.0,0.0,0.0,9.690264971390121,0.0016022711738359723,5.7681762258095,14756.834400389715,4.09912066677492,0.5425701782995166,262694.2873227224,1783556868694287.2,1783556868743340.0
635.0,391.51861512508697,24288.0,125.3328364995526,-966.4445272500745,106.40692437456502,979.9259121249876,0.1253328364995526,-0.9664445272500746,0.10640692437456502,0.9799259121249876,0.9804188161543151,0.9804188161543151,9.614624183439714,-0.019581183845684823,-0.19202581656028503,1.2290952610583374,1.0741914519297453,0.15490380912859208,0.01470997499999993,-9.477583223156943,-9.550950546140509,0.07336732298356581,0.009806649999999806,1.043495464917828,0.9278182557892359,0.1156772091285921,-0.09316317499999993,0.1253328364995526,1.2290952610583374,0.01470997499999993,0.01470997499999993,-0.09919432758539663,9.614624183439714,0.9804188161543151,43.662259704021125,-79.39440140766963,108.6,-2.2877237922909375,103.43272249527617,1.0,3.0319670424459266,635.0,3.0319670424459266,2.97937150872536,10.725737431411297,0.5953704393750621,0.2207353039540333,0.0,2.97937150872536,10.725737431411297,0.0733689327149058,0.06711350244559489,0.06711350244559489,0.0,0.0,0.0,0.0,9.509204124158114,0.001572654820007666,5.6615573520275975,14764.398224130426,4.101221728925117,0.5420198041238521,263486.45272500743,1783556869486452.8,1783556869074088.0
636.0,393.8681039281785,24288.0,113.24975122651048,-968.4583747955816,94.65948035910742,979.5902708674031,0.11324975122651049,-0.9684583747955816,0.09465948035910741,0.979590270867403,0.9799568880538401,0.9799568880538401,9.61009421623319,-0.02004311194615996,-0.19655578376680954,1.1106006728654592,1.075837210099091,0.034763462766368214,0.01470997499999993,-9.49733232118909,-9.547659029801817,0.05032670861272821,0.009806649999999806,0.9282923930636408,0.9327555302972725,-0.0044631372336317865,-0.09316317499999993,0.11324975122651049,1.1106006728654592,0.01470997499999993,0.01470997499999993,-0.06323658607028411,9.61009421623319,0.9799568880538401,43.662267423770054,-79.39440778485353,108.6,-2.8012905687794167,104.28606354133868,1.0,3.01290126870251,636.0,3.01290126870251,2.97937150872536,10.725737431411297,0.5970486456629847,1.2207353039540507,0.0,2.97937150872536,10.725737431411297,0.04677284418826047,0.06711350244559489,0.06711350244559489,0.0,0.0,0.0,0.0,9.5662685082076,0.0015865925693657847,5.711733249716826,14766.344934832,4.101762481897777,0.5415605803007733,263687.83747955813,1783556869687837.5,1783556869409729.2
637.0,396.21759273127003,24288.0,101.16666595346838,-970.4722223410886,82.91203634364982,979.2546296098186,0.10116666595346839,-0.9704722223410885,0.08291203634364981,0.9792546296098186,0.9794949599533649,0.9794949599533649,9.605564249026665,-0.020505040046635094,-0.20108575097333403,0.9921060846725807,1.0774829682684364,-0.08537688359585566,0.01470997499999993,-9.517081419221237,-9.544367513463127,0.027286094241890615,0.009806649999999806,0.8130893212094534,0.9376928048053091,-0.12460348359585566,-0.09316317499999993,0.10116666595346839,0.9921060846725807,0.01470997499999993,0.01470997499999993,-0.0272788445551716,9.605564249026665,0.9794949599533649,43.662275143518976,-79.39441416203742,108.6,-3.314857345267896,105.13940458740119,1.0,2.9938354949590935,637.0,2.9938354949590935,2.97937150872536,10.725737431411297,0.5987268519509071,2.2207353039540685,0.0,2.97937150872536,10.725737431411297,0.020176755661615142,0.06711350244559489,0.06711350244559489,0.0,0.0,0.0,0.0,9.623332892257087,0.0016005303187239034,5.761909147406053,14768.291645533573,4.102303234870436,0.5411013564776944,263889.22223410883,1783556869889222.2,1783556869745370.5
638.0,397.9189838834901,24288.0,93.701338446708,-970.9467904853713,74.89117728160895,978.1898388349009,0.09370133844670799,-0.9709467904853712,0.07489117728160895,0.978189838834901,0.9783524969585091,0.9783524969585091,9.594360514298163,-0.021647503041490903,-0.21228948570183676,0.9188962306784088,1.0799232450484577,-0.16102701437004896,0.00954574645668289,-9.521735342913365,-9.542664946698972,0.020929603785605797,0.009806649999999806,0.7344315636886903,0.9402466549515422,-0.2058150912628519,-0.09316317499999993,0.09370133844670799,0.9188962306784088,0.00954574645668289,0.00954574645668289,-0.008564226439995094,9.594360514298163,0.9783524969585091,43.66228270133845,-79.39442086337068,108.60810161165098,-3.8545284886918165,105.9748459518313,1.0,2.9793581946768986,638.0,2.9793581946768986,2.97937150872536,10.725737431411297,0.6002430483495297,2.9793581946768986,0.008101611650991108,2.97937150872536,10.725737431411297,0.0,0.06440559654125122,0.06440559654125122,0.2719385120758115,0.0,0.0,0.0,9.664656280562207,0.0016114270339410376,5.801137322187736,14770.239545075936,4.102844318076648,0.5402711430522165,264090.8527182555,1783556870090852.8,1783556870081016.0
639.0,397.5833241113477,24288.0,100.75019366169896,-966.5832134475197,78.58343477517565,974.8332411134767,0.10075019366169896,-0.9665832134475196,0.07858343477517564,0.9748332411134767,0.9750710287785627,0.9750710287785627,9.56218030437129,-0.02492897122143729,-0.24446969562870802,0.9880218866725,1.0848607919051787,-0.09683890523267857,-0.011850289922440593,-9.478943270155119,-9.545956644603452,0.06701337444833352,0.009806649999999806,0.7706402406379762,0.9353091080948214,-0.1646688674568452,-0.09316317499999993,0.10075019366169896,0.9880218866725,-0.011850289922440593,-0.011850289922440593,-0.04404687383489308,9.56218030437129,0.9750710287785627,43.66228975019366,-79.39442858354543,108.64166758886523,-4.476248879978671,106.75402640717463,1.0,2.979303032930502,639.0,2.979303032930502,2.97937150872536,10.725737431411297,0.6012500276659569,2.979303032930502,0.04166758886523668,2.97937150872536,10.725737431411297,0.0,0.05318640808849428,0.05318640808849428,1.3986133384229713,0.0,0.0,0.0,9.656503776016413,0.0016127654034373056,5.805955452374301,14772.191181291659,4.103386439247682,0.5382748635077211,264293.25556085736,1783556870293255.5,1783556870416676.0
640.0,397.24766433920524,24288.0,107.79904887668992,-962.2196364096682,82.27569226874235,971.4766433920524,0.10779904887668992,-0.9622196364096681,0.08227569226874235,0.9714766433920524,0.9717895605986163,0.9717895605986163,9.53000009444442,-0.02821043940138368,-0.2766499055555793,1.0571475426665913,1.0897983387618995,-0.032650796095308215,-0.03324632630156408,-9.436151197396871,-9.549248342507932,0.11309714511106125,0.009806649999999806,0.8068489175872621,0.9303715612381006,-0.12352264365083851,-0.09316317499999993,0.10779904887668992,1.0571475426665913,-0.03324632630156408,-0.03324632630156408,-0.07952952122979105,9.53000009444442,0.9717895605986163,43.662296799048875,-79.3944363037202,108.67523356607947,-5.0979692712655265,107.53320686251797,1.0,2.9792478711841057,640.0,2.9792478711841057,2.97937150872536,10.725737431411297,0.6022570069823843,2.9792478711841057,0.07523356607948224,2.97937150872536,10.725737431411297,0.0,0.04196721963573734,0.04196721963573734,2.525288164770131,0.0,0.0,0.0,9.648351271470617,0.0016141037729335737,5.8107735825608655,14774.14281750738,4.103928560418716,0.5362785839632257,264495.65840345924,1783556870495658.5,1783556870752335.8
641.0,394.0775550109666,24288.0,106.68156481356829,-978.0693398684011,65.53466993420056,985.914229846468,0.10668156481356829,-0.9780693398684012,0.06553466993420057,0.985914229846468,0.9860602745468579,0.9860602745468579,9.669947991384943,-0.013939725453142184,-0.1367020086150568,1.0461887675789794,1.1070106177275572,-0.060821850148577716,-0.0735498750000001,-9.591583691820455,-9.561483749999999,-0.030099941820456978,0.009806649999999806,0.642675570910228,0.9131592822724429,-0.27048371136221494,-0.09316317499999993,0.10668156481356829,1.0461887675789794,-0.0735498750000001,-0.0735498750000001,-0.03794502999876115,9.669947991384943,0.9860602745468579,43.66230370621024,-79.39444424909532,108.7,-5.7378254769048525,108.29672447967933,1.0,3.0103113504523886,641.0,3.0103113504523886,3.0104629434664245,10.837666596479128,0.5959224449890334,0.26215662477375,0.0,3.0104629434664245,10.837666596479128,0.031091434741064353,0.03179204962282712,0.03179204962282712,0.0,0.0,0.0,0.0,9.571355656106357,0.001584384424132605,5.703783926877378,14781.7289309484,4.1060358141523325,0.5242226587874003,265287.1452315251,1783556871287145.2,1783556871077555.0
642.0,394.3733896519317,24288.0,101.6523759171612,-974.5193241768196,63.75966208840983,981.7725448729562,0.1016523759171612,-0.9745193241768196,0.06375966208840983,0.9817725448729563,0.9819114670543116,0.9819114670543116,9.629262088388165,-0.018088532945688296,-0.17738791161183415,0.9968692722880287,1.1026588975548262,-0.10578962526679743,-0.0735498750000001,-9.556769930438609,-9.561483749999999,0.004713819561390879,0.009806649999999806,0.6252686902193042,0.9175110024451739,-0.29224231222586966,-0.09316317499999993,0.1016523759171612,0.9968692722880287,-0.0735498750000001,-0.0735498750000001,-0.025775790142131032,9.629262088388165,0.9819114670543116,43.66231021457234,-79.3944528282999,108.7,-6.428725177957854,109.01615882639207,1.0,3.1289586668201177,642.0,3.1289586668201177,3.129061642880933,11.264621914371359,0.5956266103480683,1.2621566247737428,0.0,3.129061642880933,11.264621914371359,0.14969013415557308,0.02455528366558309,0.02455528366558309,0.0,0.0,0.0,0.0,9.578540887866119,0.0015847855995725249,5.7052281584610895,14783.417640042737,4.1065049000118705,0.5065398967758464,265463.16684289934,1783556871463166.8,1783556871373389.8
643.0,394.66922429289684,24288.0,96.6231870207541,-970.9693084852382,61.984654242619094,977.6308598994445,0.09662318702075409,-0.9709693084852382,0.06198465424261909,0.9776308598994445,0.9777626595617656,0.9777626595617656,9.588576185391387,-0.022237340438234412,-0.21807381460861147,0.9475497769970781,1.0983071773820952,-0.15075740038501712,-0.0735498750000001,-9.521956169056761,-9.561483749999999,0.039527580943238744,0.009806649999999806,0.6078618095283804,0.9218627226179048,-0.3140009130895244,-0.09316317499999993,0.09662318702075409,0.9475497769970781,-0.0735498750000001,-0.0735498750000001,-0.013606550285500917,9.588576185391387,0.9777626595617656,43.66231672293444,-79.3944614075045,108.7,-7.119624879010855,109.7355931731048,1.0,3.2476059831878468,643.0,3.2476059831878468,3.247660342295442,11.69157723226359,0.5953307757071031,2.2621566247737355,0.0,3.247660342295442,11.69157723226359,0.2682888335700818,0.01731851770833906,0.01731851770833906,0.0,0.0,0.0,0.0,9.58572611962588,0.001585186775012445,5.706672390044802,14785.106349137075,4.1069739858714085,0.48885713476429254,265639.1884542736,1783556871639188.5,1783556871669224.2
644.0,394.96505893386194,24288.0,91.59399812434701,-967.4192927936567,60.209646396828354,973.4891749259328,0.091593998124347,-0.9674192927936567,0.060209646396828354,0.9734891749259328,0.9736138520692195,0.9736138520692195,9.547890282394611,-0.026386147930780524,-0.25875971760538885,0.8982302817061274,1.0939554572093644,-0.19572517550323684,-0.0735498750000001,-9.487142407674913,-9.561483749999999,0.0743413423250866,0.009806649999999806,0.5904549288374566,0.9262144427906358,-0.33575951395317905,-0.09316317499999993,0.091593998124347,0.8982302817061274,-0.0735498750000001,-0.0735498750000001,-0.0014373104288708041,9.547890282394611,0.9736138520692195,43.66232323129654,-79.39446998670908,108.7,-7.810524580063857,110.45502751981753,1.0,3.3662532995555754,644.0,3.3662532995555754,3.3662590417099505,12.118532550155823,0.5950349410661381,3.2621566247737284,0.0,3.3662590417099505,12.118532550155823,0.3868875329845905,0.01008175175109503,0.01008175175109503,0.0,0.0,0.0,0.0,9.59291135138564,0.001585587950452365,5.708116621628514,14786.795058231412,4.107443071730947,0.47117437275273866,265815.21006564784,1783556871815210.0,1783556871965059.0
645.0,396.9602371627719,24288.0,82.44035574415778,-975.0,78.93887347683368,981.259940709307,0.08244035574415778,-0.975,0.07893887347683368,0.981259940709307,0.9816969429940617,0.9816969429940617,9.627158326012715,-0.018303057005938265,-0.17949167398728447,0.8084637146584449,1.1145243188923146,-0.30606060423386966,-0.1828925688923147,-9.561483749999999,-9.558934602443074,-0.00254914755692579,0.009806649999999806,0.774125903581591,0.9120184499999999,-0.137892546418409,-0.09316317499999993,0.08244035574415778,0.8084637146584449,-0.1828925688923147,-0.1828925688923147,-0.13773502826274497,9.627158326012715,0.9816969429940617,43.66232893887347,-79.3944795780434,108.7,-8.582933018487807,111.08594307392237,1.0,3.3834876884415577,645.0,3.3834876884415577,3.3834876884415577,12.180555678389608,0.5984403557441578,0.881889875965611,0.0,3.3834876884415577,12.180555678389608,0.2999071866512719,0.007616546609555888,0.007616546609555888,0.0,0.0,0.0,0.0,9.641370240209403,0.0016027492144692775,5.769897172089399,14794.272058503591,4.109520016250997,0.4690264775032553,266590.4047813284,1783556872590404.8,1783556872259940.8
646.0,395.7812205241131,24288.0,80.67183078616969,-975.0,84.53920251046266,981.5546948689718,0.08067183078616968,-0.975,0.08453920251046265,0.9815546948689717,0.9820272772004363,0.9820272772004363,9.630397797957658,-0.017972722799563776,-0.1762522020423421,0.7911204093791909,1.1217506960920038,-0.3306302867128128,-0.19011894609200392,-9.561483749999999,-9.556044051563198,-0.005439698436801397,0.009806649999999806,0.8290463702992286,0.9120184499999999,-0.0829720797007714,-0.09316317499999993,0.08067183078616968,0.7911204093791909,-0.19011894609200392,-0.19011894609200392,-0.09931600604621584,9.630397797957658,0.9820272772004363,43.66233453920251,-79.39448930493067,108.7,-9.366257793909307,111.7050034453573,1.0,3.38714000345415,646.0,3.38714000345415,3.38714000345415,12.19370401243494,0.5966718307861697,1.8818898759656097,0.0,3.38714000345415,12.19370401243494,0.18539396205970043,0.005790389103259703,0.005790389103259703,0.0,0.0,0.0,0.0,9.61273428408966,0.0015932754856529958,5.735791748350785,14795.947519660202,4.109985422127833,0.46895914252567306,266765.4887521692,1783556872765488.8,1783556872554694.8
647.0,394.6022038854544,24288.0,78.90330582818159,-975.0,90.13953154409162,981.8494490286364,0.07890330582818159,-0.975,0.09013953154409163,0.9818494490286364,0.9823576114068107,0.9823576114068107,9.633637269902598,-0.017642388593189288,-0.1730127300973997,0.7737771040999369,1.1289770732916928,-0.355199969191756,-0.19734532329169313,-9.561483749999999,-9.553153500683322,-0.008330249316677004,0.009806649999999806,0.8839668370168661,0.9120184499999999,-0.0280516129831338,-0.09316317499999993,0.07890330582818159,0.7737771040999369,-0.19734532329169313,-0.19734532329169313,-0.06089698382968671,9.633637269902598,0.9823576114068107,43.662340139531544,-79.39449903181794,108.7,-10.149582569330807,112.32406381679225,1.0,3.3907923184667426,647.0,3.3907923184667426,3.3907923184667426,12.206852346480273,0.5949033058281815,2.881889875965608,0.0,3.3907923184667426,12.206852346480273,0.0708807374681289,0.003964231596963518,0.003964231596963518,0.0,0.0,0.0,0.0,9.584098327969917,0.001583801756836714,5.7016863246121705,14797.622980816812,4.110450828004669,0.46889180754809084,266940.57272301003,1783556872940572.8,1783556872849449.0
648.0,394.13875537040724,24288.0,79.6650644448867,-976.6650644448868,95.77510740814449,984.2200859265156,0.0796650644448867,-0.9766650644448867,0.0957751074081445,0.9842200859265156,0.984606220130046,0.984606220130046,9.655688588638313,-0.015393779869954102,-0.1509614113616854,0.7812474042384481,1.12926626161699,-0.3480188573785419,-0.20103632500000024,-9.577812454238448,-9.550316374646796,-0.027496079591652105,0.00844592464679582,0.9392329570640802,0.9120184499999999,0.027214507064080257,-0.09316317499999993,0.0796650644448867,0.7812474042384481,-0.20103632500000024,-0.20103632500000024,-0.03554682090402378,9.655688588638313,0.984606220130046,43.6623453588413,-79.3945091339487,108.7,-10.96312641851283,112.90100631689519,1.0,3.4111403857291447,648.0,3.4111403857291447,3.3934990745712628,12.216596668456546,0.5942775107408145,3.4111403857291447,0.0,3.3934990745712628,12.216596668456546,0.01151300033278658,0.002610853544703402,0.002610853544703402,0.0,0.0,0.0,0.0,9.572842090436453,0.001580258492545569,5.688930573164048,14799.272139330553,4.11090892759182,0.46861795527283895,267112.6982007627,1783556873112698.2,1783556873138755.2
649.0,394.42237408290026,24288.0,83.06848899480303,-980.068488994803,101.44748165800507,988.7579853264041,0.08306848899480304,-0.980068488994803,0.10144748165800507,0.988757985326404,0.988857545265157,0.988857545265157,9.69737984627455,-0.011142454734843002,-0.10927015372544813,0.8146235976008852,1.1223128879998157,-0.3076892903989304,-0.20103632500000024,-9.611188647600885,-9.547535025199926,-0.06365362240095923,0.005664575199926118,0.9948599460014753,0.9120184499999999,0.08284149600147545,-0.09316317499999993,0.08306848899480304,0.8146235976008852,-0.20103632500000024,-0.20103632500000024,-0.023840804713494413,9.69737984627455,0.988857545265157,43.66235018035941,-79.39451962784106,108.7,-11.80821957643036,113.4339769290288,1.0,3.448919147475269,649.0,3.448919147475269,3.395218648535298,12.222787134727076,0.5948447481658005,3.448919147475269,0.0,3.395218648535298,12.222787134727076,0.009718239222912439,0.001751066562685569,0.001751066562685569,0.0,0.0,0.0,0.0,9.579730621725483,0.0015829067501300185,5.698464300468067,14800.893837366615,4.111359399268504,0.4681284948676015,267281.73495340854,1783556873281735.0,1783556873422374.0
650.0,394.7059927953933,24288.0,86.47191354471938,-983.4719135447194,107.11985590786564,993.2958847262925,0.08647191354471938,-0.9834719135447194,0.10711985590786564,0.9932958847262925,0.9931088704002681,0.9931088704002681,9.739071103910788,-0.006891129599731904,-0.06757889608921086,0.8479997909633223,1.1153595143826411,-0.2673597234193189,-0.20103632500000024,-9.644564840963323,-9.544753675753055,-0.09981116521026638,0.0028832257530564155,1.0504869349388706,0.9120184499999999,0.13846848493887062,-0.09316317499999993,0.08647191354471938,0.8479997909633223,-0.20103632500000024,-0.20103632500000024,-0.012134788522965043,9.739071103910788,0.9931088704002681,43.66235500187752,-79.39453012173342,108.7,-12.653312734347889,113.96694754116241,1.0,3.486697909221393,650.0,3.486697909221393,3.396938222499334,12.228977600997604,0.5954119855907866,3.486697909221393,0.0,3.396938222499334,12.228977600997604,0.007923478113038299,0.0008912795806677361,0.0008912795806677361,0.0,0.0,0.0,0.0,9.586619153014514,0.0015855550077144682,5.707998027772085,14802.51553540268,4.111809870945188,0.4676390344623641,267450.7717060544,1783556873450771.8,1783556873705992.8
651.0,394.9896115078863,24288.0,89.87533809463572,-986.8753380946357,112.79223015772621,997.833784126181,0.08987533809463571,-0.9868753380946357,0.11279223015772621,0.997833784126181,0.9973601955353792,0.9973601955353792,9.780762361547026,-0.0026398044646208044,-0.025887638452973594,0.8813759843257594,1.1084061407654668,-0.22703015643970745,-0.20103632500000024,-9.677941034325759,-9.541972326306187,-0.1359687080195735,0.00010187630618671388,1.1061139238762658,0.9120184499999999,0.1940954738762658,-0.09316317499999993,0.08987533809463571,0.8813759843257594,-0.20103632500000024,-0.20103632500000024,-0.00042877233243567014,9.780762361547026,0.9973601955353792,43.66235982339563,-79.3945406156258,108.7,-13.498405892265417,114.49991815329602,1.0,3.524476670967518,651.0,3.524476670967518,3.3986577964633695,12.235168067268132,0.5959792230157726,3.524476670967518,0.0,3.3986577964633695,12.235168067268132,0.006128717003164157,3.149259864990367e-05,3.149259864990367e-05,0.0,0.0,0.0,0.0,9.593507684303544,0.0015882032652989177,5.717531755076104,14804.137233438742,4.112260342621872,0.46714957405712665,267619.80845870025,1783556873619808.5,1783556873989611.5
652.0,394.433097516121,24288.0,95.24469411272237,-968.133804967758,69.65318353236657,975.5669024838791,0.09524469411272238,-0.968133804967758,0.06965318353236657,0.975566902483879,0.9755859144864757,0.9755859144864757,9.567229608298796,-0.024414085513524263,-0.2394203917012027,0.9340313795205288,1.125718807195585,-0.19168742767505614,-0.20103632500000024,-9.494149378487062,-9.538356978560882,0.04420760007381995,-0.009806649999999806,0.6830643922876826,0.9120184499999999,-0.2289540577123173,-0.0392266,0.09524469411272238,0.9340313795205288,-0.20103632500000024,-0.20103632500000024,0.0,9.567229608298796,0.9755859144864757,43.66236453521987,-79.3945512042447,108.7,-14.351127560048004,115.02076320451985,1.0,3.4898225499283786,652.0,3.4898225499283786,3.3987207816606695,12.235394813978411,0.598133804967758,0.9633716265673143,0.0,3.3987207816606695,12.235394813978411,0.004344419229225609,0.0,0.0,0.0,0.0,0.0,0.0,9.579991072471548,0.001591688068695244,5.730077047302879,14811.550170469867,4.114319491797184,0.4688574150011178,268393.3541964056,1783556874393354.2,1783556874283451.2
653.0,393.84464082065136,24288.0,82.00441846465579,-969.3107183586973,77.59734892120653,976.1553591793486,0.08200441846465578,-0.9693107183586972,0.07759734892120652,0.9761553591793486,0.9762090110672922,0.9762090110672922,9.57334009838306,-0.023790988932707785,-0.23330990161693876,0.8041886303364166,1.118505321129801,-0.3143166907933843,-0.20103632500000024,-9.505690956192318,-9.53979967577404,0.03410871958172175,-0.009806649999999806,0.76097004179815,0.9120184499999999,-0.15104840820185,-0.0392266,0.08200441846465578,0.8041886303364166,-0.20103632500000024,-0.20103632500000024,0.0,9.57334009838306,0.9762090110672922,43.66236924287344,-79.39456179646523,108.7,-15.204139271569028,115.5411472295303,1.0,3.4524144566875488,653.0,3.4524144566875488,3.3987207816606695,12.235394813978411,0.5993107183586972,1.9633716265673054,0.0,3.3987207816606695,12.235394813978411,0.0025605192820087864,0.0,0.0,0.0,0.0,0.0,0.0,9.565698636251982,0.001592438421596771,5.732778317748376,14813.238057163871,4.114788349212185,0.4688574150011178,268570.1854333943,1783556874570185.5,1783556874577679.5
654.0,393.25618412518173,24288.0,68.7641428165892,-970.4876317496365,85.54151431004648,976.7438158748182,0.0687641428165892,-0.9704876317496365,0.08554151431004647,0.9767438158748183,0.9768321076481087,0.9768321076481087,9.579450588467324,-0.023167892351891303,-0.2271994115326748,0.6743458811523044,1.1112918350640169,-0.4369459539117125,-0.20103632500000024,-9.517232533897573,-9.541242372987195,0.024009839089623546,-0.009806649999999806,0.8388756913086173,0.9120184499999999,-0.07314275869138268,-0.0392266,0.0687641428165892,0.6743458811523044,-0.20103632500000024,-0.20103632500000024,0.0,9.579450588467324,0.9768321076481087,43.662373950527,-79.39457238868575,108.7,-16.057150983090054,116.06153125454072,1.0,3.415006363446719,654.0,3.415006363446719,3.3987207816606695,12.235394813978411,0.6004876317496365,2.9633716265672967,0.0,3.3987207816606695,12.235394813978411,0.0007766193347919633,0.0,0.0,0.0,0.0,0.0,0.0,9.551406200032416,0.0015931887744982983,5.735479588193874,14814.925943857876,4.115257206627186,0.4688574150011178,268747.0166703829,1783556874747016.8,1783556874871908.0
655.0,391.77879523429203,24288.0,120.05590405066376,-978.7445782367256,92.89060333561955,991.4766265289823,0.12005590405066376,-0.9787445782367257,0.09289060333561955,0.9914766265289823,0.9917525509267751,0.9917525509267751,9.725770153546058,-0.008247449073225,-0.08087984645394193,1.1773462314584417,1.1283909579587035,0.04895527349973812,-0.19633149625457416,-9.598205518165184,-9.536111701591741,-0.062093816573443615,-0.0008554234082592668,0.9109456352012534,0.9120184499999999,-0.0010728147987465186,-0.03580490636696287,0.12005590405066376,1.1773462314584417,-0.19633149625457416,-0.19633149625457416,0.00790727520239678,9.725770153546058,0.9917525509267751,43.66237826795171,-79.39458328048165,108.7,-16.93428807184336,116.53877938184222,1.0,3.3704381957280565,655.0,3.3704381957280565,3.3704381957280565,12.133577504621003,0.5941744578236725,0.5646508449066289,0.0,3.3704381957280565,12.133577504621003,-0.028282585932613215,-0.0082492498328769,0.0082492498328769,0.0,0.0,0.0,0.0,9.515523378650485,0.0015705156828678425,5.653856458324233,14822.30376818648,4.117306602274021,0.47058233169742186,269521.8024050852,1783556875521802.5,1783556875174457.8
656.0,389.61603434103614,24288.0,102.44485106272266,-981.8342366556627,55.50573646648142,990.5497290033012,0.10244485106272265,-0.9818342366556627,0.05550573646648142,0.9905497290033012,0.9909921021682335,0.9909921021682335,9.718312698728106,-0.0090078978317665,-0.08833730127189293,1.0046407986742492,1.1208161582751863,-0.11617535960093728,-0.1879992166027052,-9.628504716899254,-9.534596741655037,-0.09390797524421667,-0.00237038334496268,0.5443253305190201,0.9120184499999999,-0.3676931194809798,-0.029745066620149092,0.10244485106272265,1.0046407986742492,-0.1879992166027052,-0.1879992166027052,0.021911106550075738,9.718312698728106,0.9909921021682335,43.66238228450765,-79.39459440325196,108.7,-17.8300259697323,116.98276947581002,1.0,3.3203495680606516,656.0,3.3203495680606516,3.3203495680606516,11.953258445018347,0.5944834236655663,1.5646508449066387,0.0,3.3203495680606516,11.953258445018347,-0.07837121360001773,-0.022858720282250063,0.022858720282250063,0.0,0.0,0.0,0.0,9.462994242075085,0.0015626529882979056,5.62555075787246,14824.02724915752,4.117785346988199,0.4736371694114951,269705.63708101196,1783556875705637.0,1783556875483423.8
657.0,387.4532734477802,24288.0,84.83379807478155,-984.9238950745997,18.120869597343315,989.6228314776201,0.08483379807478156,-0.9849238950745998,0.018120869597343298,0.9896228314776201,0.990231653409692,0.990231653409692,9.710855243910155,-0.009768346590308001,-0.09579475608984395,0.8319353658900566,1.1132413585916692,-0.28130599270161266,-0.1796669369508362,-9.658803915633323,-9.533081781718334,-0.1257221339149897,-0.0038853432816660935,0.17770502583678682,0.9120184499999999,-0.7343134241632131,-0.023685226873335317,0.08483379807478156,0.8319353658900566,-0.1796669369508362,-0.1796669369508362,0.0359149378977547,9.710855243910155,0.990231653409692,43.6623863010636,-79.39460552602227,108.7,-18.72576386762124,117.42675956977783,1.0,3.270260940393247,657.0,3.270260940393247,3.270260940393247,11.77293938541569,0.5947923895074599,2.564650844906649,0.0,3.270260940393247,11.77293938541569,-0.12845984126742221,-0.037468190731623226,0.037468190731623226,0.0,0.0,0.0,0.0,9.410465105499686,0.0015547902937279687,5.597245057420688,14825.750730128559,4.118264091702376,0.4766920071255683,269889.47175693867,1783556875889471.8,1783556875792389.5
658.0,386.75459656524595,24288.0,74.72479214913365,-985.1674083415455,3.240953385481074,987.8142053974706,0.07472479214913365,-0.9851674083415455,0.0032409533854810746,0.9878142053974706,0.9884616494359372,0.9884616494359372,9.693497434440932,-0.011538350564062827,-0.11315256555906672,0.7327998829293014,1.106565721912878,-0.37376583898357657,-0.1690465652241137,-9.661191965012618,-9.5320638,-0.1291281650126177,-0.005431901029040566,0.03178289551772796,0.9109612979419186,-0.8791784024241905,-0.017498995883837305,0.07472479214913365,0.7327998829293014,-0.1690465652241137,-0.1690465652241137,0.04887830523724844,9.693497434440932,0.9884616494359372,43.66239029359411,-79.39461666518332,108.7,-19.622821742989295,117.86809389285297,1.0,3.2157465496611564,658.0,3.2157465496611564,3.2157465496611564,11.576687578780163,0.595,3.2157465496611564,0.0,3.2157465496611564,11.576687578780163,-0.16549809466340323,-0.05238237371502434,0.05238237371502434,0.0,0.0,0.0,0.0,9.393495641376695,0.0015525360851719814,5.589129906619133,14827.521063020191,4.118755850838941,0.4808830478720591,270077.1407080459,1783556876077140.8,1783556876107799.5
659.0,389.0548655156076,24288.0,79.9825497499603,-979.5810408906672,34.458889140389246,984.1994970469023,0.07998254974996029,-0.9795810408906672,0.03445888914038925,0.9841994970469022,0.9846237303811004,0.9846237303811004,9.655860305541816,-0.01537626961889956,-0.15078969445818136,0.784360871505448,1.1017318792338644,-0.31737100772841625,-0.15373939674057016,-9.606408414650462,-9.5320638,-0.07434461465046191,-0.007043181922045114,0.33792626518859814,0.9077387361559094,-0.5698124709673114,-0.011053872311818987,0.07998254974996029,0.784360871505448,-0.15373939674057016,-0.15373939674057016,0.059710445694422055,9.655860305541816,0.9846237303811004,43.66239423691231,-79.39462783791822,108.7,-20.522583384624525,118.30398828693949,1.0,3.1521666793506893,659.0,3.1521666793506893,3.1521666793506893,11.347800045662481,0.595,3.1521666793506893,0.0,3.1521666793506893,11.347800045662481,-0.17580470885534394,-0.06792071240087304,0.06792071240087304,0.0,0.0,0.0,0.0,9.449364573643079,0.0015617699781437866,5.622371921317631,14829.38736470255,4.119274267972929,0.4874014218347037,270272.6635688266,1783556876272663.5,1783556876436409.2
660.0,391.3551344659693,24288.0,85.24030735078694,-973.9946734397889,65.67682489529741,980.5847886963339,0.08524030735078693,-0.9739946734397888,0.06567682489529741,0.9805847886963339,0.9807858113262637,0.9807858113262637,9.618223176642703,-0.01921418867373629,-0.188426823357296,0.8359218600815946,1.0968980365548506,-0.260976176473256,-0.1384322282570266,-9.551624864288305,-9.5320638,-0.019561064288306118,-0.008654462815049661,0.6440696348594682,0.9045161743699003,-0.26044653951043195,-0.004608748739800666,0.08524030735078693,0.8359218600815946,-0.1384322282570266,-0.1384322282570266,0.07054258615159567,9.618223176642703,0.9807858113262637,43.66239818023051,-79.39463901065312,108.7,-21.422345026259755,118.73988268102599,1.0,3.0885868090402218,660.0,3.0885868090402218,3.0885868090402218,11.118912512544798,0.595,3.0885868090402218,0.0,3.0885868090402218,11.118912512544798,-0.18611132304728467,-0.08345905108672175,0.08345905108672175,0.0,0.0,0.0,0.0,9.505233505909462,0.0015710038711155916,5.65561393601613,14831.253666384908,4.119792685106917,0.4939197957973483,270468.1864296074,1783556876468186.5,1783556876765019.2
661.0,402.92136081454163,24288.0,100.89935820537558,-984.7327085832529,103.14464701295657,995.5125802243281,0.10089935820537559,-0.9847327085832529,0.10314464701295657,0.9955125802243281,0.9953458894697204,0.9953458894697204,9.761008766968233,-0.00465411053027959,-0.045641233031766336,0.9894846911447464,1.0777755089713812,-0.08829081782663492,-0.09788918717129876,-9.656929016627956,-9.5320638,-0.12486521662795655,-0.004425329485690582,1.0115034526296105,0.9120184499999999,0.09948500262961063,0.013877353828288086,0.10089935820537559,0.9894846911447464,-0.09788918717129876,-0.09788918717129876,0.04490905601023877,9.761008766968233,0.9953458894697204,43.66240207232351,-79.39465021697052,108.7,-22.324811130329696,119.17011464065796,1.0,3.031391494152834,661.0,3.031391494152834,3.031391494152834,10.913009378950202,0.6005125802243281,0.2849246894489857,0.0,3.031391494152834,10.913009378950202,-0.18635092263541203,-0.09582605781507367,0.09582605781507367,0.0,0.0,0.0,0.0,9.786154011463587,0.0016322083344538156,5.875950004033736,14839.027663465225,4.121952128740339,0.5244639033406964,271267.1004372601,1783556877267100.5,1783556877097484.0
662.0,427.2132564306318,24288.0,114.58493320035595,-980.2848967098843,110.67171326019577,993.8018833499555,0.11458493320035595,-0.9802848967098843,0.11067171326019577,0.9938018833499555,0.9934201761704613,0.9934201761704613,9.742123970642053,-0.006579823829538683,-0.06452602935794552,1.1236943351692708,1.0744202678707682,0.049274067298502505,-0.08866227414461272,-9.613310882319986,-9.5320638,-0.08124708231998641,-0.0027477089353840616,1.0853187568430989,0.9120184499999999,0.17330030684309894,-0.006254092775390574,0.11458493320035595,1.1236943351692708,-0.08866227414461272,-0.08866227414461272,0.045037852996060584,9.742123970642053,0.9934201761704613,43.66240583585663,-79.3946615075699,108.7,-23.234064622039202,119.58613559216744,1.0,2.9902194939199886,662.0,2.9902194939199886,2.9902194939199886,10.764790178111959,0.5988018833499554,1.2849246894489874,0.0,2.9902194939199886,10.764790178111959,-0.1613253421225629,-0.1002339747616558,0.1002339747616558,0.0,0.0,0.0,0.0,10.376155572187185,0.001725315935992732,6.211137369573835,14841.340569301834,4.122594602583841,0.5456862458618068,271471.0155046853,1783556877471015.5,1783556877439623.2
663.0,451.505152046722,24288.0,128.27050819533633,-975.8370848365157,118.19877950743498,992.091186475583,0.12827050819533634,-0.9758370848365157,0.11819877950743499,0.9920911864755829,0.9914944628712022,0.9914944628712022,9.723239174315875,-0.008505537128797775,-0.0834108256841247,1.257903979193795,1.0710650267701551,0.1868389524236399,-0.07943536111792668,-9.569692748012017,-9.5320638,-0.03762894801201627,-0.0010700883850775413,1.1591340610565872,0.9120184499999999,0.24711561105658722,-0.026385539379069234,0.12827050819533634,1.257903979193795,-0.07943536111792668,-0.07943536111792668,0.0451666499818824,9.723239174315875,0.9914944628712022,43.662409599389754,-79.39467279816925,108.7,-24.143318113748713,120.0021565436769,1.0,2.9490474936871434,663.0,2.9490474936871434,2.9490474936871434,10.616570977273716,0.5970911864755829,2.284924689448989,0.0,2.9490474936871434,10.616570977273716,-0.13629976160971372,-0.10464189170823791,0.10464189170823791,0.0,0.0,0.0,0.0,10.966157132910784,0.0018184235375316485,6.546324735113934,14843.653475138444,4.123237076427344,0.5669085883829172,271674.9305721105,1783556877674930.5,1783556877781762.8
664.0,647.1455674029537,24288.0,184.3416532785208,-953.6889477144435,158.35413319630197,985.7439097414816,0.18434165327852078,-0.9536889477144435,0.15835413319630195,0.9857439097414815,0.9853008009527201,0.9853008009527201,9.662500099662992,-0.014699199047279862,-0.14414990033700703,1.807774074123806,1.07747580623315,0.7302982678906559,0.024620776794185967,-9.352493719103846,-9.5320638,0.17957008089615348,-0.005531171883424834,1.5529235603095146,0.9095070624663002,0.6434164978432144,0.027147462601099383,0.18434165327852078,1.807774074123806,0.024620776794185967,0.024620776794185967,0.14758181213054536,9.662500099662992,0.9853008009527201,43.66241353654156,-79.394683969399,108.7,-25.042958542183886,120.43736930334985,1.0,2.9106762437499847,664.0,2.9106762437499847,2.9106762437499847,10.478434477499945,0.595,0.3621392007376051,0.0,2.9106762437499847,10.478434477499945,-0.1170376126897249,-0.10910318520089574,0.10910318520089574,0.0,0.0,0.0,0.0,15.717871541082939,0.0025978148797067635,9.35213356694435,14855.628184951634,4.126563384708786,0.5883879174482708,272476.1868519092,1783556878476186.8,1783556878128045.2
665.0,722.1044985202254,24288.0,165.9555003629636,-961.1141248534185,112.38875090740896,985.0367500139602,0.16595550036296358,-0.9611141248534185,0.11238875090740895,0.9850367500139601,0.9843350241463585,0.9843350241463585,9.653029064544885,-0.01566497585364148,-0.1536209354551132,1.627467507634457,1.0740083722622011,0.5534591353722558,0.07229799389473501,-9.425309832493776,-9.5320638,0.10675396750622361,-0.007264888868899309,1.102157144086142,0.9025721945244021,0.1995849495617399,0.047952066426793526,0.16595550036296358,1.627467507634457,0.07229799389473501,0.07229799389473501,0.17963372278637663,9.653029064544885,0.9843350241463585,43.66241777949992,-79.39469493037478,108.7,-25.92566681797986,120.90638592095787,1.0,2.8772381488496253,665.0,2.8772381488496253,2.8772381488496253,10.358057335858652,0.595,1.3621392007376147,0.0,2.8772381488496253,10.358057335858652,-0.10792699410621517,-0.1136584944926506,0.1136584944926506,0.0,0.0,0.0,0.0,17.538474060059233,0.00289872001825979,10.435392065735243,14859.879463588399,4.127744295441221,0.6103198946726102,272686.56687084684,1783556878686566.8,1783556878481625.0
666.0,797.063429637497,24288.0,147.5693474474064,-968.5393019923936,66.42336861851595,984.3295902864387,0.14756934744740638,-0.9685393019923936,0.06642336861851594,0.9843295902864387,0.9833692473399969,0.9833692473399969,9.64355802942678,-0.0166307526600031,-0.1630919705732194,1.4471609411451078,1.070540938291252,0.37662000285385583,0.11997521099528406,-9.498125945883706,-9.5320638,0.03393785411629374,-0.008998605854373785,0.6513907278627693,0.8956373265825041,-0.24424659871973464,0.06875667025248766,0.14756934744740638,1.4471609411451078,0.11997521099528406,0.11997521099528406,0.21168563344220787,9.64355802942678,0.9833692473399969,43.66242202245828,-79.39470589135055,108.7,-26.80837509377583,121.3754025385659,1.0,2.843800053949266,666.0,2.843800053949266,2.843800053949266,10.237680194217358,0.595,2.3621392007376243,0.0,2.843800053949266,10.237680194217358,-0.09881637552270543,-0.11821380378440548,0.11821380378440548,0.0,0.0,0.0,0.0,19.359076579035527,0.0031996251568128164,11.518650564526139,14864.130742225165,4.128925206173655,0.6322518718969496,272896.9468897845,1783556878896947.0,1783556878835204.8
