dist_m_grid,current_mA,voltage_mV,ax_x100,ay_x100,az_x100,amag_x100,imu_ax_g,imu_ay_g,imu_az_g,imu_total_g_reported,accel_total_g,imu_total_g,accel_total_m_s2,accel_dynamic_g,accel_dynamic_m_s2,imu_ax_m_s2,imu_ax_bias_m_s2,imu_ax_dynamic_m_s2,imu_ax_dynamic_smooth_m_s2,imu_ay_m_s2,imu_ay_bias_m_s2,imu_ay_dynamic_m_s2,imu_ay_dynamic_smooth_m_s2,imu_az_m_s2,imu_az_bias_m_s2,imu_az_dynamic_m_s2,imu_az_dynamic_smooth_m_s2,accel_longitudinal_raw_g,accel_longitudinal_m_s2,imu_forward_dynamic_m_s2,accel_longitudinal_smooth_m_s2,jerk_m_s3,accel_m_s2,accel_mag,lat,lon,elev,x,y,gps_dt_s,gps_dist_m,gps_cumdist_m,gps_speed_m_s_raw,gps_speed_m_s,gps_speed_kph,dt_s,dist_m,elev_diff_m,speed_m_s,speed_kph,gps_longitudinal_accel_raw_m_s2,gps_longitudinal_accel_m_s2,gps_longitudinal_accel_abs_m_s2,grade_raw_pct,grade_pct,uphill_grade_pct,downhill_grade_pct,power_w,energy_wh,energy_j,cum_energy_j,cum_energy_wh,efficiency_wh_per_km,timestamp_ms,time,gps_time
0.0,15778.0,24288.0,98.0,-989.0,6.0,993.0,0.098,-0.989,0.006,0.993,0.9938616603934373,0.9938616603934373,9.7464534518973,-0.006138339606562737,-0.06019654810269846,0.9610517,0.907115125,0.05393657499999993,-0.15200307500000004,-9.69877685,-9.71839015,0.01961329999999961,-0.04903324999999992,0.0588399,0.32361945000000003,-0.26477955000000003,-0.019613300000000056,0.098,0.9610517,-0.15200307500000004,-0.15200307500000004,-0.05778329124579132,9.7464534518973,0.9938616603934373,43.662382,-79.394569,108.7,0.0,0.0,0.0,0.0,0.0,0.0,1.2067157345459683,4.3441766443654855,0.594,0.0,0.0,1.2067157345459683,4.3441766443654855,0.0,0.3996097101643401,0.3996097101643401,0.0,0.0,0.0,-0.0,383.216064,0.06323065055999999,227.630342016,392.99647727999997,0.10916568813333333,27.294747051312893,124289.0,1783556730289000.0,1783556730000000.0
1.0,16975.465118447046,24288.0,89.71304416299623,-994.3865212940525,-1.8726080451535791,997.9721735022023,0.08971304416299623,-0.9943865212940525,-0.0018726080451535784,0.9979721735022022,0.9985246292860445,0.9985246292860445,9.792181555787987,-0.0014753707139555233,-0.014468444212011933,0.879784424541047,0.8969567155676309,-0.017172291026583908,-0.13778130179468326,-9.751600579048318,-9.710263422454105,-0.041337156594214663,-0.05309661377294712,-0.018364011686005335,0.3317461775458953,-0.3501101892319007,-0.015549936227052395,0.08971304416299623,0.879784424541047,-0.13778130179468326,-0.13778130179468326,-0.009978876532870773,9.792181555787987,0.9985246292860445,43.6623869721735,-79.3945793586948,108.7,-0.8342038763333413,0.5496240588475417,0.41434779185018833,1.0,1.0,1.0,1.7067157345459683,6.144176644365485,0.5948286955837003,1.0,0.0,1.7067157345459683,6.144176644365485,0.5,0.3168210096600961,0.3168210096600961,0.0,0.0,0.0,0.0,412.30009679684184,0.06813388750632153,245.28199502275754,504.9662598591903,0.14026840551644176,25.716922952902387,124535.95128394272,1783556730535951.2,1783556730414347.8
2.0,18172.930236894088,24288.0,81.42608832599247,-999.7730425881049,-9.745216090307158,1002.9443470044046,0.08142608832599246,-0.9997730425881048,-0.009745216090307157,1.0029443470044044,1.0031875981786518,1.0031875981786518,9.837909659678674,0.0031875981786516905,0.0312596596786746,0.7985171490820939,0.8867983061352617,-0.08828115705316775,-0.12355952858936646,-9.804424308096639,-9.702136694908209,-0.10228761318842894,-0.05715997754589432,-0.09556792337201067,0.33987290509179063,-0.4354408284638013,-0.011486572454104733,0.08142608832599246,0.7985171490820939,-0.12355952858936646,-0.12355952858936646,0.03782553818004977,9.837909659678674,1.0031875981786518,43.66239194434701,-79.3945897173896,108.7,-1.6684077526666825,1.0992481176950835,0.8286955837003767,2.0,2.0,2.0,2.206715734545968,7.944176644365485,0.5956573911674007,2.0,0.0,2.206715734545968,7.944176644365485,1.0,0.23403230915585202,0.23403230915585202,0.0,0.0,0.0,0.0,441.3841295936836,0.07303712445264308,262.9336480295151,616.9360424383806,0.17137112289955017,24.139098854491884,124782.90256788542,1783556730782902.5,1783556730828695.5
3.0,19239.179636541252,24288.0,29.771003786442357,-967.4596230395184,17.905980529704763,969.9192460790367,0.02977100378644236,-0.9674596230395184,0.017905980529704768,0.9699192460790368,0.9694635005424161,0.9694635005424161,9.507189237594286,-0.030536499457583823,-0.2994607624057144,0.2919538142823149,0.9020029777569668,-0.6100491634746519,-0.07619951885975351,-9.487537912280493,-9.714300432205572,0.22676251992508087,-0.08212527330835921,0.1755976839616292,0.3277091677944266,-0.1521114838327974,-0.02165815889721335,0.02977100378644236,0.2919538142823149,-0.07619951885975351,-0.07619951885975351,0.05728551433042779,9.507189237594286,0.9694635005424161,43.6623967107285,-79.39460025552731,108.7,-2.5170624826806804,1.626123928462011,1.0,2.49675711763067,3.0,2.49675711763067,2.49675711763067,8.988325623470413,0.5991659296917038,0.5865685309080634,0.0,2.49675711763067,8.988325623470413,1.0384199419000373,0.15814203081280312,0.15814203081280312,0.0,0.0,0.0,0.0,467.2811950123139,0.07778773873840936,280.0358594582737,1003.9736201620788,0.278881561156133,24.28080546667326,125609.27647593613,1783556731609276.5,1783556731208517.5
4.0,17977.911217805184,24288.0,70.29653922497431,-969.9480331103055,-2.7122743425307974,974.8960662206109,0.07029653922497432,-0.9699480331103054,-0.002712274342530789,0.9748960662206109,0.97454244658538,0.97454244658538,9.556996683806517,-0.025457553414619923,-0.2496533161934824,0.6893735563905943,0.893287632535294,-0.20391407614469959,-0.0639980355494116,-9.511940878901177,-9.707328156028234,0.19538727712705878,-0.07166685904235175,-0.026598325181179605,0.33468144397176486,-0.36127976915294446,-0.02514429698588248,0.07029653922497432,0.6893735563905943,-0.0639980355494116,-0.0639980355494116,0.057421996246650855,9.556996683806517,0.97454244658538,43.66240133206149,-79.3946109201419,108.7,-3.375902617045603,2.136966077128661,1.0,2.63881323579599,4.0,2.63881323579599,2.63881323579599,9.499727648865564,0.5977439810798254,1.5865685309080633,0.0,2.63881323579599,9.499727648865564,0.751504119148017,0.08711397173014325,0.08711397173014325,0.0,0.0,0.0,0.0,436.64750765805235,0.07252449480540928,261.0881812994734,1088.5260163523412,0.3023683378756504,25.63448999851587,125821.14681910601,1783556731821146.8,1783556731564004.8
5.0,16716.64279906912,24288.0,110.82207466350627,-972.4364431810925,-23.330529214766358,979.872886362185,0.11082207466350628,-0.9724364431810925,-0.023330529214766346,0.979872886362185,0.979621392628344,0.979621392628344,9.606804130018748,-0.02037860737165602,-0.19984586998125048,1.0867932984988737,0.8845722873136211,0.2022210111852527,-0.05179655223906969,-9.53634384552186,-9.700355879850896,0.16401203432903672,-0.06120844477634428,-0.22879433432398844,0.34165372014910306,-0.5704480544730915,-0.028630435074551607,0.11082207466350628,1.0867932984988737,-0.05179655223906969,-0.05179655223906969,0.057558478162873926,9.606804130018748,0.979621392628344,43.66240595339448,-79.39462158475648,108.7,-4.234742751410526,2.647808225795311,1.0,2.78086935396131,5.0,2.78086935396131,2.78086935396131,10.011129674260717,0.5963220324679471,2.586568530908063,0.0,2.78086935396131,10.011129674260717,0.46458829639599675,0.01608591264748338,0.01608591264748338,0.0,0.0,0.0,0.0,406.0138203037908,0.0672612508724092,242.1405031406731,1173.078412542604,0.32585511459516775,26.988174530358485,126033.01716227588,1783556732033017.2,1783556731919492.0
6.0,15670.213015514124,24288.0,105.7654289571637,-969.949734776535,-4.360444518146863,976.9329797020467,0.1057654289571637,-0.969949734776535,-0.004360444518146864,0.9769329797020467,0.9768439104400716,0.9768439104400716,9.579566334317127,-0.02315608955992844,-0.22708366568287225,1.0372045438827693,0.873873908992673,0.16333063489009622,-0.0228594769780193,-9.511957566546307,-9.678834927697539,0.166877361151231,-0.03889797769753772,-0.04276135323388491,0.34447912014390386,-0.3872404733777887,-0.06431831402930768,0.1057654289571637,1.0372045438827693,-0.0228594769780193,-0.0228594769780193,0.08694034655896733,9.579566334317127,0.9768439104400716,43.66241005026522,-79.39463264241813,108.7,-5.12523565538091,3.1006763178408567,1.0,2.8715250574697158,6.0,2.8715250574697158,2.8130411792562766,10.126948245322597,0.5957458112313779,2.8715250574697158,0.0,2.8130411792562766,10.126948245322597,0.2980334100082415,0.0507881500780493,0.0507881500780493,0.0,0.0,0.0,0.0,380.5981337208071,0.06298709028397706,226.75352502231743,1241.5900094257381,0.34488611372937167,27.294747051312893,126232.24231733014,1783556732232242.2,1783556732254188.8
7.0,14686.683496019701,24288.0,87.36327289579125,-966.0064156205267,26.200278940918096,971.6752208273689,0.08736327289579125,-0.9660064156205267,0.02620027894091809,0.9716752208273689,0.9717662301989619,0.9717662301989619,9.529771301380649,-0.02823376980103808,-0.27687869861935005,0.8567410401435112,0.8625949400089694,-0.005853899865458145,0.010977429973091583,-9.473286815745038,-9.653054427163358,0.17976761141832062,-0.013117477163358496,0.25693696547595446,0.3460904014272901,-0.08915343595133562,-0.10943418996412216,0.08736327289579125,0.8567410401435112,0.010977429973091583,0.010977429973091583,0.12488465313377536,9.529771301380649,0.9717662301989619,43.66241399358438,-79.39464381515575,108.7,-6.024995829015125,3.5365708172779007,1.0,2.947131793402909,7.0,2.947131793402909,2.8130411792562766,10.126948245322597,0.5954172013017105,2.947131793402909,0.0,2.8130411792562766,10.126948245322597,0.16671769125674152,0.11644600945379929,0.11644600945379929,0.0,0.0,0.0,0.0,356.71016875132653,0.0590025126353118,212.40904548712248,1305.4051953895298,0.3626125542748694,27.294747051312893,126427.76522548222,1783556732427765.2,1783556732582798.8
8.0,13703.153976525276,24288.0,68.9611168344188,-962.0630964645184,56.761002399983056,966.417461952691,0.0689611168344188,-0.9620630964645183,0.05676100239998305,0.9664174619526911,0.9666885499578523,0.9666885499578523,9.47997626844417,-0.033311450042147715,-0.3266737315558279,0.6762775364042531,0.8513159710252658,-0.17503843462101254,0.04481433692420246,-9.434616064943768,-9.62727392662918,0.19265786168541021,0.012663023370820717,0.5566352841857938,0.3477016827106763,0.20893360147511753,-0.15455006589893663,0.0689611168344188,0.6762775364042531,0.04481433692420246,0.04481433692420246,0.1628289597085834,9.47997626844417,0.9666885499578523,43.66241793690354,-79.39465498789336,108.7,-6.924756002649339,3.972465316714945,1.0,3.022738529336102,8.0,3.022738529336102,2.8130411792562766,10.126948245322597,0.5950885913720432,3.022738529336102,0.0,2.8130411792562766,10.126948245322597,0.035401972505241575,0.18210386882954926,0.18210386882954926,0.0,0.0,0.0,0.0,332.82220378184593,0.05501793498664655,198.06456595192753,1369.2203813533215,0.38033899482036704,27.294747051312893,126623.2881336343,1783556732623288.2,1783556732911408.8
9.0,14047.425741152521,24288.0,47.469209542676865,-1005.2862418820725,59.30179695166514,1011.1873001988362,0.04746920954267686,-1.0052862418820725,0.05930179695166513,1.011187300198836,1.0113106030820158,1.0113106030820158,9.91756912571425,0.011310603082015827,0.1109191257142505,0.4655139237616921,0.8048348790626271,-0.339320955300935,0.24572766479056515,-9.858490323952825,-9.710932944583163,-0.1475573793696618,0.1047059620821473,0.581551967076047,0.3773515891663277,0.20420037790971912,-0.19710328645790964,0.04746920954267686,0.4655139237616921,0.24572766479056515,0.24572766479056515,0.20351502992197656,9.91756912571425,1.0113106030820158,43.66242333851836,-79.3946648176717,108.7,-7.716365308895723,4.569559819264944,1.0,1.8874360297168444,9.0,1.8874360297168444,1.7999567412518587,6.479844268506692,0.5988593650099417,0.7304056754071021,0.0,1.7999567412518587,6.479844268506692,-1.013084438004418,0.3236415738675969,0.3236415738675969,0.0,0.0,0.0,0.0,341.1838764011124,0.056750340186978956,204.30122467312424,1723.435240556023,0.4787320112655619,25.386644301122953,127644.87300198837,1783556733644873.0,1783556733619788.2
10.0,8261.75186870763,24288.0,117.76939712515872,-1028.2298819991536,31.750540656765832,1036.1530143742064,0.11776939712515871,-1.0282298819991535,0.03175054065676583,1.0361530143742064,1.0356859836897185,1.0356859836897185,10.156609951950779,0.03568598368971864,0.3499599519507793,1.1549232583174378,0.8063142822896797,0.34860897602775803,0.2941994999999999,-10.083490572306998,-9.688593293052906,-0.394897279254092,0.19122967499999888,0.31136643953167265,0.3734065138941874,-0.06204007436251477,-0.16671304999999992,0.11776939712515871,1.1549232583174378,0.2941994999999999,0.2941994999999999,9.671922216085688e-17,10.156609951950779,1.0356859836897185,43.66242963451835,-79.39466432704783,108.7,-7.67685450816492,5.265519657796296,1.0,1.1185210163085761,10.0,1.1185210163085761,1.1784759928820459,4.242513574375365,0.5950384338124736,0.5519296825250561,0.0,1.1784759928820459,4.242513574375365,-0.7858713072626676,0.2958676514574889,0.2958676514574889,0.0,0.0,0.0,0.0,200.66142938717093,0.03316189077879801,119.38280680367284,1986.0120095806042,0.5516700026612789,20.495912792359096,128776.45327611711,1783556734776453.2,1783556734519217.0
11.0,7332.250928834714,24288.0,111.58456077486284,-1036.358562230025,14.869476513117204,1042.5662818425935,0.11158456077486284,-1.0363585622300249,0.014869476513117203,1.0425662818425936,1.0424717108490535,1.0424717108490535,10.223155203197871,0.042471710849053636,0.4165052031978719,1.0942707329228087,0.7961864246921064,0.2980843082307022,0.29419949999999995,-10.163205694293072,-9.675089482922807,-0.48811621137026584,0.19122967499999888,0.1458197518473608,0.40041413415438254,-0.25459438230702175,-0.16671304999999992,0.11158456077486284,1.0942707329228087,0.29419949999999995,0.29419949999999995,1.4758522283310467e-16,10.223155203197871,1.0424717108490535,43.66243528491574,-79.39466519299032,108.7,-7.746590375681048,5.8901145856259385,1.0,1.3311228897529386,11.0,1.3311228897529386,1.4226090326298209,5.121392517467355,0.596,1.3311228897529386,0.0,1.4226090326298209,5.121392517467355,0.2441330397477751,0.15830146799518077,0.15830146799518077,0.0,0.0,0.0,0.0,178.08571055953752,0.029483078748190103,106.13908349348436,2058.197380498105,0.571721494582807,18.16972652557399,129186.80088909087,1783556735186801.0,1783556735207719.5
12.0,6927.794576931861,24288.0,110.73486255657954,-990.050009333585,18.69311849539207,996.6825780552952,0.11073486255657954,-0.9900500093335849,0.01869311849539207,0.9966825780552951,0.9964243484175828,0.9964243484175828,9.771584836409287,-0.0035756515824172386,-0.03506516359071199,1.0859380398904808,0.7899369049178605,0.2960011349726202,0.29419949999999995,-9.709073924031198,-9.66675678989048,-0.0423171341407198,0.19122967499999888,0.18331687049283663,0.41707952021903844,-0.23376264972620184,-0.16671304999999992,0.11073486255657954,1.0859380398904808,0.29419949999999995,0.29419949999999995,6.844474247059666e-17,9.771584836409287,0.9964243484175828,43.66243995825594,-79.39467581421805,108.7,-8.601936489920444,6.406705611426135,1.0,1.8795065592502598,12.0,1.8795065592502598,1.9219345569090598,6.918964404872616,0.596,1.8795065592502598,0.0,1.9219345569090598,6.918964404872616,0.7434585640270139,0.07341455331134397,0.07341455331134397,0.0,0.0,0.0,0.0,168.26227468452106,0.027856754364437374,100.28431571197454,2098.651857879168,0.5829588494108798,19.076379736609724,129440.01095813929,1783556735440011.0,1783556735632568.8
13.0,4325.71940026788,24288.0,134.81929863172,-965.5053907083015,32.295891745673195,976.3902003309083,0.13481929863171999,-0.9655053907083014,0.0322958917456732,0.9763902003309083,0.975468115435356,0.975468115435356,9.566074394234134,-0.02453188456464396,-0.24057560576586567,1.3221256749267567,0.7744429420713843,0.5476827328553724,0.29910282500000007,-9.468373439789564,-9.635739644821538,0.16736620503197305,0.19108847103569107,0.316714506787706,0.4718488317144627,-0.15513432492675663,-0.16671304999999992,0.13481929863171999,1.3221256749267567,0.29910282500000007,0.29910282500000007,0.007950118590471246,9.566074394234134,0.975468115435356,43.66244425917835,-79.39468664146287,108.7,-9.473873523436879,6.882129574685039,1.0,2.421142505351539,13.0,2.421142505351539,2.411452844379457,8.681230239766046,0.5988848096226068,0.13514876132819606,0.0,2.411452844379457,8.681230239766046,1.1991310140305662,0.0,0.0,0.0,0.0,0.0,0.0,105.06307279370627,0.017479284038058207,62.925422537009545,2198.397763644051,0.6106660454566808,10.978529230438587,130275.13456863724,1783556736275134.5,1783556736028797.5
14.0,3953.680476359297,24288.0,126.0829894219537,-984.0434126900007,41.88452380517277,994.0758994628742,0.1260829894219537,-0.9840434126900006,0.04188452380517277,0.9940758994628742,0.9933615156462492,0.9933615156462492,9.741548707412289,-0.006638484353750845,-0.06510129258771072,1.2364517482148023,0.7723533341028,0.46409841411200226,0.29910282500000007,-9.650169333056395,-9.640963664742998,-0.009205668313396587,0.19004366705139913,0.4107468653739975,0.48020726358879967,-0.06946039821480218,-0.16671304999999992,0.1260829894219537,1.2364517482148023,0.29910282500000007,0.29910282500000007,0.0062058715382305885,9.741548707412289,0.9933615156462492,43.66244617690476,-79.39469878706348,108.7,-10.451980061922777,7.094115052223326,1.0,2.9195980561615107,14.0,2.9195980561615107,2.838212133404602,10.217563680256568,0.5980324867728735,1.1351487613281959,0.0,2.838212133404602,10.217563680256568,1.375456358014558,0.0,0.0,0.0,0.0,0.0,0.0,96.0269914098146,0.015960657107323323,57.45836558636397,2206.496338646103,0.6129156496239175,9.063412916454517,130401.91759253506,1783556736401917.5,1783556736241878.2
15.0,3581.6415524507133,24288.0,117.34668021218742,-1002.5814346716999,51.473155864672336,1011.76159859484,0.11734668021218743,-1.0025814346717,0.05147315586467234,1.01176159859484,1.0112549158571422,1.0112549158571422,9.917023020590443,0.011254915857142271,0.11037302059044424,1.150777821502848,0.7702637261342158,0.380514095368632,0.29910282500000007,-9.831965226323225,-9.64618768466446,-0.18577754165876625,0.18899886306710723,0.504779223960289,0.48856569546313666,0.01621352849715224,-0.16671304999999992,0.11734668021218743,1.150777821502848,0.29910282500000007,0.29910282500000007,0.00446162448598993,9.917023020590443,1.0112549158571422,43.66244809463117,-79.3947109326641,108.7,-11.430086600408675,7.306100529761613,1.0,3.418053606971483,15.0,3.418053606971483,3.264971422429747,11.753897120747089,0.5971801639231402,2.1351487613281956,0.0,3.264971422429747,11.753897120747089,1.55178170199855,0.0,0.0,0.0,0.0,0.0,0.0,86.99091002592293,0.01444203017658844,51.99130863571838,2214.594913648155,0.6151652537911542,7.148296602470447,130528.70061643289,1783556736528700.5,1783556736454959.0
16.0,3209.60262854213,24288.0,108.61037100242115,-1021.1194566533991,61.06178792417191,1029.447297726806,0.10861037100242116,-1.021119456653399,0.06106178792417191,1.0294472977268059,1.0291483160680355,1.0291483160680355,10.092497333768598,0.02914831606803539,0.2858473337685992,1.0651038947908933,0.7681741181656315,0.2969297766252618,0.29910282500000007,-10.013761119590056,-9.65141170458592,-0.36234941500413587,0.18795405908281532,0.5988115825465804,0.4969241273374737,0.10188745520910669,-0.16671304999999992,0.10861037100242116,1.0651038947908933,0.29910282500000007,0.29910282500000007,0.0027173774337492717,10.092497333768598,1.0291483160680355,43.66245001235758,-79.3947230782647,108.7,-12.408193138894571,7.5180860072999,1.0,3.916509157781455,16.0,3.916509157781455,3.691730711454891,13.29023056123761,0.5963278410734069,3.135148761328195,0.0,3.691730711454891,13.29023056123761,1.7281070459825418,0.0,0.0,0.0,0.0,0.0,0.0,77.95482864203126,0.012923403245853556,46.524251685072805,2222.693488650207,0.6174148579583908,5.233180288486377,130655.48364033071,1783556736655483.8,1783556736668039.8
17.0,2837.563704633547,24288.0,99.87406179265487,-1039.6574786350982,70.65041998367148,1047.1329968587718,0.09987406179265487,-1.0396574786350983,0.07065041998367148,1.0471329968587717,1.0470417162789285,1.0470417162789285,10.267971646946755,0.0470417162789285,0.4613216469467541,0.9794299680789389,0.7660845101970473,0.21334545788189163,0.29910282500000007,-10.195557012856886,-9.65663572450738,-0.5389212883495055,0.18690925509852338,0.6928439411328718,0.5052825592118108,0.18756138192106114,-0.16671304999999992,0.09987406179265487,0.9794299680789389,0.29910282500000007,0.29910282500000007,0.0009731303815086138,10.267971646946755,1.0470417162789285,43.662451930083996,-79.39473522386531,108.7,-13.38629967738047,7.730071484838187,1.0,4.414964708591427,17.0,4.414964708591427,4.118490000480036,14.82656400172813,0.5954755182236736,4.135148761328195,0.0,4.118490000480036,14.82656400172813,1.904432389966534,0.0,0.0,0.0,0.0,0.0,0.0,68.91874725813958,0.011404776315118674,41.05719473442723,2230.7920636522595,0.6196644621256275,3.318063974502307,130782.26666422855,1783556736782266.8,1783556736881120.5
18.0,1657.3128371996786,24288.0,143.46119459841142,-931.5793268550825,15.915178950254354,943.8689902826238,0.14346119459841142,-0.9315793268550826,0.01591517895025435,0.9438689902826238,0.9434055506182467,0.9434055506182467,9.251648042970428,-0.05659444938175329,-0.5550019570295708,1.4068737240085112,0.7561071960211859,0.6507665279873253,0.29419949999999995,-9.135672405703396,-9.659550249999999,0.5238778442966036,0.18682392301059278,0.15607458965251184,0.5045449019894069,-0.3484703123368951,0.15690639999999995,0.14346119459841142,1.4068737240085112,0.29419949999999995,0.29419949999999995,-0.00740462519228082,9.251648042970428,0.9434055506182467,43.66245330442996,-79.39474747973927,108.7,-14.373286722539886,7.881991687552402,1.0,4.658913009863159,18.0,4.658913009863159,4.356582665855563,15.683697597080027,0.595,0.44209142835670445,0.0,4.356582665855563,15.683697597080027,1.7995677800695815,0.004076551354540121,0.004076551354540121,0.0,0.0,0.0,0.0,40.2528141899058,0.00665289567860943,23.95042444299395,2261.8813444883795,0.6283003734689941,2.1281703245516024,131508.378608659,1783556737508378.5,1783556737101476.8
19.0,1363.9636463266938,24288.0,121.88465004280847,-928.3657989425459,33.81912017724403,939.0486984138189,0.12188465004280848,-0.928365798942546,0.03381912017724403,0.9390486984138189,0.9386778258386999,0.9386778258386999,9.205284900761086,-0.06132217416130009,-0.6013650992389135,1.1952801033423075,0.7583581919857201,0.43692191135658753,0.29419949999999995,-9.104158462199917,-9.659550249999999,0.5553917878000809,0.1879494209928596,0.3316522748861701,0.5034194040071399,-0.1717671291209698,0.15690639999999995,0.12188465004280848,1.1952801033423075,0.29419949999999995,0.29419949999999995,-0.005513031944773141,9.205284900761086,0.9386778258386999,43.66245399304308,-79.3947598747755,108.7,-15.37148074995659,7.958110982280177,1.0,4.58167938596041,19.0,4.58167938596041,4.356582665855563,15.683697597080027,0.595,1.4420914283567046,0.0,4.356582665855563,15.683697597080027,1.3398483246188637,0.013297610830162726,0.013297610830162726,0.0,0.0,0.0,0.0,33.127949041982745,0.00547531379999437,19.71112967997973,2263.5697647030697,0.628769379084186,1.853489941951876,131644.9535449418,1783556737644953.5,1783556737331014.2
20.0,1070.614455453709,24288.0,100.30810548720552,-925.1522710300094,51.72306140423371,934.228406545014,0.10030810548720553,-0.9251522710300094,0.0517230614042337,0.934228406545014,0.9339501010591531,0.9339501010591531,9.158921758551742,-0.0660498989408469,-0.6477282414482561,0.983686482676104,0.7606091879502541,0.22307729472584992,0.29419949999999995,-9.07264451869644,-9.659550249999999,0.5869057313035582,0.1890749189751264,0.5072299601198285,0.5022939060248729,0.0049360540949555665,0.15690639999999995,0.10030810548720553,0.983686482676104,0.29419949999999995,0.29419949999999995,-0.003621438697265461,9.158921758551742,0.9339501010591531,43.66245468165621,-79.39477226981174,108.7,-16.369674777373294,8.034230277007952,1.0,4.50444576205766,20.0,4.50444576205766,4.356582665855563,15.683697597080027,0.595,2.442091428356705,0.0,4.356582665855563,15.683697597080027,0.8801288691681457,0.022518670305785332,0.022518670305785332,0.0,0.0,0.0,0.0,26.00308389405969,0.00429773192137931,15.471834916965514,2265.25818491776,0.6292383846993777,1.5788095593521494,131781.5284812246,1783556737781528.5,1783556737560552.0
21.0,777.2652645807244,24288.0,78.73156093160257,-921.9387431174728,69.62700263122339,929.408114676209,0.07873156093160258,-0.9219387431174728,0.06962700263122337,0.9294081146762091,0.9292223762796064,0.9292223762796064,9.1125586163424,-0.0707776237203937,-0.6940913836575988,0.7720928620099003,0.7628601839147883,0.00923267809511219,0.29419949999999995,-9.041130575192962,-9.659550249999999,0.6184196748070355,0.19020041695739323,0.6828076453534867,0.5011684080426059,0.18163923731088094,0.15690639999999995,0.07873156093160258,0.7720928620099003,0.29419949999999995,0.29419949999999995,-0.0017298454497577812,9.1125586163424,0.9292223762796064,43.66245537026933,-79.39478466484798,108.7,-17.367868804789996,8.110349571735727,1.0,4.4272121381549105,21.0,4.4272121381549105,4.356582665855563,15.683697597080027,0.595,3.4420914283567052,0.0,4.356582665855563,15.683697597080027,0.4204094137174279,0.03173972978140794,0.03173972978140794,0.0,0.0,0.0,0.0,18.878218746136636,0.00312015004276425,11.232540153951298,2266.9466051324503,0.6297073903145695,1.304129176752423,131918.1034175074,1783556737918103.5,1783556737790089.8
22.0,520.1678729552824,24288.0,60.12512152907696,-919.9792724419743,83.85393486120508,926.0001080258462,0.06012512152907695,-0.9199792724419744,0.08385393486120507,0.9260001080258462,0.9258956128276148,0.9258956128276148,9.079934211535928,-0.07410438717238516,-0.7267157884640709,0.5896260230431225,0.7647143727214236,-0.17508834967830111,0.29419949999999995,-9.021914732093087,-9.659550249999999,0.6376355179069115,0.19317078414647415,0.8223261903066366,0.49942400452498276,0.32290218578165375,0.1585410182286107,0.06012512152907695,0.5896260230431225,0.29419949999999995,0.29419949999999995,0.0,9.079934211535928,0.9258956128276148,43.662456020835585,-79.39479706261477,108.7,-18.366282729624974,8.182263165220608,1.0,4.351319484827862,22.0,4.351319484827862,4.356582665855563,15.683697597080027,0.5951250135032308,4.351319484827862,0.0,4.356582665855563,15.683697597080027,0.0,0.04017230787232062,0.04017230787232062,0.0,0.0,0.0,0.0,12.633837298337898,0.0020889739320100026,7.5203061552360095,2268.8084757236174,0.6302245765898936,1.0527231005898354,132055.52218590694,1783556738055522.2,1783556738020835.5
23.0,650.7728849870397,24288.0,73.28308915914207,-931.4315776014755,58.75632993719199,937.6960792525707,0.07328308915914206,-0.9314315776014755,0.05875632993719199,0.9376960792525707,0.9375517215474316,0.9375517215474316,9.19424159011312,-0.06244827845256835,-0.6124084098868793,0.7186616063025004,0.762324824883287,-0.04366321858078648,0.29419949999999995,-9.13422348048551,-9.659550249999999,0.52532676951449,0.21587148860877234,0.5762027629785638,0.4910605870915046,0.08514217588705919,0.17765740093370375,0.07328308915914206,0.7186616063025004,0.29419949999999995,0.29419949999999995,0.0,9.19424159011312,0.9375517215474316,43.66245626450165,-79.3948094895842,108.7,-19.367048393115464,8.209198012414864,1.0,4.289768120105079,23.0,4.289768120105079,4.356582665855563,15.683697597080027,0.5965870099065713,4.289768120105079,0.0,4.356582665855563,15.683697597080027,0.0,0.04017230787232062,0.04017230787232062,0.0,0.0,0.0,0.0,15.805971830565221,0.0026235647428179435,9.444833074144597,2272.525347425656,0.6312570409515711,1.0502289332546342,132201.96549230823,1783556738201965.5,1783556738264501.8
24.0,781.3778970187971,24288.0,86.44105678920717,-942.8838827609766,33.658725013178916,949.3920504792952,0.08644105678920716,-0.9428838827609766,0.03365872501317892,0.9493920504792953,0.9492078302672484,0.9492078302672484,9.308548968690312,-0.05079216973275153,-0.49810103130968775,0.8476971895618786,0.7599352770451503,0.08776191251672816,0.29419949999999995,-9.24653222887793,-9.659550249999999,0.4130180211220684,0.2385721930710705,0.33007933565049097,0.4826971696580264,-0.15261783400753542,0.19677378363879677,0.08644105678920716,0.8476971895618786,0.29419949999999995,0.29419949999999995,0.0,9.308548968690312,0.9492078302672484,43.66245650816772,-79.39482191655364,108.7,-20.36781405660595,8.236132859609121,1.0,4.228216755382296,24.0,4.228216755382296,4.356582665855563,15.683697597080027,0.5980490063099119,4.228216755382296,0.0,4.356582665855563,15.683697597080027,0.0,0.04017230787232062,0.04017230787232062,0.0,0.0,0.0,0.0,18.978106362792545,0.0031581555536258844,11.369359993053184,2276.2422191276946,0.6322895053132485,1.0477347659194332,132348.4087987095,1783556738348408.8,1783556738508167.8
25.0,911.9829090505544,24288.0,99.59902441927227,-954.3361879204778,8.56112008916584,961.0880217060198,0.09959902441927228,-0.9543361879204777,0.008561120089165847,0.9610880217060198,0.9608639389870652,0.9608639389870652,9.422856347267503,-0.039136061012934716,-0.3837936527324962,0.9767327728212565,0.7575457292070137,0.2191870436142428,0.29419949999999995,-9.358840977270352,-9.659550249999999,0.3007092727296469,0.2612728975333687,0.08395590832241828,0.47433375222454816,-0.39037784390213004,0.21589016634388983,0.09959902441927228,0.9767327728212565,0.29419949999999995,0.29419949999999995,0.0,9.422856347267503,0.9608639389870652,43.66245675183379,-79.39483434352306,108.7,-21.36857972009644,8.26306770680338,1.0,4.166665390659514,25.0,4.166665390659514,4.356582665855563,15.683697597080027,0.5995110027132524,4.166665390659514,0.0,4.356582665855563,15.683697597080027,0.0,0.04017230787232062,0.04017230787232062,0.0,0.0,0.0,0.0,22.150240895019863,0.0036927463644338254,13.293886911961772,2279.959090829733,0.6333219696749258,1.045240598584232,132494.8521051108,1783556738494852.0,1783556738751833.8
26.0,1042.5879210823118,24288.0,112.75699204933738,-965.7884930799788,-16.53648483484723,972.7839929327444,0.1127569920493374,-0.9657884930799788,-0.016536484834847237,0.9727839929327443,0.972520047706882,0.972520047706882,9.537163725844696,-0.027479952293117907,-0.2694862741553047,1.1057683560806346,0.7551561813688771,0.35061217471175743,0.29419949999999995,-9.471149725662773,-9.659550249999999,0.18840052433722543,0.28397360199566685,-0.16216751900565451,0.46597033479107,-0.6281378537967246,0.23500654904898288,0.1127569920493374,1.1057683560806346,0.29419949999999995,0.29419949999999995,0.0,9.537163725844696,0.972520047706882,43.66245699549986,-79.39484677049249,108.7,-22.36934538358693,8.290002553997637,1.0,4.1051140259367305,26.0,4.1051140259367305,4.356582665855563,15.683697597080027,0.6009729991165931,4.1051140259367305,0.0,4.356582665855563,15.683697597080027,0.0,0.04017230787232062,0.04017230787232062,0.0,0.0,0.0,0.0,25.322375427247188,0.004227337175241767,15.21841383087036,2283.675962531772,0.6343544340366033,1.0427464312490307,132641.29541151208,1783556738641295.5,1783556738995499.8
27.0,689.7577468523917,24288.0,43.73214970319229,-959.0162472872275,72.76071017808462,965.7572614654568,0.043732149703192294,-0.9590162472872275,0.07276071017808462,0.9657572614654568,0.9655381961099178,0.9655381961099178,9.468695150881324,-0.034461803890082215,-0.3379548491186747,0.4288658858868107,0.7627845104136334,-0.3339186245268227,0.2353596000000001,-9.404736681459289,-9.663818629172733,0.2590819477134424,0.26411804892951757,0.7135388184679136,0.45324008958636647,0.26029872888154704,0.2353596,0.043732149703192294,0.4288658858868107,0.2353596000000001,0.2353596000000001,-0.07736934870890882,9.468695150881324,0.9655381961099178,43.66245743525355,-79.39485918709924,108.7,-23.36927652295262,8.338612926969109,1.0,4.192373436936467,27.0,4.192373436936467,4.390005140183274,15.804018504659785,0.5947823732277213,0.9815314980630168,0.0,4.390005140183274,15.804018504659785,0.03342247432771086,0.04017230787232062,0.04017230787232062,0.0,0.0,0.0,0.0,16.75283615555089,0.0027671316487456483,9.961673935484333,2295.4423230826583,0.6376228675229607,0.9098406533675489,133368.27030273352,1783556739368270.2,1783556739217626.8
28.0,830.1075442091214,24288.0,78.09900371629357,-974.3150403640275,52.14059777022386,982.8298276526103,0.07809900371629355,-0.9743150403640274,0.05214059777022387,0.9828298276526103,0.9827719887603751,0.9827719887603751,9.637700923576931,-0.01722801123962494,-0.1689490764230679,0.7658895947943902,0.7606101639045523,0.005279430889837955,0.2353596000000001,-9.554766590585889,-9.668167322190895,0.11340073160500491,0.24346175709324638,0.5113245931233659,0.45541443609544763,0.055910157027918184,0.2353596,0.07809900371629355,0.7658895947943902,0.2353596000000001,0.2353596000000001,-0.05544316542405686,9.637700923576931,0.9827719887603751,43.66245787869682,-79.39487160351102,108.7,-24.3691919599079,8.387631146749971,1.0,4.282432872291102,28.0,4.282432872291102,4.424056491967367,15.926603371082518,0.5945606515889271,1.9815314980630165,0.0,4.424056491967367,15.926603371082518,0.06747382611180311,0.04017230787232062,0.04017230787232062,0.0,0.0,0.0,0.0,20.161652033751146,0.003328760541790358,11.983537950445287,2299.2328940281664,0.6386758038967129,0.7849096567038258,133499.97295617728,1783556739499973.0,1783556739439348.5
29.0,970.457341565851,24288.0,112.46585772939483,-989.6138334408274,31.520485362363104,999.9023938397639,0.11246585772939482,-0.9896138334408273,0.031520485362363106,0.9999023938397639,1.0000057814108323,1.0000057814108323,9.806706696272538,5.781410832336742e-06,5.669627253890308e-05,1.1029133037019696,0.7584358173954711,0.34447748630649855,0.2353596000000001,-9.704796499712488,-9.672516015209057,-0.03228048450343257,0.2228054652569752,0.3091103677788182,0.4575887826045288,-0.14847841482571067,0.2353596,0.11246585772939482,1.1029133037019696,0.2353596000000001,0.2353596000000001,-0.03351698213920491,9.806706696272538,1.0000057814108323,43.6624583221401,-79.39488401992278,108.7,-25.369107396863182,8.436649366530835,1.0,4.372492307645736,29.0,4.372492307645736,4.458107843751458,16.04918823750525,0.5943389299501329,2.9815314980630165,0.0,4.458107843751458,16.04918823750525,0.10152517789589537,0.04017230787232062,0.04017230787232062,0.0,0.0,0.0,0.0,23.570467911951397,0.0038903894348350674,14.005401965406243,2303.023464973674,0.639728740270465,0.6599786600401027,133631.67560962104,1783556739631675.5,1783556739661070.0
30.0,1110.8071389225806,24288.0,146.8327117424961,-1004.9126265176272,10.900372954502345,1016.9749600269174,0.1468327117424961,-1.0049126265176271,0.010900372954502344,1.0169749600269173,1.0172395740612896,1.0172395740612896,9.975712468968146,0.017239574061289606,0.1690624689681458,1.4399370126095492,0.75626147088639,0.6836755417231593,0.2353596000000001,-9.854826408839088,-9.67686470822722,-0.1779617006118701,0.20214917342070401,0.10689614243427048,0.45976312911360995,-0.35286698667933947,0.2353596,0.1468327117424961,1.4399370126095492,0.2353596000000001,0.2353596000000001,-0.011590798854352949,9.975712468968146,1.0172395740612896,43.662458765583374,-79.39489643633456,108.7,-26.369022833818462,8.485667586311697,1.0,4.462551743000369,30.0,4.462551743000369,4.49215919553555,16.171773103927983,0.5941172083113387,3.981531498063016,0.0,4.49215919553555,16.171773103927983,0.13557652967998762,0.04017230787232062,0.04017230787232062,0.0,0.0,0.0,0.0,26.979283790151648,0.0044520183278797774,16.027265980367197,2306.8140359191816,0.6407816766442171,0.5350476633763794,133763.3782630648,1783556739763378.2,1783556739882791.8
31.0,97.0,24288.0,53.007889554412685,-995.8331361285333,93.03609460925726,1001.9244576186793,0.053007889554412685,-0.9958331361285333,0.09303609460925727,1.0019244576186792,1.0019040947075586,1.0019040947075586,9.82532279036388,0.0019040947075586,0.018672790363879546,0.5198298200987811,0.7462783279901218,-0.2264485078913407,0.1594160900740859,-9.76578702441488,-9.661496105980243,-0.10429091843463761,0.18632634999999986,0.9123724171998728,0.4697462720098781,0.44262614518999466,0.24508887990121886,0.053007889554412685,0.5198298200987811,0.1594160900740859,0.1594160900740859,-0.11610804434095452,9.82532279036388,1.0019040947075586,43.66245880157791,-79.39490885345162,108.7,-27.368995069185786,8.489646422041375,1.0,4.53407384305796,31.0,4.53407384305796,4.518130773669591,16.265270785210525,0.5953968441782349,0.47137179764612136,0.0,4.518130773669591,16.265270785210525,0.14631156979496548,0.036186771245972735,0.036186771245972735,0.0,0.0,0.0,0.0,2.3559360000000003,0.00038964357207941505,1.4027168594858943,2310.3596277320125,0.6417665632588925,0.48566172625253495,134487.42741569068,1783556740487427.5,1783556740099211.0
32.0,97.0,24288.0,50.90315938060594,-986.993269398545,110.08440901709187,995.3997940798785,0.05090315938060594,-0.9869932693985449,0.11008440901709188,0.9953997940798783,0.9952138024710467,0.9952138024710467,9.75971343600269,-0.004786197528953219,-0.04693656399730907,0.4991894679398192,0.748342363206018,-0.24915289526619877,0.14393582595486448,-9.67909754534724,-9.665624176412035,-0.01347336893520526,0.18632634999999986,1.079559269687464,0.4676822367939819,0.6118770328934822,0.26572923206018073,0.05090315938060594,0.4991894679398192,0.14393582595486448,0.14393582595486448,-0.11766878981501916,9.75971343600269,0.9952138024710467,43.662458380631875,-79.39492127135965,108.7,-28.3690310021324,8.443115047476336,1.0,4.584806922042499,32.0,4.584806922042499,4.535041147375656,16.32614813055236,0.5962387362477576,1.4713717976461218,0.0,4.535041147375656,16.32614813055236,0.13089812163653133,0.027731584392940004,0.027731584392940004,0.0,0.0,0.0,0.0,2.3559360000000003,0.0003901945287001659,1.4047003033205971,2310.6566484462596,0.6418490690128499,0.5209971263421311,134613.50075310172,1783556740613500.8,1783556740309684.0
33.0,97.0,24288.0,48.7984292067992,-978.1534026685566,127.13272342492648,988.8751305410775,0.0487984292067992,-0.9781534026685567,0.12713272342492649,0.9888751305410775,0.988523510234535,0.988523510234535,9.694104081641502,-0.011476489765465038,-0.11254591835849768,0.47854911578085735,0.7504063984219141,-0.27185728264105685,0.12845556183564305,-9.5924080662796,-9.669752246843828,0.0773441805642271,0.18632634999999986,1.2467461221750553,0.4656182015780857,0.7811279205969694,0.2863695842191426,0.0487984292067992,0.47854911578085735,0.12845556183564305,0.12845556183564305,-0.11922953528908381,9.694104081641502,0.988523510234535,43.662457959685845,-79.39493368926769,108.7,-29.369066935079015,8.396583672911298,1.0,4.635540001027038,33.0,4.635540001027038,4.551951521081722,16.387025475894198,0.5970806283172803,2.471371797646122,0.0,4.551951521081722,16.387025475894198,0.11548467347809721,0.019276397539907272,0.019276397539907272,0.0,0.0,0.0,0.0,2.3559360000000003,0.00039074548532091677,1.4066837471553002,2310.9536691605063,0.6419315747668073,0.5563325264317274,134739.57409051273,1783556740739574.0,1783556740520157.0
34.0,97.0,24288.0,46.693699032992455,-969.3135359385683,144.1810378327611,982.3504670022767,0.046693699032992454,-0.9693135359385683,0.1441810378327611,0.9823504670022766,0.9818332179980231,0.9818332179980231,9.628494727280312,-0.018166782001976856,-0.1781552727196863,0.4579087636218955,0.7524704336378104,-0.29456167001591493,0.11297529771642166,-9.50571858721196,-9.67388031727562,0.16816173006365942,0.18632634999999986,1.4139329746626466,0.46355416636218955,0.950378808300457,0.3070099363781045,0.046693699032992454,0.4579087636218955,0.11297529771642166,0.11297529771642166,-0.12079028076314846,9.628494727280312,0.9818332179980231,43.66245753873981,-79.39494610717571,108.7,-30.369102868025628,8.350052298346258,1.0,4.686273080011577,34.0,4.686273080011577,4.568861894787787,16.44790282123603,0.597922520386803,3.4713717976461225,0.0,4.568861894787787,16.44790282123603,0.10007122531966307,0.010821210686874541,0.010821210686874541,0.0,0.0,0.0,0.0,2.3559360000000003,0.0003912964419416676,1.4086671909900033,2311.250689874753,0.6420140805207647,0.5916679265213235,134865.64742792374,1783556740865647.5,1783556740730630.0
35.0,97.0,24288.0,44.58896885918572,-960.47366920858,161.2293522405957,975.8258034634757,0.044588968859185715,-0.96047366920858,0.1612293522405957,0.9758258034634757,0.9751429257615113,0.9751429257615113,9.562885372919125,-0.024857074238488673,-0.24376462708087493,0.43726841146293355,0.7545344688537066,-0.317266057390773,0.09749503359720024,-9.41902910814432,-9.678008387707411,0.2589792795630918,0.18632634999999986,1.5811198271502378,0.46149013114629334,1.1196296960039445,0.32765028853706635,0.044588968859185715,0.43726841146293355,0.09749503359720024,0.09749503359720024,-0.1223510262372131,9.562885372919125,0.9751429257615113,43.66245711779378,-79.39495852508374,108.7,-31.369138800972244,8.30352092378122,1.0,4.737006158996116,35.0,4.737006158996116,4.585772268493852,16.508780166577868,0.5987644124563257,4.471371797646123,0.0,4.585772268493852,16.508780166577868,0.08465777716122894,0.00236602383384181,0.00236602383384181,0.0,0.0,0.0,0.0,2.3559360000000003,0.00039184739856241844,1.4106506348247063,2311.547710589,0.6420965862747222,0.6270033266109197,134991.7207653348,1783556740991720.8,1783556740941103.0
36.0,148.30051726416667,24288.0,48.23582252639908,-952.1953543156753,155.0182378945209,966.9402957893349,0.048235822526399075,-0.9521953543156753,0.1550182378945209,0.9669402957893348,0.9662796166312249,0.9662796166312249,9.4759660024366,-0.03372038336877513,-0.3306839975633986,0.4730318289785115,0.7535735600378328,-0.28054173105932134,0.07085507054857716,-9.337846571399817,-9.676086570075665,0.33823999867584775,0.18632634999999986,1.5202096026483034,0.4624510399621671,1.0577585626861363,0.33496458996216705,0.048235822526399075,0.4730318289785115,0.07085507054857716,0.07085507054857716,-0.14095424683061084,9.4759660024366,0.9662796166312249,43.66245668623537,-79.394970942292,108.7,-32.36911838122006,8.255816457864144,1.0,4.725992091758162,36.0,4.725992091758162,4.590504316161536,16.52581553818153,0.5985293530526223,4.725992091758162,0.0,4.590504316161536,16.52581553818153,0.06773996636515867,0.0,0.0,0.0,0.0,0.0,0.0,3.60192296331208,0.0005979736333464952,2.1527050800473826,2312.593718836675,0.6423871441212987,0.6160657638980592,135120.50186021236,1783556741120501.8,1783556741156882.2
37.0,219.53452064997094,24288.0,54.117529227979254,-944.135237724621,139.76936866820193,957.1374512867012,0.054117529227979244,-0.944135237724621,0.13976936866820194,0.9571374512867012,0.9565719534007431,0.9565719534007431,9.380766346817396,-0.04342804659925693,-0.4258836531826029,0.5307116680035626,0.7514372697035716,-0.220725601700009,0.0398788607017904,-9.258803829032153,-9.671813989407141,0.41301016037498783,0.18632634999999986,1.3706692792500226,0.46458733029642824,0.9060819489535943,0.33710088029642815,0.054117529227979244,0.5307116680035626,0.0398788607017904,0.0398788607017904,-0.16617954375747412,9.380766346817396,0.9565719534007431,43.66245625055339,-79.39498335922838,108.7,-33.36907606489062,8.207656171978144,1.0,4.690985364252501,37.0,4.690985364252501,4.590504316161536,16.52581553818153,0.59787583008578,4.690985364252501,0.0,4.590504316161536,16.52581553818153,0.05023761581474606,0.0,0.0,0.0,0.0,0.0,0.0,5.332054437546494,0.0008839788278907453,3.1823237804066835,2313.9307559744884,0.6427585433262468,0.5871482370246013,135250.33508962503,1783556741250335.0,1783556741374723.2
38.0,290.7685240357752,24288.0,59.99923592955942,-936.0751211335668,124.52049944188298,947.3346067840677,0.059999235929559414,-0.9360751211335667,0.12452049944188298,0.9473346067840677,0.9468642901702613,0.9468642901702613,9.285566691198191,-0.053135709829738725,-0.5210833088018072,0.5883915070286139,0.7493009793693105,-0.1609094723406967,0.008902650855003635,-9.179761086664492,-9.66754140873862,0.48778032207412797,0.18632634999999986,1.2211289558517417,0.4667236206306894,0.7544053352210522,0.3392371706306893,0.059999235929559414,0.5883915070286139,0.008902650855003635,0.008902650855003635,-0.19140484068433744,9.285566691198191,0.9468642901702613,43.662455814871414,-79.39499577616475,108.7,-34.369033748561186,8.159495886092142,1.0,4.655978636746839,38.0,4.655978636746839,4.590504316161536,16.52581553818153,0.5972223071189379,4.655978636746839,0.0,4.590504316161536,16.52581553818153,0.03273526526433347,0.0,0.0,0.0,0.0,0.0,0.0,7.06218591178091,0.0011699840224349955,4.211942480765984,2315.2677931123017,0.6431299425311949,0.5582307101511433,135380.16831903768,1783556741380168.2,1783556741592564.2
39.0,362.0025274215795,24288.0,65.88094263113959,-928.0150045425124,109.27163021556402,937.531762281434,0.06588094263113958,-0.9280150045425124,0.10927163021556402,0.9375317622814341,0.9371566269397795,0.9371566269397795,9.190367035578987,-0.06284337306022052,-0.6162829644210115,0.646071346053665,0.7471646890350493,-0.10109334298138437,-0.02207355899178312,-9.10071834429683,-9.663268828070098,0.562550483773268,0.18632634999999986,1.071588632453461,0.46885991096495055,0.6027287214885103,0.3413734609649504,0.06588094263113958,0.646071346053665,-0.02207355899178312,-0.02207355899178312,-0.21663013761120076,9.190367035578987,0.9371566269397795,43.66245537918944,-79.39500819310112,108.7,-35.368991432231745,8.111335600206141,1.0,4.620971909241177,39.0,4.620971909241177,4.590504316161536,16.52581553818153,0.5965687841520956,4.620971909241177,0.0,4.590504316161536,16.52581553818153,0.015232914713920867,0.0,0.0,0.0,0.0,0.0,0.0,8.792317386015323,0.0014559892169792455,5.2415611811252845,2316.604830250115,0.6435013417361432,0.5293131832776854,135510.00154845035,1783556741510001.5,1783556741810405.2
40.0,272.55002252060257,24288.0,158.14073740435518,-780.7159397719261,131.90122900725862,808.034210153523,0.15814073740435516,-0.7807159397719261,0.13190122900725862,0.808034210153523,0.807868584900813,0.807868584900813,7.922484458117558,-0.19213141509918694,-1.8841655418824412,1.5508308624664198,0.7548081643744402,0.7960226980919795,0.08875683342938478,-7.656207970764358,-9.659550249999999,2.0033422792356403,-0.14709975000000064,1.2935091874440328,0.46121643562555964,0.8322927518184731,0.33342609999999995,0.15814073740435516,1.5508308624664198,0.08875683342938478,0.08875683342938478,0.22146909832417253,7.922484458117558,0.807868584900813,43.66245503098771,-79.39502061136092,108.7,-36.36905569452548,8.072845381494684,1.0,4.577919731605403,40.0,4.577919731605403,4.577919731605403,16.48051103377945,0.6017520983205806,0.1296646316136219,0.0,4.577919731605403,16.48051103377945,-0.012584584556132782,0.0,0.0,0.0,0.0,0.0,0.0,6.619694946980396,0.0011058478803191733,3.981052369149024,2321.8673548982883,0.6449631541384134,0.6368912687987772,136243.40669969688,1783556742243406.8,1783556742030987.8
41.0,369.33834763611657,24288.0,143.80172627613086,-840.2228359540569,108.0028771268848,862.2834689219715,0.1438017262761309,-0.8402228359540569,0.1080028771268848,0.8622834689219716,0.8620297075407621,0.8620297075407621,8.453623631454615,-0.13797029245923786,-1.3530263685453847,1.4102131989858189,0.7524645366497635,0.6577486623360553,0.05477423142157292,-8.239771274208852,-9.659550249999999,1.419778975791147,-0.14709975000000064,1.0591464149763647,0.46356006335023636,0.5955863516261285,0.33342609999999995,0.1438017262761309,1.4102131989858189,0.05477423142157292,0.05477423142157292,0.1078098256378883,8.453623631454615,0.8620297075407621,43.66245526997123,-79.3950330385039,108.7,-37.36983533420551,8.099262619596551,1.0,4.480864857045372,41.0,4.480864857045372,4.480864857045372,16.131113485363336,0.5998402301701508,1.1296646316136223,0.0,4.480864857045372,16.131113485363336,-0.10963945911616443,0.0,0.0,0.0,0.0,0.0,0.0,8.970489787386,0.0014903753573344905,5.365351286404166,2324.1601634659637,0.6456000454072122,0.6368912687987772,136385.3629098663,1783556742385363.0,1783556742269971.2
42.0,466.12667275163057,24288.0,129.46271514790658,-899.7297321361876,84.10452524651097,916.5327276904201,0.12946271514790658,-0.8997297321361877,0.08410452524651096,0.9165327276904202,0.9161908301807112,0.9161908301807112,8.984762804791671,-0.08380916981928879,-0.8218871952083282,1.2695955355052182,0.7501209089250869,0.5194746265801312,0.020791629413761045,-8.823334577653345,-9.659550249999999,0.8362156723466536,-0.14709975000000064,0.8247836425086968,0.46590369107491303,0.3588799514337838,0.33342609999999995,0.12946271514790658,1.2695955355052182,0.020791629413761045,0.020791629413761045,-0.005849447048395934,8.984762804791671,0.9161908301807112,43.66245550895475,-79.39504546564687,108.7,-38.370614973885544,8.12567985769842,1.0,4.3838099824853405,42.0,4.3838099824853405,4.3838099824853405,15.781715936947224,0.5979283620197209,2.1296646316136227,0.0,4.3838099824853405,15.781715936947224,-0.20669433367619608,0.0,0.0,0.0,0.0,0.0,0.0,11.321284627791604,0.0018749028343498075,6.749650203659307,2326.4529720336395,0.646236936676011,0.6368912687987772,136527.3191200357,1783556742527319.0,1783556742508954.8
43.0,562.9149978671446,24288.0,115.1237040196823,-959.2366283183185,60.20617336613715,970.7819864588687,0.11512370401968229,-0.9592366283183185,0.06020617336613715,0.9707819864588687,0.9703519528206603,0.9703519528206603,9.515901978128728,-0.02964804717933972,-0.2907480218712717,1.1289778720246173,0.7477772812004102,0.38120059082420715,-0.013190972594050818,-9.406897881097839,-9.659550249999999,0.25265236890216025,-0.14709975000000064,0.5904208700410288,0.4682473187995897,0.12217355124143925,0.33342609999999995,0.11512370401968229,1.1289778720246173,-0.013190972594050818,-0.013190972594050818,-0.11950871973468016,9.515901978128728,0.9703519528206603,43.66245574793827,-79.39505789278985,108.7,-39.371394613565585,8.152097095800288,1.0,4.286755107925308,43.0,4.286755107925308,4.286755107925308,15.43231838853111,0.5960164938692909,3.129664631613623,0.0,4.286755107925308,15.43231838853111,-0.3037492082362277,0.0,0.0,0.0,0.0,0.0,0.0,13.672079468197207,0.002259430311365125,8.13394912091445,2328.745780601315,0.6468738279448097,0.6368912687987772,136669.27533020516,1783556742669275.2,1783556742747938.2
44.0,659.7033229826585,24288.0,100.784692891458,-1018.7435245004493,36.30782148576333,1025.0312452273172,0.100784692891458,-1.0187435245004492,0.03630782148576332,1.0250312452273174,1.0245130754606093,1.0245130754606093,10.047041151465784,0.024513075460609324,0.2403911514657846,0.9883602085440165,0.7454336534757335,0.2429265550682831,-0.047173574601862694,-9.990461184542331,-9.659550249999999,-0.3309109345423331,-0.14709975000000064,0.35605809757336093,0.4705909465242664,-0.11453284895090543,0.33342609999999995,0.100784692891458,0.9883602085440165,-0.047173574601862694,-0.047173574601862694,-0.2331679924209644,10.047041151465784,1.0245130754606093,43.662455986921785,-79.39507031993283,108.7,-40.37217425324562,8.178514333902156,1.0,4.189700233365277,44.0,4.189700233365277,4.189700233365277,15.082920840114998,0.594104625718861,4.129664631613624,0.0,4.189700233365277,15.082920840114998,-0.40080408279625934,0.0,0.0,0.0,0.0,0.0,0.0,16.02287430860281,0.0026439577883804423,9.518248038169592,2331.0385891689907,0.6475107192136085,0.6368912687987772,136811.23154037457,1783556742811231.5,1783556742986921.8
45.0,812.1086369312644,24288.0,102.35236730598658,-1067.873538001774,27.867408920620676,1073.1958220784923,0.10235236730598658,-1.067873538001774,0.027867408920620673,1.0731958220784923,1.0732974925294023,1.0732974925294023,10.525452855113462,0.07329749252940224,0.7188028551134623,1.0037338428412532,0.7207887749999999,0.2829450678412533,-0.04903325000000003,-10.472262031445096,-9.656227188570474,-0.8160348428746222,-0.13934593999777564,0.2732859256914047,0.4664509857158746,-0.19316506002446995,0.14709975000000008,0.10235236730598658,1.0037338428412532,-0.04903325000000003,-0.04903325000000003,0.0,10.525452855113462,1.0732974925294023,43.66245622590531,-79.395082747076,108.7,-41.37295390889916,8.204931572603105,1.0,4.184388953644975,45.0,4.184388953644975,4.184388969606042,15.063800290581751,0.5988704734611973,0.9452756620075811,0.0,4.184388969606042,15.063800290581751,-0.3143717342055983,-7.980533631037468e-09,7.980533631037468e-09,0.0,0.0,0.0,0.0,19.72449457378655,0.003280519174458906,11.809869028052063,2345.558207830164,0.65154394661949,0.6891464827291905,137553.41365811753,1783556743553413.8,1783556743225905.2
46.0,840.786659671944,24288.0,96.37777923501166,-1074.087109595588,19.264002098416785,1078.6924431037892,0.09637777923501166,-1.074087109595588,0.019264002098416784,1.0786924431037892,1.0788125252340008,1.0788125252340008,10.579536850586015,0.07881252523400092,0.7728868505860151,0.945143148735027,0.7207887749999999,0.2243543737350271,-0.04903325000000003,-10.533196353315573,-9.652711746924101,-0.8804846063914709,-0.13114324282290352,0.18891532617843895,0.47231005512649726,-0.2833947289480583,0.14709975000000008,0.09637777923501166,0.945143148735027,-0.04903325000000003,-0.04903325000000003,0.0,10.579536850586015,1.0788125252340008,43.662456464888834,-79.3950951742192,108.7,-42.37373356547745,8.231348811338737,1.0,4.184388936759881,46.0,4.184388936759881,4.184388969606042,15.063800290581751,0.5976755558470023,1.9452756620075804,0.0,4.184388969606042,15.063800290581751,-0.2173168580067862,-1.6423080024423252e-08,1.6423080024423252e-08,0.0,0.0,0.0,0.0,20.42102639011218,0.0033893119622056,12.20152306394016,2348.6837492451305,0.6524121525680917,0.7444268797928719,137695.60885420672,1783556743695608.8,1783556743464888.8
47.0,869.4646824126237,24288.0,90.40319116403674,-1080.3006811894018,10.660595276212899,1084.189064129086,0.09040319116403674,-1.0803006811894018,0.010660595276212898,1.084189064129086,1.0843275579385996,1.0843275579385996,10.633620846058568,0.08432755793859963,0.826970846058568,0.8865524546288008,0.7207887749999999,0.16576367962880087,-0.04903325000000003,-10.594130675186047,-9.649196305277728,-0.9449343699083195,-0.12294054564803136,0.10454472666547321,0.4781691245371199,-0.3736243978716467,0.14709975000000008,0.09040319116403674,0.8865524546288008,-0.04903325000000003,-0.04903325000000003,0.0,10.633620846058568,1.0843275579385996,43.66245670387236,-79.39510760136238,108.7,-43.37451322205574,8.257766050074368,1.0,4.184388919874789,47.0,4.184388919874789,4.184388969606042,15.063800290581751,0.5964806382328073,2.94527566200758,0.0,4.184388969606042,15.063800290581751,-0.1202619818079741,-2.4865626417809036e-08,2.4865626417809036e-08,0.0,0.0,0.0,0.0,21.117558206437803,0.003498104749952293,12.593177099828257,2351.8092906600964,0.6532803585166935,0.7997072768565532,137837.80405029593,1783556743837804.0,1783556743703872.2
48.0,898.1427051533033,24288.0,84.42860309306181,-1086.5142527832156,2.057188454009008,1089.6856851543832,0.08442860309306181,-1.086514252783216,0.0020571884540090124,1.089685685154383,1.0898425906431983,1.0898425906431983,10.68770484153112,0.08984259064319833,0.8810548415311208,0.8279617605225746,0.7207887749999999,0.10717298552257468,-0.04903325000000003,-10.655064997056522,-9.645680863631354,-1.009384133425168,-0.11473784847315921,0.020174127152507493,0.48402819394774255,-0.46385406679523505,0.14709975000000008,0.08442860309306181,0.8279617605225746,-0.04903325000000003,-0.04903325000000003,0.0,10.68770484153112,1.0898425906431983,43.66245694285588,-79.39512002850556,108.7,-44.375292878634035,8.284183288809999,1.0,4.184388902989697,48.0,4.184388902989697,4.184388969606042,15.063800290581751,0.5952857206186123,3.945275662007579,0.0,4.184388969606042,15.063800290581751,-0.023207105609162004,-3.3308172811194816e-08,3.3308172811194816e-08,0.0,0.0,0.0,0.0,21.81409002276343,0.003606897537698987,12.984831135716354,2354.934832075063,0.6541485644652952,0.8549876739202344,137979.99924638512,1783556743979999.2,1783556743942856.0
49.0,1026.885201624685,24288.0,75.37082195493775,-1086.910117422134,14.713414801191472,1090.091764518445,0.07537082195493776,-1.086910117422134,0.014713414801191475,1.090091764518445,1.0901878066398896,1.0901878066398896,10.691090253985072,0.09018780663988954,0.8844402539850728,0.7391352711243903,0.7270234982396341,0.012111772884756233,-0.04903325000000003,-10.65894710301777,-9.644840275,-1.01410682801777,-0.10921377600592208,0.14428930926010436,0.4809758012574042,-0.33668649199729983,0.1462090752514809,0.07537082195493776,0.7391352711243903,-0.04903325000000003,-0.04903325000000003,0.0,10.691090253985072,1.0901878066398896,43.662457363294195,-79.39513244564901,108.7,-45.37526723812163,8.330658540226263,1.0,4.185193568676896,49.0,4.185193568676896,4.184388956771985,15.063800244379147,0.5951816470963109,4.185193568676896,0.0,4.184388956771985,15.063800244379147,-1.2834056671452148e-08,-0.014502693665021615,0.014502693665021615,0.0,0.0,0.0,0.0,24.94098777706035,0.004124122442933063,14.846840794559025,2359.826218456038,0.655507282904455,0.9267561652307884,138122.26166940137,1783556744122261.8,1783556744181647.0
50.0,1187.0735601857623,24288.0,65.34412887063783,-1085.4777326958053,34.05060860662702,1088.8981105798377,0.06534412887063784,-1.0854777326958054,0.03405060860662703,1.0888981105798379,1.0889083766741847,1.0889083766741847,10.678543332111893,0.0889083766741848,0.8718933321118943,0.6408070013892405,0.7352175207175632,-0.0944105193283227,-0.04903325000000003,-10.644900207341319,-9.644840275,-1.00005993234132,-0.10453147744710552,0.3339224008921789,0.47512292805888334,-0.1412005271667044,0.14503850061177676,0.06534412887063784,0.6408070013892405,-0.04903325000000003,-0.04903325000000003,0.0,10.678543332111893,1.0889083766741847,43.66245784075577,-79.39514485964996,108.7,-46.374988528159996,8.383437142642462,1.0,4.186251110697232,50.0,4.186251110697232,4.184388939904749,15.063800183657097,0.5954203778840325,4.186251110697232,0.0,4.184388939904749,15.063800183657097,-2.970129276308442e-08,-0.0335628995225778,0.0335628995225778,0.0,0.0,0.0,0.0,28.831642629791794,0.004769699595080218,17.170918542288785,2365.2725322273513,0.657020147840931,1.0037061392242415,138264.54521888334,1783556744264545.2,1783556744420378.0
51.0,1347.2619187468395,24288.0,55.317435786337924,-1084.0453479694768,53.38780241206258,1087.7044566412308,0.05531743578633792,-1.084045347969477,0.053387802412062584,1.0877044566412308,1.08762894670848,1.08762894670848,10.665996410238716,0.08762894670848005,0.8593464102387159,0.5424787316540908,0.7434115431954924,-0.20093281154140163,-0.04903325000000003,-10.63085331166487,-9.644840275,-0.9860130366648698,-0.09984917888828895,0.5235554925242534,0.46927005486036255,0.05428543766389099,0.1438679259720726,0.05531743578633792,0.5424787316540908,-0.04903325000000003,-0.04903325000000003,0.0,10.665996410238716,1.08762894670848,43.66245831821735,-79.39515727365092,108.7,-47.374709818198355,8.436215745058663,1.0,4.18730865271757,51.0,4.18730865271757,4.184388923037513,15.063800122935048,0.5956591086717539,4.18730865271757,0.0,4.184388923037513,15.063800122935048,-4.6568528854716694e-08,-0.05262310538013399,0.05262310538013399,0.0,0.0,0.0,0.0,32.72229748252324,0.005415276747227374,19.49499629001855,2370.7188459986646,0.6585330127774068,1.0806561132176946,138406.8287683653,1783556744406828.8,1783556744659108.8
52.0,1507.4502773079166,24288.0,45.290742702038,-1082.6129632431482,72.72499621749813,1086.5108027026236,0.04529074270203801,-1.0826129632431483,0.07272499621749814,1.0865108027026236,1.0863495167427752,1.0863495167427752,10.653449488365537,0.08634951674277531,0.8467994883655375,0.444150461918941,0.7516055656734215,-0.30745510375448054,-0.04903325000000003,-10.61680641598842,-9.644840275,-0.9719661409884197,-0.09516688032947239,0.7131885841563279,0.4634171816618417,0.24977140249448632,0.1426973513323684,0.04529074270203801,0.444150461918941,-0.04903325000000003,-0.04903325000000003,0.0,10.653449488365537,1.0863495167427752,43.662458795678916,-79.39516968765189,108.7,-48.37443110823672,8.488994347474861,1.0,4.188366194737906,52.0,4.188366194737906,4.184388906170277,15.063800062212998,0.5958978394594753,4.188366194737906,0.0,4.184388906170277,15.063800062212998,-6.343576494634897e-08,-0.07168331123769019,0.07168331123769019,0.0,0.0,0.0,0.0,36.61295233525468,0.00606085389937453,21.819074037748308,2376.165159769978,0.6600458777138828,1.1576060872111478,138549.11231784726,1783556744549112.2,1783556744897839.5
53.0,5474.554386051356,24288.0,32.73737959110519,-964.5351078856478,118.8293941056902,973.8105782812586,0.03273737959110519,-0.9645351078856478,0.11882939410569018,0.9738105782812585,0.9743197685637555,0.9743197685637555,9.554812958385751,-0.025680231436244556,-0.2518370416142477,0.3210440235671117,0.7683306625796049,-0.44728663901249316,-0.004903324999999903,-9.458858215746787,-9.644840275,0.18598205925321348,-0.09316317499999904,1.1653182777065667,0.48827125829795337,0.6770470194086132,0.09806650000000006,0.03273737959110519,0.3210440235671117,-0.004903324999999903,-0.004903324999999903,0.06352733599260105,9.554812958385751,0.9743197685637555,43.662458710188154,-79.39518210039012,108.7,-49.37405070839976,8.479544198810252,1.0,4.15390212458075,53.0,4.15390212458075,4.150114184497094,14.940411064189538,0.594869435525267,0.572068012258541,0.0,4.150114184497094,14.940411064189538,-0.03427477487079456,-0.07983978301707562,0.07983978301707562,0.0,0.0,0.0,0.0,132.96597692841533,0.021994190284828,79.1790850253808,2467.74934460621,0.6854859290572806,2.681839965426326,139290.9435525267,1783556745290943.5,1783556745144906.0
54.0,6620.492232607763,24288.0,53.25483440345465,-977.7068072713536,80.07420168236342,985.7157681106465,0.053254834403454646,-0.9777068072713535,0.08007420168236341,0.9857157681106465,0.9861373635186318,0.9861373635186318,9.670703975949989,-0.013862636481368242,-0.13594602405000986,0.5222515218026386,0.7571524682331867,-0.23490094643054815,-0.004903324999999903,-9.588028461527617,-9.644840275,0.056811813472381706,-0.09316317499999904,0.7852596699283493,0.4932393446741392,0.29202032525421007,0.09806650000000006,0.053254834403454646,0.5222515218026386,-0.004903324999999903,-0.004903324999999903,0.044708826991897016,9.670703975949989,0.9861373635186318,43.662458203584336,-79.39519451218378,108.7,-50.37359424007172,8.423544212409487,1.0,4.092866329067229,54.0,4.092866329067229,4.0902004789224105,14.724721724120677,0.5963892469928485,1.5720680122585418,0.0,4.0902004789224105,14.724721724120677,-0.09418846254873733,-0.07983978301707562,0.07983978301707562,0.0,0.0,0.0,0.0,160.79851534557736,0.02668235908182049,96.05649269455375,2502.2373295440807,0.6950659248733557,4.725259635642212,139442.92469928483,1783556745442924.8,1783556745398207.8
55.0,7766.430079164171,24288.0,73.77228921580412,-990.8785066570595,41.31900925903666,997.6209579400345,0.07377228921580412,-0.9908785066570593,0.04131900925903664,0.9976209579400345,0.9979549584735081,0.9979549584735081,9.786594993514226,-0.0020450415264919274,-0.020055006485772076,0.7234590200381654,0.7459742738867685,-0.02251525384860309,-0.004903324999999903,-9.71719870730845,-9.644840275,-0.07235843230845007,-0.09316317499999904,0.40520106215013196,0.49820743105032506,-0.0930063689001932,0.09806650000000006,0.07377228921580412,0.7234590200381654,-0.004903324999999903,-0.004903324999999903,0.025890317991192985,9.786594993514226,0.9979549584735081,43.66245769698052,-79.39520692397743,108.7,-51.37313777174368,8.367544226008723,1.0,4.031830533553708,55.0,4.031830533553708,4.030286773347726,14.509032384051814,0.59790905846043,2.5720680122585424,0.0,4.030286773347726,14.509032384051814,-0.1541021502266801,-0.07983978301707562,0.07983978301707562,0.0,0.0,0.0,0.0,188.63105376273938,0.031370527878812976,112.9339003637267,2536.7253144819515,0.7046459206894309,6.768679305858097,139594.905846043,1783556745594905.8,1783556745651509.8
56.0,8912.367925720577,24288.0,94.28974402815359,-1004.0502060427652,2.5638168357099005,1009.5261477694224,0.09428974402815359,-1.0040502060427652,0.0025638168357098867,1.0095261477694224,1.0097725534283843,1.0097725534283843,9.902486011078464,0.009772553428384387,0.09583601107846573,0.9246665182736923,0.7347960795403504,0.18987043873334197,-0.004903324999999903,-9.846368953089282,-9.644840275,-0.20152867808928182,-0.09316317499999904,0.025142454371914535,0.5031755174265109,-0.47803306305459636,0.09806650000000006,0.09428974402815359,0.9246665182736923,-0.004903324999999903,-0.004903324999999903,0.007071808990488954,9.902486011078464,1.0097725534283843,43.66245719037669,-79.39521933577107,108.7,-52.372681303415646,8.311544239607958,1.0,3.9707947380401873,56.0,3.9707947380401873,3.970373067773042,14.293343043982953,0.5994288699280114,3.572068012258543,0.0,3.970373067773042,14.293343043982953,-0.2140158379046229,-0.07983978301707562,0.07983978301707562,0.0,0.0,0.0,0.0,216.4635921799014,0.03605869667580546,129.81130803289966,2571.213299419822,0.714225916505506,8.812098976073983,139746.88699280113,1783556745746887.0,1783556745904811.8
57.0,12369.068696302193,24288.0,59.16748754385253,-959.8423629823778,66.16256228073733,963.8423629823778,0.05916748754385253,-0.9598423629823778,0.06616256228073733,0.9638423629823778,0.9639399475125202,0.9639399475125202,9.453021686273656,-0.03606005248747975,-0.35362831372634335,0.5802348417219214,0.7486145336096073,-0.1683796918876858,-0.05975774652401806,-9.412838108941134,-9.624429879304802,0.21159177036366864,-0.07755950364174541,0.6488330913903927,0.5099457999999999,0.13888729139039283,0.09806650000000006,0.05916748754385253,0.5802348417219214,-0.05975774652401806,-0.05975774652401806,-0.0825535421421673,9.453021686273656,0.9639399475125202,43.66245633004983,-79.39523170442702,108.7,-53.368750879208584,8.216443707809253,1.0,3.910850957017871,57.0,3.910850957017871,3.910850957017871,14.079063445264337,0.594334975087705,0.6242099206571362,0.0,3.910850957017871,14.079063445264337,-0.23392197796572695,-0.09834334439202813,0.09834334439202813,0.0,0.0,0.0,0.0,300.41994049578767,0.049600839296812,178.56302146852317,2791.851223123546,0.7755142286454294,10.498105931889668,140497.82257613612,1783556746497822.5,1783556746167487.5
58.0,12881.826801724868,24288.0,59.43580680362369,-962.7938748398606,64.82096598188156,966.7938748398606,0.05943580680362369,-0.9627938748398606,0.06482096598188156,0.9667938748398606,0.9668063416675191,0.9668063416675191,9.481131410513775,-0.0331936583324809,-0.3255185894862238,0.5828661547907562,0.7617710989537811,-0.178904944163025,-0.09264915988445298,-9.441782552698317,-9.63100816197689,0.18922560927857313,-0.05256202948781513,0.6356765260462187,0.5099457999999999,0.12573072604621885,0.09806650000000006,0.05943580680362369,0.5828661547907562,-0.09264915988445298,-0.09264915988445298,-0.12223610737647053,9.481131410513775,0.9668063416675191,43.66245525677279,-79.39524404711297,108.7,-54.36272904614656,8.097803663786882,1.0,3.851564596197818,58.0,3.851564596197818,3.851564596197818,13.865632546312145,0.5948716136072474,1.6242099206571354,0.0,3.851564596197818,13.865632546312145,-0.22974256764432874,-0.1279865153231676,0.1279865153231676,0.0,0.0,0.0,0.0,312.87380936029365,0.05170627013557284,186.14257248806223,2846.0731915022525,0.7905758865284034,11.968941439995579,140657.74085495973,1783556746657740.8,1783556746435806.8
59.0,13394.584907147546,24288.0,59.704126063394845,-965.7453866973433,63.47936968302579,969.7453866973433,0.05970412606339484,-0.9657453866973432,0.06347936968302578,0.9697453866973432,0.969672735822518,0.969672735822518,9.509241134753896,-0.030327264177482043,-0.29740886524610427,0.585497467859591,0.7749276642979551,-0.18943019643836417,-0.12554057324488788,-9.4707269964555,-9.637586444648978,0.1668594481934776,-0.02756455533388487,0.6225199607020447,0.5099457999999999,0.11257416070204487,0.09806650000000006,0.05970412606339484,0.585497467859591,-0.12554057324488788,-0.12554057324488788,-0.16191867261077378,9.509241134753896,0.969672735822518,43.66245418349575,-79.39525638979892,108.7,-55.35670721308455,7.979163619764512,1.0,3.7922782353777653,59.0,3.7922782353777653,3.7922782353777653,13.652201647359956,0.5954082521267896,2.6242099206571345,0.0,3.7922782353777653,13.652201647359956,-0.22556315732293053,-0.15762968625430707,0.15762968625430707,0.0,0.0,0.0,0.0,325.3276782247996,0.053811700974333694,193.72212350760128,2900.2951598809586,0.8056375444113774,13.43977694810149,140817.65913378334,1783556746817659.2,1783556746704126.0
60.0,13907.343012570222,24288.0,59.972445323166,-968.696898554826,62.13777338417001,972.696898554826,0.05997244532316599,-0.968696898554826,0.06213777338417001,0.972696898554826,0.9725391299775168,0.9725391299775168,9.537350858994015,-0.027460870022483187,-0.26929914100598473,0.5881287809284257,0.7880842296421291,-0.19995544871370333,-0.15843198660532282,-9.499671440212682,-9.644164727321064,0.14449328710838205,-0.0025670811799545917,0.6093633953578708,0.5099457999999999,0.09941759535787091,0.09806650000000006,0.05997244532316599,0.5881287809284257,-0.15843198660532282,-0.15843198660532282,-0.201601237845077,9.537350858994015,0.9725391299775168,43.662453110218706,-79.39526873248487,108.7,-56.35068538002253,7.860523575742142,1.0,3.732991874557712,60.0,3.732991874557712,3.732991874557712,13.438770748407766,0.5959448906463319,3.6242099206571337,0.0,3.732991874557712,13.438770748407766,-0.22138374700153232,-0.18727285718544656,0.18727285718544656,0.0,0.0,0.0,0.0,337.7815470893056,0.05591713181309454,201.30167452714034,2954.5171282596652,0.8206992022943514,14.910612456207403,140977.57741260694,1783556746977577.5,1783556746972445.2
61.0,15169.413539451689,24288.0,65.03083835046459,-975.5400898556039,63.25770958761615,980.0431736906504,0.0650308383504646,-0.9755400898556039,0.06325770958761615,0.9800431736906504,0.9797819347014967,0.9797819347014967,9.608378509940431,-0.020218065298503375,-0.1982714900595681,0.6377346709095836,0.7894353249999999,-0.15170065409041633,-0.161809725,-9.566780222182457,-9.644840275,0.0780600528175428,0.0,0.6203462177273958,0.5111791917727395,0.10916702595465638,0.09806650000000006,0.0650308383504646,0.6377346709095836,-0.161809725,-0.161809725,-0.15394015215018503,9.608378509940431,0.9797819347014967,43.66245199383233,-79.39528106784437,108.72515419175232,-57.34407353565685,7.737118225651862,1.0,3.686737456929535,61.0,3.686737456929535,3.686737456929535,13.272254844946326,0.5957484580824768,3.686737456929535,0.025154191752321562,3.686737456929535,13.272254844946326,-0.20554130392845302,-0.1903170217975556,0.1903170217975556,0.7051475156538072,0.0,0.0,0.0,368.43471604620265,0.06096456350116529,219.47242860419504,3028.309363432341,0.8411970453978724,15.823620847367184,141143.66744092634,1783556747143667.5,1783556747251542.0
62.0,16517.240290812362,24288.0,70.63743881369535,-982.8286704578039,64.65935970342385,987.8924143391735,0.07063743881369536,-0.982828670457804,0.06465935970342385,0.9878924143391734,0.9875256045338328,0.9875256045338328,9.684317969701711,-0.012474395466167229,-0.12233203029828885,0.6927166393423255,0.7894353249999999,-0.09671868565767437,-0.161809725,-9.638256781145023,-9.644840275,0.006583493854978223,0.0,0.6340917098355814,0.512553740983558,0.12153796885202332,0.09806650000000006,0.07063743881369536,0.6927166393423255,-0.161809725,-0.161809725,-0.09628288659571574,9.684317969701711,0.9875256045338328,43.66245087251224,-79.39529340236538,108.75318719406847,-58.33739416653066,7.613167502703521,1.0,3.6419745002911372,62.0,3.6419745002911372,3.6419745002911372,13.111108201048093,0.5954681280593153,3.6419745002911372,0.05318719406847376,3.6419745002911372,13.111108201048093,-0.18836406694816166,-0.1903170217975556,0.1903170217975556,1.4909967345112467,0.0,0.0,0.0,401.1707321832507,0.06634869704820197,238.85530937352706,3104.341348199764,0.862317041166601,16.672787847284194,141310.46380470743,1783556747310463.8,1783556747531872.0
63.0,17865.06704217304,24288.0,76.24403927692612,-990.1172510600039,66.06100981923153,995.7416549876966,0.07624403927692612,-0.9901172510600039,0.06606100981923153,0.9957416549876965,0.995269274366169,0.995269274366169,9.76025742946299,-0.0047307256338310864,-0.0463925705370096,0.7476986077750675,0.7894353249999999,-0.04173671722493241,-0.16180972500000002,-9.709733340107586,-9.644840275,-0.06489306510758636,0.0,0.6478372019437668,0.5139282901943766,0.13390891174939026,0.09806650000000006,0.07624403927692612,0.7476986077750675,-0.16180972500000002,-0.16180972500000002,-0.03862562104124642,9.76025742946299,0.995269274366169,43.66244975119215,-79.39530573688641,108.78122019638462,-59.33071479740447,7.48921677975518,1.0,3.597211543652739,63.0,3.597211543652739,3.597211543652739,12.94996155714986,0.5951877980361536,3.597211543652739,0.08122019638462596,3.597211543652739,12.94996155714986,-0.17118682996787027,-0.1903170217975556,0.1903170217975556,2.276845953368686,0.0,0.0,0.0,433.9067483202988,0.07173283059523863,258.23819014285914,3180.3733329671873,0.8834370369353297,17.5219548472012,141477.26016848854,1783556747477260.2,1783556747812202.0
64.0,20079.98226801201,24288.0,48.69515820316934,-991.6044807822074,37.55914207172641,993.2485665750347,0.048695158203169345,-0.9916044807822074,0.03755914207172641,0.9932485665750348,0.9940051503931081,0.9940051503931081,9.747860608102574,-0.005994849606891865,-0.0587893918974261,0.4775363731931106,0.7841717217164745,-0.30663534852336394,-0.16180972500000002,-9.724318081462833,-9.646419355985058,-0.07789872547777574,0.0,0.3683293605976958,0.5148491249999999,-0.14651976440230413,0.09332925704482724,0.048695158203169345,0.4775363731931106,-0.16180972500000002,-0.16180972500000002,1.0015110322561375e-17,9.747860608102574,0.9940051503931081,43.66244867795711,-79.39531807921001,108.8,-60.32466378479269,7.370581378387603,1.0,3.514373322411657,64.0,3.514373322411657,3.5672240480062953,12.842006572822664,0.5994632618393105,0.3300823292641873,0.0,3.5672240480062953,12.842006572822664,-0.14253827965030152,-0.1903170217975556,0.1903170217975556,0.0,0.0,0.0,0.0,487.7026093254757,0.08121189839436257,292.3628342197053,3555.127399198038,0.9875353886661216,18.123179712801928,142252.87184112205,1783556748252871.8,1783556748107347.8
65.0,19995.101226211176,24288.0,75.03755048618683,-987.3766894281429,18.046258899120872,990.9720635382307,0.07503755048618682,-0.9873766894281428,0.01804625889912087,0.9909720635382308,0.9916611306182317,0.9916611306182317,9.724873626577281,-0.00833886938176832,-0.08177637342271829,0.735866994475364,0.7682253870694219,-0.03235839259405798,-0.161809725,-9.682857611380497,-9.651203256379173,-0.03165435500132361,0.0,0.1769733448330637,0.5148491249999999,-0.3378757801669362,0.07897755586247983,0.07503755048618682,0.735866994475364,-0.161809725,-0.161809725,4.0356359867445755e-17,9.724873626577281,0.9916611306182317,43.662447702312946,-79.39533043736937,108.8,-61.319888051392205,7.262733673109467,1.0,3.3542595540907283,65.0,3.3542595540907283,3.5672240480062953,12.842006572822664,0.5978371882415934,1.3300823292641895,0.0,3.5672240480062953,12.842006572822664,-0.09060815734334317,-0.1903170217975556,0.1903170217975556,0.0,0.0,0.0,0.0,485.64101858221704,0.080650566904578,290.3420408564808,3648.404230353078,1.0134456195425217,19.214991854056443,142446.37459925038,1783556748446374.5,1783556748432562.2
66.0,19910.22018441034,24288.0,101.37994276920429,-983.1488980740784,-1.466624273484669,988.6955605014268,0.1013799427692043,-0.9831488980740783,-0.0014666242734846652,0.9886955605014268,0.9893171108433553,0.9893171108433553,9.701886645051989,-0.010682889156644776,-0.10476335494801048,0.9941976157576172,0.7522790524223693,0.24191856333524797,-0.16180972499999996,-9.64139714129816,-9.65598715677329,0.014590015475128532,0.0,-0.014382670931568364,0.5148491249999999,-0.5292317959315682,0.06462585468013242,0.1013799427692043,0.9941976157576172,-0.16180972499999996,-0.16180972499999996,7.069760941233012e-17,9.701886645051989,0.9893171108433553,43.66244672666879,-79.3953427955287,108.8,-62.31511231799172,7.154885967831331,1.0,3.1941457857697997,66.0,3.1941457857697997,3.5672240480062953,12.842006572822664,0.5962111146438762,2.330082329264192,0.0,3.5672240480062953,12.842006572822664,-0.03867803503638481,-0.1903170217975556,0.1903170217975556,0.0,0.0,0.0,0.0,483.5794278389584,0.08008923541479344,288.3212474932564,3741.6810615081185,1.0393558504189218,20.306803995310958,142639.87735737872,1783556748639877.2,1783556748757777.0
67.0,19043.25356821843,24288.0,5.681895776862879,-983.4220446670588,76.18180093847492,986.5389302472767,0.005681895776862879,-0.9834220446670587,0.07618180093847492,0.9865389302472766,0.9865027693124839,0.9865027693124839,9.674287382678271,-0.01349723068751608,-0.13236261732172955,0.05572036322017235,0.7366767430804584,-0.680956379860286,-0.03922659999999989,-9.64407579433421,-9.658690558018566,0.014614763684355549,0.0,0.7470882581732949,0.5102323639938108,0.23685589417948416,-0.004903325000000014,0.005681895776862879,0.05572036322017235,-0.03922659999999989,-0.03922659999999989,0.19430812315610738,9.674287382678271,0.9865027693124839,43.66244576622884,-79.39535515591066,108.8,-63.31051557575188,7.048718936102303,1.0,3.1503770865525986,67.0,3.1503770865525986,3.5384507644087146,12.738422751871374,0.5941168855802178,0.2551907579235152,0.0,3.5384507644087146,12.738422751871374,-0.028773283597580558,-0.1903170217975556,0.1903170217975556,0.0,0.0,0.0,0.0,462.5225426648893,0.0763314306145621,274.79315021242354,4101.991274544833,1.1394420207068978,21.399950473698727,143412.83190290493,1783556749412832.0,1783556749058442.8
68.0,19103.02676824554,24288.0,20.109909576509992,-977.2386101814957,72.97557564966445,980.8135279458294,0.020109909576509995,-0.9772386101814957,0.07297557564966445,0.9808135279458293,0.9806079019019391,0.9806079019019391,9.61647848118665,-0.019392098098060855,-0.19017151881334843,0.19721084474848172,0.7220785187957915,-0.5248676740473097,-0.03922659999999989,-9.583437016536363,-9.655321737029798,0.07188472049343345,0.0,0.7156459289447817,0.5113553043234006,0.20429062462138123,-0.004903325000000014,0.020109909576509995,0.19721084474848172,-0.03922659999999989,-0.03922659999999989,0.14704632477270008,9.61647848118665,0.9806079019019391,43.662444850164476,-79.39536752277964,108.8,-64.306441243774,6.947457180733894,1.0,3.446177435382411,68.0,3.446177435382411,3.4256987046095726,12.332515336594462,0.5945749177643336,1.2551907579235166,0.0,3.4256987046095726,12.332515336594462,-0.1415253433967227,-0.1903170217975556,0.1903170217975556,0.0,0.0,0.0,0.0,463.9743141471477,0.07663057959308808,275.8700865351171,4165.937325089985,1.1572048125249956,22.496991398096128,143549.32549377144,1783556749549325.5,1783556749287459.0
69.0,19162.79996827265,24288.0,34.53792337615711,-971.0551756959327,69.76935036085398,975.0881256443821,0.03453792337615711,-0.9710551756959327,0.06976935036085398,0.9750881256443821,0.9747130344913943,0.9747130344913943,9.558669579695032,-0.025286965508605624,-0.24798042030496736,0.3387013262767911,0.7074802945111247,-0.36877896823433354,-0.03922659999999989,-9.522798238738517,-9.651952916041028,0.12915467730251134,0.0,0.6842035997162687,0.5124782446529903,0.1717253550632783,-0.004903325000000014,0.03453792337615711,0.3387013262767911,-0.03922659999999989,-0.03922659999999989,0.09978452638929276,9.558669579695032,0.9747130344913943,43.662443934100104,-79.39537988964861,108.8,-65.30236691179613,6.846195425365485,1.0,3.7419777842122235,69.0,3.7419777842122235,3.3129466448104306,11.926607921317549,0.5950329499484494,2.255190757923518,0.0,3.3129466448104306,11.926607921317549,-0.2542774031958649,-0.1903170217975556,0.1903170217975556,0.0,0.0,0.0,0.0,465.42608562940615,0.07692972857161408,276.9470228578107,4229.883375635137,1.1749676043430932,23.59403232249353,143685.81908463794,1783556749685819.0,1783556749516475.0
70.0,19222.57316829976,24288.0,48.96593717580422,-964.8717412103696,66.5631250720435,969.3627233429348,0.04896593717580422,-0.9648717412103696,0.06656312507204351,0.9693627233429348,0.9688181670808496,0.9688181670808496,9.500860678203413,-0.0311818329191504,-0.30578932179658624,0.48019180780510046,0.6928820702264579,-0.21269026242135725,-0.03922659999999989,-9.46215946094067,-9.648584095052259,0.18642463411158922,0.0,0.6527612704877555,0.5136011849825801,0.13916008550517533,-0.004903325000000014,0.04896593717580422,0.48019180780510046,-0.03922659999999989,-0.03922659999999989,0.05252272800588545,9.500860678203413,0.9688181670808496,43.66244301803574,-79.39539225651758,108.8,-66.29829257981825,6.744933669997075,1.0,4.0377781330420355,70.0,4.0377781330420355,3.200194585011288,11.520700506040638,0.5954909821325652,3.2551907579235193,0.0,3.200194585011288,11.520700506040638,-0.36702946299500705,-0.1903170217975556,0.1903170217975556,0.0,0.0,0.0,0.0,466.8778571116646,0.07722887755014006,278.0239591805042,4293.8294261802885,1.192730396161191,24.69107324689093,143822.31267550442,1783556749822312.8,1783556749745491.0
71.0,19282.34636832687,24288.0,63.39395097545134,-958.6883067248066,63.35689978323303,963.6373210414876,0.06339395097545134,-0.9586883067248065,0.06335689978323304,0.9636373210414876,0.9629232996703049,0.9629232996703049,9.443051776711794,-0.03707670032969518,-0.3635982232882051,0.6216822893334097,0.678283845941791,-0.056601556608381065,-0.03922659999999989,-9.401520683142824,-9.64521527406349,0.24369459092066711,0.0,0.6213189412592423,0.5147241253121698,0.1065948159470724,-0.004903325000000014,0.06339395097545134,0.6216822893334097,-0.03922659999999989,-0.03922659999999989,0.00526092962247815,9.443051776711794,0.9629232996703049,43.662442101971365,-79.39540462338654,108.8,-67.29421824784039,6.643671914628666,1.0,4.333578481871848,71.0,4.333578481871848,3.087442525212146,11.114793090763726,0.595949014316681,4.25519075792352,0.0,3.087442525212146,11.114793090763726,-0.4797815227941492,-0.1903170217975556,0.1903170217975556,0.0,0.0,0.0,0.0,468.329628593923,0.07752802652866606,279.1008955031978,4357.775476725441,1.2104931879792888,25.788114171288328,143958.80626637093,1783556749958806.2,1783556749974507.2
72.0,19332.4797774997,24288.0,58.728878245235705,-951.7288782452357,60.90962608174524,956.3108034615848,0.058728878245235705,-0.9517288782452357,0.06090962608174524,0.9563108034615847,0.9555097728782741,0.9555097728782741,9.370349914196726,-0.04449022712172586,-0.43630008580327284,0.5759335538436408,0.6664090673072733,-0.09047551346363265,-0.03922659999999989,-9.33327200384364,-9.644840275,0.3115682711563601,0.0,0.5973193846145469,0.5148491249999999,0.08247025961454697,-0.02130297730836244,0.058728878245235705,0.5759335538436408,-0.03922659999999989,-0.03922659999999989,0.0,9.370349914196726,0.9555097728782741,43.66243865540173,-79.3954160337948,108.8,-68.2131184560048,6.262688107019025,1.0,3.4296649623594577,72.0,3.4296649623594577,2.8550457604298654,10.278164737547515,0.5976722991346037,3.4296649623594577,0.0,2.8550457604298654,10.278164737547515,-0.5063464939101145,-0.14412925932676676,0.14412925932676676,0.0,0.0,0.0,0.0,469.54726883591275,0.0779549594042752,280.6378538553907,4483.045852090009,1.2452905144694466,26.850619941157294,144224.84487019057,1783556750224844.8,1783556750418074.8
73.0,19381.405729237576,24288.0,51.672250590733995,-944.672250590734,58.557416863578,948.7837339634495,0.051672250590734006,-0.9446722505907339,0.058557416863578,0.9487837339634495,0.9479060223989195,0.9479060223989195,9.295782594558363,-0.052093977601080504,-0.5108674054416361,0.5067316762556215,0.6548754210426035,-0.148143744786982,-0.03922659999999989,-9.264070126255621,-9.644840275,0.3807701487443787,0.0,0.5742520920852071,0.5148491249999999,0.05940296708520724,-0.03975681133183417,0.051672250590734006,0.5067316762556215,-0.03922659999999989,-0.03922659999999989,0.0,9.295782594558363,0.9479060223989195,43.66243489186698,-79.39542732439905,108.8,-69.12237063698777,5.846666975798944,1.0,2.3754781172074164,73.0,2.3754781172074164,2.607662582480722,9.387585296930599,0.5995540665091376,2.3754781172074164,0.0,2.607662582480722,9.387585296930599,-0.5221158738560642,-0.09215612681609446,0.09215612681609446,0.0,0.0,0.0,0.0,470.7355823517223,0.07839789818903034,282.2324334805092,4615.997567544407,1.2822215465401126,27.908799919135863,144507.10997637064,1783556750507110.0,1783556750888516.8
74.0,19592.837002009215,24288.0,45.38146353000549,-1031.9443551246297,51.700662016785515,1034.5430310910588,0.04538146353000549,-1.0319443551246297,0.05170066201678552,1.0345430310910586,1.034334857170774,1.034334857170774,10.143359927073769,0.034334857170773975,0.3367099270737706,0.4450401293265283,0.6506744735834548,-0.20563434425692648,-0.03922659999999989,-10.11991711018295,-9.659550249999999,-0.4603668601829509,0.0,0.5070102971669096,0.5236556334992708,-0.016645336332361173,-0.05000093066618051,0.04538146353000549,0.4450401293265283,-0.03922659999999989,-0.03922659999999989,0.0,10.143359927073769,1.034334857170774,43.6624304079442,-79.39543808212555,108.8,-69.98870923630373,5.351014151713012,1.0,2.252394216295493,74.0,2.252394216295493,2.549038734699948,9.176539444919813,0.596802648067142,0.7630241139806768,0.0,2.549038734699948,9.176539444919813,-0.36844510905308014,-0.07983974769017821,0.07983974769017821,0.0,0.0,0.0,0.0,475.8708251047998,0.07889118422846378,284.00826322246957,5017.160924156804,1.3936558122657785,26.740107594076562,145349.8067620294,1783556751349806.8,1783556751299338.0
75.0,19452.39190200875,24288.0,56.36599649093593,-1005.6599369681176,51.308357268180856,1009.0432224317559,0.05636599649093593,-1.0056599369681176,0.05130835726818086,1.0090432224317558,1.0086486421109404,1.0086486421109404,9.891464206157254,0.008648642110940456,0.08481420615725421,0.5527615994878368,0.6487508759020029,-0.09598927641416605,-0.03922659999999989,-9.86215502086839,-9.659550249999999,-0.2026047708683909,0.0,0.5031631018040058,0.5351972195879824,-0.03203411778397663,-0.05769532139198828,0.05636599649093593,0.5527615994878368,-0.03922659999999989,-0.03922659999999989,0.0,9.891464206157254,1.0086486421109404,43.662425700287216,-79.39544867435376,108.8,-70.84171996845082,4.830629748865231,1.0,2.41848721181923,75.0,2.41848721181923,2.549038734699948,9.176539444919813,0.5952334290727234,1.7630241139806766,0.0,2.549038734699948,9.176539444919813,-0.16215054417169167,-0.07983974769017821,0.07983974769017821,0.0,0.0,0.0,0.0,472.4596945159884,0.0781197838309077,281.2312217912677,5126.632947012057,1.424064707503349,26.740107594076562,145582.83578270057,1783556751582835.8,1783556751691642.8
76.0,19840.706738461442,24288.0,91.95754936345068,-995.3010473731313,9.531837977411993,999.2281027075402,0.09195754936345067,-0.9953010473731313,0.009531837977411993,0.9992281027075403,0.9996224799946036,0.9996224799946036,9.80294779343908,-0.0003775200053963237,-0.0037022065609198587,0.9017955014650836,0.6423355749999999,0.2594599264650836,-0.03922659999999989,-9.760569016221718,-9.644840275,-0.11572874122171743,0.0,0.09347539890118732,0.5453420892072276,-0.45186669030604026,-0.0441299249999999,0.09195754936345067,0.9017955014650836,-0.03922659999999989,-0.03922659999999989,0.0,9.80294779343908,0.9996224799946036,43.66242090583002,-79.39545918833996,108.8,-71.68842973481836,4.300650449834995,1.0,2.577085335899363,76.0,2.577085335899363,2.577085335899363,9.277507209237706,0.5942917786623642,0.21398537928072897,0.0,2.577085335899363,9.277507209237706,0.02804660119941503,-0.07761472829742444,0.07761472829742444,0.0,0.0,0.0,0.0,481.8910852637515,0.07955030326293723,286.38109174657404,5519.973503755895,1.533325973265526,26.85333637114621,146403.62091002346,1783556752403621.0,1783556752072944.8
77.0,19694.46655306305,24288.0,82.41273539805438,-982.6882574902861,16.69044845145922,986.2744266116453,0.08241273539805438,-0.9826882574902861,0.01669044845145922,0.9862744266116452,0.9864135345448407,0.9864135345448407,9.673412288544162,-0.01358646545515927,-0.13323771145583763,0.8081928515913299,0.6423355749999999,0.16585727659132996,-0.03922659999999989,-9.636879800317114,-9.644840275,0.007960474682885549,0.0,0.16367738630650253,0.5503565168790359,-0.3866791305725333,-0.0441299249999999,0.08241273539805438,0.8081928515913299,-0.03922659999999989,-0.03922659999999989,0.0,9.673412288544162,0.9864135345448407,43.66241579253682,-79.39546941492635,108.8,-72.51199468987213,3.7354270200653428,1.0,2.708153174710072,77.0,2.708153174710072,2.708153174710072,9.74935142895626,0.5956553235145636,1.2139853792807302,0.0,2.708153174710072,9.74935142895626,0.15911444001012426,-0.06721673101259708,0.06721673101259708,0.0,0.0,0.0,0.0,478.33920364079535,0.07914310639109645,284.91518300794723,5616.237891094571,1.5600660808596025,27.382478957664244,146607.47086542725,1783556752607470.8,1783556752413831.0
78.0,19548.226367664654,24288.0,72.86792143265808,-970.075467607441,23.849058925506444,973.3207505157502,0.07286792143265808,-0.970075467607441,0.023849058925506445,0.9733207505157502,0.9732045890950778,0.9732045890950778,9.543876783649244,-0.026795410904922216,-0.2627732163507554,0.7145902017175763,0.6423355749999999,0.07225462671757632,-0.03922659999999989,-9.513190584412511,-9.644840275,0.13164969058748854,0.0,0.23387937371181775,0.5553709445508441,-0.32149157083902635,-0.0441299249999999,0.07286792143265808,0.7145902017175763,-0.03922659999999989,-0.03922659999999989,0.0,9.543876783649244,0.9732045890950778,43.66241067924363,-79.39547964151275,108.8,-73.33555964492588,3.1702035902956913,1.0,2.8392210135207816,78.0,2.8392210135207816,2.8392210135207816,10.221195648674813,0.5970188683667631,2.213985379280732,0.0,2.8392210135207816,10.221195648674813,0.29018227882083353,-0.0568187337277697,0.0568187337277697,0.0,0.0,0.0,0.0,474.7873220178392,0.07873590951925569,283.4492742693205,5712.502278433247,1.586806188453679,27.911621544182278,146811.32082083108,1783556752811320.8,1783556752754717.0
79.0,19431.15926406631,24288.0,68.89440211712368,-965.210039443089,30.491055636094018,968.473166908282,0.06889440211712368,-0.9652100394430889,0.030491055636094017,0.968473166908282,0.96818981797486,0.96818981797486,9.494698678443159,-0.031810182025139966,-0.3119513215568388,0.6756232885218909,0.6427656414927558,0.032857647029135024,-0.03922659999999989,-9.465477033304568,-9.646130474478268,0.1806534411736993,0.0,0.29901511075370135,0.5568287175362204,-0.2578136067825191,-0.0441299249999999,0.06889440211712368,0.6756232885218909,-0.03922659999999989,-0.03922659999999989,0.0,9.494698678443159,0.96818981797486,43.66240542123521,-79.39548971898381,108.8,-74.14711608013906,2.5889833400354765,1.0,2.956687924274763,79.0,2.956687924274763,2.9335301978132873,10.560708712127834,0.5977368725348069,2.956687924274763,0.0,2.9335301978132873,10.560708712127834,0.35076804175421117,-0.06866554179115432,0.06866554179115432,0.0,0.0,0.0,0.0,471.94399620564263,0.07836086538740981,282.0991153946753,5806.242029584627,1.6128450082179515,28.22428983015306,147010.18694726328,1783556753010187.0,1783556753087709.2
80.0,19388.939555834386,24288.0,79.21477524048369,-980.2214912588854,35.8076114875219,984.4228344625657,0.0792147752404837,-0.9802214912588854,0.0358076114875219,0.9844228344625656,0.9841982836161322,0.9841982836161322,9.651688098024142,-0.015801716383867816,-0.1549619019758573,0.7768315756120894,0.6442991003880619,0.1325324752240275,-0.03922659999999989,-9.612689087253948,-9.650730851164186,0.03804176391023811,0.0,0.3511527131941066,0.5491614230596902,-0.19800870986558355,-0.0441299249999999,0.0792147752404837,0.7768315756120894,-0.03922659999999989,-0.03922659999999989,0.0,9.651688098024142,0.9841982836161322,43.66239979194078,-79.39549941387978,108.8,-74.92786307127514,1.9667211334927892,1.0,3.0392598573027274,80.0,3.0392598573027274,2.9335301978132873,10.560708712127834,0.5967986567963196,3.0392598573027274,0.0,2.9335301978132873,10.560708712127834,0.23052272775189978,-0.13758433670042697,0.13758433670042697,0.0,0.0,0.0,0.0,470.91856393210554,0.078068313357667,281.04592808760117,5893.504493071921,1.6370845814088666,27.98156470000215,147196.26640206328,1783556753196266.5,1783556753400447.8
81.0,19346.719847602457,24288.0,89.53514836384372,-995.2329430746818,41.12416733894979,1000.3725020168494,0.08953514836384371,-0.9952329430746817,0.04112416733894979,1.0003725020168492,1.0002067492574043,1.0002067492574043,9.808677517605123,0.0002067492574043331,0.0020275176051241517,0.8780398627022878,0.6458325592833679,0.23220730341891996,-0.03922659999999989,-9.759901141203326,-9.655331227850104,-0.10456991335322308,0.0,0.4032903156345119,0.54149412858316,-0.13820381294864806,-0.0441299249999999,0.08953514836384371,0.8780398627022878,-0.03922659999999989,-0.03922659999999989,0.0,9.808677517605123,1.0002067492574043,43.66239416264634,-79.39550910877573,108.8,-75.70861006241124,1.344458926950102,1.0,3.1218317903306922,81.0,3.1218317903306922,2.9335301978132873,10.560708712127834,0.5958604410578323,3.1218317903306922,0.0,2.9335301978132873,10.560708712127834,0.11027741374958838,-0.20650313160969958,0.20650313160969958,0.0,0.0,0.0,0.0,469.8931316585685,0.07777576132792417,279.9927407805271,5980.766956559216,1.6613241545997817,27.738839569851237,147382.34585686325,1783556753382345.8,1783556753713186.2
82.0,18527.691342683436,24288.0,15.376748318469017,-991.476495889591,49.66200448408262,992.6149962632645,0.015376748318469018,-0.991476495889591,0.049662004484082624,0.9926149962632644,0.9928878514459181,0.9928878514459181,9.736903648382112,-0.007112148554081958,-0.06974635161788784,0.1507943888973142,0.6474086780861856,-0.49661428918887146,-0.009636871913814203,-9.723062978415657,-9.698776849999998,-0.02428612841565788,0.0,0.48701789627382885,0.5337833126552571,-0.04676541638142824,-0.06374322499999996,0.015376748318469018,0.1507943888973142,-0.009636871913814203,-0.009636871913814203,0.04809942688395856,9.736903648382112,0.9928878514459181,43.66238834212322,-79.3955184847513,108.8,-76.46367383453334,0.7010583009347879,1.0,3.16973940897077,82.0,3.16973940897077,2.918269402577446,10.505769849278806,0.594,0.08289637176656596,0.0,2.918269402577446,10.505769849278806,-0.015260795235841076,-0.262707446607587,0.262707446607587,0.0,0.0,0.0,0.0,450.0005673310952,0.07425009360963071,267.30033699467054,6337.380441997672,1.760383456110464,26.66173506195756,148167.56730549052,1783556754167567.2,1783556754034625.0
83.0,17824.299190844013,24288.0,7.858304890256685,-973.0980786206275,69.71118695931551,975.9073442005704,0.007858304890256684,-0.9730980786206275,0.06971118695931551,0.9759073442005703,0.9759952405415911,0.9759952405415911,9.571243725657196,-0.024004759458408815,-0.23540627434280484,0.07706364565203572,0.6494567542874434,-0.5723931086354077,-0.007588795712556508,-9.542832272704976,-9.698776849999998,0.15594457729502295,0.0,0.6836332115945715,0.5255910078502262,0.1580422037443453,-0.06374322499999996,0.007858304890256684,0.07706364565203572,-0.007588795712556508,-0.007588795712556508,0.030859728220172862,9.571243725657196,0.9759952405415911,43.66238040598849,-79.39552433242953,108.8,-76.93459762754073,-0.1762020318486025,1.0,2.834146907908656,83.0,2.834146907908656,2.734174551251322,9.843028384504759,0.594,1.0828963717665676,0.0,2.734174551251322,9.843028384504759,-0.19935564656196553,-0.17824823907317178,0.17824823907317178,0.0,0.0,0.0,0.0,432.91657874721943,0.0714312354932912,257.1524477758483,6439.232950059747,1.7886758194610404,25.71630728931998,148415.67593862154,1783556754415676.0,1783556754452316.5
84.0,17120.907039004593,24288.0,0.3398614620443521,-954.719661351664,89.7603694345484,959.1996921378764,0.000339861462044351,-0.954719661351664,0.0897603694345484,0.9591996921378763,0.9591026296372643,0.9591026296372643,9.405583802932277,-0.04089737036273568,-0.4010661970677218,0.0033329024067572655,0.6515048304887011,-0.648171928081944,-0.0055407195112988136,-9.362601566994295,-9.698776849999998,0.3361752830057038,0.0,0.880248526915314,0.5173987030451952,0.3628498238701189,-0.06374322499999996,0.000339861462044351,0.0033329024067572655,-0.0055407195112988136,-0.0055407195112988136,0.013620029556387157,9.405583802932277,0.9591026296372643,43.662372469853764,-79.39553018010776,108.8,-77.40552142054811,-1.053462364631993,1.0,2.4985544068465417,84.0,2.4985544068465417,2.550079699925197,9.180286919730712,0.594,2.082896371766569,0.0,2.550079699925197,9.180286919730712,-0.38345049788808994,-0.09378903153875656,0.09378903153875656,0.0,0.0,0.0,0.0,415.8325901633436,0.06861237737695168,247.0045585570261,6541.085458121822,1.8169681828116166,24.770879516682392,148663.78457175253,1783556754663784.5,1783556754870007.8
85.0,14343.834246736702,24288.0,152.85609727146957,-998.6448517200228,-17.65862396188357,1014.9475682087352,0.1528560972714696,-0.9986448517200227,-0.017658623961883585,1.0149475682087352,1.0151838158691482,1.0151838158691482,9.955552367893182,0.015183815869148135,0.14890236789318156,1.499006246307257,0.6485937416278226,0.8504125046794344,0.07264540639112917,-9.79336053512016,-9.655485725116531,-0.1378748100036285,-0.010838733022580947,-0.1731719446758056,0.5121394417443548,-0.6853113864201603,-0.08335652500000001,0.1528560972714696,1.499006246307257,0.07264540639112917,0.07264540639112917,0.1258721859731321,9.955552367893182,1.0151838158691482,43.66236447378411,-79.39553586835113,108.8,-77.86360564513782,-1.9373479048727738,1.0,2.421377221751266,85.0,2.421377221751266,2.465521757294144,8.87587832625892,0.5983421352313103,0.6887837909022194,0.0,2.465521757294144,8.87587832625892,-0.3462261709476919,-0.053871636703034596,0.053871636703034596,0.0,0.0,0.0,0.0,348.38304618474103,0.057911992643023984,208.48317351488635,6840.204448567871,1.9000567912688524,24.411140997546113,149505.1286121003,1783556755505128.5,1783556755276310.8
86.0,13918.206122010817,24288.0,85.86279206013806,-989.4182288466059,40.91037340850205,998.9012675593145,0.08586279206013807,-0.9894182288466058,0.040910373408502045,0.9989012675593145,0.999258362470212,0.999258362470212,9.799377020318504,-0.0007416375297879564,-0.007272979681495095,0.842026349756553,0.650560747306118,0.19146560245043465,0.1709956903059052,-9.702878273918566,-9.649584708081646,-0.053293565836920964,-0.02657477844894552,0.4011937133864866,0.5082054303877638,-0.1070117170012771,-0.08335652500000001,0.08586279206013807,0.842026349756553,0.1709956903059052,0.1709956903059052,0.28488836892220765,9.799377020318504,0.999258362470212,43.66235645063378,-79.39554148455635,108.8,-78.31588851106872,-2.8242269417326815,1.0,2.460960965223516,86.0,2.460960965223516,2.4259380138218942,8.73337684975882,0.5959351901338972,1.688783790902217,0.0,2.4259380138218942,8.73337684975882,-0.20900222646327338,-0.034079764966909634,0.034079764966909634,0.0,0.0,0.0,0.0,338.04539029139875,0.05596859128158567,201.48692861370841,6918.775933719955,1.9218822038110979,24.31603702932635,149743.41617674418,1783556755743416.2,1783556755677468.2
87.0,13336.158781410379,24288.0,39.19735342634346,-963.3715558376992,66.72547001919065,968.4299901651027,0.039197353426343465,-0.9633715558376993,0.06672547001919064,0.9684299901651027,0.9688364892149179,0.9688364892149179,9.501040356959475,-0.031163510785082043,-0.30560964304052474,0.38439472597845115,0.652142225,-0.2677474990215488,0.22412033750792232,-9.447447668055773,-9.644840275,0.19739260694422697,-0.039226600000001,0.6543533305636958,0.505042475,0.14931085556369586,-0.0812805860006338,0.039197353426343465,0.38439472597845115,0.22412033750792232,0.22412033750792232,0.3253666246057992,9.501040356959475,0.9688364892149179,43.662348412348514,-79.39554705843432,108.8,-78.76476268899,-3.7127789955914716,1.0,2.42493872143029,87.0,2.42493872143029,2.340554623556319,8.42599664480275,0.594,2.42493872143029,0.0,2.340554623556319,8.42599664480275,-0.14178779907834788,-0.01816704848813666,0.01816704848813666,0.0,0.0,0.0,0.0,323.9086244828953,0.053444923039677725,192.4017229428398,6999.218105069305,1.9442272514081396,24.12435802234517,149997.87099904777,1783556755997871.0,1783556756105843.5
88.0,12112.462816582698,24288.0,75.91903286512647,-868.3272090549668,-41.81949420427088,878.7858903586618,0.07591903286512647,-0.8683272090549669,-0.04181949420427089,0.8787858903586618,0.8789487261388214,0.8789487261388214,8.619542525189273,-0.12105127386117859,-1.1871074748107266,0.7445113836467925,0.652142225,0.09236915864679252,0.09172450748279687,-8.51538102467889,-9.644840275,1.12945925032111,-0.039226600000001,-0.4101091428383131,0.505042475,-0.9151516178383131,-0.07068891959862372,0.07591903286512647,0.7445113836467925,0.09172450748279687,0.09172450748279687,-0.12041058086600365,8.619542525189273,0.8789487261388214,43.66234031197804,-79.39555245868131,108.8,-79.19965405821631,-4.608193947014602,1.0,2.0787725004984714,88.0,2.0787725004984714,2.067296104325778,7.4422659755728,0.594,2.0787725004984714,0.0,2.067296104325778,7.4422659755728,-0.36176001994851587,-0.01816704848813666,0.01816704848813666,0.0,0.0,0.0,0.0,294.18749688916057,0.0485409369867115,174.74737315216137,7087.334034518807,1.9687038984774459,23.53651770992918,150318.6456694395,1783556756318645.8,1783556756645868.2
89.0,8685.796236166889,24288.0,-32.122135052531775,-1154.5259498471837,90.42022765520576,1159.979003223497,-0.03212213505253177,-1.1545259498471838,0.09042022765520577,1.1599790032234971,1.1596579730784482,1.1596579730784482,11.372359861689764,0.1596579730784482,1.565709861689764,-0.3150105357129107,0.652142225,-0.9671527607129107,0.13238977499999993,-11.322031906068885,-9.659550249999999,-1.6624816560688864,-0.039226600000001,0.8867195255349236,0.48765064294641136,0.3990688825885123,0.029419949999999973,-0.03212213505253177,-0.3150105357129107,0.13238977499999993,0.13238977499999993,0.17549442570521648,11.372359861689764,1.1596579730784482,43.66233226526688,-79.39555800547095,108.81823155412289,-79.64634676615852,-5.497677399099702,1.0,1.8583914609381929,89.0,1.8583914609381929,1.881477158540976,6.773317770747513,0.5950938932473734,0.34423023394074936,0.018231554122891746,1.881477158540976,6.773317770747513,-0.42038172532091506,-0.01816704848813666,0.01816704848813666,0.9656024746307298,0.0,0.0,0.0,210.9606189840214,0.034810568569634034,125.31804685068253,7298.211594697383,2.02728099852705,17.95574588894651,151232.38932473733,1783556757232389.2,1783556757182315.5
90.0,3241.1734836061396,24288.0,31.433772564908878,-1036.9475207549185,53.8755807751774,1040.811676440796,0.031433772564908875,-1.0369475207549186,0.053875580775177394,1.040811676440796,1.040587413566075,1.040587413566075,10.20467655924775,0.04058741356607512,0.39802655924775077,0.3082600057236635,0.652142225,-0.34388221927633644,0.13238977499999993,-10.168981404411221,-9.659550249999999,-0.5094311544112231,-0.039226600000001,0.5283389642088935,0.4798597611784542,0.04847920303043923,0.029419949999999973,0.031433772564908875,0.3082600057236635,0.13238977499999993,0.13238977499999993,0.06182275007845636,10.20467655924775,1.040587413566075,43.66232432077843,-79.39556383142916,108.87119481047075,-80.11552140731244,-6.375861152466444,1.0,1.8776352736677147,90.0,1.8776352736677147,1.8622334376177496,6.704040375423898,0.5982716886282454,1.3442302339407501,0.07119481047076347,1.8622334376177496,6.704040375423898,-0.17162546278441781,-0.01816704848813666,0.01816704848813666,3.7707089976008623,0.0,0.0,0.0,78.72162156982591,0.012997137063619275,46.7896934290294,7300.37269893528,2.0278813052597995,6.714238688956948,151550.16886282453,1783556757550168.8,1783556757711948.0
91.0,74.85283187434318,24288.0,97.73896239057574,-938.4299093266965,45.54065704817221,944.9372677329793,0.09773896239057574,-0.9384299093266965,0.04554065704817221,0.9449372677329793,0.9452578435058504,0.9452578435058504,9.269812831016647,-0.05474215649414954,-0.5368371689833515,0.9584917955275395,0.652142225,0.3063495705275395,0.21084297499999993,-9.202853670298646,-9.659550249999999,0.4566965797013519,0.014709975000000597,0.44660128444145797,0.475622525,-0.02902124055854205,0.14973181578743405,0.09773896239057574,0.9584917955275395,0.21084297499999993,0.21084297499999993,0.09954300548803785,9.269812831016647,0.9452578435058504,43.66231630518805,-79.39556946320796,108.9,-80.56905844204724,-7.261904513183555,1.0,1.879151585375936,91.0,1.879151585375936,1.8607171758403278,6.69858183302518,0.594,0.45612880484448337,0.0,1.8607171758403278,6.69858183302518,-0.018434409535608213,-0.030319755143402016,0.030319755143402016,0.0,0.0,0.0,0.0,1.8180255805640475,0.0002999742207930678,1.079907194855044,7302.858958186496,2.0285719328295815,0.5084118386037902,152463.314553334,1783556758463314.5,1783556758246320.8
92.0,96.45381775749196,24288.0,99.3590363318119,-985.412053622545,2.878709928953363,990.8393627346704,0.09935903633181191,-0.985412053622545,0.0028787099289533657,0.9908393627346703,0.9909767520321058,0.9909767520321058,9.718162165315649,-0.009023247967894235,-0.08848783468434995,0.9743792936433632,0.652142225,0.32223706864336316,0.21084297499999993,-9.66359111565753,-9.659550249999999,-0.004040865657531256,0.014709975000000597,0.028230500724770513,0.475622525,-0.4473920242752295,0.12325265226106141,0.09935903633181191,0.9743792936433632,0.21084297499999993,0.21084297499999993,0.028218659289054343,9.718162165315649,0.9909767520321058,43.662308204818345,-79.39557486345444,108.9,-81.00394977056439,-8.157319380364843,1.0,1.8595302774794,92.0,1.8595302774794,1.8803384837368637,6.76921854145271,0.594,1.4561288048444858,0.0,1.8803384837368637,6.76921854145271,0.020808206257463734,-0.05696290182958606,0.05696290182958606,0.0,0.0,0.0,0.0,2.342670325693965,0.0003865406037395042,1.3915461734622152,7303.67701050534,2.0287991695848158,0.3069448556606565,152784.08919369875,1783556758784089.2,1783556758786345.5
93.0,104.93852619811895,24288.0,99.50820958495157,-1003.5696833868326,-7.545250802489443,1008.8155785943568,0.09950820958495159,-1.0035696833868326,-0.007545250802489444,1.0088155785943567,1.008837319673021,1.008837319673021,9.893314500971432,0.00883731967302103,0.08666450097143168,0.9758421835262654,0.652142225,0.32369995852626543,0.20602015852626532,-9.841656635585482,-9.659550249999999,-0.18210638558548214,0.014709975000000597,-0.07399363378223311,0.4765268030888253,-0.5505204368710584,0.11277647499999999,0.09950820958495159,0.9758421835262654,0.20602015852626532,0.20602015852626532,-0.00811921965275189,9.893314500971432,1.008837319673021,43.66230272546933,-79.395583823592,108.9,-81.72552537854943,-8.763006619975691,1.0,2.342293626739936,93.0,2.342293626739936,2.220424245798003,7.99352728487281,0.594,2.342293626739936,0.0,2.220424245798003,7.99352728487281,0.36642331859896116,-0.06750395714649327,0.06750395714649327,0.0,0.0,0.0,0.0,2.548746924299913,0.0004205432425094856,1.5139556730341484,7304.0928997644505,2.0289146943790133,0.22239795254766342,152947.51543831735,1783556758947515.5,1783556759061473.8
94.0,104.83680925444295,24288.0,98.69447403554369,-1002.8576647811008,3.135028283489067,1008.5104277633288,0.0986944740355437,-1.0028576647811007,0.0031350282834890653,1.0085104277633288,1.0084607337930012,1.0084607337930012,9.889621455051135,0.008460733793001118,0.0829714550511344,0.9678621638006645,0.652142225,0.31571993880066457,0.19804013880066446,-9.83467411832558,-9.659550249999999,-0.17512386832558155,0.014709975000000597,0.030744125116278,0.4780230567873754,-0.44727893167109745,0.11277647499999999,0.0986944740355437,0.9678621638006645,0.19804013880066446,0.19804013880066446,-0.02155359629517756,9.889621455051135,1.0084607337930012,43.66229896194242,-79.39559511417276,108.9,-82.63477566673934,-9.179026885339736,1.0,3.153937513317655,94.0,3.153937513317655,2.7702985043333896,9.973074615600204,0.594,3.153937513317655,0.0,2.7702985043333896,9.973074615600204,0.9126017838386947,-0.06750395714649327,0.06750395714649327,0.0,0.0,0.0,0.0,2.5462764231719106,0.00042013560982336523,1.512488195364115,7304.245517442134,2.0289570881783696,0.2143914814122385,153007.9353028609,1783556759007935.2,1783556759163190.8
95.0,104.73509231076697,24288.0,97.8807384861358,-1002.1456461753688,13.815307369467575,1008.2052769323009,0.09788073848613581,-1.0021456461753688,0.013815307369467572,1.0082052769323009,1.0080841479129812,1.0080841479129812,9.885928409130836,0.008084147912981204,0.07927840913083713,0.9598821440750637,0.652142225,0.3077399190750637,0.19006011907506362,-9.82769160106568,-9.659550249999999,-0.16814135106568096,0.014709975000000597,0.1354818840147891,0.47951931048592555,-0.3440374264711365,0.11277647499999999,0.09788073848613581,0.9598821440750637,0.19006011907506362,0.19006011907506362,-0.03498797293760324,9.885928409130836,1.0080841479129812,43.6622951984155,-79.39560640475351,108.9,-83.54402595492927,-9.595047150703781,1.0,3.965581399895375,95.0,3.965581399895375,3.3201727628687765,11.952621946327596,0.594,3.965581399895375,0.0,3.3201727628687765,11.952621946327596,1.4587802490784283,-0.06750395714649327,0.06750395714649327,0.0,0.0,0.0,0.0,2.543805922043908,0.0004197279771372448,1.5110207176940815,7304.398135119817,2.0289994819777264,0.20638501027681352,153068.35516740443,1783556759068355.2,1783556759264907.8
96.0,104.63337536709099,24288.0,97.06700293672792,-1001.4336275696369,24.49558645544608,1007.9001261012729,0.09706700293672792,-1.001433627569637,0.024495586455446083,1.007900126101273,1.0077075620329612,1.0077075620329612,9.882235363210539,0.007707562032961293,0.07558536321053985,0.9519021243494628,0.652142225,0.29975989934946284,0.18208009934946276,-9.82070908380578,-9.659550249999999,-0.16115883380578033,0.014709975000000597,0.24021964291330022,0.4810155641844757,-0.24079592127117555,0.11277647499999999,0.09706700293672792,0.9519021243494628,0.18208009934946276,0.18208009934946276,-0.04842234958002891,9.882235363210539,1.0077075620329612,43.66229143488859,-79.39561769533425,108.9,-84.45327624311918,-10.011067416067828,1.0,4.777225286473094,96.0,4.777225286473094,3.8700470214041633,13.932169277054989,0.594,4.777225286473094,0.0,3.8700470214041633,13.932169277054989,2.004958714318162,-0.06750395714649327,0.06750395714649327,0.0,0.0,0.0,0.0,2.541335420915906,0.00041932034445112446,1.5095532400240481,7304.5507527975005,2.0290418757770827,0.1983785391413886,153128.77503194794,1783556759128775.0,1783556759366624.8
97.0,104.53165842341501,24288.0,96.25326738732004,-1000.721608963905,35.17586554142459,1007.594975270245,0.09625326738732004,-1.000721608963905,0.03517586554142459,1.0075949752702449,1.0073309761529414,1.0073309761529414,9.878542317290242,0.0073309761529413795,0.07189231729024258,0.943922104623862,0.652142225,0.291779879623862,0.17410007962386193,-9.813726566545878,-9.659550249999999,-0.15417631654587974,0.014709975000000597,0.34495740181181134,0.4825118178830259,-0.1375544160712146,0.11277647499999999,0.09625326738732004,0.943922104623862,0.17410007962386193,0.17410007962386193,-0.06185672622245458,9.878542317290242,1.0073309761529414,43.66228767136167,-79.39562898591501,108.9,-85.3625265313091,-10.427087681431873,1.0,5.5888691730508135,97.0,5.5888691730508135,4.419921279939551,15.911716607782381,0.594,5.5888691730508135,0.0,4.419921279939551,15.911716607782381,2.5511371795578954,-0.06750395714649327,0.06750395714649327,0.0,0.0,0.0,0.0,2.5388649197879034,0.00041891271176500405,1.5080857623540147,7304.703370475184,2.0290842695764395,0.19037206800596362,153189.19489649148,1783556759189195.0,1783556759468341.5
98.0,104.42994147973901,24288.0,95.43953183791214,-1000.0095903581731,45.8561446274031,1007.289824439217,0.09543953183791215,-1.0000095903581732,0.045856144627403096,1.007289824439217,1.0069543902729214,1.0069543902729214,9.874849271369945,0.006954390272921468,0.0681992713699453,0.935942084898261,0.652142225,0.2837998598982611,0.16612005989826106,-9.806744049285978,-9.659550249999999,-0.14719379928597914,0.014709975000000597,0.4496951607103225,0.484008071581576,-0.034312910871253655,0.11277647499999999,0.09543953183791215,0.935942084898261,0.16612005989826106,0.16612005989826106,-0.07529110286488025,9.874849271369945,1.0069543902729214,43.66228390783475,-79.39564027649575,108.9,-86.27177681949901,-10.843107946795918,1.0,6.400513059628533,98.0,6.400513059628533,4.969795538474937,17.891263938509777,0.594,6.400513059628533,0.0,4.969795538474937,17.891263938509777,3.097315644797629,-0.06750395714649327,0.06750395714649327,0.0,0.0,0.0,0.0,2.536394418659901,0.00041850507907888364,1.5066182846839813,7304.855988152867,2.029126663375796,0.18236559687053866,153249.61476103502,1783556759249614.8,1783556759570058.5
99.0,104.32822453606303,24288.0,94.62579628850426,-999.2975717524412,56.53642371338161,1006.984673608189,0.09462579628850426,-0.9992975717524413,0.056536423713381606,1.006984673608189,1.0065778043929015,1.0065778043929015,9.871156225449647,0.006577804392901555,0.06450622544964804,0.9279620651726602,0.652142225,0.27581984017266026,0.15814004017266023,-9.799761532026077,-9.659550249999999,-0.14021128202607852,0.014709975000000597,0.5544329196088336,0.48550432528012616,0.06892859432870735,0.11277647499999999,0.09462579628850426,0.9279620651726602,0.15814004017266023,0.15814004017266023,-0.08872547950730593,9.871156225449647,1.0065778043929015,43.662280144307836,-79.3956515670765,108.9,-87.18102710768892,-11.259128212159963,1.0,7.212156946206252,99.0,7.212156946206252,5.519669797010325,19.87081126923717,0.594,7.212156946206252,0.0,5.519669797010325,19.87081126923717,3.643494110037363,-0.06750395714649327,0.06750395714649327,0.0,0.0,0.0,0.0,2.5339239175318986,0.0004180974463927633,1.5051508070139479,7305.008605830551,2.029169057175152,0.17435912573511372,153310.03462557856,1783556759310034.8,1783556759671775.5
100.0,104.22650759238705,24288.0,93.81206073909637,-998.5855531467093,67.21670279936012,1006.6795227771612,0.09381206073909637,-0.9985855531467093,0.06721670279936011,1.0066795227771612,1.0062012185128817,1.0062012185128817,9.86746317952935,0.006201218512881643,0.06081317952935076,0.9199820454470593,0.652142225,0.2678398204470594,0.15016002044705937,-9.792779014766177,-9.659550249999999,-0.13322876476617793,0.014709975000000597,0.6591706785073448,0.4870005789786763,0.17217009952866835,0.11277647499999999,0.09381206073909637,0.9199820454470593,0.15016002044705937,0.15016002044705937,-0.1021598561497316,9.86746317952935,1.0062012185128817,43.662276380780916,-79.39566285765726,108.9,-88.09027739587884,-11.675148477524008,1.0,8.023800832783973,100.0,8.023800832783973,6.069544055545712,21.85035859996456,0.594,8.023800832783973,0.0,6.069544055545712,21.85035859996456,4.189672575277096,-0.06750395714649327,0.06750395714649327,0.0,0.0,0.0,0.0,2.531453416403896,0.00041768981370664287,1.5036833293439145,7305.161223508234,2.029211450974509,0.16635265459968876,153370.4544901221,1783556759370454.5,1783556759773492.5
101.0,104.12479064871106,24288.0,92.99832518968849,-997.8735345409774,77.89698188533862,1006.3743719461332,0.09299832518968848,-0.9978735345409774,0.07789698188533863,1.006374371946133,1.0058246326328617,1.0058246326328617,9.863770133609053,0.00582463263286173,0.057120133609053485,0.9120020257214585,0.652142225,0.25985980072145853,0.14218000072145853,-9.785796497506276,-9.659550249999999,-0.12624624750627733,0.014709975000000597,0.7639084374058558,0.4884968326772265,0.27541160472862924,0.11277647499999999,0.09299832518968848,0.9120020257214585,0.14218000072145853,0.14218000072145853,-0.11559423279215728,9.863770133609053,1.0058246326328617,43.662272617254,-79.395674148238,108.9,-88.99952768406875,-12.091168742888055,1.0,8.835444719361693,101.0,8.835444719361693,6.6194183140810985,23.829905930691954,0.594,8.835444719361693,0.0,6.6194183140810985,23.829905930691954,4.73585104051683,-0.06750395714649327,0.06750395714649327,0.0,0.0,0.0,0.0,2.5289829152758942,0.0004172821810205225,1.502215851673881,7305.313841185918,2.0292538447738653,0.15834618346426382,153430.87435466563,1783556759430874.2,1783556759875209.2
102.0,104.02307370503507,24288.0,92.1845896402806,-997.1615159352456,88.57726097131713,1006.0692211151053,0.0921845896402806,-0.9971615159352455,0.08857726097131713,1.0060692211151052,1.0054480467528417,1.0054480467528417,9.860077087688756,0.005448046752841818,0.05342708768875622,0.9040220059958577,0.652142225,0.25187978099585767,0.13419998099585767,-9.778813980246376,-9.659550249999999,-0.11926373024637671,0.014709975000000597,0.868646196304367,0.4899930863757766,0.37865310992859025,0.11277647499999999,0.0921845896402806,0.9040220059958577,0.13419998099585767,0.13419998099585767,-0.12902860943458294,9.860077087688756,1.0054480467528417,43.662268853727085,-79.39568543881875,108.9,-89.90877797225868,-12.507189008252098,1.0,9.64708860593941,102.0,9.64708860593941,7.169292572616485,25.80945326141935,0.594,9.64708860593941,0.0,7.169292572616485,25.80945326141935,5.282029505756563,-0.06750395714649327,0.06750395714649327,0.0,0.0,0.0,0.0,2.526512414147892,0.0004168745483344021,1.5007483740038476,7305.4664588636015,2.0292962385732216,0.15033971232883886,153491.29421920917,1783556759491294.2,1783556759976926.2
103.0,104.54396975841581,24288.0,68.4839823590759,-1011.7920856844885,59.78391935577551,1016.5340768640265,0.06848398235907589,-1.0117920856844884,0.059783919355775504,1.0165340768640263,1.016110152628956,1.016110152628956,9.96463662827875,0.016110152628955935,0.1579866282787507,0.6715984456016316,0.6531817175429736,0.01841672805865792,0.11887637194134203,-9.922290857077789,-9.644840275,-0.2774505820777886,-0.11767980000000122,0.5862799727503158,0.49033249999999995,0.09594747275031586,0.038255636615276305,0.06848398235907589,0.6715984456016316,0.11887637194134203,0.11887637194134203,-0.022559938328310363,9.96463662827875,1.016110152628956,43.66226503203528,-79.39569669189667,108.9,-90.81500809286261,-12.92963882033564,1.0,9.562266261216305,103.0,9.562266261216305,7.294027311877251,26.258498322758104,0.602576005040264,0.7731577041031137,0.0,7.294027311877251,26.258498322758104,4.832904551029643,-0.08440846407014763,0.08440846407014763,0.0,0.0,0.0,0.0,2.5391639374924035,0.00042494952989460523,1.5298183076205787,7307.18924435243,2.0297747900978966,0.06835720186143902,154171.49324522045,1783556760171493.2,1783556760105998.8
104.0,107.83433308909865,24288.0,70.40336096864088,-1002.4693895808872,68.55822157092975,1008.1710700652076,0.07040336096864089,-1.0024693895808872,0.06855822157092974,1.0081710700652076,1.00774893604245,1.00774893604245,9.882641103640692,0.007748936042450057,0.07599110364069284,0.690421119843122,0.6545261942745086,0.03589492556861337,0.10139817443138657,-9.830866439333406,-9.644840275,-0.18602616433340602,-0.11767980000000122,0.6723264835685581,0.49033249999999995,0.18199398356855814,0.04968368883332411,0.07040336096864089,0.690421119843122,0.10139817443138657,0.10139817443138657,-0.05173889911287707,9.882641103640692,1.00774893604245,43.66226119327806,-79.3957079339714,108.9,-91.72035210479098,-13.35397504334374,1.0,9.214423245518693,104.0,9.214423245518693,7.294027311877251,26.258498322758104,0.6020276111518169,1.7731577041031146,0.0,7.294027311877251,26.258498322758104,4.0917603721508184,-0.10627270578169355,0.10627270578169355,0.0,0.0,0.0,0.0,2.619080282068028,0.0004378693389343312,1.5763296201635923,7307.440561277035,2.0298446003547315,0.06647782464596473,154253.61523001542,1783556760253615.2,1783556760243097.2
105.0,111.12469641978149,24288.0,72.32273957820587,-993.1466934772858,77.33252378608398,999.8080632663887,0.07232273957820587,-0.9931466934772857,0.07733252378608398,0.9998080632663886,0.9993877194559442,0.9993877194559442,9.800645579002635,-0.000612280544055821,-0.006004420997365034,0.7092437940846126,0.6558706710060437,0.05337312307856883,0.08391997692143112,-9.739442021589024,-9.644840275,-0.09460174658902343,-0.11767980000000122,0.7583729943868004,0.49033249999999995,0.26804049438680044,0.06111174105137192,0.07232273957820587,0.7092437940846126,0.08391997692143112,0.08391997692143112,-0.08091785989744377,9.800645579002635,0.9993877194559442,43.66225735452084,-79.3957191760461,108.9,-92.62569611671933,-13.778311266351839,1.0,8.866580229821082,105.0,8.866580229821082,7.294027311877251,26.258498322758104,0.6014792172633697,2.7731577041031157,0.0,7.294027311877251,26.258498322758104,3.3506161932719936,-0.12813694749323948,0.12813694749323948,0.0,0.0,0.0,0.0,2.6989966266436527,0.0004507891479740572,1.622840932706606,7307.691878201639,2.029914410611566,0.06459844743049044,154335.7372148104,1783556760335737.2,1783556760380195.8
106.0,114.41505975046434,24288.0,74.24211818777086,-983.8239973736844,86.10682600123822,991.4450564675698,0.07424211818777086,-0.9838239973736843,0.08610682600123822,0.9914450564675698,0.9910265028694383,0.9910265028694383,9.718650054364577,-0.008973497130561697,-0.08799994563542288,0.7280664683261031,0.6572151477375787,0.07085132058852428,0.06644177941147567,-9.648017603844641,-9.644840275,-0.0031773288446408365,-0.11767980000000122,0.8444195052050427,0.49033249999999995,0.3540870052050427,0.07253979326941973,0.07424211818777086,0.7280664683261031,0.06644177941147567,0.06644177941147567,-0.11009682068201047,9.718650054364577,0.9910265028694383,43.662253515763624,-79.39573041812082,108.9,-93.53104012864769,-14.20264748935994,1.0,8.51873721412347,106.0,8.51873721412347,7.294027311877251,26.258498322758104,0.6009308233749225,3.7731577041031166,0.0,7.294027311877251,26.258498322758104,2.6094720143931687,-0.1500011892047854,0.1500011892047854,0.0,0.0,0.0,0.0,2.7789129712192775,0.00046370895701378323,1.6693522452496194,7307.943195126243,2.0299842208684002,0.06271907021501615,154417.85919960533,1783556760417859.2,1783556760517294.2
107.0,117.70542308114717,24288.0,76.16149679733584,-974.501301270083,94.88112821639245,983.082049668751,0.07616149679733586,-0.9745013012700829,0.09488112821639244,0.9830820496687509,0.9826652862829324,0.9826652862829324,9.636654529726519,-0.017334713717067574,-0.16999547027348075,0.7468891425675935,0.6585596244691138,0.08832951809847973,0.04896358190152021,-9.556593186100258,-9.644840275,0.0882470888997417,-0.11767980000000122,0.9304660160232849,0.49033249999999995,0.440133516023285,0.08396784548746752,0.07616149679733586,0.7468891425675935,0.04896358190152021,0.04896358190152021,-0.13927578146657718,9.636654529726519,0.9826652862829324,43.6622496770064,-79.39574166019553,108.9,-94.43638414057605,-14.62698371236804,1.0,8.17089419842586,107.0,8.17089419842586,7.294027311877251,26.258498322758104,0.6003824294864755,4.7731577041031175,0.0,7.294027311877251,26.258498322758104,1.8683278355143438,-0.17186543091633133,0.17186543091633133,0.0,0.0,0.0,0.0,2.8588293157949023,0.00047662876605350925,1.715863557792633,7308.194512050847,2.0300540311252346,0.06083969299954185,154499.9811844003,1783556760499981.2,1783556760654392.8
108.0,120.99578641183001,24288.0,78.08087540690084,-965.1786051664816,103.65543043154669,974.7190428699321,0.07808087540690084,-0.9651786051664816,0.10365543043154668,0.974719042869932,0.9743040696964266,0.9743040696964266,9.55465900508846,-0.025695930303573457,-0.25199099491153865,0.7657118168090841,0.6599041012006488,0.10580771560843519,0.03148538439156476,-9.465168768355875,-9.644840275,0.17967150664412435,-0.11767980000000122,1.0165125268415272,0.49033249999999995,0.5261800268415273,0.09539589770551533,0.07808087540690084,0.7657118168090841,0.03148538439156476,0.03148538439156476,-0.16845474225114387,9.55465900508846,0.9743040696964266,43.662245838249184,-79.39575290227025,108.9,-95.3417281525044,-15.051319935376139,1.0,7.823051182728248,108.0,7.823051182728248,7.294027311877251,26.258498322758104,0.5998340355980283,5.773157704103118,0.0,7.294027311877251,26.258498322758104,1.127183656635519,-0.19372967262787724,0.19372967262787724,0.0,0.0,0.0,0.0,2.938745660370527,0.0004895485750932352,1.7623748703356468,7308.445828975452,2.0301238413820695,0.05896031578406756,154582.10316919527,1783556760582103.2,1783556760791491.0
109.0,124.28614974251285,24288.0,80.00025401646583,-955.8559090628803,112.42973264670093,966.3560360711132,0.08000025401646584,-0.9558559090628802,0.11242973264670092,0.9663560360711132,0.9659428531099207,0.9659428531099207,9.472663480450404,-0.03405714689007933,-0.33398651954959657,0.7845344910505745,0.661248577932184,0.12328591311839064,0.014007186881609304,-9.373744350611494,-9.644840275,0.2710959243885068,-0.11767980000000122,1.1025590376597694,0.49033249999999995,0.6122265376597695,0.10682394992356314,0.08000025401646584,0.7845344910505745,0.014007186881609304,0.014007186881609304,-0.1976337030357106,9.472663480450404,0.9659428531099207,43.66224199949196,-79.39576414434495,108.9,-96.24707216443277,-15.475656158384238,1.0,7.475208167030637,109.0,7.475208167030637,7.294027311877251,26.258498322758104,0.5992856417095812,6.773157704103119,0.0,7.294027311877251,26.258498322758104,0.386039477756694,-0.21559391433942315,0.21559391433942315,0.0,0.0,0.0,0.0,3.018662004946152,0.0005024683841329612,1.8088861828786604,7308.697145900056,2.030193651638904,0.05708093856859326,154664.2251539902,1783556760664225.2,1783556760928589.5
110.0,96.13721862367706,24288.0,92.08211918010092,-995.9932450658688,49.1503751684306,1002.6370419619226,0.09208211918010091,-0.9959932450658688,0.04915037516843059,1.0026370419619226,1.002289565047162,1.002289565047162,9.82910296306975,0.002289565047162017,0.022452963069751388,0.9030171140575366,0.6644676470047947,0.2385494670527419,0.018000939424932572,-9.767357156725202,-9.62032365,-0.1470335067252022,-0.11767980000000122,0.48200052664548987,0.48882123679712314,-0.006820710151633297,0.029419949999999973,0.09208211918010091,0.9030171140575366,0.018000939424932572,0.018000939424932572,0.022012797352827834,9.82910296306975,1.002289565047162,43.662238253465794,-79.39577544507722,108.9,-97.15713997194412,-15.889741891118952,1.0,7.023788988165893,110.0,7.023788988165893,7.023788988165893,25.285640357397213,0.5958972626939966,0.4791303922258696,0.0,7.023788988165893,25.285640357397213,-0.2702383237113582,-0.22164857438638397,0.22164857438638397,0.0,0.0,0.0,0.0,2.334980765931868,0.0003865621065718087,1.3916235836585114,7310.3773148739465,2.0306603652427624,0.06981025683449883,155364.128697072,1783556761364128.8,1783556761102737.2
111.0,75.55246437650025,24288.0,98.51485488234367,-987.6306886529533,76.59671416466634,997.7052779235365,0.09851485488234367,-0.9876306886529532,0.07659671416466632,0.9977052779235365,0.9974717440273574,0.9974717440273574,9.781856278565883,-0.0025282559726426557,-0.024793721434116102,0.9661007016319355,0.6697246126359946,0.2963760889959409,0.045337160707172065,-9.685348492878484,-9.62032365,-0.06502484287848379,-0.11767980000000122,0.7511571669629249,0.4856670574184032,0.2654901095445218,0.029419949999999973,0.09851485488234367,0.9661007016319355,0.045337160707172065,0.045337160707172065,0.0679560263986085,9.781856278565883,0.9974717440273574,43.662234608248895,-79.39578680957696,108.9,-98.07234308623718,-16.292684167010137,1.0,6.45977065809101,111.0,6.45977065809101,6.45977065809101,23.255174369127637,0.5956828381705885,1.4791303922258705,0.0,6.45977065809101,23.255174369127637,-0.8342566537862408,-0.21051640860405452,0.21051640860405452,0.0,0.0,0.0,0.0,1.835018254776438,0.0003037760687726749,1.0935938475816296,7310.408302133753,2.0306689728149308,0.06981025683449883,155491.71128849982,1783556761491711.2,1783556761317161.8
112.0,54.96771012932345,24288.0,104.94759058458642,-979.2681322400376,104.04305316090206,992.7735138851505,0.10494759058458641,-0.9792681322400376,0.10404305316090207,0.9927735138851503,0.9926539230075526,0.9926539230075526,9.734609594062016,-0.007346076992447329,-0.07204040593798358,1.0291842892063343,0.6749815782671945,0.3542027109391399,0.07267338198941155,-9.603339829031764,-9.62032365,0.016983820968234642,-0.11767980000000122,1.0203138072803601,0.4825128780396833,0.5378009292406769,0.029419949999999973,0.10494759058458641,1.0291842892063343,0.07267338198941155,0.07267338198941155,0.11389925544438916,9.734609594062016,0.9926539230075526,43.662230963032,-79.39579817407669,108.9,-98.98754620053025,-16.695626442901318,1.0,5.895752328016128,112.0,5.895752328016128,5.895752328016128,21.22470838085806,0.5954684136471804,2.4791303922258714,0.0,5.895752328016128,21.22470838085806,-1.3982749838611233,-0.1993842428217251,0.1993842428217251,0.0,0.0,0.0,0.0,1.335055743621008,0.0002209900309735411,0.7955641115047479,7310.439289393559,2.030677580387099,0.06981025683449883,155619.29387992763,1783556761619294.0,1783556761531586.2
113.0,34.382955882146646,24288.0,111.38032628682917,-970.9055758271221,131.4893921571378,987.8417498467643,0.11138032628682917,-0.970905575827122,0.13148939215713779,0.9878417498467642,0.987836101987748,0.987836101987748,9.687362909558148,-0.012163898012252001,-0.11928709044185107,1.0922678767807332,0.6802385438983944,0.41202933288233884,0.10000960327165104,-9.521331165185046,-9.62032365,0.0989924848149531,-0.11767980000000122,1.2894704475977952,0.4793586986609633,0.8101117489368319,0.029419949999999973,0.11138032628682917,1.0922678767807332,0.10000960327165104,0.10000960327165104,0.1598424844901698,9.687362909558148,0.987836101987748,43.6622273178151,-79.39580953857643,108.9,-99.9027493148233,-17.098568718792503,1.0,5.331733997941245,113.0,5.331733997941245,5.331733997941245,19.19424239258848,0.5952539891237724,3.4791303922258723,0.0,5.331733997941245,19.19424239258848,-1.962293313936006,-0.18825207703939564,0.18825207703939564,0.0,0.0,0.0,0.0,0.8350932324655778,0.0001382039931744073,0.49753437542786627,7310.470276653365,2.0306861879592675,0.06981025683449883,155746.87647135544,1783556761746876.5,1783556761746011.0
114.0,13.798201634969857,24288.0,117.81306198907193,-962.5430194142065,158.93573115337352,982.9099858083782,0.11781306198907192,-0.9625430194142065,0.15893573115337353,0.9829099858083782,0.9830182809679433,0.9830182809679433,9.640116225054282,-0.016981719032056673,-0.16653377494571855,1.1553514643551321,0.6854955095295943,0.4698559548255378,0.12734582455389054,-9.439322501338328,-9.62032365,0.1810011486616715,-0.11767980000000122,1.5586270879152304,0.4762045192822434,1.082422568632987,0.029419949999999973,0.11781306198907192,1.1553514643551321,0.12734582455389054,0.12734582455389054,0.20578571353595046,9.640116225054282,0.9830182809679433,43.6622236725982,-79.39582090307617,108.9,-100.81795242911636,-17.501510994683688,1.0,4.767715667866362,114.0,4.767715667866362,4.767715667866362,17.163776404318906,0.5950395646003642,4.479130392225873,0.0,4.767715667866362,17.163776404318906,-2.5263116440108884,-0.17711991125706622,0.17711991125706622,0.0,0.0,0.0,0.0,0.33513072131014754,5.5417955375273455e-05,0.1995046393509845,7310.501263913171,2.030694795531436,0.06981025683449883,155874.45906278325,1783556761874459.0,1783556761960435.5
115.0,3977.436410017792,24288.0,55.1018019259143,-962.7335591480929,56.41516506173808,966.4750756542668,0.0551018019259143,-0.9627335591480929,0.056415165061738076,0.9664750756542667,0.9659825022062094,0.9659825022062094,9.473052305260522,-0.03401749779379064,-0.3335976947394769,0.5403640858567674,0.7428537374999999,-0.20248965164323252,-0.026148675145450138,-9.441191057819644,-9.641037989267904,0.19984693144825944,-0.11514494284527019,0.5532437784526937,0.46328101784526937,0.08996276060742436,0.0509662358152103,0.0551018019259143,0.5403640858567674,-0.026148675145450138,-0.026148675145450138,-0.20965618303248648,9.473052305260522,0.9659825022062094,43.66222222454952,-79.39583308085625,108.9,-101.79865043683144,-17.6615782966042,1.0,4.273654965638365,115.0,4.273654965638365,4.273654965638365,15.385157876298116,0.5989660660246952,0.815484722850612,0.0,4.273654965638365,15.385157876298116,-2.3404621091886932,-0.18930884437628215,0.18930884437628215,0.0,0.0,0.0,0.0,96.60397552651213,0.016036068458720965,57.729846451395474,7376.282773148259,2.048967436985627,7.452328493560701,156652.0561623204,1783556762652056.2,1783556762258483.5
116.0,6235.524585576565,24288.0,58.90543164330696,-980.8008003057081,53.245473630577536,984.2253476687658,0.05890543164330696,-0.9808008003057079,0.053245473630577536,0.9842253476687658,0.984040430657002,0.984040430657002,9.650140089302488,-0.015959569342998026,-0.15650991069751158,0.5776649512248362,0.7428537374999999,-0.1651887862751638,-0.06422664187535357,-9.61837016831797,-9.636375381096896,0.018005212778924584,-0.11203653739793062,0.5221597239793031,0.4601726123979303,0.06198711158137286,0.07738768211759228,0.05890543164330696,0.5776649512248362,-0.06422664187535357,-0.06422664187535357,-0.20619660426279707,9.650140089302488,0.984040430657002,43.66222127364209,-79.39584544265283,108.9,-102.79416761659598,-17.76669160382792,1.0,3.7954231940195893,116.0,3.7954231940195893,3.7954231940195893,13.663523498470521,0.597698189452231,1.815484722850611,0.0,3.7954231940195893,13.663523498470521,-1.9849440655154136,-0.20677451525240542,0.20677451525240542,0.0,0.0,0.0,0.0,151.44842113448362,0.025097599903344536,90.35135965204033,7418.770743604825,2.0607696510013396,9.311733476632279,156840.9697716176,1783556762840969.8,1783556762575452.8
117.0,8493.612761135337,24288.0,62.709061360699614,-998.8680414633232,50.07578219941699,1001.9756196832649,0.06270906136069962,-0.9988680414633231,0.05007578219941699,1.0019756196832648,1.0020983591077945,1.0020983591077945,9.827227873344453,0.002098359107794587,0.020577873344453768,0.6149658165929048,0.7428537374999999,-0.12788792090709508,-0.10230460860525699,-9.795549278816297,-9.631712772925887,-0.16383650589041032,-0.10892813195059108,0.4910756695059126,0.45706420695059125,0.03401146255532135,0.10380912841997428,0.06270906136069962,0.6149658165929048,-0.10230460860525699,-0.10230460860525699,-0.20273702549310765,9.827227873344453,1.0020983591077945,43.662220322734655,-79.39585780444942,108.9,-103.78968479636053,-17.871804911051637,1.0,3.317191422400813,117.0,3.317191422400813,3.317191422400813,11.941889120642927,0.5964303128797668,2.81548472285061,0.0,3.317191422400813,11.941889120642927,-1.629426021842134,-0.2242401861285287,0.2242401861285287,0.0,0.0,0.0,0.0,206.2928667424551,0.03415913134796811,122.97287285268519,7461.25871406139,2.072571865017052,11.171138459703858,157029.88338091475,1783556763029883.5,1783556762892421.8
118.0,11411.048503120377,24288.0,50.72639204851108,-1004.5173233472186,44.41457179857655,1006.7933083680465,0.05072639204851108,-1.0045173233472184,0.04441457179857655,1.0067933083680465,1.0070836372594574,1.0070836372594574,9.876116751330457,0.007083637259457277,0.0694667513304567,0.49745597258253116,0.7475871784969988,-0.25013120591446764,-0.11522813749999994,-9.850949809003,-9.6277635795015,-0.2231862295014997,-0.03450481454651738,0.4355581605285107,0.4583759454984994,-0.02281778496998866,0.11277647499999999,0.05072639204851108,0.49745597258253116,-0.11522813749999994,-0.11522813749999994,-0.15291801408285555,9.876116751330457,1.0070836372594574,43.66221975866167,-79.39587020550309,108.9,-104.78836341875059,-17.934157538875002,1.0,3.054090966921679,118.0,3.054090966921679,3.054090966921679,10.994727480918046,0.5955173233472185,3.054090966921679,0.0,3.054090966921679,10.994727480918046,-1.2454320176562148,-0.23016797381306353,0.23016797381306353,0.0,0.0,0.0,0.0,277.15154604378773,0.04582479855832888,164.96927480998397,7538.953832553709,2.0941538423760293,13.588634873389843,157237.3549658761,1783556763237355.0,1783556763241338.2
119.0,14667.235497756257,24288.0,30.633237700370906,-1003.7866631891044,37.473300296491765,1004.966657972761,0.030633237700370908,-1.0037866631891044,0.03747330029649177,1.004966657972761,1.0053526144952025,1.0053526144952025,9.859141216939378,0.005352614495202584,0.052491216939378416,0.3004094404943423,0.7547525069365694,-0.454343066442227,-0.11522813749999994,-9.843784480563428,-9.624180915281714,-0.2196035652817145,0.07655777626682517,0.36748754035259096,0.4619586097182847,-0.09447106936569372,0.11277647499999999,0.030633237700370908,0.3004094404943423,-0.11522813749999994,-0.11522813749999994,-0.07928103976679965,9.859141216939378,1.0053526144952025,43.6622193933316,-79.39588262672578,108.9,-105.78866628714401,-17.974541125712015,1.0,2.9015179578722385,119.0,2.9015179578722385,2.9015179578722385,10.44546464834006,0.5947866631891043,2.9015179578722385,0.0,2.9015179578722385,10.44546464834006,-0.8468079946679572,-0.23016797381306353,0.23016797381306353,0.0,0.0,0.0,0.0,356.2378157695039,0.05882838570293268,211.78218853055765,7634.737234231809,2.1207603428421686,16.29286044304894,157454.361032836,1783556763454361.0,1783556763606668.5
120.0,17923.422492392136,24288.0,10.540083352230731,-1003.0560030309902,30.53202879440698,1003.1400075774756,0.01054008335223073,-1.00305600303099,0.03053202879440698,1.0031400075774755,1.003621591730948,1.003621591730948,9.8421656825483,0.0036215917309478903,0.03551568254830013,0.10336290840615348,0.7619178353761399,-0.6585549269699864,-0.11522813749999994,-9.836619152123859,-9.62059825106193,-0.21602090106192934,0.18762036708016772,0.29941692017667115,0.46554127393806993,-0.16612435376139875,0.11277647499999999,0.01054008335223073,0.10336290840615348,-0.11522813749999994,-0.11522813749999994,-0.005644065450743724,9.8421656825483,1.003621591730948,43.662219028001516,-79.39589504794847,108.9,-106.78896915553742,-18.01492471254903,1.0,2.748944948822798,120.0,2.748944948822798,2.748944948822798,9.896201815762073,0.5940560030309902,2.748944948822798,0.0,2.748944948822798,9.896201815762073,-0.4481839716796996,-0.23016797381306353,0.23016797381306353,0.0,0.0,0.0,0.0,435.3240854952202,0.07183197284753648,258.5951022511313,7730.52063590991,2.1473668433083075,18.997086012708042,157671.3670997959,1783556763671367.0,1783556763971998.5
121.0,22211.454135863823,24288.0,40.90618478297911,-948.1476183122762,64.42331772438482,952.2425827770879,0.04090618478297911,-0.9481476183122763,0.06442331772438482,0.952242582777088,0.9525325930485965,0.9525325930485965,9.341153753620018,-0.04746740695140349,-0.46549624637998094,0.4011526370020021,0.7397036125483656,-0.3385509755463635,-0.14605346510640443,-9.298151841122083,-9.6301303,0.3319784588779158,0.08030449626684358,0.6317769287618384,0.47188612165376914,0.15989080710806924,0.07914884488392235,0.04090618478297911,0.4011526370020021,-0.14605346510640443,-0.14605346510640443,-0.05111994627927778,9.341153753620018,0.9525325930485965,43.66221823798578,-79.39590743021321,108.9,-107.7861346721366,-18.102253051374515,1.0,2.617691537999191,121.0,2.617691537999191,2.617691537999191,9.423689536797088,0.5986670497492635,0.9233528332313176,0.0,2.617691537999191,9.423689536797088,-0.3780694764899614,-0.23016797381306353,0.23016797381306353,0.0,0.0,0.0,0.0,539.4717980518606,0.08970773077671322,322.9478307961676,8184.160231481576,2.2733778420782147,29.671333066203832,158513.7472855437,1783556764513747.2,1783556764381007.0
122.0,22045.162488066704,24288.0,51.634678189244966,-984.0468077870889,24.81041899355705,986.0786004430033,0.05163467818924497,-0.984046807787089,0.024810418993557057,0.9860786004430033,0.9865968571682856,0.9865968571682856,9.675210069349367,-0.01340314283171444,-0.1314399306506323,0.5063632168645592,0.7548782154131576,-0.24851499854859838,-0.17943759140894655,-9.650202627585255,-9.6301303,-0.020072327585255456,-0.0451388874154357,0.2433070954231662,0.46783956088982465,-0.2245324654666584,0.04272979800842183,0.05163467818924497,0.5063632168645592,-0.17943759140894655,-0.17943759140894655,-0.1064833398158319,9.675210069349367,0.9865968571682856,43.66221741271706,-79.39591980924406,108.9,-108.78303975835908,-18.193478256170494,1.0,2.4882078588987633,122.0,2.4882078588987633,2.4882078588987633,8.957548292035549,0.6015554902817197,1.923352833231315,0.0,2.4882078588987633,8.957548292035549,-0.3352244319978046,-0.23016797381306353,0.23016797381306353,0.0,0.0,0.0,0.0,535.432906510164,0.08946705092466894,322.0813833288082,8316.883278705793,2.3102453551960527,32.990576252299,158762.5658056967,1783556764762565.8,1783556764793641.5
123.0,19775.528824823203,24288.0,84.94871105396412,-973.8990290889825,35.711550096435545,979.7772346481097,0.08494871105396412,-0.9738990290889825,0.03571155009643555,0.9797772346481097,0.9796816439489221,0.9796816439489221,9.607394993631697,-0.020318356051077884,-0.19925500636830293,0.8330622772573573,0.7678496965915095,0.06521258066584773,-0.19774779772745274,-9.550686913615468,-9.633359895454905,0.08267298183943597,0.20582178636471712,0.3502106727532096,0.4636628113633962,-0.1134521386101866,0.024516625000000014,0.08494871105396412,0.8330622772573573,-0.19774779772745274,-0.19774779772745274,-0.002709392160155808,9.607394993631697,0.9796816439489221,43.66221634134583,-79.39593214743891,108.9,-109.77665624933988,-18.311907632159368,1.0,2.3912803494105046,123.0,2.3912803494105046,2.3912803494105046,8.608609257877818,0.5944391027795636,0.4998997895061891,0.0,2.3912803494105046,8.608609257877818,-0.27707560779006,-0.23016797381306353,0.23016797381306353,0.0,0.0,0.0,0.0,480.30804409730587,0.07930895409782528,285.51223475217097,8731.546696922656,2.4254296380340703,34.806908726432795,159611.85262830995,1783556765611852.8,1783556765219551.5
124.0,19688.56904590483,24288.0,56.84049968640971,-935.6894292612131,83.14415677918362,943.3243980308126,0.056840499686409716,-0.9356894292612132,0.0831441567791836,0.9433243980308126,0.9430476096826689,0.9430476096826689,9.248137841494545,-0.05695239031733109,-0.558512158505455,0.5574148862497297,0.7786171728027449,-0.22120228655301516,-0.20097804059082341,-9.175978741464476,-9.639820381181647,0.46384163971717063,0.22520324354494173,0.8153656450785809,0.459355820878902,0.35600982419967875,0.024516625000000014,0.056840499686409716,0.5574148862497297,-0.20097804059082341,-0.20097804059082341,-0.00812926273628109,9.248137841494545,0.9430476096826689,43.66221502377342,-79.39594444478139,108.9,-110.76698282660772,-18.4575520861008,1.0,2.3269220620297433,124.0,2.3269220620297433,2.3269220620297433,8.376919423307076,0.5953174843847997,1.4998997895061918,0.0,2.3269220620297433,8.376919423307076,-0.20361686823972922,-0.23016797381306353,0.23016797381306353,0.0,0.0,0.0,0.0,478.1959649869365,0.07907673799249468,284.6762567729808,8856.2886066087,2.4600801685024156,35.11972793814304,159873.61034667032,1783556765873610.2,1783556765658742.2
125.0,19592.35616020987,24288.0,32.76537420077002,-911.383416698145,121.01573899965,920.383416698145,0.03276537420077002,-0.9113834166981449,0.12101573899964999,0.9203834166981449,0.9199938737710233,0.9199938737710233,9.022057922216606,-0.08000612622897674,-0.7845920777833947,0.3213185569059813,0.7869836625,-0.46566510559401864,-0.20274091273543113,-8.937618183362863,-9.644840275,0.7072220916371369,0.2387687754708636,1.1867589968609173,0.45600922499999996,0.7307497718609175,0.004594631278164819,0.03276537420077002,0.3213185569059813,-0.20274091273543113,-0.20274091273543113,-0.009831514065474514,9.022057922216606,0.9199938737710233,43.6622133905566,-79.3959566409214,108.8898426100035,-111.74915939192324,-18.638087873641734,1.0,2.26862468228739,125.0,2.26862468228739,2.26862468228739,8.167048856234604,0.595898426100035,2.26862468228739,-0.010157389996500786,2.26862468228739,8.167048856234604,-0.1399438916233318,-0.21837616499316553,0.21837616499316553,-0.4626882338785351,0.0,0.0,0.0,475.8591464191773,0.07876787262026443,283.5643414329519,8981.602282498274,2.494889522916186,35.439213272354806,160137.43647047918,1783556766137436.5,1783556766101574.0
126.0,19463.899852045375,24288.0,22.743960088646233,-935.5259143318978,125.57092723243353,944.5259143318978,0.022743960088646237,-0.9355259143318977,0.12557092723243352,0.9445259143318977,0.9442621138921021,0.9442621138921021,9.260048059199983,-0.055737886107897865,-0.5466019408000166,0.22304205620332263,0.7869836625,-0.5639416062966773,-0.1993905774842041,-9.174375207782903,-9.644840275,0.4704650672170962,0.2320681049684085,1.2314301335439441,0.45600922499999996,0.7754209085439443,-0.08474764208788857,0.022743960088646237,0.22304205620332263,-0.1993905774842041,-0.1993905774842041,0.0014206693539925187,9.260048059199983,0.9442621138921021,43.66221065744366,-79.3959684844108,108.84429072767567,-112.70293638454879,-18.940206177945655,1.0,2.231447171822725,126.0,2.231447171822725,2.231447171822725,8.03320981856181,0.5954429072767566,2.231447171822725,-0.055709272324340045,2.231447171822725,8.03320981856181,-0.11037043380464923,-0.16549455977948213,0.16549455977948213,-2.537662217487669,0.0,0.0,0.0,472.73919960647805,0.07819191482661314,281.4908933758073,9108.908337779907,2.5302523160499732,35.781927410603885,160408.4701703298,1783556766408470.2,1783556766557092.8
127.0,18879.94801555531,24288.0,90.79649759908212,-956.0436880832935,55.07096730015748,963.176223184054,0.09079649759908211,-0.9560436880832935,0.05507096730015748,0.9631762231840539,0.961959086108699,0.961959086108699,9.433596071787871,-0.038040913891301084,-0.37305392821212774,0.8904094731800385,0.8237585999999999,0.0666508731800386,-0.20335783466391552,-9.375585833742031,-9.62960968865566,0.25402385491363083,0.24026292500000146,0.5400617014740894,0.40697597499999993,0.13308572647408942,-0.17474004306602656,0.09079649759908211,0.8904094731800385,-0.20335783466391552,-0.20335783466391552,-0.011783009243157281,9.433596071787871,0.961959086108699,43.66220785843311,-79.39598028313377,108.8,-113.65310825763922,-19.24960880389277,1.0,2.184137372001341,127.0,2.184137372001341,2.1952989621878523,7.903076263876268,0.6018938248343036,0.027686114990686208,0.0,2.1952989621878523,7.903076263876268,-0.08017148917405345,-0.11283501351248408,0.11283501351248408,0.0,0.0,0.0,0.0,458.5561774018074,0.07666749940405818,276.0029978546094,9513.57930361235,2.642660917670096,35.350189032700065,161284.54673312584,1783556767284546.8,1783556767017695.8
128.0,18661.355249949724,24288.0,83.44615606556094,-1065.9792310194364,21.51506029929994,1114.0180146545756,0.08344615606556094,-1.0659792310194365,0.02151506029929994,1.1140180146545755,1.0698746330281836,1.0698746330281836,10.491886069985839,0.06987463302818374,0.6852360699858381,0.8183272463803332,0.8237585999999999,-0.005431353619666762,-0.19865681987263034,-10.453685225876756,-9.610805629490521,-0.8428795963862343,0.24026292500000146,0.2109906660841297,0.40697597499999993,-0.19598530891587024,-0.28756439805686984,0.08344615606556094,0.8183272463803332,-0.19865681987263034,-0.19865681987263034,0.003913594136961712,10.491886069985839,1.0698746330281836,43.662202745152044,-79.3959905096959,108.8,-114.4766712590153,-19.81483089309555,1.0,1.7809897945869597,128.0,1.7809897945869597,2.1952989621878523,7.903076263876268,0.5980588640342057,1.027686114990679,0.0,2.1952989621878523,7.903076263876268,-0.028005955431261317,-0.06797399720266123,0.06797399720266123,0.0,0.0,0.0,0.0,453.24699631077897,0.07529989368227658,271.07961725619566,9685.153159386067,2.690320322051684,34.89493913247628,161665.48617260222,1783556767665486.2,1783556767656856.0
129.0,15459.329824247961,24288.0,77.0530032314701,-1058.0583317003088,-42.17542833319946,1062.8939935370597,0.0770530032314701,-1.0580583317003087,-0.04217542833319946,1.0628939935370598,1.062163831194115,1.062163831194115,10.416268935179767,0.062163831194115005,0.609618935179768,0.7556318341398962,0.8629851999999999,-0.10735336586010363,-0.04071532368692699,-10.37600773856883,-9.596612828424313,-0.7793949101445188,0.22555294999999909,-0.4135996642637705,0.4001467723738541,-0.8137464366376246,-0.35794272499999996,0.0770530032314701,0.7556318341398962,-0.04071532368692699,-0.04071532368692699,0.22559666901697303,10.416268935179767,1.062163831194115,43.6621969359066,-79.39599989975524,108.8,-115.23286922104573,-20.456984884872465,1.0,1.8097798884838157,129.0,1.8097798884838157,2.342675129857196,8.433630467485905,0.5954178309183755,0.46313296496978656,0.0,2.342675129857196,8.433630467485905,0.14737616766934353,-0.04067358209207301,0.04067358209207301,0.0,0.0,0.0,0.0,375.4762027713345,0.06209813005492089,223.5532681977152,10032.318182012388,2.786755050558995,32.40792925330388,162548.28762972952,1783556768548287.8,1783556768139277.0
130.0,15047.633421327304,24288.0,96.60031235480291,-1017.1593464576431,-27.439764532533193,1023.7993752903942,0.09660031235480292,-1.0171593464576432,-0.027439764532533193,1.0237993752903942,1.0230981174399663,1.0230981174399663,10.033165153392645,0.0230981174399663,0.2265151533926455,0.9473254531542279,0.8629851999999999,0.084340253154228,-0.03334249218637582,-9.974925704938844,-9.58776543062365,-0.3871602743151943,0.22555294999999909,-0.2690921668529666,0.3854011093727516,-0.6544932762257183,-0.35794272499999996,0.09660031235480292,0.9473254531542279,-0.03334249218637582,-0.03334249218637582,0.16109967531635824,10.033165153392645,1.0230981174399663,43.66219031989428,-79.39600832013456,108.8,-115.91097714916863,-21.188318886621033,1.0,2.3392752105862384,130.0,2.3392752105862384,2.66089080184884,9.579206886655824,0.5963200144163755,1.4631329649697846,0.0,2.66089080184884,9.579206886655824,0.46559183966098766,-0.03372954109490188,0.03372954109490188,0.0,0.0,0.0,0.0,365.4769205371976,0.06053239551805897,217.9166238650123,10094.695282269697,2.8040820228526915,27.565688720527792,162728.1228736642,1783556768728122.8,1783556768440004.8
131.0,14635.93701840665,24288.0,116.14762147813572,-976.2603612149776,-12.704100731866923,984.7047570437286,0.11614762147813573,-0.9762603612149775,-0.012704100731866924,0.9847047570437285,0.9840324036858176,0.9840324036858176,9.650061371605522,-0.015967596314182417,-0.15658862839447696,1.1390190721685596,0.8629851999999999,0.2760338721685597,-0.025969660685824646,-9.573843671308857,-9.578918032822989,0.00507436151413021,0.22555294999999909,-0.12458466944216273,0.3706554463716492,-0.49524011581381205,-0.35794272499999996,0.11614762147813573,1.1390190721685596,-0.025969660685824646,-0.025969660685824646,0.09660268161574348,9.650061371605522,0.9840324036858176,43.66218370388196,-79.39601674051386,108.8,-116.58908507729151,-21.9196528883696,1.0,2.8687705326886617,131.0,2.8687705326886617,2.979106473840484,10.724783305825742,0.5972221979143755,2.4631329649697826,0.0,2.979106473840484,10.724783305825742,0.7838075116526317,-0.026785500097730754,0.026785500097730754,0.0,0.0,0.0,0.0,355.47763830306076,0.05896666098119706,212.27997953230943,10157.072382527003,2.821408995146388,22.723448187751714,162907.95811759884,1783556768907958.0,1783556768740732.8
132.0,14307.569532845386,24288.0,129.6946992632534,-940.7881217476445,1.9916555721421831,950.4491165438756,0.12969469926325342,-0.9407881217476444,0.001991655572142183,0.9504491165438755,0.9498626701832082,0.9498626701832082,9.314970754552158,-0.050137329816791754,-0.49167924544784086,1.2718705225299838,0.8629851999999999,0.408885322529984,-0.019613300000000056,-9.225979834136536,-9.571290399999999,0.3453105658634628,0.22555294999999909,0.01953146911654814,0.35794272499999996,-0.33841125588345183,-0.3585660697590387,0.12969469926325342,1.2718705225299838,-0.019613300000000056,-0.019613300000000056,0.03926039643523172,9.314970754552158,0.9498626701832082,43.66217702536004,-79.39602505939126,108.8,-117.25901887760526,-22.657896701668015,1.0,3.3222226604750142,132.0,3.3222226604750142,3.2534506775442753,11.712422439159392,0.5980847513009422,3.3222226604750142,0.0,3.2534506775442753,11.712422439159392,1.0133118481210734,-0.02079881381690729,0.02079881381690729,0.0,0.0,0.0,0.0,347.5022488137488,0.05773250889114946,207.83703200813807,10220.0558988229,2.838904416339693,18.522905531084653,163088.42539028267,1783556769088425.5,1783556769042375.8
133.0,14500.287991535304,24288.0,105.72015416307222,-939.2512919335303,16.437855824815458,946.4533590271787,0.10572015416307222,-0.9392512919335303,0.01643785582481546,0.9464533590271786,0.9463092770010335,0.9463092770010335,9.280123871302186,-0.0536907229989665,-0.5265261286978148,1.0367605498232921,0.8629851999999999,0.17377534982329224,-0.019613300000000056,-9.210908682039953,-9.571290399999999,0.36038171796004537,0.22555294999999909,0.1612002988244265,0.35794272499999996,-0.19674242617557347,-0.3630874153880136,0.10572015416307222,1.0367605498232921,-0.019613300000000056,-0.019613300000000056,0.026659098695614072,9.280123871302186,0.9463092770010335,43.66216995594289,-79.39603274354033,108.8,-117.87783689191289,-23.439350072826393,1.0,3.3001491127846894,133.0,3.3001491127846894,3.2534506775442753,11.712422439159392,0.5986994832265878,3.3001491127846894,0.0,3.2534506775442753,11.712422439159392,0.6880720273179114,-0.02079881381690729,0.02079881381690729,0.0,0.0,0.0,0.0,352.1829947384095,0.058571862108390965,210.85870359020748,10286.83155455959,2.8574532095998846,18.335132442202667,163272.84496797636,1783556769272845.0,1783556769349741.5
134.0,14693.006450225223,24288.0,81.74560906289105,-937.7144621194161,30.884056077488733,942.4576015104818,0.08174560906289104,-0.9377144621194161,0.030884056077488734,0.9424576015104817,0.9427558838188588,0.9427558838188588,9.245276988052211,-0.057244116181141246,-0.5613730119477888,0.8016505771166004,0.8629851999999999,-0.061334622883399526,-0.019613300000000056,-9.19583752994337,-9.571290399999999,0.37545287005662786,0.22555294999999909,0.30286912853230485,0.35794272499999996,-0.05507359646769511,-0.3676087610169884,0.08174560906289104,0.8016505771166004,-0.019613300000000056,-0.019613300000000056,0.01405780095599642,9.245276988052211,0.9427558838188588,43.66216288652575,-79.3960404276894,108.8,-118.49665490622053,-24.22080344398477,1.0,3.2780755650943645,134.0,3.2780755650943645,3.2534506775442753,11.712422439159392,0.5993142151522335,3.2780755650943645,0.0,3.2534506775442753,11.712422439159392,0.36283220651474923,-0.02079881381690729,0.02079881381690729,0.0,0.0,0.0,0.0,356.8637406630702,0.059411215325632476,213.8803751722769,10353.607210296283,2.876002002860077,18.147359353320685,163457.26454567007,1783556769457264.5,1783556769657107.5
135.0,14885.72490891514,24288.0,57.77106396270986,-936.1776323053019,45.33025633016201,938.461843993785,0.057771063962709854,-0.9361776323053019,0.04533025633016201,0.938461843993785,0.939202490636684,0.939202490636684,9.210430104802237,-0.06079750936331599,-0.5962198951977628,0.5665406044099086,0.8629851999999999,-0.2964445955900913,-0.019613300000000056,-9.180766377846789,-9.571290399999999,0.39052402215321036,0.22555294999999909,0.4445379582401832,0.35794272499999996,0.08659523324018326,-0.37213010664596324,0.057771063962709854,0.5665406044099086,-0.019613300000000056,-0.019613300000000056,0.001456503216378767,9.210430104802237,0.939202490636684,43.662155817108605,-79.39604811183848,108.8,-119.11547292052818,-25.002256815143152,1.0,3.25600201740404,135.0,3.25600201740404,3.2534506775442753,11.712422439159392,0.5999289470778792,3.25600201740404,0.0,3.2534506775442753,11.712422439159392,0.037592385711587184,-0.02079881381690729,0.02079881381690729,0.0,0.0,0.0,0.0,361.54448658773094,0.06025056854287398,216.90204675434634,10420.382866032973,2.8945507961202686,17.9595862644387,163641.68412336378,1783556769641684.0,1783556769964473.5
136.0,11680.491541815061,24288.0,63.3050749109632,-943.7399143330201,24.678565363951975,948.8293361761943,0.06330507491096318,-0.9437399143330201,0.024678565363951976,0.9488293361761941,0.9487942788380676,0.9487942788380676,9.304493414567334,-0.05120572116193241,-0.5021565854326644,0.6208107128755971,0.8701209553204091,-0.24931024244481198,0.04903325000000003,-9.254927030893912,-9.568619505320408,0.3136924744264969,0.22555294999999909,0.2420140530263996,0.36061361967959077,-0.11859956665319121,-0.37265269999999995,0.06330507491096318,0.6208107128755971,0.04903325000000003,0.04903325000000003,0.0838092067833292,9.304493414567334,0.9487942788380676,43.66214846346894,-79.3960552641756,108.8,-119.69146318504777,-25.815128143421347,1.0,3.2517720302850397,136.0,3.2517720302850397,3.2517720302850397,11.706379309026143,0.596,0.8844164111923465,0.0,3.2517720302850397,11.706379309026143,-0.0016786472592355676,-0.02079881381690729,0.02079881381690729,0.0,0.0,0.0,0.0,283.6957785676042,0.046967412229525586,169.0826840262921,10643.0786160507,2.956410726680748,16.582695540855898,164421.32385463294,1783556770421323.8,1783556770272355.5
137.0,11725.14419786632,24288.0,36.513481280207394,-933.2696363623799,65.01993048612451,939.5908556138646,0.03651348128020739,-0.9332696363623799,0.0650199304861245,0.9395908556138646,0.9394866223956858,0.9394866223956858,9.213216485516652,-0.06051337760431416,-0.5934335144833474,0.3580749311965457,0.8671010038068567,-0.5090260726103111,0.04903325000000003,-9.152248679433132,-9.565599553806855,0.41335087437372353,0.22555294999999909,0.6376277013017528,0.3636335711931431,0.2739941301086097,-0.37265269999999995,0.03651348128020739,0.3580749311965457,0.04903325000000003,0.04903325000000003,0.04833997759731204,9.213216485516652,0.9394866223956858,43.66214107268449,-79.3960623470107,108.8,-120.26185632929867,-26.6321054563816,1.0,3.2498740021186783,137.0,3.2498740021186783,3.2498740021186783,11.699546407627242,0.596,1.8844164111923454,0.0,3.2498740021186783,11.699546407627242,-0.0035766754255972233,-0.02079881381690729,0.02079881381690729,0.0,0.0,0.0,0.0,284.7803022777772,0.047146961154876446,169.7290601575552,10695.617851106334,2.971004958640646,15.741149925666289,164604.86166847122,1783556770604861.8,1783556770580304.8
138.0,11769.79685391758,24288.0,9.721887649451588,-922.7993583917397,105.36129560829704,930.3523750515351,0.009721887649451588,-0.9227993583917398,0.10536129560829705,0.9303523750515351,0.9301789659533041,0.9301789659533041,9.12193955646597,-0.06982103404669592,-0.6847104435340304,0.09533914951749434,0.8640810522933045,-0.76874190277581,0.04903325000000003,-9.049570327972354,-9.562579602293303,0.5130092743209501,0.22555294999999909,1.033241349577106,0.3666535227066954,0.6665878268704106,-0.37265269999999995,0.009721887649451588,0.09533914951749434,0.04903325000000003,0.04903325000000003,0.012870748411294874,9.12193955646597,0.9301789659533041,43.662133681900045,-79.3960694298458,108.8,-120.83224947354957,-27.44908276934185,1.0,3.2479759739523164,138.0,3.2479759739523164,3.2479759739523164,11.69271350622834,0.596,2.884416411192344,0.0,3.2479759739523164,11.69271350622834,-0.0054747035919588795,-0.02079881381690729,0.02079881381690729,0.0,0.0,0.0,0.0,285.8648259879502,0.04732651008022731,170.37543628881832,10748.157086161968,2.985599190600545,14.899604310476683,164788.3994823095,1783556770788399.5,1783556770888254.2
139.0,11460.82611045333,24288.0,157.17388954666876,-989.8097914199992,-72.76899383666917,1004.6032638066664,0.15717388954666878,-0.9898097914199993,-0.07276899383666917,1.0046032638066662,1.00490083279682,1.00490083279682,9.854710751946936,0.0049008327968201836,0.04806075194693665,1.541349323922839,0.8552038940192901,0.6861454299035491,-0.00599601453375786,-9.706718191028935,-9.563429076495176,-0.1432891145337582,0.14709975000000064,-0.7136200534083716,0.3706673647427661,-1.0842874181511377,-0.36973471025723376,0.15717388954666878,1.541349323922839,-0.00599601453375786,-0.00599601453375786,-0.06979068310319503,9.854710751946936,1.00490083279682,43.66212604079759,-79.39607596736194,108.8,-121.35872712468172,-28.29373023500976,1.0,3.2402582230732215,139.0,3.2402582230732215,3.2402582230732215,11.664929603063598,0.595991840483334,0.6371291762841881,0.0,3.2402582230732215,11.664929603063598,-0.011969824086411177,-0.017284307899441582,0.017284307899441582,0.0,0.0,0.0,0.0,278.36054457069054,0.0460834178605321,165.90030429791557,10965.986066106569,3.046107240585156,14.561311698507058,165569.0208580001,1783556771569020.8,1783556771198368.0
140.0,11455.84456249601,24288.0,162.15543750399078,-987.9417109360035,-78.68458203598905,1003.9805703120012,0.16215543750399078,-0.9879417109360035,-0.07868458203598905,1.003980570312001,1.0043290392397513,1.0043290392397513,9.849103372660505,0.004329039239751172,0.04245337266050583,1.590201621198511,0.8429908197003722,0.7472108014981391,0.015376865524348637,-9.688398579550558,-9.566482345074906,-0.12191623447565159,0.14709975000000064,-0.771632156423232,0.3752472676123604,-1.1468794240355924,-0.36515480738763956,0.16215543750399078,1.590201621198511,0.015376865524348637,0.015376865524348637,0.0017515904806628402,9.849103372660505,1.0043290392397513,43.6621182571289,-79.39608219429688,108.8,-121.86019312706969,-29.154136971292033,1.0,3.2292259048298075,140.0,3.2292259048298075,3.2292259048298075,11.625213257387308,0.5975485742199971,1.6371291762841842,0.0,3.2292259048298075,11.625213257387308,-0.02108317451269727,-0.011768148777734579,0.011768148777734579,0.0,0.0,0.0,0.0,278.2395527339031,0.04618365623642614,166.26116245113408,11017.927861639415,3.060535517122058,14.509642017354896,165755.82890639966,1783556771755829.0,1783556771509714.8
141.0,11450.863014538687,24288.0,167.1369854613128,-986.0736304520077,-84.60017023530895,1003.3578768173359,0.1671369854613128,-0.9860736304520077,-0.08460017023530894,1.003357876817336,1.0037572456826822,1.0037572456826822,9.843495993374074,0.0037572456826821606,0.03684599337407501,1.639053918474183,0.8307777453814541,0.808276173092729,0.03674974558245513,-9.67007896807218,-9.569535613654635,-0.100543354417545,0.14709975000000064,-0.8296442594380924,0.37982717048195463,-1.2094714299200469,-0.3605749045180453,0.1671369854613128,1.639053918474183,0.03674974558245513,0.03674974558245513,0.07329386406452074,9.843495993374074,1.0037572456826822,43.66211047346022,-79.39608842123182,108.8,-122.36165912945765,-30.01454370757431,1.0,3.2181935865863935,141.0,3.2181935865863935,3.2181935865863935,11.585496911711017,0.5991053079566602,2.63712917628418,0.0,3.2181935865863935,11.585496911711017,-0.030196524938983362,-0.006251989656027574,0.006251989656027574,0.0,0.0,0.0,0.0,278.1185608971157,0.04628389461232017,166.62202060435263,11069.869657172261,3.0749637936589598,14.457972336202735,165942.63695479924,1783556771942637.0,1783556771821061.5
142.0,11325.47079798637,24288.0,163.43114781327372,-994.9203073840356,-79.28621648699578,1011.4456670972195,0.16343114781327375,-0.9949203073840356,-0.07928621648699577,1.0114456670972194,1.0118353771640543,1.0118353771640543,9.92271540146587,0.011835377164054141,0.11606540146587153,1.602712065703041,0.8237585999999999,0.778953465703041,0.06480919309313285,-9.756835232407651,-9.571290399999999,-0.18554483240765252,0.14841441192442836,-0.7775321749121971,0.38245935,-1.1599915249121968,-0.32507617688930657,0.16343114781327375,1.602712065703041,0.06480919309313285,0.06480919309313285,0.12554289739140723,9.92271540146587,1.0118353771640543,43.6621026485448,-79.39609454710595,108.78659417921077,-122.8549865265104,-30.879509857467475,1.0,3.206553912399531,142.0,3.206553912399531,3.206553912399531,11.543594084638311,0.5994637671684305,3.206553912399531,-0.013405820789236507,3.206553912399531,11.543594084638311,-0.035983079169704654,-0.0030817213180611702,0.0030817213180611702,-0.4225866910648252,0.0,0.0,0.0,275.073034741493,0.04580739605179866,164.9066257864752,11120.163910808677,3.0889344196690747,14.367010671163019,166129.89869190386,1783556772129898.8,1783556772134058.2
143.0,11037.353985367658,24288.0,147.98506048469937,-1018.247051512903,-58.79650880623386,1031.304922233958,0.14798506048469937,-1.018247051512903,-0.058796508806233855,1.0313049222339579,1.031603133612291,1.031603133612291,10.116570870238972,0.03160313361229099,0.30992087023897347,1.451237693402277,0.8237585999999999,0.6274790934022771,0.10190495773821784,-9.985592447719009,-9.571290399999999,-0.41430204771901,0.15150572564485204,-0.5765967830846532,0.38245935,-0.9590561330846532,-0.24779333387871277,0.14798506048469937,1.451237693402277,0.10190495773821784,0.10190495773821784,0.1517187865005881,10.116570870238972,1.031603133612291,43.662094767888,-79.39610053640511,108.7550715520096,-123.33731530291622,-31.750637660200788,1.0,3.19409344922678,143.0,3.19409344922678,3.19409344922678,11.498736417216408,0.5982028620803836,3.19409344922678,-0.04492844799040689,3.19409344922678,11.498736417216408,-0.03727375630385928,-0.0030817213180611702,0.0030817213180611702,-1.4162627167288464,0.0,0.0,0.0,268.0752535966097,0.04455148744306574,160.38535479503665,11168.231654180448,3.102286570605678,14.22294929094561,166317.77355002283,1783556772317773.5,1783556772449284.5
144.0,10749.237172748944,24288.0,132.538973156125,-1041.5737956417704,-38.30680112547195,1051.1641773706965,0.132538973156125,-1.0415737956417703,-0.03830680112547194,1.0511641773706963,1.0513708900605279,1.0513708900605279,10.310426339012075,0.051370890060527835,0.5037763390120753,1.2997633211015132,0.8237585999999999,0.47600472110151326,0.1390007223833028,-10.214349663030367,-9.571290399999999,-0.6430592630303675,0.15459703936527572,-0.3756613912571094,0.38245935,-0.7581207412571094,-0.17051049086811898,0.132538973156125,1.2997633211015132,0.1390007223833028,0.1390007223833028,0.17789467560976896,10.310426339012075,1.0513708900605279,43.662086887231204,-79.39610652570428,108.72354892480843,-123.81964407932205,-32.6217654629341,1.0,3.181632986054029,144.0,3.181632986054029,3.181632986054029,11.453878749794505,0.5969419569923368,3.181632986054029,-0.07645107519157728,3.181632986054029,11.453878749794505,-0.03856443343801391,-0.0030817213180611702,0.0030817213180611702,-2.4099387423928675,0.0,0.0,0.0,261.07747245172635,0.043295578834332805,155.8640838035981,11216.29939755222,3.1156387215422816,14.078887910728202,166505.64840814183,1783556772505648.5,1783556772764510.8
145.0,11257.754106973518,24288.0,103.6644791518724,-1048.0670636920509,-17.738105388306163,1053.150533745059,0.1036644791518724,-1.048067063692051,-0.017738105388306162,1.0531505337450588,1.0536212917132173,1.0536212917132173,10.332495240379423,0.05362129171321738,0.5258452403794232,1.0166012644747093,0.8597109536186772,0.156890310856032,0.16712233079766525,-10.278026870155651,-9.603984596381322,-0.6740422737743295,0.13891413404669406,-0.17395139120623263,0.38123150760700397,-0.5551828988132366,-0.010215930797665298,0.1036644791518724,1.0166012644747093,0.16712233079766525,0.16712233079766525,0.0006855624751513237,10.332495240379423,1.0536212917132173,43.66207891324868,-79.3961122520508,108.7,-124.2807968163264,-33.50320949153154,1.0,3.1604820390177326,145.0,3.1604820390177326,3.1604820390177326,11.377735340463838,0.5951669401060159,0.2529517080498067,0.0,3.1604820390177326,11.377735340463838,-0.04807155391886643,-0.0030817213180611702,0.0030817213180611702,0.0,0.0,0.0,0.0,273.4283317501728,0.0452030791622332,162.7310849840395,11428.638855072983,3.174621904186938,13.500726610995336,167290.83162164578,1783556773290831.5,1783556773083470.0
146.0,10865.402959034478,24288.0,98.38473283814268,-1008.7989504836862,10.970515192599173,1014.2124046813022,0.09838473283814268,-1.0087989504836863,0.010970515192599166,1.0142124046813021,1.014601479716622,1.014601479716622,9.94984160106301,0.014601479716622012,0.1431916010630112,0.9648246402871717,0.8467667975717929,0.1180578427153789,0.16874035030352585,-9.89293822776084,-9.616928752428207,-0.2760094753326344,0.10655374392948316,0.10758400281350264,0.37637744908942233,-0.26879344627591967,-0.011833950303525832,0.09838473283814268,0.9648246402871717,0.16874035030352585,0.16874035030352585,0.0033958129037285245,9.94984160106301,1.014601479716622,43.66207066364506,-79.39611720181297,108.7,-124.67940985281992,-34.415120675186316,1.0,3.1136652794177033,146.0,3.1136652794177033,3.1136652794177033,11.209195005903732,0.5958269083952321,1.2529517080498067,0.0,3.1136652794177033,11.209195005903732,-0.08184449183728135,-0.0030817213180611702,0.0030817213180611702,0.0,0.0,0.0,0.0,263.8989070690294,0.043673350922469954,157.22406332089184,11477.29018267958,3.1881361618554376,13.447233959735307,167487.8321559768,1783556773487832.2,1783556773413454.2
147.0,10473.051811095438,24288.0,93.10498652441296,-969.5308372753215,39.6791357735045,975.2742756175456,0.09310498652441296,-0.9695308372753214,0.039679135773504494,0.9752742756175455,0.9755816677200266,0.9755816677200266,9.5671879617466,-0.024418332279973365,-0.23946203825340084,0.9130480160996343,0.8338226415249085,0.0792253745747258,0.17035836980938643,-9.50784958536603,-9.629872908475091,0.12202332310906061,0.07419335381227227,0.3891193968332378,0.3715233905718407,0.017596006261397235,-0.013451969809386366,0.09310498652441296,0.9130480160996343,0.17035836980938643,0.17035836980938643,0.006106063332305726,9.5671879617466,0.9755816677200266,43.66206241404144,-79.39612215157513,108.7,-125.07802288931342,-35.327031858841096,1.0,3.066848519817674,147.0,3.066848519817674,3.066848519817674,11.040654671343626,0.5964868766844483,2.2529517080498067,0.0,3.066848519817674,11.040654671343626,-0.11561742975569625,-0.0030817213180611702,0.0030817213180611702,0.0,0.0,0.0,0.0,254.369482387886,0.042143622682706716,151.71704165774418,11525.94151028618,3.2016504195239373,13.39374130847528,167684.83269030784,1783556773684832.8,1783556773743438.2
148.0,5930.423836751723,24288.0,58.12373019533357,-888.4427197865791,133.0783014921327,900.9932277084457,0.058123730195333574,-0.8884427197865792,0.1330783014921327,0.9009932277084457,0.9003302413356822,0.9003302413356822,8.829223561194567,-0.09966975866431783,-0.9774264388054323,0.569999078720068,0.7869836625,-0.21698458377993193,0.17161637500000004,-8.712646797995056,-9.63993695,0.9272901520049435,0.046094575674649266,1.3050523253278232,0.3670147064186621,0.9380376189091612,-0.009806649999999972,0.058123730195333574,0.569999078720068,0.17161637500000004,0.17161637500000004,0.0,8.829223561194567,0.9003302413356822,43.66205412711634,-79.3961269738995,108.7,-125.46637313618314,-36.243068559788576,1.0,3.0259245990820656,148.0,3.0259245990820656,3.0304486331839087,10.909615079462071,0.6005505079218666,0.2225030748658981,0.0,3.0304486331839087,10.909615079462071,-0.13124711155677635,-0.0030817213180611702,0.0030817213180611702,0.0,0.0,0.0,0.0,144.03813414702583,0.024045741573906175,86.56466966606223,11657.324570075782,3.2381457139099377,12.372728229226789,168483.57463108157,1783556774483574.8,1783556774074915.2
149.0,3846.964255226059,24288.0,63.174133188689254,-917.3983636151518,119.94725370940793,927.9287103396761,0.06317413318868925,-0.9173983636151517,0.11994725370940794,0.927928710339676,0.92769212884242,0.92769212884242,9.097552015312518,-0.07230787115757997,-0.7090979846874814,0.6195266132348595,0.7869836625,-0.1674570492651405,0.17161637500000004,-8.996604662546527,-9.63993695,0.6433322874534724,0.03288723313737119,1.1762807355893652,0.36371287078434267,0.8125678648050226,-0.009806649999999972,0.06317413318868925,0.6195266132348595,0.17161637500000004,0.17161637500000004,0.0,9.097552015312518,0.92769212884242,43.66204570977802,-79.39613135091543,108.7,-125.81886191291088,-37.17352113796203,1.0,3.005592142532556,149.0,3.005592142532556,3.0304486331839087,10.909615079462071,0.5985303467245243,1.2225030748658983,0.0,3.0304486331839087,10.909615079462071,-0.08347845222639047,-0.0030817213180611702,0.0030817213180611702,0.0,0.0,0.0,0.0,93.4350678309305,0.01559503313361271,56.142119281005755,11658.326900043197,3.238424138900886,7.970889252543687,168683.90728315135,1783556774683907.2,1783556774411609.0
150.0,1763.504673700395,24288.0,68.22453618204494,-946.3540074437243,106.81620592668315,954.8641929709063,0.06822453618204494,-0.9463540074437243,0.10681620592668317,0.9548641929709063,0.9550540163491579,0.9550540163491579,9.365880469430468,-0.0449459836508421,-0.4407695305695306,0.6690541477496509,0.7869836625,-0.11792951475034903,0.17161637500000004,-9.280562527097997,-9.63993695,0.3593744229020014,0.019679890600093123,1.0475091458509074,0.3604110351500232,0.6870981107008842,-0.009806649999999972,0.06822453618204494,0.6690541477496509,0.17161637500000004,0.17161637500000004,0.0,9.365880469430468,0.9550540163491579,43.6620372924397,-79.39613572793137,108.7,-126.17135068963863,-38.10397371613548,1.0,2.9852596859830465,150.0,2.9852596859830465,3.0304486331839087,10.909615079462071,0.596510185527182,2.2225030748658985,0.0,3.0304486331839087,10.909615079462071,-0.03570979289600462,-0.0030817213180611702,0.0030817213180611702,0.0,0.0,0.0,0.0,42.8320015148352,0.007144324693319246,25.71956889594928,11659.329230010611,3.238702563891835,3.569050275860585,168884.23993522112,1783556774884240.0,1783556774748302.5
151.0,191.43118556691616,24288.0,77.5233417356197,-968.6403874476081,91.23651297152728,975.9605811714122,0.07752334173561969,-0.968640387447608,0.09123651297152728,0.975960581171412,0.9763843633620942,0.9763843633620942,9.57505971696488,-0.02361563663790574,-0.23159028303511833,0.7602442792316148,0.7887499281271179,-0.028505648895503062,0.17161637500000004,-9.499117255563084,-9.638366936109227,0.13924968054614342,0.009806649999999806,0.8947245499322278,0.35794272499999996,0.5367818249322279,-0.009806649999999972,0.07752334173561969,0.7602442792316148,0.17161637500000004,0.17161637500000004,0.0,9.57505971696488,0.9763843633620942,43.662028838692365,-79.39613996058118,108.7,-126.51221340969846,-39.03845094623025,1.0,2.9847544306795184,151.0,2.9847544306795184,3.0384130742910616,10.938287067447822,0.595,2.9847544306795184,0.0,3.0384130742910616,10.938287067447822,0.007964441107153107,-0.002835034361922095,0.002835034361922095,0.0,0.0,0.0,0.0,4.64948063504926,0.0007684558271817525,2.7664409778543093,11660.106292144636,3.2389184144846195,0.2685039766179116,169081.62881641585,1783556775081628.8,1783556775080048.5
152.0,133.71989592882835,24288.0,99.40289659841122,-971.1771474316998,68.40567311470133,979.7657211475498,0.09940289659841121,-0.9711771474316998,0.06840567311470133,0.9797657211475498,0.9798535736712166,0.9798535736712166,9.609081048242835,-0.020146426328783388,-0.19756895175716357,0.9748094159268093,0.7957466173671786,0.17906279855963075,0.17161637500000004,-9.523994372861077,-9.63214765678473,0.1081532839236515,0.009806649999999806,0.6708304942502857,0.35794272499999996,0.31288776925028583,-0.009806649999999972,0.09940289659841121,0.9748094159268093,0.17161637500000004,0.17161637500000004,0.0,9.609081048242835,0.9798535736712166,43.66202027712742,-79.39614376572115,108.7,-126.8186480118197,-39.984846335247425,1.0,3.042963255513966,152.0,3.042963255513966,3.069962530127127,11.051865108457656,0.595,3.042963255513966,0.0,3.069962530127127,11.051865108457656,0.03951389694321816,-0.001857835946699579,0.001857835946699579,0.0,0.0,0.0,0.0,3.247788832319383,0.0005367873208972313,1.9324343552300327,11660.216271039926,3.238948964177756,0.22920396808448837,169270.30034023267,1783556775270300.2,1783556775397143.5
153.0,76.00860629074054,24288.0,121.28245146120275,-973.7139074157916,45.57483325787538,983.5708611236875,0.12128245146120276,-0.9737139074157916,0.045574833257875376,0.9835708611236874,0.983322783980339,0.983322783980339,9.64310237952079,-0.01667721601966103,-0.16354762047920884,1.1893745526220036,0.8027433066072392,0.38663124601476456,0.17161637500000004,-9.54887149015907,-9.625928377460232,0.07705688730115959,0.009806649999999806,0.44693643856834364,0.35794272499999996,0.08899371356834362,-0.009806649999999972,0.12128245146120276,1.1893745526220036,0.17161637500000004,0.17161637500000004,0.0,9.64310237952079,0.983322783980339,43.66201171556247,-79.39614757086113,108.7,-127.12508261394095,-40.931241724264595,1.0,3.101172080348413,153.0,3.101172080348413,3.101511985963192,11.16544314946749,0.595,3.101172080348413,0.0,3.101511985963192,11.16544314946749,0.07106335277928322,-0.000880637531477063,0.000880637531477063,0.0,0.0,0.0,0.0,1.8460970295895067,0.00030511881461271,1.0984277326057563,11660.326249935219,3.2389795138708926,0.18990395955106515,169458.9718640495,1783556775458971.8,1783556775714238.5
154.0,18.90528839916781,24288.0,112.6842946638927,-967.6945517394361,36.74743573111416,975.6314106722147,0.1126842946638927,-0.9676945517394361,0.03674743573111416,0.9756314106722146,0.9749296624443664,0.9749296624443664,9.560793974210046,-0.025070337555633558,-0.24585602578995383,1.1050554382656634,0.8384685749999999,0.2665868632656634,0.16671304999999992,-9.48984177581554,-9.639317747653132,0.14947597183759237,0.049033250000000805,0.3603692406125306,0.3226906464796989,0.037678594132831714,0.039226600000000056,0.1126842946638927,1.1050554382656634,0.16671304999999992,0.16671304999999992,-0.007980713299635777,9.560793974210046,0.9749296624443664,43.6620031475956,-79.39615134727588,108.7,-127.42920392286115,-41.87834478296737,1.0,3.1528813057420924,154.0,3.1528813057420924,3.1299439138850054,11.26779808998602,0.5951578526680537,0.09881399953300744,0.0,3.1299439138850054,11.26779808998602,0.09635416159761367,0.0,0.0,0.0,0.0,0.0,0.0,0.45917164463898774,7.590790871384018e-05,0.2732684713698247,11660.707298353156,3.2390853606536534,0.03024069687271872,170242.94232016645,1783556776242942.2,1783556776031570.5
155.0,17.946804770534257,24288.0,109.48934923511419,-974.7234316827488,34.19147938809135,982.0213015297717,0.10948934923511419,-0.9747234316827488,0.03419147938809135,0.9820213015297716,0.9814757925186014,0.9814757925186014,9.624989580702541,-0.018524207481398644,-0.18166041929745802,1.0737237266765325,0.8384685749999999,0.2352551516765326,0.16671304999999992,-9.558771541311627,-9.633051405335307,0.0742798640236783,0.049033250000000805,0.335303871341226,0.3132911330029597,0.022012738338266315,0.039226600000000056,0.10948934923511419,1.0737237266765325,0.16671304999999992,0.16671304999999992,-0.0053477963593726195,9.624989580702541,0.9814757925186014,43.66199452124294,-79.39615486171584,108.7,-127.71222794336474,-42.831901805851665,1.0,3.145314031324562,155.0,3.145314031324562,3.1299439138850054,11.26779808998602,0.5967553253824429,1.098813999533009,0.0,3.1299439138850054,11.26779808998602,0.06456596237151332,0.0,0.0,0.0,0.0,0.0,0.0,0.435891994266736,7.223274168748008e-05,0.2600378700749283,11660.781793234348,3.239106053676206,0.027113647414524857,170434.63904589316,1783556776434639.0,1783556776351065.0
156.0,16.988321141900702,24288.0,106.29440380633568,-981.7523116260616,31.635523045068542,988.4111923873287,0.10629440380633567,-0.9817523116260615,0.031635523045068545,0.9884111923873287,0.9880219225928363,0.9880219225928363,9.689185187195038,-0.011978077407163732,-0.11746481280496221,1.0423920150874018,0.8384685749999999,0.20392344008740182,0.16671304999999992,-9.627701306807715,-9.62678506301748,-0.0009162437902357767,0.049033250000000805,0.3102385020699214,0.30389161952622046,0.006346882543700923,0.039226600000000056,0.10629440380633567,1.0423920150874018,0.16671304999999992,0.16671304999999992,-0.0027148794191094614,9.689185187195038,0.9880219225928363,43.66198589489028,-79.39615837615581,108.7,-127.99525196386831,-43.78545882873596,1.0,3.1377467569070316,156.0,3.1377467569070316,3.1299439138850054,11.26779808998602,0.5983527980968322,2.0988139995330104,0.0,3.1299439138850054,11.26779808998602,0.03277776314541296,0.0,0.0,0.0,0.0,0.0,0.0,0.41261234389448426,6.855757466111997e-05,0.2468072687800319,11660.856288115538,3.2391267466987594,0.02398659795633099,170626.33577161987,1783556776626335.8,1783556776670559.5
157.0,16.02983751326715,24288.0,103.09945837755717,-988.7811915693742,29.07956670204573,994.8010832448857,0.10309945837755716,-0.9887811915693743,0.029079566702045735,0.9948010832448857,0.9945680526670712,0.9945680526670712,9.753380793687533,-0.005431947332928819,-0.0532692063124664,1.011060303498271,0.8384685749999999,0.17259172849827104,0.16671304999999992,-9.696631072303804,-9.620518720699653,-0.07611235160414984,0.049033250000000805,0.2851731327986168,0.29449210604948123,-0.009318973250864476,0.039226600000000056,0.10309945837755716,1.011060303498271,0.16671304999999992,0.16671304999999992,-8.196247884630428e-05,9.753380793687533,0.9945680526670712,43.66197726853762,-79.39616189059579,108.7,-128.2782759843719,-44.73901585162026,1.0,3.1301794824895013,157.0,3.1301794824895013,3.1299439138850054,11.26779808998602,0.5999502708112214,3.098813999533012,0.0,3.1299439138850054,11.26779808998602,0.000989563919312611,0.0,0.0,0.0,0.0,0.0,0.0,0.38933269352223254,6.488240763475986e-05,0.2335766674851355,11660.93078299673,3.2391474397213127,0.02085954849813712,170818.03249734658,1783556776818032.5,1783556776990054.2
158.0,13.94116240029126,24288.0,119.23558959388355,-969.1374471960195,57.17603440902906,979.4511679961165,0.11923558959388356,-0.9691374471960195,0.05717603440902905,0.9794511679961165,0.9795105084521532,0.9795105084521532,9.605716727712306,-0.020489491547846878,-0.20093327228769253,1.169301694690858,0.8461599502106801,0.32314174448017796,0.0874901260534012,-9.503991746544843,-9.63993695,0.13594520345515596,0.049033250000000805,0.5607053578373047,0.2862196249157279,0.2744857329215768,0.17719364827242212,0.11923558959388356,1.169301694690858,0.0874901260534012,0.0874901260534012,-0.061842735814884794,9.605716727712306,0.9795105084521532,43.6619685295384,-79.3961648234872,108.66862791999029,-128.51446687856875,-45.70502482572623,1.0,3.1168854906100054,158.0,3.1168854906100054,3.1299439138850054,11.26779808998602,0.6241962847957282,0.9688700856480107,-0.03137208000971133,3.1299439138850054,11.26779808998602,0.0,0.0,0.0,-1.0158301084065122,0.0,0.0,0.0,0.3386029523782741,5.8517902627565894e-05,0.2106644494592372,11661.206963849136,3.2392241566247586,0.0207622037163291,171648.35015525768,1783556777648350.2,1783556777313720.8
159.0,14.91256446361514,24288.0,98.83614626408203,-955.8616189972597,87.28949837206937,966.4991404851314,0.09883614626408203,-0.9558616189972597,0.08728949837206938,0.9664991404851314,0.9664298628076486,0.9664298628076486,9.477439414102626,-0.033570137192351364,-0.32921058589737245,0.96925149376066,0.8540984502475928,0.11515304351306727,0.12718262623796434,-9.373800345939475,-9.63993695,0.26613660406052325,0.049033250000000805,0.8560175592104541,0.28304422490096287,0.5729733343094913,0.11209794796973863,0.09883614626408203,0.96925149376066,0.12718262623796434,0.12718262623796434,0.0647050471954603,9.477439414102626,0.9664298628076486,43.66195978691982,-79.39616773769339,108.63624785121283,-128.7491530186893,-46.671433882547916,1.0,3.1034074985980364,159.0,3.1034074985980364,3.1299439138850054,11.26779808998602,0.6099490545336446,1.9688700856480146,-0.0637521487871768,3.1299439138850054,11.26779808998602,0.0,0.0,0.0,-2.0642989624398136,0.0,0.0,0.0,0.3621963656922845,6.116123874885781e-05,0.2201804594958881,11661.281707782515,3.239244918828475,0.0207622037163291,171840.6877637958,1783556777840687.8,1783556777637521.5
160.0,15.883966526939023,24288.0,78.43670293428052,-942.5857907985,117.40296233510972,953.5471129741463,0.07843670293428051,-0.9425857907985,0.1174029623351097,0.9535471129741463,0.9533492171631441,0.9533492171631441,9.349162100492947,-0.04665078283685585,-0.4574878995070523,0.769201292830462,0.8620369502845053,-0.09283565745404343,0.16687512642252744,-9.243608945334108,-9.63993695,0.3963280046658905,0.049033250000000805,1.1513297605836035,0.2798688248861978,0.8714609356974057,0.04700224766705516,0.07843670293428051,0.769201292830462,0.16687512642252744,0.16687512642252744,0.19125283020580539,9.349162100492947,0.9533492171631441,43.661951044301254,-79.39617065189958,108.60386778243536,-128.98383915880987,-47.637842939369605,1.0,3.089929506586067,160.0,3.089929506586067,3.1299439138850054,11.26779808998602,0.5957018242715609,2.968870085648019,-0.09613221756464228,3.1299439138850054,11.26779808998602,0.0,0.0,0.0,-3.112767816473115,0.0,0.0,0.0,0.38578977900629496,6.380457487014971e-05,0.22969646953253897,11661.356451715892,3.2392656810321907,0.0207622037163291,172033.02537233394,1783556778033025.2,1783556777961322.2
161.0,14.330165123377636,24288.0,72.38202443398488,-958.5332662045348,107.08470936148031,967.5851255151421,0.07238202443398488,-0.9585332662045348,0.1070847093614803,0.967585125515142,0.9675639888596074,0.9675639888596074,9.488561391350068,-0.03243601114039259,-0.318088608649931,0.7098251799155377,0.8670790715482071,-0.15725389163266934,0.1770748703976096,-9.4000002550247,-9.63993695,0.2399366949752993,0.049033250000000805,1.0501422650597607,0.27403102960239045,0.7761112354573702,0.02558036150597613,0.07238202443398488,0.7098251799155377,0.1770748703976096,0.1770748703976096,0.15803272594035972,9.488561391350068,0.9675639888596074,43.66194220743724,-79.39617294814069,108.6,-129.16875948652955,-48.614669887624395,1.0,3.1093727983411372,161.0,3.1093727983411372,3.139412847228666,11.301886250023198,0.5956698348766223,3.1093727983411372,-0.07216941872296675,3.139412847228666,11.301886250023198,0.009468933343660644,6.600514361945849e-09,6.600514361945849e-09,-2.33685074187916,0.0,0.0,0.0,0.348051050516596,5.75410815282478e-05,0.20714789350169208,11661.405936789484,3.2392794268859664,0.02075257695640042,172222.98348766225,1783556778222983.5,1783556778278305.8
162.0,12.433811828405018,24288.0,68.2732589615442,-978.4449758017473,91.28176523670848,985.2844229348865,0.06827325896154421,-0.9784449758017473,0.09128176523670847,0.9852844229348865,0.9854814708364983,0.9854814708364983,9.664271865978744,-0.014518529163501749,-0.1423781340212545,0.6695319549952274,0.8717282898082429,-0.20219633481301552,0.18327382807765732,-9.595267421946204,-9.63993695,0.044669528053795204,0.049033250000000805,0.895168323058567,0.2678320719223427,0.6273362511362244,0.010082967305856755,0.06827325896154421,0.6695319549952274,0.18327382807765732,0.18327382807765732,0.10313959900929716,9.664271865978744,0.9854814708364983,43.66193335778853,-79.39617516055287,108.6,-129.34692892332532,-49.592910056026284,1.0,3.1332819670720515,162.0,3.1332819670720515,3.1501662715327794,11.340598577518005,0.597566188171595,3.1332819670720515,-0.040563530473420414,3.1501662715327794,11.340598577518005,0.02022235764777395,1.409640951542864e-08,1.409640951542864e-08,-1.3134499065860525,0.0,0.0,0.0,0.3019924216883011,5.006934840721328e-05,0.1802496542659678,11661.451995418312,3.2392922209495296,0.02074164429583245,172412.6188171595,1783556778412618.8,1783556778594364.8
163.0,10.537458533432398,24288.0,64.16449348910353,-998.3566853989598,75.47882111193664,1002.9837203546309,0.06416449348910352,-0.9983566853989598,0.07547882111193664,1.002983720354631,1.003398952813389,1.003398952813389,9.83998234060742,0.003398952813389089,0.03333234060742207,0.629238730074917,0.8763775080682787,-0.24713877799336165,0.18947278575770504,-9.790534588867708,-9.63993695,-0.15059763886770883,0.049033250000000805,0.7401943810573735,0.26163311424229496,0.47856126681507843,-0.005414426894262615,0.06416449348910352,0.629238730074917,0.18947278575770504,0.18947278575770504,0.0482464720782346,9.83998234060742,1.003398952813389,43.66192450813982,-79.39617737296506,108.6,-129.52509836012112,-50.57115022442817,1.0,3.157191135802966,163.0,3.157191135802966,3.160919695836893,11.379310905012813,0.5994625414665676,3.157191135802966,-0.00895764222387406,3.160919695836893,11.379310905012813,0.03097578195188725,2.1592304668911428e-08,2.1592304668911428e-08,-0.2900490712929451,0.0,0.0,0.0,0.25593379286000606,4.259761528617876e-05,0.15335141503024355,11661.49805404714,3.2393050150130933,0.020730711635264482,172602.25414665675,1783556778602254.2,1783556778910423.5
164.0,14.585377198029285,24288.0,118.93713151189664,-1003.1426578060568,19.913070254745907,1011.9161753491956,0.11893713151189665,-1.0031426578060567,0.019913070254745903,1.0119161753491956,1.0121148170722072,1.0121148170722072,9.92545577084116,0.012114817072207199,0.11880577084116067,1.1663748207411413,0.887501825,0.2788729957411413,0.191229675,-9.837468945173766,-9.62032365,-0.21714529517376674,0.055696352556738056,0.1952805104137039,0.230456275,-0.03517576458629609,-0.01470997499999993,0.11893713151189665,1.1663748207411413,0.191229675,0.191229675,0.0,9.92545577084116,1.0121148170722072,43.6619156584912,-79.3961795853772,108.6,-129.70326779474365,-51.549390382320965,1.0,3.1639674085407714,164.0,3.1639674085407714,3.1639673977979075,11.390282632072466,0.599641105258832,0.7165831204252715,0.0,3.1639673977979075,11.390282632072466,0.02631776168532622,0.0038528848305558255,0.0038528848305558255,0.0,0.0,0.0,0.0,0.3542496413857352,5.8956649378710306e-05,0.21224393776335712,11661.766329574357,3.2393795359928754,0.020383429025500298,173391.7570618325,1783556779391757.0,1783556779226482.5
165.0,16.797789342329324,24288.0,89.54365588048182,-964.2674158419276,54.67954680803225,972.7248745073091,0.08954365588048183,-0.9642674158419275,0.054679546808032255,0.9727248745073092,0.97253934760416,0.97253934760416,9.537352993182335,-0.027460652395839946,-0.2692970068176639,0.8781232929403271,0.887501825,-0.009378532059672873,0.191229675,-9.456233053566239,-9.62032365,0.16409059643376134,0.06499478893740929,0.5362231777049893,0.230456275,0.3057669027049894,-0.01470997499999993,0.08954365588048183,0.8781232929403271,0.191229675,0.191229675,0.0,9.537352993182335,0.97253934760416,43.66190680884263,-79.39618179778935,108.6,-129.88143722850666,-52.52763053605729,1.0,3.1639674235325614,165.0,3.1639674235325614,3.1639673977979075,11.390282632072466,0.5977447519922892,1.716583120425274,0.0,3.1639673977979075,11.390282632072466,0.015564337542425984,0.009229596902005945,0.009229596902005945,0.0,0.0,0.0,0.0,0.40798470754649463,6.767153887867157e-05,0.24361753996321764,11661.85767918683,3.239404910885229,0.019951387691023167,173579.812094098,1783556779579812.0,1783556779542541.2
166.0,19.010201486629366,24288.0,60.150180249067006,-925.3921738777983,89.4460233613186,933.5335736654226,0.060150180249067,-0.9253921738777983,0.08944602336131859,0.9335335736654227,0.9329638781361129,0.9329638781361129,9.14925021552351,-0.06703612186388709,-0.6573997844764885,0.5898717651395129,0.887501825,-0.2976300598604871,0.191229675,-9.07499716195871,-9.62032365,0.5453264880412896,0.07429322531808052,0.8771658449962748,0.230456275,0.6467095699962749,-0.01470997499999993,0.060150180249067,0.5898717651395129,0.191229675,0.191229675,0.0,9.14925021552351,0.9329638781361129,43.66189795919405,-79.3961840102015,108.6,-130.05960666226966,-53.50587068979361,1.0,3.1639674385243515,166.0,3.1639674385243515,3.1639673977979075,11.390282632072466,0.5958483987257462,2.7165831204252764,0.0,3.1639673977979075,11.390282632072466,0.004810913399525742,0.014606308973456066,0.014606308973456066,0.0,0.0,0.0,0.0,0.46171977370725403,7.638642837863282e-05,0.2749911421630782,11661.949028799303,3.239430285777583,0.019519346356546036,173767.8671263635,1783556779767867.2,1783556779858600.2
167.0,10.056178995487688,24288.0,108.31086636191131,-1006.7041193303252,19.14605844810842,1013.5280894977438,0.10831086636191131,-1.0067041193303252,0.019146058448108415,1.0135280894977439,1.0131395888846257,1.0131395888846257,9.935505349335413,0.013139588884625675,0.12885534933541437,1.0621667576080376,0.8857755620423168,0.17639119556572086,0.16816384908463358,-9.872394951830733,-9.62032365,-0.25207130183073323,0.02189049070378244,0.1877586940801424,0.259876225,-0.07211753091985762,-0.01470997499999993,0.10831086636191131,1.0621667576080376,0.16816384908463358,0.16816384908463358,-0.03292772595030482,9.935505349335413,1.0131395888846257,43.66188907116469,-79.39618588014916,108.58239701674187,-130.21019683130052,-54.488353455758954,1.0,3.1596304607485632,167.0,3.1596304607485632,3.163967406147625,11.39028266213145,0.5956479403348374,0.5526156751938358,-0.01760298325812714,3.163967406147625,11.39028266213145,8.349717359602864e-09,0.017011765673218937,0.017011765673218937,-0.560724267325992,0.0,0.0,0.0,0.24424447544240496,4.0400401385128144e-05,0.14544144498646133,11662.158271942033,3.239488408872785,0.01932605783583263,174552.5617205533,1783556780552561.8,1783556780176029.8
168.0,11.967415036914174,24288.0,96.20637143287689,-1007.9782766912762,41.125272924513,1014.4837075184571,0.0962063714328769,-1.0079782766912762,0.04112527292451299,1.014483707518457,1.0141595849335556,1.0141595849335556,9.945508093588652,0.014159584933555671,0.13885809358865372,0.9434622124122223,0.8826517582213742,0.060810454190848046,0.16191624144274855,-9.884890167114502,-9.62032365,-0.264566517114503,0.04375711745038012,0.4033011577251753,0.259876225,0.14342493272517529,-0.01470997499999993,0.0962063714328769,0.9434622124122223,0.16191624144274855,0.16191624144274855,-0.03296302077575109,9.945508093588652,1.0141595849335556,43.66188015206316,-79.39618747284587,108.5505430827181,-130.3384594926534,-55.47427093827813,1.0,3.1517823582108306,168.0,3.1517823582108306,3.163967421257072,11.390282716525459,0.5950108616543619,1.5526156751938383,-0.04945691728190008,3.163967421257072,11.390282716525459,2.3459164547604062e-08,0.017011765673218937,0.017011765673218937,-1.5753973801169265,0.0,0.0,0.0,0.2906645764165714,4.802103462838714e-05,0.1728757246621937,11662.22720579198,3.239507557164437,0.01932605783583263,174741.7740886545,1783556780741774.0,1783556780494569.2
169.0,13.87865107834066,24288.0,84.10187650384249,-1009.2524340522272,63.10448740091758,1015.4393255391703,0.0841018765038425,-1.009252434052227,0.06310448740091756,1.0154393255391703,1.0151795809824857,1.0151795809824857,9.955510837841892,0.015179580982485667,0.14886083784189308,0.824757667216407,0.8795279544004317,-0.05477028718402471,0.15566863380086352,-9.897385382398273,-9.62032365,-0.2770617323982728,0.0656237441969778,0.6188436213702082,0.259876225,0.35896739637020825,-0.01470997499999993,0.0841018765038425,0.824757667216407,0.15566863380086352,0.15566863380086352,-0.03299831560119736,9.955510837841892,1.0151795809824857,43.66187123296164,-79.39618906554257,108.51868914869432,-130.46672215400633,-56.46018842079731,1.0,3.1439342556730976,169.0,3.1439342556730976,3.1639674363665193,11.39028277091947,0.5943737829738864,2.5526156751938407,-0.08131085130567303,3.1639674363665193,11.39028277091947,3.856861173560526e-08,0.017011765673218937,0.017011765673218937,-2.590070492907861,0.0,0.0,0.0,0.3370846773907379,5.5641667871646135e-05,0.20031000433792606,11662.296139641927,3.239526705456089,0.01932605783583263,174930.98645675572,1783556780930986.5,1783556780813108.5
170.0,15.123319993709954,24288.0,83.28931967920768,-1001.984200408853,65.51780053465387,1008.3541603899828,0.08328931967920768,-1.001984200408853,0.06551780053465386,1.0083541603899828,1.0081190937470919,1.0081190937470919,9.886271110694919,0.008119093747091903,0.0796211106949188,0.8167892068321019,0.8789045310163157,-0.06211532418421377,0.13204870073079053,-9.826108358939477,-9.62274236203263,-0.2033659969068462,0.08087191203263162,0.6425101386131633,0.25624815695105285,0.38626198166211045,0.004639721261051652,0.08328931967920768,0.8167892068321019,0.13204870073079053,0.13204870073079053,-0.062204408238865264,9.886271110694919,1.0081190937470919,43.661862300400195,-79.39619049327997,108.5,-130.5817003539023,-57.44759376289959,1.0,3.1654735607601507,170.0,3.1654735607601507,3.1725632005396665,11.4212275219428,0.5947399199622597,3.1654735607601507,-0.08766800062899957,3.1725632005396665,11.4212275219428,0.008595796892255501,0.021309640402578805,0.021309640402578805,-2.792570708032389,0.0,0.0,0.0,0.36731519600722734,6.0686879234718575e-05,0.21847276524498688,11662.365337977672,3.239545927216018,0.019435669638658934,175115.99199622596,1783556781115992.0,1783556781123320.0
171.0,15.421708979564585,24288.0,98.5071579577938,-982.588916328302,40.154736737010346,989.8540432669957,0.09850715795779379,-0.982588916328302,0.040154736737010345,0.9898540432669958,0.9895872949905862,0.9895872949905862,9.704536246419432,-0.010412705009413836,-0.1021137535805682,0.9660252205867984,0.881830727364447,0.08419449322235148,0.083766460986624,-9.635905596310943,-9.628594754728894,-0.0073108415820490324,0.08672430472889411,0.39378344902200246,0.24746956790665892,0.14631388111534355,0.05145886283115249,0.09850715795779379,0.9660252205867984,0.083766460986624,0.083766460986624,-0.13282229485580507,9.704536246419432,0.9895872949905862,43.66185334873062,-79.39619168683592,108.5,-130.6778195090604,-58.43711131787043,1.0,3.2287321660177555,171.0,3.2287321660177555,3.1933617639511094,11.496102350223994,0.5965302538773875,3.2287321660177555,-0.0578291020435383,3.1933617639511094,11.496102350223994,0.0293943461500538,0.031708915031477956,0.031708915031477956,-1.8420844011490023,0.0,0.0,0.0,0.3745624676956646,6.207593964166904e-05,0.22347338271000858,11662.43491178588,3.2395652532738537,0.019700889849097517,175295.02538773874,1783556781295025.5,1783556781421709.0
172.0,15.720097965419214,24288.0,113.72499623637991,-963.1936322477511,14.791672939366826,971.3539261440087,0.11372499623637991,-0.9631936322477511,0.014791672939366826,0.9713539261440087,0.9710554962340804,0.9710554962340804,9.522801382143944,-0.028944503765919574,-0.2838486178560552,1.115261234341495,0.8847569237125783,0.2305043106289167,0.03548422124245748,-9.445702833682407,-9.634447147425156,0.1887443137427482,0.0925766974251566,0.14505675943084162,0.238690978862265,-0.0936342194314233,0.09827800440125332,0.11372499623637991,1.115261234341495,0.03548422124245748,0.03548422124245748,-0.20344018147274487,9.522801382143944,0.9710554962340804,43.66184439706104,-79.39619288039187,108.5,-130.7739386642185,-59.42662887284128,1.0,3.2919907712753607,172.0,3.2919907712753607,3.2141603273625523,11.570977178505188,0.5983205877925153,3.2919907712753607,-0.027990203458077026,3.2141603273625523,11.570977178505188,0.0501928954078521,0.042108189660377104,0.042108189660377104,-0.8915980942656154,0.0,0.0,0.0,0.38180973938410184,6.346500004861952e-05,0.22847400017503028,11662.504485594089,3.2395845793316895,0.019966110059536104,175474.05877925153,1783556781474058.8,1783556781720098.0
173.0,17.0,24288.0,109.98084038532309,-962.2682346054767,6.172436532092171,969.2490749907998,0.10998084038532309,-0.9622682346054767,0.006172436532092171,0.9692490749907998,0.968553372573867,0.968553372573867,9.498263931151513,-0.03144662742613301,-0.30838606884848724,1.0785436083647286,0.8880654999058138,0.1904781084589148,-0.009806650000000028,-9.436627782893797,-9.649743599999999,0.21311581710620112,0.07845320000000022,0.06053092471744169,0.21065508336472868,-0.150124158647287,0.132389775,0.10998084038532309,1.0785436083647286,-0.009806650000000028,-0.009806650000000028,0.0,9.498263931151513,0.968553372573867,43.66183544437118,-79.39619405747884,108.5,-130.86873154505622,-60.416259210373454,1.0,3.3490758170403554,173.0,3.3490758170403554,3.2359246146725695,11.64932861282125,0.5959808403853231,0.06195587689302314,0.0,3.2359246146725695,11.64932861282125,0.07062168964901804,0.05186316811059144,0.05186316811059144,0.0,0.0,0.0,0.0,0.41289600000000004,6.8355029186594e-05,0.24607810507173838,11662.820541914318,3.2396723727539753,0.021103738802701798,176249.39997073275,1783556782249400.0,1783556782019159.5
174.0,17.0,24288.0,109.67159426311922,-966.5976803163309,8.955651631927012,973.2692745794501,0.10967159426311922,-0.9665976803163309,0.008955651631927011,0.9732692745794501,0.9728503835159321,0.9728503835159321,9.540403213506515,-0.027149616484067857,-0.26624678649348404,1.0755109398804181,0.8971635053587457,0.17834743452167243,-0.009806650000000028,-9.479085141674146,-9.649743599999999,0.1706584583258531,0.07845320000000022,0.087824941076237,0.2076224148804181,-0.1197974738041811,0.132389775,0.10967159426311922,1.0755109398804181,-0.009806650000000028,-0.009806650000000028,0.0,9.540403213506515,0.9728503835159321,43.661826476233635,-79.3961949852172,108.5,-130.9434439445215,-61.40759713440355,1.0,3.312689968822312,174.0,3.312689968822312,3.272310462890613,11.780317666406207,0.5956715942631192,1.0619558768930208,0.0,3.272310462890613,11.780317666406207,0.08545220108417677,0.05186316811059144,0.05186316811059144,0.0,0.0,0.0,0.0,0.41289600000000004,6.831956071801803e-05,0.24595041858486488,11662.896515374008,3.239693476492778,0.021103738802701798,176433.40141344405,1783556782433401.5,1783556782328405.8
175.0,17.0,24288.0,109.36234814091534,-970.9271260271851,11.73886673176185,977.2894741681005,0.10936234814091535,-0.9709271260271851,0.01173886673176185,0.9772894741681004,0.9771473944579973,0.9771473944579973,9.582542495861519,-0.022852605542002708,-0.22410750413848085,1.0724782713961074,0.9062615108116774,0.16621676058443005,-0.009806650000000028,-9.521542500454494,-9.649743599999999,0.12820109954550513,0.07845320000000022,0.11511895743503234,0.20458974639610752,-0.08947078896107519,0.132389775,0.10936234814091535,1.0724782713961074,-0.009806650000000028,-0.009806650000000028,0.0,9.582542495861519,0.9771473944579973,43.66181750809609,-79.39619591295558,108.5,-131.01815634398682,-62.39893505843365,1.0,3.276304120604268,175.0,3.276304120604268,3.308696311108657,11.911306719991165,0.5953623481409154,2.0619558768930184,0.0,3.308696311108657,11.911306719991165,0.1002827125193355,0.05186316811059144,0.05186316811059144,0.0,0.0,0.0,0.0,0.41289600000000004,6.828409224944205e-05,0.2458227320979914,11662.972488833697,3.2397145802315808,0.021103738802701798,176617.40285615536,1783556782617402.8,1783556782637651.8
176.0,17.0,24288.0,109.05310201871148,-975.2565717380393,14.52208183159669,981.3096737567507,0.10905310201871148,-0.9752565717380393,0.01452208183159669,0.9813096737567507,0.9814444054000624,0.9814444054000624,9.624681778216521,-0.01855559459993756,-0.18196822178347766,1.069445602911797,0.9153595162646092,0.15408608664718768,-0.009806650000000028,-9.563999859234842,-9.649743599999999,0.08574374076515712,0.07845320000000022,0.14241297379382767,0.20155707791179694,-0.059144104117969276,0.132389775,0.10905310201871148,1.069445602911797,-0.009806650000000028,-0.009806650000000028,0.0,9.624681778216521,0.9814444054000624,43.66180853995854,-79.39619684069395,108.5,-131.09286874345213,-63.39027298246375,1.0,3.2399182723862245,176.0,3.2399182723862245,3.3450821593267004,12.042295773576122,0.5950531020187114,3.061955876893016,0.0,3.3450821593267004,12.042295773576122,0.11511322395449423,0.05186316811059144,0.05186316811059144,0.0,0.0,0.0,0.0,0.41289600000000004,6.824862378086609e-05,0.2456950456111179,11663.048462293387,3.239735683970383,0.021103738802701798,176801.40429886666,1783556782801404.2,1783556782946898.0
177.0,39.336137413572146,24288.0,118.11813775280585,-965.8764231763198,8.618391387210774,974.9624337726895,0.11811813775280584,-0.9658764231763198,0.008618391387210773,0.9749624337726894,0.9748250984491317,0.9748250984491317,9.559768551706178,-0.025174901550868288,-0.2468814482938225,1.1583432355935532,0.927479801104125,0.23086343448942825,-0.11789066895372222,-9.472012025342057,-9.649743599999999,0.17773157465794254,0.06085648982645812,0.08451754789739051,0.21553543104627781,-0.13101788314888727,0.13985019697686105,0.11811813775280584,1.1583432355935532,-0.11789066895372222,-0.11789066895372222,-0.13613033511398198,9.559768551706178,0.9748250984491317,43.661799583291064,-79.3961979569947,108.47607513245462,-131.18276640325385,-64.38034300587536,1.0,3.2883045413523715,177.0,3.2883045413523715,3.37781441791718,12.160131904501847,0.5969569947018152,0.8282855793532894,-0.02392486754537763,3.37781441791718,12.160131904501847,0.1159941603087872,0.05930216444935703,0.05930216444935703,-0.6910651366293442,0.0,0.0,0.0,0.9553961055008402,0.00015884261154431673,0.5718334015595401,11663.699143746158,3.2399164288183755,0.04514798664702038,177572.54920527228,1783556783572549.2,1783556783239248.8
178.0,63.88822176767883,24288.0,88.07794042542825,-982.6296101473573,32.303931587643106,989.4048363339288,0.08807794042542826,-0.9826296101473573,0.032303931587643095,0.9894048363339286,0.9894120264376208,0.9894120264376208,9.702817449064494,-0.010587973562379178,-0.10383255093550575,0.8637495344730258,0.9402266439410709,-0.07647710946804509,-0.11222540547063516,-9.636304666351581,-9.649743599999999,0.01343893364841775,0.03961175176488127,0.3167933507039602,0.22120069452936486,0.09559265617459534,0.13701756523531752,0.08807794042542826,0.8637495344730258,-0.11222540547063516,-0.11222540547063516,-0.07203174436294657,9.702817449064494,0.9894120264376208,43.66179062900147,-79.39619911238691,108.44719032733215,-131.27581216589118,-65.37015017692593,1.0,3.3542651776045505,178.0,3.3542651776045505,3.4097892396503524,12.275241262741268,0.5981123869067143,1.8282855793532866,-0.05280967266785444,3.4097892396503524,12.275241262741268,0.11398316752295333,0.06828336190612527,0.06828336190612527,-1.5253971035928566,0.0,0.0,0.0,1.5517171302933832,0.0002583775548851792,0.9301591975866452,11664.13691353377,3.2400380315371566,0.0741769211638954,177745.85803600715,1783556783745858.0,1783556783528096.8
179.0,88.44030612178551,24288.0,58.03774309805067,-999.3827971183948,55.989471788075434,1003.847238895168,0.05803774309805067,-0.9993827971183948,0.05598947178807544,1.0038472388951678,1.0039989544261099,1.0039989544261099,9.845866346422811,0.003998954426109931,0.03921634642281102,0.5691558333524984,0.9529734867780169,-0.3838176534255183,-0.10656014198754811,-9.800597307361105,-9.649743599999999,-0.15085370736110698,0.018367013703304423,0.5490691535105299,0.22686595801245193,0.3222031954980779,0.134184933493774,0.05803774309805067,0.5691558333524984,-0.10656014198754811,-0.10656014198754811,-0.007933153611911159,9.845866346422811,1.0039989544261099,43.66178167471189,-79.39620026777912,108.41830552220966,-131.3688579285285,-66.35995734797652,1.0,3.420225813856729,179.0,3.420225813856729,3.441764061383525,12.390350620980689,0.5992677791116134,2.8282855793532837,-0.08169447779033125,3.441764061383525,12.390350620980689,0.11197217473711946,0.0772645593628935,0.0772645593628935,-2.359729070556369,0.0,0.0,0.0,2.148038155085926,0.00035791249822604175,1.2884849936137504,11664.574683321382,3.240159634255938,0.10320585568077043,177919.16686674202,1783556783919166.8,1783556783816944.8
180.0,228.23933223182118,24288.0,44.970075616773514,-1006.2944358240716,67.60323283873231,1009.6032328387323,0.04497007561677351,-1.0062944358240715,0.0676032328387323,1.0096032328387323,1.0097757437967785,1.0097757437967785,9.902517297904678,0.00977574379677858,0.09586729790467866,0.44100579204723195,0.9610517,-0.5200459079527681,-0.10498866782921495,-9.86837732907413,-9.649743599999999,-0.21863372907413214,0.00540803570730282,0.6629612433179541,0.230456275,0.4325049683179541,0.132389775,0.04497007561677351,0.44100579204723195,-0.10498866782921495,-0.10498866782921495,0.02592536998293319,9.902517297904678,1.0097757437967785,43.66177270616518,-79.396201,108.4,-131.42782496213843,-67.35134050113233,1.0,3.471930956970424,180.0,3.471930956970424,3.471930956970424,12.498951445093528,0.5993824059706786,3.471930956970424,-0.0897067661779716,3.471930956970424,12.498951445093528,0.10920644727273957,0.08295632390196972,0.08295632390196972,-2.591162459218458,0.0,0.0,0.0,5.543476901246473,0.0009184502717963479,3.3064209784668526,11666.798967609824,3.240777491002727,0.1913358389894744,178090.14180890282,1783556784090141.8,1783556784102932.2
181.0,567.4522004042205,24288.0,61.270279721163874,-996.1770677592776,58.3289787793378,1000.3289787793378,0.06127027972116387,-0.9961770677592776,0.05832897877933779,1.0003289787793377,1.000308192934955,1.000308192934955,9.809672340245578,0.0003081929349551312,0.003022340245577737,0.6008561886275516,0.9610517,-0.3601955113724484,-0.11050075046991563,-9.76915984154152,-9.649743599999999,-0.11941624154151989,0.0067860563674782114,0.5720118797463929,0.230456275,0.3415556047463929,0.132389775,0.06127027972116387,0.6008561886275516,-0.11050075046991563,-0.11050075046991563,0.007458965176545443,9.809672340245578,1.000308192934955,43.661763712949124,-79.396201,108.4,-131.42782496213843,-68.3454506042778,1.0,3.498969565650095,181.0,3.498969565650095,3.498969565650095,12.596290436340341,0.5976961779598796,3.498969565650095,-0.06160296599798983,3.498969565650095,12.596290436340341,0.10513478891168297,0.08295632390196972,0.08295632390196972,-1.7793896678186074,0.0,0.0,0.0,13.782279043417708,0.002276669477750064,8.196010119900231,11672.114489852891,3.2422540249591347,0.3817294227887963,178257.07838197192,1783556784257078.5,1783556784383970.2
182.0,906.6650685766198,24288.0,77.57048382555422,-986.0596996944836,49.05472471994328,991.0547247199432,0.07757048382555423,-0.9860596996944836,0.04905472471994328,0.9910547247199433,0.9908406420731317,0.9908406420731317,9.716827382586477,-0.009159357926868318,-0.08982261741352318,0.7607065852078713,0.9610517,-0.2003451147921287,-0.11601283311061629,-9.669942354008906,-9.649743599999999,-0.020198754008907638,0.008164077027653604,0.48106251617483176,0.230456275,0.25060624117483177,0.132389775,0.07757048382555423,0.7607065852078713,-0.11601283311061629,-0.11601283311061629,-0.011007439629842304,9.716827382586477,0.9908406420731317,43.66175471973306,-79.396201,108.4,-131.42782496213843,-69.33956070742327,1.0,3.5260081743297653,182.0,3.5260081743297653,3.5260081743297653,12.693629427587156,0.5960099499490805,3.5260081743297653,-0.03349916581800806,3.5260081743297653,12.693629427587156,0.10106313055062638,0.08295632390196972,0.08295632390196972,-0.9676168764187567,0.0,0.0,0.0,22.021081185588944,0.003634888683703781,13.085599261333613,11677.430012095956,3.243730558915542,0.5721230065881182,178424.01495504103,1783556784424015.0,1783556784665008.2
183.0,1245.877936749019,24288.0,93.87068792994458,-975.9423316296895,39.78047066054877,981.7804706605488,0.09387068792994457,-0.9759423316296896,0.039780470660548774,0.9817804706605487,0.9813730912113082,0.9813730912113082,9.623982424927375,-0.01862690878869177,-0.18266757507262407,0.9205569817881909,0.9610517,-0.040494718211809055,-0.12152491575131695,-9.570724866476294,-9.649743599999999,0.07901873352370459,0.009542097687828996,0.39011315260327056,0.230456275,0.15965687760327057,0.132389775,0.09387068792994457,0.9205569817881909,-0.12152491575131695,-0.12152491575131695,-0.02947384443623005,9.623982424927375,0.9813730912113082,43.661745726517005,-79.396201,108.4,-131.42782496213843,-70.33367081056875,1.0,3.553046783009436,183.0,3.553046783009436,3.553046783009436,12.79096841883397,0.5943237219382815,3.553046783009436,-0.005395365638026284,3.553046783009436,12.79096841883397,0.0969914721895698,0.08295632390196972,0.08295632390196972,-0.15584408501890623,0.0,0.0,0.0,30.25988332776018,0.004993107889657498,17.975188402766992,11682.745534339023,3.2452070928719494,0.7625165903874401,178590.95152811013,1783556784590951.5,1783556784946046.2
184.0,5358.891364890555,24288.0,71.54687224947749,-962.3437885073151,79.44524236167598,968.6640968815313,0.07154687224947749,-0.9623437885073151,0.07944524236167598,0.9686640968815313,0.9685177455316432,0.9685177455316432,9.497914549217889,-0.031482254468356785,-0.30873545078211106,0.7016351347453383,0.985568325,-0.2839331902546617,-0.196133,-9.437368713565261,-9.650854516313665,0.213485802748403,0.008695733686334233,0.7790916860061297,0.23712177288199235,0.5419699131241373,0.03432327499999993,0.07154687224947749,0.7016351347453383,-0.196133,-0.196133,-0.09544652734063605,9.497914549217889,0.9685177455316432,43.66173674995599,-79.39620032030838,108.4,-131.3730882022001,-71.3259398648544,1.0,3.5600896097707277,184.0,3.5600896097707277,3.5600896097707277,12.81632259517462,0.596,0.8080200683369025,0.0,3.5600896097707277,12.81632259517462,0.0762640879047726,0.08295632390196972,0.08295632390196972,0.0,0.0,0.0,0.0,130.1567534704618,0.021548173630109788,77.57342506839524,11778.515006704534,3.271809724084591,2.6171903660657607,179354.03206965572,1783556785354032.0,1783556785226564.0
185.0,5509.74326779123,24288.0,70.9860845063523,-970.1948169110677,65.14515491198372,975.6739436705963,0.0709860845063523,-0.9701948169110677,0.06514515491198372,0.9756739436705962,0.9753259067951435,0.9753259067951435,9.564679803872593,-0.0246740932048565,-0.241970196127406,0.6961356856242198,0.985568325,-0.28943263937578023,-0.196133,-9.514361001260921,-9.652229378593944,0.13786837733302182,0.0073208714060543564,0.638855733417605,0.24537094656367028,0.39348478685393473,0.03432327499999993,0.0709860845063523,0.6961356856242198,-0.196133,-0.196133,-0.06084428874299376,9.564679803872593,0.9753259067951435,43.6617277773521,-79.39619947912676,108.4,-131.3053463699323,-72.31777149877375,1.0,3.562381578234475,185.0,3.562381578234475,3.562381578234475,12.824573681644111,0.596,1.8080200683369039,0.0,3.562381578234475,12.824573681644111,0.05157941932724692,0.08295632390196972,0.08295632390196972,0.0,0.0,0.0,0.0,133.82064448811343,0.022154751143032107,79.75710411491559,11801.955055949245,3.278320848874789,4.02885878168578,179521.14681710702,1783556785521146.8,1783556785506957.8
186.0,5660.595170691906,24288.0,70.42529676322711,-978.0458453148203,50.845067462291446,982.683790459661,0.07042529676322712,-0.9780458453148204,0.05084506746229145,0.982683790459661,0.9821340680586438,0.9821340680586438,9.631445058527298,-0.017865931941356217,-0.17520494147270094,0.6906362365031012,0.985568325,-0.2949320884968988,-0.196133,-9.591353288956583,-9.653604240874223,0.06225095191764063,0.0059460091257744815,0.49861978082908043,0.2536201202453482,0.24499966058373213,0.03432327499999993,0.07042529676322712,0.6906362365031012,-0.196133,-0.196133,-0.026242050145351484,9.631445058527298,0.9821340680586438,43.66171880474821,-79.39619863794515,108.4,-131.23760453766448,-73.30960313269308,1.0,3.5646735466982227,186.0,3.5646735466982227,3.5646735466982227,12.832824768113602,0.596,2.808020068336905,0.0,3.5646735466982227,12.832824768113602,0.02689475074972124,0.08295632390196972,0.08295632390196972,0.0,0.0,0.0,0.0,137.48453550576502,0.02276132865595443,81.94078316143595,11825.395105193958,3.284831973664987,5.440527197305798,179688.2615645583,1783556785688261.5,1783556785787351.5
187.0,7556.273326917955,24288.0,37.15428027100303,-1045.4124690169992,64.80415633899972,1048.4777502373327,0.03715428027100304,-1.0454124690169992,0.06480415633899973,1.0484777502373326,1.0481105545577778,1.0481105545577778,10.27845336985403,0.04811055455777772,0.4718033698540308,0.36435902261963193,1.0002783,-0.6359192773803679,-0.196133,-10.251994189285554,-9.654646924999998,-0.5973472642855563,-0.0008583857144460524,0.6355116797618516,0.230456275,0.4050554047618517,0.132389775,0.03715428027100304,0.36435902261963193,-0.196133,-0.196133,0.0,10.27845336985403,1.0481105545577778,43.66170984571973,-79.39619760831268,108.39347187796666,-131.15468642749002,-74.29993414111594,1.0,3.5752003566591055,187.0,3.5752003566591055,3.5752003566591055,12.870721283972781,0.5998694375593331,0.24160831180617573,-0.006528122033343085,3.5752003566591055,12.870721283972781,0.01642908796617695,0.08244726110229474,0.08244726110229474,-0.1763862218299996,0.0,0.0,0.0,183.5267665641833,0.030581538550650156,110.09353878234056,11960.48407580666,3.3223566877240707,6.511124790197766,180454.03816975938,1783556786454038.2,1783556786065281.2
188.0,7424.958833451784,24288.0,46.07069649401468,-1042.980719137996,63.993573045998666,1046.3161947893298,0.046070696494014685,-1.042980719137996,0.06399357304599866,1.0463161947893298,1.0460768007733674,1.0460768007733674,10.258509058304144,0.04607680077336751,0.45185905830414447,0.45179919577302907,1.0002783,-0.5484791042269708,-0.196133,-10.228146869334628,-9.654646924999998,-0.5734999443346298,-0.02470570566537256,0.6275625731115428,0.230456275,0.39710629811154285,0.132389775,0.046070696494014685,0.45179919577302907,-0.196133,-0.196133,0.0,10.258509058304144,1.0460768007733674,43.66170092930351,-79.39619598714609,108.36645243486663,-131.02413103639557,-75.28555479046584,1.0,3.611575761390319,188.0,3.611575761390319,3.611575761390319,13.001672741005148,0.5993290486973324,1.2416083118061791,-0.03354756513338068,3.611575761390319,13.001672741005148,0.0505958955141427,0.0803402855770348,0.0803402855770348,-0.9064365272661042,0.0,0.0,0.0,180.33740014687694,0.03002408484244373,108.08670543279743,11988.35491205529,3.3300985866820234,6.511124790197766,180615.61443949759,1783556786615614.5,1783556786335475.8
189.0,7293.6443399856125,24288.0,54.98711271702633,-1040.5489692589929,63.18298975299761,1044.1546393413269,0.05498711271702633,-1.0405489692589929,0.0631829897529976,1.0441546393413268,1.0440430469889572,1.0440430469889572,10.238564746754259,0.0440430469889573,0.4319147467542581,0.5392393689264262,1.0002783,-0.4610389310735737,-0.196133,-10.204299549383702,-9.654646924999998,-0.5496526243837033,-0.04855302561629907,0.6196134664612339,0.230456275,0.38915719146123395,0.132389775,0.05498711271702633,0.5392393689264262,-0.196133,-0.196133,0.0,10.238564746754259,1.0440430469889572,43.661692012887286,-79.39619436597951,108.33943299176659,-130.89357564530113,-76.27117543981572,1.0,3.647951166121532,189.0,3.647951166121532,3.647951166121532,13.132624198037515,0.5987886598353317,2.2416083118061825,-0.060567008233418276,3.647951166121532,13.132624198037515,0.08476270306210847,0.07823331005177488,0.07823331005177488,-1.6364868327022088,0.0,0.0,0.0,177.14803372957056,0.029466631134237305,106.07987208325432,12016.225748303921,3.337840485639976,6.511124790197766,180777.19070923582,1783556786777190.8,1783556786605670.0
190.0,7162.329846519441,24288.0,63.90352894003797,-1038.1172193799896,62.37240645999655,1041.9930838933242,0.06390352894003798,-1.0381172193799897,0.062372406459996546,1.041993083893324,1.042009293204547,1.042009293204547,10.218620435204372,0.04200929320454709,0.4119704352043717,0.6266795420798235,1.0002783,-0.37359875792017655,-0.196133,-10.180452229432774,-9.654646924999998,-0.5258053044327768,-0.07240034556722558,0.6116643598109252,0.230456275,0.3812080848109251,0.132389775,0.06390352894003798,0.6266795420798235,-0.196133,-0.196133,0.0,10.218620435204372,1.042009293204547,43.66168309647106,-79.39619274481292,108.31241354866656,-130.76302025420665,-77.25679608916562,1.0,3.6843265708527455,190.0,3.6843265708527455,3.6843265708527455,13.263575655069884,0.598248270973331,3.2416083118061856,-0.08758645133345587,3.6843265708527455,13.263575655069884,0.11892951061007422,0.07612633452651493,0.07612633452651493,-2.3665371381383133,0.0,0.0,0.0,173.9586673122642,0.028909177426030882,104.07303873371119,12044.096584552552,3.3455823845979293,6.511124790197766,180938.76697897402,1783556786938767.0,1783556786875864.5
191.0,7012.1018508429925,24288.0,71.17967730137326,-1033.9648534850528,56.218768542957704,1038.1093842714788,0.07117967730137327,-1.0339648534850527,0.05621876854295771,1.0381093842714788,1.0380601197478643,1.0380601197478643,10.179892273325393,0.0380601197478643,0.37324227332539345,0.6980341824075121,0.9981522557449424,-0.30011807333743024,-0.196133,-10.139731430429192,-9.65535560641835,-0.4843758240108418,-0.08335652500000101,0.5513177865317962,0.230456275,0.32086151153179615,0.132389775,0.07117967730137327,0.6980341824075121,-0.196133,-0.196133,0.0,10.179892273325393,1.0380601197478643,43.661674230484046,-79.39619069922293,108.3,-130.59828530060886,-78.23684229353238,1.0,3.706694302324368,191.0,3.706694302324368,3.706694302324368,13.344099488367725,0.5972773460678696,3.706694302324368,-0.08554692135740156,3.706694302324368,13.344099488367725,0.1208248322023396,0.07162296541228029,0.07162296541228029,-2.311430173999498,0.0,0.0,0.0,170.30992975327462,0.02825877839090528,101.73160220725902,12070.390353084627,3.3528862091901726,6.541503747198183,181098.70675635064,1783556787098706.8,1783556787144530.8
192.0,6845.7992709490945,24288.0,77.06176212077156,-1028.3501361574454,45.52406887132443,1032.7620344356621,0.07706176212077157,-1.0283501361574452,0.04552406887132443,1.032762034435662,1.0324830312444921,1.0324830312444921,10.125199718353798,0.032483031244492054,0.318549718353798,0.7557177295016644,0.9942192866248865,-0.23850155712322207,-0.196133,-10.084669862748411,-9.656666596125037,-0.4280032666233746,-0.08335652500000101,0.4464386099969737,0.230456275,0.2159823349969737,0.132389775,0.07706176212077157,0.7557177295016644,-0.196133,-0.196133,0.0,10.125199718353798,1.0324830312444921,43.661665407356814,-79.3961882929155,108.3,-130.40450113920875,-79.21215077749439,1.0,3.717156913263662,192.0,3.717156913263662,3.717156913263662,13.381764887749183,0.5959405086089156,3.717156913263662,-0.05881017217831609,3.717156913263662,13.381764887749183,0.09529262011788278,0.06508290155289168,0.06508290155289168,-1.589018100875285,0.0,0.0,0.0,166.27077269281162,0.027529385128873943,99.1057864639462,12095.343771873722,3.3598177144093655,6.5977017776474165,181257.25567898262,1783556787257255.8,1783556787411898.2
193.0,6679.4966910551975,24288.0,82.94384694016986,-1022.7354188298378,34.82936919969116,1027.4146845998455,0.08294384694016986,-1.0227354188298379,0.03482936919969115,1.0274146845998455,1.0269059427411198,1.0269059427411198,10.070507163382203,0.0269059427411198,0.2638571633822025,0.8134012765958167,0.9902863175048306,-0.1768850409090139,-0.196133,-10.029608295067629,-9.657977585831722,-0.37163070923590746,-0.08335652500000101,0.34155943346215123,0.230456275,0.11110315846215124,0.132389775,0.08294384694016986,0.8134012765958167,-0.196133,-0.196133,0.0,10.070507163382203,1.0269059427411198,43.66165658422959,-79.39618588660807,108.3,-130.21071697780863,-80.1874592614564,1.0,3.7276195242029564,193.0,3.7276195242029564,3.7276195242029564,13.419430287130643,0.5946036711499614,3.7276195242029564,-0.03207342299923062,3.7276195242029564,13.419430287130643,0.069760408033426,0.05854283769350306,0.05854283769350306,-0.8666060277510723,0.0,0.0,0.0,162.23161563234865,0.02679999186684261,96.47997072063339,12120.297190662817,3.366749219628559,6.65389980809665,181415.80460161457,1783556787415804.5,1783556787679265.8
194.0,6513.1941111613,24288.0,88.82593175956816,-1017.1207015022304,24.134669528057884,1022.0673347640289,0.08882593175956816,-1.0171207015022303,0.02413466952805788,1.0220673347640288,1.0213288542377474,1.0213288542377474,10.015814608410608,0.02132885423774755,0.20916460841060702,0.8710848236899691,0.9863533483847748,-0.11526852469480575,-0.196133,-9.974546727386848,-9.659288575538406,-0.3152581518484403,-0.08335652500000101,0.2366802569273288,0.230456275,0.006223981927328814,0.132389775,0.08882593175956816,0.8710848236899691,-0.196133,-0.196133,0.0,10.015814608410608,1.0213288542377474,43.66164776110236,-79.39618348030064,108.3,-130.01693281640854,-81.1627677454184,1.0,3.7380821351422506,194.0,3.7380821351422506,3.7380821351422506,13.457095686512103,0.5932668336910072,3.7380821351422506,-0.005336673820145146,3.7380821351422506,13.457095686512103,0.04422819594896919,0.052002773834114446,0.052002773834114446,-0.1441939546268598,0.0,0.0,0.0,158.19245857188568,0.026070598604811274,93.85415497732058,12145.250609451912,3.3736807248477523,6.710097838545883,181574.35352424654,1783556787574353.5,1783556787946633.2
195.0,6844.850735089837,24288.0,71.68759261416092,-988.8518287657126,27.890509232298843,991.8518287657126,0.07168759261416092,-0.9888518287657126,0.02789050923229884,0.9918518287657127,0.9918518723820214,0.9918518723820214,9.72674416429515,-0.00814812761797851,-0.07990583570484897,0.7030151301096613,0.9803965655907309,-0.2773814354810696,-0.16180972500000002,-9.697323786565274,-9.65748154623629,-0.039842240328983695,0.004903324999999015,0.2735124623629234,0.26401363252741533,0.009498829835508076,0.023979756181461663,0.07168759261416092,0.7030151301096613,-0.16180972500000002,-0.16180972500000002,0.04559395930475286,9.72674416429515,0.9918518723820214,43.66163903868046,-79.39618046861108,108.3,-129.77439616874673,-82.12694426147921,1.0,3.751584271149844,195.0,3.751584271149844,3.740170479597147,13.464613726549729,0.5952656944606207,0.8003993011865566,0.0,3.740170479597147,13.464613726549729,0.030877100150618744,0.049117900953167204,0.049117900953167204,0.0,0.0,0.0,0.0,166.24773465386198,0.02747520330178338,98.91073188642017,12271.319153146616,3.4086997647629476,7.064638952747612,182326.56944606206,1783556788326569.5,1783556788210949.0
196.0,6292.439876841093,24288.0,73.79603100442331,-994.913589137717,25.254961244470863,997.913589137717,0.07379603100442331,-0.994913589137717,0.02525496124447086,0.997913589137717,0.9979852088418781,0.9979852088418781,9.786891648289203,-0.0020147911581218456,-0.019758351710795583,0.7236918474495279,0.9739350914220225,-0.25024324397249464,-0.16180972500000002,-9.756769348917391,-9.654896956568807,-0.10187239234858325,0.004903324999999015,0.24766656568809015,0.26918281186238197,-0.021516246174291834,0.011056807844045044,0.07379603100442331,0.7236918474495279,-0.16180972500000002,-0.16180972500000002,0.03036489560746053,9.786891648289203,0.9979852088418781,43.66163034137211,-79.39617730595349,108.3,-129.51970180141637,-83.08834472742483,1.0,3.7658443929862537,196.0,3.7658443929862537,3.740170479597147,13.464613726549729,0.5968470232533175,1.8003993011865538,0.0,3.740170479597147,13.464613726549729,0.020563687318045785,0.047144546451248916,0.047144546451248916,0.0,0.0,0.0,0.0,152.83077972871646,0.02531678695177466,91.14043302638878,12291.256389697122,3.4142378860269766,7.230973097913699,182484.70232533175,1783556788484702.2,1783556788474504.0
197.0,5740.029018592348,24288.0,75.90446939468569,-1000.9753495097214,22.61941325664288,1003.9753495097214,0.0759044693946857,-1.0009753495097213,0.02261941325664288,1.0039753495097214,1.0041185453017347,1.0041185453017347,9.847039132283257,0.004118545301734822,0.0403891322832578,0.7443685647893945,0.9674736172533142,-0.22310505246391973,-0.16180972500000002,-9.816214911269508,-9.652312366901324,-0.1639025443681828,0.004903324999999015,0.2218206690132569,0.27435199119734865,-0.05253132218409175,-0.001866140493371575,0.0759044693946857,0.7443685647893945,-0.16180972500000002,-0.16180972500000002,0.0151358319101682,9.847039132283257,1.0041185453017347,43.66162164406375,-79.39617414329591,108.3,-129.26500743408602,-84.04974519337044,1.0,3.7801045148226633,197.0,3.7801045148226633,3.740170479597147,13.464613726549729,0.5984283520460143,2.800399301186551,0.0,3.740170479597147,13.464613726549729,0.010250274485472825,0.04517119194933063,0.04517119194933063,0.0,0.0,0.0,0.0,139.41382480357095,0.023158370601765944,83.37013416635739,12311.193626247627,3.4197760072910057,7.397307243079785,182642.83520460143,1783556788642835.2,1783556788738058.8
198.0,6356.04323795351,24288.0,128.92571881660137,-993.9768902984982,-74.79036199351945,1004.9669861407117,0.1289257188166014,-0.9939768902984982,-0.07479036199351945,1.0049669861407116,1.005104505705232,1.005104505705232,9.856708100874213,0.005104505705232,0.05005810087421338,1.264329400432824,0.9610921694203987,0.30323723101242533,-0.10282413508656485,-9.747583471245767,-9.659550249999999,-0.08803322124576747,0.00491141888407875,-0.7334429034437475,0.279489525,-1.0129324284437473,-0.0834941210293555,0.1289257188166014,1.264329400432824,-0.10282413508656485,-0.10282413508656485,0.09913841489474913,9.856708100874213,1.005104505705232,43.66161294717783,-79.396170978541,108.29983493070355,-129.01014416499945,-85.0110989630158,1.0,3.794136114281823,198.0,3.794136114281823,3.7402597934054924,13.464935256259773,0.5940016506929644,0.00612196448693679,-0.00016506929644136676,3.7402597934054924,13.464935256259773,8.931380834557825e-05,0.043205817735424284,0.043205817735424284,-0.004450838074247507,0.0,0.0,0.0,154.37557816341484,0.02547204820891307,91.69937355208707,12422.859523500092,3.450794312083357,7.562623096516201,183394.98216231383,1783556789394982.2,1783556789001650.8
199.0,6526.452255473227,24288.0,116.79216535396333,-990.2020069990108,-40.54677777674094,999.5742957128726,0.11679216535396333,-0.9902020069990108,-0.040546777776740935,0.9995742957128725,0.99966576251695,0.99966576251695,9.803372249986849,-0.0003342374830499579,-0.0032777500131518852,1.1453398883684445,0.9677026978684197,0.17763719050002474,-0.07902623267368895,-9.710564511936848,-9.659550249999999,-0.051014261936849666,0.00623352457368318,-0.39762805828427655,0.279489525,-0.6771175832842764,-0.10596991775262717,0.11679216535396333,1.1453398883684445,-0.07902623267368895,-0.07902623267368895,0.11242568368764784,9.803372249986849,0.99966576251695,43.661604318873145,-79.39616747329221,108.27287147856435,-128.72786032756062,-85.96487176297845,1.0,3.7710679605724726,199.0,3.7710679605724726,3.7548488699243383,13.517455931727618,0.5942712852143563,1.0061219644869346,-0.027128521435635516,3.7548488699243383,13.517455931727618,0.014678390327191485,0.042536013430338186,0.042536013430338186,-0.7314785893369039,0.0,0.0,0.0,158.51447238093374,0.0261676760457222,94.20363376459993,12450.08496664755,3.4583569351798733,7.562623096516201,183555.41470254204,1783556789555414.8,1783556789271285.2
200.0,6696.861272992943,24288.0,104.65861189132528,-986.4271236995235,-6.303193559962423,994.1816052850335,0.10465861189132528,-0.9864271236995235,-0.006303193559962422,0.9941816052850334,0.9942270193286681,0.9942270193286681,9.750036399099482,-0.005772980671331916,-0.05661360090051715,1.026350376304065,0.9743132263164408,0.052037149987624154,-0.055228330260813044,-9.67354555262793,-9.659550249999999,-0.013995302627931847,0.007555630263287609,-0.06181321312480559,0.279489525,-0.3413027381248055,-0.12844571447589884,0.10465861189132528,1.026350376304065,-0.055228330260813044,-0.055228330260813044,0.12571295248054654,9.750036399099482,0.9942270193286681,43.661595690568454,-79.39616396804344,108.24590802642517,-128.44557649012182,-86.91864456294111,1.0,3.747999806863122,200.0,3.747999806863122,3.769437946443184,13.569976607195464,0.5945409197357483,2.0061219644869324,-0.054091973574829665,3.769437946443184,13.569976607195464,0.029267466846037392,0.04186620912525209,0.04186620912525209,-1.4585063405995602,0.0,0.0,0.0,162.6533665984526,0.026863303882531327,96.70789397711279,12477.310409795009,3.4659195582763895,7.562623096516201,183715.84724277025,1783556789715847.2,1783556789540919.8
201.0,6867.27029051266,24288.0,92.52505842868722,-982.652240400036,27.940390656816092,988.7889148571943,0.09252505842868722,-0.982652240400036,0.027940390656816083,0.9887889148571943,0.9887882761403861,0.9887882761403861,9.696700548212117,-0.011211723859613873,-0.10994945178788243,0.9073608642396855,0.9809237547644619,-0.07356289052477644,-0.031430427847937134,-9.636526593319013,-9.659550249999999,0.023023656680985966,0.00887773595289204,0.2740016320346653,0.279489525,-0.005487892965334584,-0.15092151119917052,0.09252505842868722,0.9073608642396855,-0.031430427847937134,-0.031430427847937134,0.13900022127344525,9.696700548212117,0.9887882761403861,43.66158706226377,-79.39616046279465,108.21894457428597,-128.16329265268303,-87.87241736290376,1.0,3.724931653153772,201.0,3.724931653153772,3.78402702296203,13.622497282663309,0.5948105542571402,3.00612196448693,-0.08105542571402381,3.78402702296203,13.622497282663309,0.043856543364883295,0.041196404820166,0.041196404820166,-2.1855340918622166,0.0,0.0,0.0,166.79226081597147,0.027558931719340457,99.21215418962565,12504.535852942467,3.4734821813729058,7.562623096516201,183876.27978299846,1783556789876279.8,1783556789810554.2
202.0,7096.405162499411,24288.0,86.38674175755224,-981.2318667135753,45.532699753729396,986.3858500527723,0.08638674175755225,-0.9812318667135753,0.045532699753729394,0.9863858500527722,0.9863652197854417,0.9863652197854417,9.672938482608902,-0.013634780214558304,-0.13371151739109818,0.8471645410566998,0.9867008705350017,-0.13953632947830186,-0.014709975000000042,-9.622597485706683,-9.661437825891667,0.038840340184984626,0.01282677142667068,0.4465232500399103,0.279489525,0.16703372503991026,-0.16671304999999997,0.08638674175755225,0.8471645410566998,-0.014709975000000042,-0.014709975000000042,0.1369152551092276,9.672938482608902,0.9863652197854417,43.6615784592749,-79.39615684512495,108.2,-127.87195536089847,-88.82339175245102,1.0,3.720581117561991,202.0,3.720581117561991,3.7979181101433213,13.672505196515957,0.595,3.720581117561991,-0.0923008330401488,3.7979181101433213,13.672505196515957,0.053581853281130284,0.04072579900347528,0.04072579900347528,-2.488749094085949,0.0,0.0,0.0,172.35748858678568,0.028486862696982633,102.55270570913748,12533.019532107372,3.481394314474268,7.6078644146763805,184034.8100434111,1783556790034810.0,1783556790076991.8
203.0,7464.279685198087,24288.0,94.41215358278725,-985.3740147524063,23.786422549866785,991.0457665964572,0.09441215358278726,-0.9853740147524063,0.023786422549866786,0.991045766596457,0.9910667143069543,0.9910667143069543,9.719044393858292,-0.008933285693045745,-0.08760560614170707,0.9258669459326407,0.9905090514160955,-0.06464210548345481,-0.014709975000000042,-9.663218081771685,-9.667784794026824,0.0045667122551393685,0.022981920442920918,0.23326512069865107,0.279489525,-0.04622440430134894,-0.16671304999999997,0.09441215358278726,0.9258669459326407,-0.014709975000000042,-0.014709975000000042,0.09851343109819652,9.719044393858292,0.9910667143069543,43.66156991609457,-79.39615296186116,108.2,-127.55922931104364,-89.76775490599145,1.0,3.7604508972531225,203.0,3.7604508972531225,3.8101601996595824,13.716576718774496,0.595,3.7604508972531225,-0.06641240779745669,3.8101601996595824,13.716576718774496,0.051816529545249,0.04072579900347528,0.04072579900347528,-1.7907077790954733,0.0,0.0,0.0,181.29242499409114,0.029963609130967836,107.86899287148421,12564.475789996894,3.490132163888024,7.759988207961955,184188.8461736051,1783556790188846.2,1783556790335876.0
204.0,7832.154207896763,24288.0,102.43756540802227,-989.5161627912373,2.0401453460041736,995.705683140142,0.10243756540802228,-0.9895161627912373,0.002040145346004177,0.9957056831401419,0.9957682088284668,0.9957682088284668,9.765150305107683,-0.004231791171533187,-0.04149969489231593,1.0045693508085816,0.9943172322971894,0.010252118511392239,-0.014709975000000042,-9.703838677836687,-9.67413176216198,-0.029706915674705875,0.03313706945917116,0.020006991357391812,0.279489525,-0.2594825336426082,-0.16671304999999997,0.10243756540802228,1.0045693508085816,-0.014709975000000042,-0.014709975000000042,0.060111607087165425,9.765150305107683,0.9957682088284668,43.66156137291424,-79.39614907859738,108.2,-127.2465032611888,-90.71211805953189,1.0,3.800320676944254,204.0,3.800320676944254,3.8224022891758436,13.760648241033037,0.595,3.800320676944254,-0.04052398255476457,3.8224022891758436,13.760648241033037,0.05005120580936772,0.04072579900347528,0.04072579900347528,-1.0926664641049977,0.0,0.0,0.0,190.22736140139656,0.031440355564953046,113.18528003383095,12595.932047886416,3.4988700133017807,7.91211200124753,184342.88230379912,1783556790342882.2,1783556790594760.2
205.0,8200.028730595439,24288.0,110.46297723325728,-993.6583108300683,-19.706131857858438,1000.3655996838268,0.11046297723325728,-0.9936583108300683,-0.019706131857858432,1.0003655996838268,1.0004697033499794,1.0004697033499794,9.811256216357075,0.000469703349979372,0.004606216357075199,1.0832717556845226,0.9981254131782833,0.08514634250623929,-0.014709975000000042,-9.74445927390169,-9.680478730297137,-0.06398054360455113,0.0432922184754214,-0.1932511379838674,0.279489525,-0.4727406629838674,-0.16671304999999997,0.11046297723325728,1.0832717556845226,-0.014709975000000042,-0.014709975000000042,0.02170978307613433,9.811256216357075,1.0004697033499794,43.661552829733914,-79.39614519533359,108.2,-126.93377721133396,-91.65648121307233,1.0,3.8401904566353857,205.0,3.8401904566353857,3.8346443786921047,13.804719763291576,0.595,3.8401904566353857,-0.014635557312072459,3.8346443786921047,13.804719763291576,0.04828588207348644,0.04072579900347528,0.04072579900347528,-0.39462514911452207,0.0,0.0,0.0,199.16229780870202,0.03291710199893825,118.50156719617769,12627.38830577594,3.507607862715537,8.064235794533104,184496.91843399315,1783556790496918.5,1783556790853644.5
206.0,10409.396406726892,24288.0,120.62387834941052,-955.6207568008982,-20.110027101515826,963.6207568008982,0.1206238783494105,-0.9556207568008982,-0.020110027101515826,0.9636207568008982,0.9635896591835391,0.9635896591835391,9.449586531232255,-0.036410340816460836,-0.35706346876774564,1.1829161566152464,0.9986138861868032,0.1843022704284432,-0.014709975000000042,-9.371438294681528,-9.687950507230791,0.3165122125492627,0.04903324999999903,-0.19721199727508015,0.28818656579120216,-0.4853985630662823,-0.16671304999999997,0.1206238783494105,1.1829161566152464,-0.014709975000000042,-0.014709975000000042,0.0,9.449586531232255,0.9635896591835391,43.6615443792432,-79.3961409633243,108.2,-126.59296607333438,-92.5905984565574,1.0,3.8603353425685185,206.0,3.8603353425685185,3.84396000421435,13.838256015171659,0.5976605540499158,0.43466791916190917,0.0,3.84396000421435,13.838256015171659,0.04433210683249459,0.03952898319311826,0.03952898319311826,0.0,0.0,0.0,0.0,252.82341992658274,0.041970994640146204,151.09558070452636,12813.195743889411,3.559221039969279,9.080385486869211,185249.3234467667,1783556791249323.5,1783556791113148.8
207.0,10658.773924478588,24288.0,115.1573565615341,-963.9506947633766,-34.16679741319804,971.9506947633766,0.11515735656153409,-0.9639506947633766,-0.03416679741319804,0.9719506947633766,0.9718133052777427,0.9718133052777427,9.530232950201976,-0.028186694722257273,-0.2764170497980243,1.1293078907241683,0.9947847243374406,0.13452316638672768,-0.014709975000000042,-9.453127080801266,-9.696885218212637,0.24375813741137103,0.04903324999999903,-0.3350618238521385,0.28563379122496035,-0.6206956150770989,-0.16671304999999997,0.11515735656153409,1.1293078907241683,-0.014709975000000042,-0.014709975000000042,0.0,9.530232950201976,0.9718133052777427,43.66153604930524,-79.39613627773419,108.2,-126.21562727681331,-93.51138979905846,1.0,3.8548258962150164,207.0,3.8548258962150164,3.849469450567852,13.858090022044268,0.5968796223659334,1.4346679191619067,0.0,3.849469450567852,13.858090022044268,0.037532016534291085,0.03677558052041903,0.03677558052041903,0.0,0.0,0.0,0.0,258.8803010777359,0.042917789765046094,154.50404315416594,12855.550318841495,3.5709861996781913,9.868426329113603,185404.20823075654,1783556791404208.2,1783556791373459.2
208.0,10908.151442230283,24288.0,109.69083477365768,-972.280632725855,-48.223567724880255,980.280632725855,0.10969083477365768,-0.972280632725855,-0.048223567724880255,0.980280632725855,0.9800369513719462,0.9800369513719462,9.610879369171696,-0.01996304862805371,-0.19577063082830296,1.07569962483309,0.9909555624880778,0.08474406234501214,-0.014709975000000042,-9.534815866921004,-9.705819929194485,0.1710040622734794,0.04903324999999903,-0.47291165042919686,0.28308101665871854,-0.7559926670879156,-0.16671304999999997,0.10969083477365768,1.07569962483309,-0.014709975000000042,-0.014709975000000042,0.0,9.610879369171696,0.9800369513719462,43.66152771936728,-79.39613159214409,108.2,-125.83828848029223,-94.43218114155952,1.0,3.849316449861514,208.0,3.849316449861514,3.8549788969213545,13.877924028916876,0.5960986906819511,2.434667919161904,0.0,3.8549788969213545,13.877924028916876,0.03073192623608757,0.03402217784771979,0.03402217784771979,0.0,0.0,0.0,0.0,264.9371822288891,0.04386458488994599,157.91250560380556,12897.904893793579,3.582751359387103,10.656467171357994,185559.09301474635,1783556791559093.0,1783556791633769.8
209.0,11157.528959981979,24288.0,104.22431298578127,-980.6105706883333,-62.28033803656247,988.6105706883333,0.10422431298578125,-0.9806105706883333,-0.062280338036562466,0.9886105706883334,0.9882605974661498,0.9882605974661498,9.691525788141417,-0.011739402533850151,-0.11512421185858163,1.0220913589420118,0.9871264006387152,0.03496495830329663,-0.014709975000000042,-9.616504653040742,-9.71475464017633,0.09824998713558775,0.04903324999999903,-0.6107614770062553,0.2805282420924768,-0.8912897190987321,-0.16671304999999997,0.10422431298578125,1.0220913589420118,-0.014709975000000042,-0.014709975000000042,0.0,9.691525788141417,0.9882605974661498,43.66151938942931,-79.39612690655399,108.2,-125.46094968377115,-95.35297248406059,1.0,3.8438070035080116,209.0,3.8438070035080116,3.8604883432748567,13.897758035789483,0.5953177589979687,3.4346679191619014,0.0,3.8604883432748567,13.897758035789483,0.02393183593788406,0.03126877517502055,0.03126877517502055,0.0,0.0,0.0,0.0,270.9940633800423,0.04481138001484588,161.32096805344514,12940.259468745662,3.5945165190960155,11.444508013602386,185713.9777987362,1783556791713977.8,1783556791894080.2
210.0,14425.07998701444,24288.0,133.77288078306293,-955.4677144343838,-3.84671460783148,965.1639525213625,0.13377288078306296,-0.9554677144343837,-0.0038467146078314807,0.9651639525213624,0.965326005978103,0.965326005978103,9.466614276525162,-0.03467399402189701,-0.3400357234748363,1.3118638213312244,0.985568325,0.32629549633122423,0.01470997499999993,-9.369937461757948,-9.742906774999998,0.37296931324205,0.04903324999999903,-0.03772338380889059,0.24665569338216523,-0.2843790771910558,-0.42658927499999993,0.13377288078306296,1.3118638213312244,0.01470997499999993,0.01470997499999993,0.041935495552107876,9.466614276525162,0.965326005978103,43.66151113980939,-79.39612196238087,108.2,-125.06278674324297,-96.26488547002643,1.0,3.8512073183466846,210.0,3.8512073183466846,3.8691576709857016,13.928967615548526,0.595,0.5931026945297636,0.0,3.8691576709857016,13.928967615548526,0.024377901473989393,0.027718769301463844,0.027718769301463844,0.0,0.0,0.0,0.0,350.3563427246067,0.0579061177558725,208.46202392114097,13196.743126336914,3.6657619795380296,12.577487946788267,186462.36916912385,1783556792462369.2,1783556792151881.0
211.0,15096.26221344161,24288.0,123.27365480690345,-964.6865469988164,-23.82085183076904,973.8706277211045,0.12327365480690347,-0.9646865469988164,-0.023820851830769048,0.9738706277211044,0.973810710149893,0.973810710149893,9.549820800691446,-0.02618928985010705,-0.2568291993085522,1.2089015869121198,0.985568325,0.2233332619121198,0.01470997499999993,-9.460343326125942,-9.742906774999998,0.2825634488740559,0.04903324999999903,-0.23360275660621121,0.24916696739238728,-0.48276972399859847,-0.42658927499999993,0.12327365480690347,1.2089015869121198,0.01470997499999993,0.01470997499999993,0.02927360978628238,9.549820800691446,0.973810710149893,43.66150294529156,-79.39611684080722,108.2,-124.65033742674085,-97.17070747143848,1.0,3.8674643574791583,211.0,3.8674643574791583,3.8799948310496406,13.967981391778705,0.595,1.5931026945297666,0.0,3.8799948310496406,13.967981391778705,0.02979518246939284,0.023622254873912348,0.023622254873912348,0.0,0.0,0.0,0.0,366.65801664006983,0.060600422194678205,218.16151990084154,13258.352133994318,3.682875592776197,13.947112879145372,186614.73598511933,1783556792614736.0,1783556792407959.8
212.0,15767.444439868783,24288.0,112.77442883074397,-973.9053795632492,-43.7949890537066,982.5773029208465,0.11277442883074397,-0.9739053795632492,-0.04379498905370661,0.9825773029208464,0.9822954143216829,0.9822954143216829,9.633027324857732,-0.01770458567831708,-0.17362267514226817,1.1059393524930154,0.985568325,0.12037102749301531,0.01470997499999993,-9.550749190493937,-9.742906774999998,0.1921575845060617,0.04903324999999903,-0.4294821294035319,0.25167824140260936,-0.6811603708061411,-0.42658927499999993,0.11277442883074397,1.1059393524930154,0.01470997499999993,0.01470997499999993,0.01661172402045688,9.633027324857732,0.9822954143216829,43.66149475077372,-79.39611171923357,108.2,-124.23788811023871,-98.07652947285054,1.0,3.8837213966116324,212.0,3.8837213966116324,3.890831991113579,14.006995168008885,0.595,2.5931026945297697,0.0,3.890831991113579,14.006995168008885,0.035212463464796284,0.019525740446360847,0.019525740446360847,0.0,0.0,0.0,0.0,382.959690555533,0.06329472663348393,227.8610158805421,13319.961141651722,3.6999892060143647,15.316737811502476,186767.10280111482,1783556792767102.8,1783556792664038.2
213.0,16438.626666295953,24288.0,102.27520285458448,-983.124212127682,-63.76912627664416,991.2839781205885,0.10227520285458448,-0.9831242121276819,-0.06376912627664416,0.9912839781205884,0.9907801184934729,0.9907801184934729,9.716233849024016,-0.009219881506527118,-0.0904161509759841,1.0029771180739109,0.985568325,0.017408793073910855,0.01470997499999993,-9.64115505486193,-9.742906774999998,0.10175172013806755,0.04903324999999903,-0.6253615022008525,0.2541895154128314,-0.8795510176136838,-0.42658927499999993,0.10227520285458448,1.0029771180739109,0.01470997499999993,0.01470997499999993,0.003949838254631383,9.716233849024016,0.9907801184934729,43.66148655625589,-79.39610659765994,108.2,-123.82543879373658,-98.98235147426259,1.0,3.899978435744106,213.0,3.899978435744106,3.9016691511775177,14.046008944239063,0.595,3.593102694529773,0.0,3.9016691511775177,14.046008944239063,0.04062974446019973,0.015429226018809347,0.015429226018809347,0.0,0.0,0.0,0.0,399.2613644709961,0.06598903107228964,237.56051186024268,13381.570149309126,3.7171028192525326,16.68636274385958,186919.4696171103,1783556792919469.5,1783556792920117.0
214.0,17248.61045413158,24288.0,99.52762265370271,-981.4272703345765,-62.43740863026124,988.8996476808738,0.09952762265370271,-0.9814272703345766,-0.06243740863026124,0.9888996476808738,0.9885647020851459,0.9885647020851459,9.694508035703295,-0.011435297914854085,-0.11214196429670381,0.9760325606969336,0.985568325,-0.009535764303066421,0.01470997499999993,-9.624513740626574,-9.742906774999998,0.11839303437342424,0.05248272379795502,-0.6123018133439514,0.24721158395459952,-0.8595133972985509,-0.42227743275255525,0.09952762265370271,0.9760325606969336,0.01470997499999993,0.01470997499999993,0.0,9.694508035703295,0.9885647020851459,43.66147854789924,-79.396100954893,108.1824125782099,-123.37101686623377,-99.86759521738124,1.0,3.9063051200885157,214.0,3.9063051200885157,3.9050497715830215,14.058179177698877,0.5958793710895045,3.9063051200885157,-0.017587421790091647,3.9050497715830215,14.058179177698877,0.03487671418654727,0.014151330317028199,0.014151330317028199,-0.44955467073352134,0.0,0.0,0.0,418.9342507099478,0.06935955223257029,249.69438803725302,13452.209962948093,3.7367249897078016,17.16923977422558,187072.52453074054,1783556793072524.5,1783556793175874.2
215.0,18121.523618368014,24288.0,100.29445705859563,-974.7813721588379,-51.44611549346278,981.4869151002423,0.10029445705859562,-0.974781372158838,-0.05144611549346278,0.9814869151002423,0.9814981016649997,0.9814981016649997,9.625208358693069,-0.018501898335000287,-0.18144164130693055,0.9835526373136767,0.985568325,-0.002015687686323313,0.01470997499999993,-9.559339743281466,-9.742906774999998,0.1835670317185313,0.05749610820911746,-0.5045140485039667,0.23593146902948486,-0.7404455175334516,-0.41601070223860265,0.10029445705859562,0.9835526373136767,0.01470997499999993,0.01470997499999993,0.0,9.625208358693069,0.9814981016649997,43.66147062394373,-79.39609507582922,108.15685143138015,-122.89756554014652,-100.74350926025244,1.0,3.908129614198821,215.0,3.908129614198821,3.9050497715830215,14.058179177698877,0.5971574284309926,3.908129614198821,-0.04314856861985769,3.9050497715830215,14.058179177698877,0.02405932645731779,0.014151330317028199,0.014151330317028199,-1.1029268979863247,0.0,0.0,0.0,440.13556564292236,0.0730366542134297,262.9319551683469,13526.944132464978,3.7574844812402697,17.250086078634425,187225.89141171912,1783556793225891.5,1783556793431485.8
216.0,18994.43678260445,24288.0,101.06129146348853,-968.1354739830994,-40.454822356664316,974.0741825196108,0.10106129146348854,-0.9681354739830993,-0.04045482235666431,0.9740741825196108,0.9744315012448536,0.9744315012448536,9.555908681682842,-0.02556849875514649,-0.2507413183171573,0.9910727139304198,0.985568325,0.005504388930419792,0.01470997499999993,-9.49416574593636,-9.742906774999998,0.24874102906363837,0.06250949262027988,-0.3967262836639821,0.2246513541043702,-0.6213776377683522,-0.40974397172465005,0.10106129146348854,0.9910727139304198,0.01470997499999993,0.01470997499999993,0.0,9.555908681682842,0.9744315012448536,43.66146269998821,-79.39608919676546,108.13129028455037,-122.42411421405924,-101.61942330312364,1.0,3.9099541083091256,216.0,3.9099541083091256,3.9050497715830215,14.058179177698877,0.5984354857724808,3.9099541083091256,-0.06870971544962373,3.9050497715830215,14.058179177698877,0.013241938728088317,0.014151330317028199,0.014151330317028199,-1.7562991252391282,0.0,0.0,0.0,461.3368805758969,0.07671375619428912,276.1695222994408,13601.678301981863,3.7782439727727377,17.330932383043272,187379.25829269772,1783556793379258.2,1783556793687097.2
217.0,19867.349946840885,24288.0,101.82812586838145,-961.4895758073608,-29.463529219865855,966.6614499389793,0.10182812586838144,-0.9614895758073607,-0.02946352921986585,0.9666614499389793,0.9673649008247073,0.9673649008247073,9.486609004672616,-0.03263509917529269,-0.32004099532738406,0.9985927905471629,0.985568325,0.0130244655471629,0.01470997499999993,-9.428991748591253,-9.742906774999998,0.31391502640874547,0.06752287703144232,-0.2889385188239974,0.21337123917925555,-0.502309758003253,-0.40347724121069745,0.10182812586838144,0.9985927905471629,0.01470997499999993,0.01470997499999993,0.0,9.486609004672616,0.9673649008247073,43.6614547760327,-79.39608331770168,108.10572913772062,-121.95066288797197,-102.49533734599486,1.0,3.9117786024194308,217.0,3.9117786024194308,3.9050497715830215,14.058179177698877,0.5997135431139691,3.9117786024194308,-0.09427086227938979,3.9050497715830215,14.058179177698877,0.0024245509988588473,0.014151330317028199,0.014151330317028199,-2.4096713524919315,0.0,0.0,0.0,482.53819550887147,0.08039085817514853,289.4070894305347,13676.412471498747,3.7990034643052053,17.411778687452117,187532.6251736763,1783556793532625.2,1783556793942708.5
218.0,17996.1218883583,24288.0,36.14598099950173,-980.5341161391681,51.990686379224435,983.332253415013,0.03614598099950174,-0.9805341161391681,0.05199068637922444,0.983332253415013,0.9826613077832852,0.9826613077832852,9.636615513972954,-0.017338692216714798,-0.17003448602704618,0.3544709845687637,0.985568325,-0.6310973404312363,0.01470997499999993,-9.615754890036172,-9.733100125,0.1173452349638281,0.06864655000000042,0.5098544645808213,0.210842975,0.2990114895808213,-0.3545623199879423,0.03614598099950174,0.3544709845687637,0.01470997499999993,0.01470997499999993,0.0,9.636615513972954,0.9826613077832852,43.661447145981,-79.39607675156918,108.1,-121.42188071057107,-103.33876326034704,1.0,3.898328089786839,218.0,3.898328089786839,3.906490619889883,14.06336623160358,0.5932018627241551,0.7758653882482627,0.0,3.906490619889883,14.06336623160358,0.0014408483068617808,0.012015128382244944,0.012015128382244944,0.0,0.0,0.0,0.0,437.08980842444635,0.07202158410107952,259.2777027638863,14005.480116784645,3.8904111435512885,17.11361323816763,188279.90645814815,1783556794279906.5,1783556794201862.8
219.0,17677.924794659993,24288.0,28.60083323396553,-999.2668967984304,50.68979883344233,1001.8048565651188,0.028600833233965527,-0.9992668967984304,0.05068979883344233,1.001804856565119,1.0010887612784969,1.0010887612784969,9.817327100791772,0.001088761278496872,0.010677100791771366,0.28047836123386805,0.985568325,-0.705089963766132,0.01470997499999993,-9.799460713488326,-9.733100125,-0.06636058848832666,0.06864655000000042,0.4970971157299772,0.210842975,0.28625414072997724,-0.29332704550389077,0.028600833233965527,0.28047836123386805,0.01470997499999993,0.01470997499999993,0.0,9.817327100791772,1.0010887612784969,43.66143960083323,-79.39606998695393,108.1,-120.87711437011183,-104.17280389449152,1.0,3.8804648816561866,219.0,3.8804648816561866,3.9083477053182136,14.070051739145569,0.5934620402333115,1.7758653882482618,0.0,3.9083477053182136,14.070051739145569,0.00329793373519221,0.009261813223276018,0.009261813223276018,0.0,0.0,0.0,0.0,429.36143741270195,0.07077842538626927,254.80233139056935,14069.366382953258,3.9081573285981253,17.11361323816763,188434.45189858705,1783556794434452.0,1783556794462040.2
220.0,17359.727700961692,24288.0,21.055685468429324,-1017.9996774576928,49.38891128766023,1020.2774597152247,0.02105568546842932,-1.0179996774576927,0.04938891128766023,1.0202774597152249,1.0195162147737085,1.0195162147737085,9.998038687610588,0.019516214773708546,0.19138868761058897,0.2064857378989724,0.985568325,-0.7790825871010276,0.01470997499999993,-9.983166536940482,-9.733100125,-0.2500664119404814,0.06864655000000042,0.48433976687913316,0.210842975,0.27349679187913317,-0.2320917710198392,0.02105568546842932,0.2064857378989724,0.01470997499999993,0.01470997499999993,0.0,9.998038687610588,1.0195162147737085,43.66143205568547,-79.3960632223387,108.1,-120.33234802965258,-105.00684452863602,1.0,3.8626016735255346,220.0,3.8626016735255346,3.910204790746544,14.076737246687559,0.5937222177424679,2.7758653882482607,0.0,3.910204790746544,14.076737246687559,0.005155019163522639,0.0065084980643070915,0.0065084980643070915,0.0,0.0,0.0,0.0,421.63306640095755,0.06953526667145901,250.32696001725245,14133.252649121872,3.9259035136449625,17.11361323816763,188588.99733902595,1783556794588997.2,1783556794722217.8
221.0,17041.53060726339,24288.0,13.510537702893117,-1036.732458116955,48.088023741878125,1038.7500628653306,0.013510537702893115,-1.036732458116955,0.04808802374187812,1.0387500628653308,1.0379436682689203,1.0379436682689203,10.178750274429406,0.03794366826892022,0.37210027442940646,0.13249311456407675,0.985568325,-0.8530752104359234,0.01470997499999993,-10.166872360392636,-9.733100125,-0.4337722353926361,0.06864655000000042,0.4715824180282891,0.210842975,0.2607394430282891,-0.17085649653578766,0.013510537702893115,0.13249311456407675,0.01470997499999993,0.01470997499999993,0.0,10.178750274429406,1.0379436682689203,43.6614245105377,-79.39605645772346,108.1,-119.78758168919335,-105.84088516278052,1.0,3.844738465394882,221.0,3.844738465394882,3.9120618761748744,14.083422754229549,0.5939823952516243,3.77586538824826,0.0,3.9120618761748744,14.083422754229549,0.007012104591853068,0.003755182905338165,0.003755182905338165,0.0,0.0,0.0,0.0,413.9046953892132,0.06829210795664876,245.85158864393554,14197.138915290485,3.9436496986917993,17.11361323816763,188743.5427794649,1783556794743542.8,1783556794982395.2
222.0,14780.933622416245,24288.0,89.95372688378802,-1021.9259863019595,6.648114725700999,1026.0833964047256,0.08995372688378801,-1.0219259863019594,0.006648114725700999,1.0260833964047256,1.026310716908236,1.026310716908236,10.06466999196815,0.026310716908235915,0.2580199919681517,0.8821447157448997,0.9968732052647128,-0.11472848951981304,0.01470997499999993,-10.021670473568111,-9.725154903950996,-0.29651556961711506,-0.03432327500000021,0.06519573427479572,0.20330638815685814,-0.13811065388206245,-0.14060732369613144,0.08995372688378801,0.8821447157448997,0.01470997499999993,0.01470997499999993,0.0,10.06466999196815,1.026310716908236,43.6614172870214,-79.39604905553938,108.1,-119.19147081129366,-106.63937265441918,1.0,3.8861573527468507,222.0,3.8861573527468507,3.8982404472841243,14.033665610222847,0.5960833381849788,0.9323356256553285,0.0,3.8982404472841243,14.033665610222847,-0.0084615881270952,0.0027427496436337466,0.0027427496436337466,0.0,0.0,0.0,0.0,358.9993158212458,0.0594113269102847,213.8807768770249,14466.946135770733,4.0185961488252016,16.300737271356123,189487.5836583936,1783556795487583.8,1783556795231482.0
223.0,14061.164518761034,24288.0,100.62984673793568,-1049.733554294158,-8.745360412837492,1055.13237368229,0.10062984673793568,-1.0497335542941582,-0.00874536041283749,1.0551323736822902,1.055144089320517,1.055144089320517,10.347428783535047,0.05514408932051698,0.5407787835350477,0.9868416865125769,0.9932209853542124,-0.0063792988416355445,0.01470997499999993,-10.294369560218804,-9.716633057493162,-0.5777365027256437,-0.03432327500000021,-0.08576268869255274,0.20574120143052504,-0.29150389012307787,-0.11260697104896197,0.10062984673793568,0.9868416865125769,0.01470997499999993,0.01470997499999993,0.0,10.347428783535047,1.055144089320517,43.661410086847546,-79.39604160708367,108.1,-118.59163359718379,-107.43527987230507,1.0,3.9318786455741583,223.0,3.9318786455741583,3.8832811482607075,13.979812133738546,0.5983178748986376,1.9323356256553301,0.0,3.8832811482607075,13.979812133738546,-0.025193064232168702,0.00185666110280554,0.00185666110280554,0.0,0.0,0.0,0.0,341.517563831668,0.05671608277226409,204.1778979801507,14512.592015361379,4.031275559822603,15.42886672984362,189637.29761820871,1783556795637297.5,1783556795479764.0
224.0,13341.395415105824,24288.0,111.30596659208334,-1077.5411222863565,-24.138835551375983,1084.1813509598546,0.11130596659208333,-1.0775411222863567,-0.02413883555137598,1.0841813509598548,1.083977461732798,1.083977461732798,10.630187575101944,0.08397746173279805,0.8235375751019438,1.0915386572802541,0.9895687654437121,0.10196989183654193,0.01470997499999993,-10.5670686468695,-9.708111211035327,-0.8589574358341724,-0.03432327500000021,-0.2367211116599012,0.20817601470419195,-0.4448971263640932,-0.0846066184017925,0.11130596659208333,1.0915386572802541,0.01470997499999993,0.01470997499999993,0.0,10.630187575101944,1.083977461732798,43.66140288667369,-79.39603415862797,108.1,-117.99179638307392,-108.23118709019097,1.0,3.9775999384014655,224.0,3.9775999384014655,3.86832184923729,13.925958657254245,0.6005524116122964,2.932335625655332,0.0,3.86832184923729,13.925958657254245,-0.04192454033724221,0.0009705725619773334,0.0009705725619773334,0.0,0.0,0.0,0.0,324.03581184209025,0.05402083863424348,194.47501908327652,14558.237894952023,4.043954970820004,14.556996188331118,189787.01157802387,1783556795787011.5,1783556795728045.8
225.0,12621.626311450613,24288.0,121.98208644623101,-1105.3486902785553,-39.53231068991447,1113.2303282374191,0.12198208644623101,-1.1053486902785552,-0.039532310689914474,1.1132303282374194,1.112810834145079,1.112810834145079,10.912946366668839,0.11281083414507911,1.10629636666884,1.1962356280479312,0.9859165455332117,0.21031908251471942,0.01470997499999993,-10.839767733520192,-9.699589364577491,-1.140178368942701,-0.03432327500000021,-0.3876795346272496,0.21061082797785885,-0.5982903626051086,-0.05660626575462302,0.12198208644623101,1.1962356280479312,0.01470997499999993,0.01470997499999993,0.0,10.912946366668839,1.112810834145079,43.66139568649984,-79.39602671017225,108.1,-117.39195916896405,-109.02709430807687,1.0,4.023321231228772,225.0,4.023321231228772,3.8533625502138733,13.872105180769942,0.6027869483259554,3.932335625655334,0.0,3.8533625502138733,13.872105180769942,-0.05865601644231572,8.448402114912684e-05,8.448402114912684e-05,0.0,0.0,0.0,0.0,306.55405985251247,0.051325594496222864,184.7721401864023,14603.883774542666,4.056634381817405,13.685125646818616,189936.725537839,1783556795936725.5,1783556795976327.5
226.0,12493.581119305845,24288.0,99.98399087736274,-1087.0977060008702,-27.61313755111915,1093.218848113308,0.09998399087736275,-1.0870977060008702,-0.02761313755111915,1.093218848113308,1.0929836504387747,1.0929836504387747,10.718508115575409,0.0929836504387747,0.9118581155754097,0.9805080041374893,0.9890230690693241,-0.008515064931834876,0.007800486861351653,-10.660786718553434,-9.689564199148467,-0.9712225194049667,-0.051596995346621204,-0.27079237536568257,0.210842975,-0.48163535036568256,-0.04011759872270342,0.09998399087736275,0.9805080041374893,0.007800486861351653,0.007800486861351653,-0.01159310090377228,10.718508115575409,1.0929836504387747,43.66138865885463,-79.39601895428292,108.1,-116.76736378603907,-109.80393020937679,1.0,3.9864057107037363,226.0,3.9864057107037363,3.8519362573810043,13.866970526571615,0.601355999348383,3.9864057107037363,0.0,3.8519362573810043,13.866970526571615,-0.046100828864526364,-0.006795673601132189,0.006795673601132189,0.0,0.0,0.0,0.0,303.4440982257004,0.05069046070273103,182.4856585298317,14650.052317592905,4.069458977109138,13.512504837246931,190090.97491262338,1783556796090975.0,1783556796234857.2
227.0,12427.899866269736,24288.0,74.54224068946323,-1063.9924430751248,-12.815384890810243,1068.0367076212033,0.07454224068946322,-1.0639924430751249,-0.012815384890810244,1.0680367076212034,1.068027953417829,1.068027953417829,10.473776329384952,0.06802795341782893,0.6671263293849521,0.7310096646573245,0.9928419212042247,-0.2618322565469001,0.00016278259155069578,-10.434201491882671,-9.679380593455399,-0.7548208984272724,-0.07069125602112393,-0.12567599423946424,0.210842975,-0.3365189692394642,-0.0248421901831015,0.07454224068946322,0.7310096646573245,0.00016278259155069578,0.00016278259155069578,-0.024408040953773885,10.473776329384952,1.068027953417829,43.661381649392844,-79.39601116599205,108.1,-116.14015904949092,-110.57875611513121,1.0,3.940780795314321,227.0,3.940780795314321,3.8519362573810043,13.866970526571615,0.5995387314778188,3.940780795314321,0.0,3.8519362573810043,13.866970526571615,-0.030459013088880913,-0.014307568004600252,0.014307568004600252,0.0,0.0,0.0,0.0,301.84883195195937,0.05027244944490852,180.98081800167066,14696.275946049585,4.08229887390266,13.41358050479274,190245.70229131714,1783556796245702.2,1783556796494467.0
228.0,12362.218613233628,24288.0,49.1004905015637,-1040.8871801493792,1.9823677694986657,1042.8545671290988,0.049100490501563704,-1.0408871801493793,0.001982367769498658,1.0428545671290987,1.0430722563968833,1.0430722563968833,10.229044543194494,0.04307225639688317,0.4223945431944943,0.48151132517715967,0.9966607733391251,-0.5151494481619654,-0.0074749216782502605,-10.20761626521191,-9.669196987762332,-0.5384192774495781,-0.08978551669562665,0.01944038688675409,0.210842975,-0.1914025881132459,-0.009566781643499576,0.049100490501563704,0.48151132517715967,-0.0074749216782502605,-0.0074749216782502605,-0.037222981003775496,10.229044543194494,1.0430722563968833,43.66137463993106,-79.39600337770118,108.1,-115.51295431294277,-111.35358202088564,1.0,3.8951558799249058,228.0,3.8951558799249058,3.8519362573810043,13.866970526571615,0.5977214636072545,3.8951558799249058,0.0,3.8519362573810043,13.866970526571615,-0.014817197313235456,-0.021819462408068317,0.021819462408068317,0.0,0.0,0.0,0.0,300.2535656782184,0.04985443818708599,179.47597747350957,14742.499574506266,4.095138770696184,13.31465617233855,190400.4296700109,1783556796400429.8,1783556796754076.8
229.0,14233.004267141352,24288.0,197.50923021454565,-942.7792352401422,-13.789402394779165,963.5287667700965,0.19750923021454564,-0.9427792352401421,-0.013789402394779165,0.9635287667700965,0.9636388111876375,0.9636388111876375,9.450068547733244,-0.036361188812362534,-0.35658145226675503,1.936903892483474,1.0001418412987904,0.9367620511846837,0.01532403915544332,-9.245505987267737,-9.659823167402418,0.41431718013467983,-0.10951065441451711,-0.13522784299476107,0.2557916522072578,-0.3910194952020189,0.004903324999999986,0.19750923021454564,1.936903892483474,0.01532403915544332,0.01532403915544332,0.04946198493951814,9.450068547733244,0.9636388111876375,43.661367652127126,-79.39599555472272,108.1,-114.88295612469017,-112.12601386737313,1.0,3.851055736829254,229.0,3.851055736829254,3.851055736829254,13.863800652585315,0.5989582552549924,0.05271884506490217,0.0,3.851055736829254,13.863800652585315,-0.0008805205517501256,-0.02935453411566961,0.02935453411566961,0.0,0.0,0.0,0.0,345.6912076403292,0.05751556646686694,207.05603928072097,14996.22778189813,4.165618828305034,12.837663647310508,191154.29328934153,1783556797154293.2,1783556797013915.0
230.0,13853.714227042203,24288.0,150.26294129474897,-957.5601971368383,9.173877694730947,973.5587051999975,0.15026294129474896,-0.9575601971368383,0.00917387769473095,0.9735587051999973,0.9735895524219741,0.9735895524219741,9.54765198425895,-0.02641044757802595,-0.2589980157410482,1.47357607324815,0.9975534177276433,0.4760226555205067,0.026971945225605073,-9.390457707251974,-9.665000014544711,0.274542307292738,-0.1405717372682817,0.08996500769503327,0.2713221936341402,-0.18135718593910694,0.004903324999999986,0.15026294129474896,1.47357607324815,0.026971945225605073,0.026971945225605073,0.05604172743768608,9.54765198425895,0.9735895524219741,43.661361053483425,-79.39598710845878,108.1,-114.2027636623866,-112.85542794242448,1.0,3.834353539528344,230.0,3.834353539528344,3.834353539528344,13.803672742302037,0.5981664180105265,1.0527188450649034,0.0,3.834353539528344,13.803672742302037,-0.017582717852660603,-0.037306068350107,0.037306068350107,0.0,0.0,0.0,0.0,336.47901114640104,0.055914292898958946,201.2914544362522,15045.194971959816,4.179220825544392,12.795304103784915,191311.60495524207,1783556797311605.0,1783556797277860.8
231.0,13474.424186943053,24288.0,103.0166523749523,-972.3411590335345,32.13715778424106,983.5886436298983,0.10301665237495229,-0.9723411590335345,0.03213715778424106,0.9835886436298983,0.9835402936563107,0.9835402936563107,9.645235420784658,-0.01645970634368937,-0.16141457921534136,1.010248254012826,0.9949649941564962,0.015283259856329723,0.038619851295766824,-9.53540942723621,-9.670176861687006,0.13476743445079614,-0.1716328201220463,0.31515785838482757,0.2868527350610226,0.02830512332380497,0.004903324999999986,0.10301665237495229,1.010248254012826,0.038619851295766824,0.038619851295766824,0.06262146993585402,9.645235420784658,0.9835402936563107,43.66135445483972,-79.39597866219484,108.1,-113.52257120008304,-113.58484201747584,1.0,3.817651342227433,231.0,3.817651342227433,3.817651342227433,13.74354483201876,0.5973745807660606,2.0527188450649048,0.0,3.817651342227433,13.74354483201876,-0.034284915153571086,-0.045257602584544386,0.045257602584544386,0.0,0.0,0.0,0.0,327.2668146524729,0.054313019331050955,195.52686959178342,15094.162162021505,4.192822822783749,12.752944560259321,191468.91662114262,1783556797468916.5,1783556797541806.5
232.0,13095.134146843902,24288.0,55.77036345515563,-987.1221209302306,55.100437873751176,993.6185820597993,0.0557703634551556,-0.9871221209302307,0.05510043787375117,0.9936185820597992,0.9934910348906472,0.9934910348906472,9.742818857310365,-0.006508965109352789,-0.06383114268963452,0.5469204347775019,0.9923765705853491,-0.44545613580784726,0.05026775736592858,-9.680361147220445,-9.6753537088293,-0.005007438391145702,-0.2026939029758109,0.5403507090746219,0.302383276487905,0.23796743258671693,0.004903324999999986,0.0557703634551556,0.5469204347775019,0.05026775736592858,0.05026775736592858,0.06920121243402196,9.742818857310365,0.9934910348906472,43.661347856196016,-79.3959702159309,108.1,-112.84237873777948,-114.31425609252719,1.0,3.800949144926523,232.0,3.800949144926523,3.800949144926523,13.683416921735482,0.5965827435215948,3.052718845064906,0.0,3.800949144926523,13.683416921735482,-0.050987112454481565,-0.053209136818981775,0.053209136818981775,0.0,0.0,0.0,0.0,318.0546181585447,0.05271174576314296,189.76228474731465,15143.129352083191,4.2064248200231065,12.710585016733727,191626.22828704317,1783556797626228.2,1783556797805752.2
233.0,2.8512805233837635,24288.0,109.55384157015129,-1011.9333531960111,43.653811776134674,1019.7846337193948,0.10955384157015129,-1.011933353196011,0.04365381177613468,1.0197846337193948,1.0188547768782112,1.0188547768782112,9.991552197672709,0.01885477687821118,0.18490219767270968,1.0743561804339241,0.974667845108481,0.09968833532544306,0.058839899999999834,-9.923676218119661,-9.679163549999998,-0.2445126681196629,-0.22555295000000086,0.4280976532544311,0.34469118985535857,0.08340646339907251,-0.05393657499999999,0.10955384157015129,1.0743561804339241,0.058839899999999834,0.058839899999999834,0.0,9.991552197672709,1.0188547768782112,43.66134136408576,-79.39596162048838,108.1,-112.15017266231222,-115.0318939602615,1.0,3.770995275627562,233.0,3.770995275627562,3.770995275627562,13.575582992259223,0.6005538415701512,0.2640614903282597,0.0,3.770995275627562,13.575582992259223,-0.07623557911238296,-0.05926205420126022,0.05926205420126022,0.0,0.0,0.0,0.0,0.06925190135194484,1.155821011571519e-05,0.04160955641657468,15179.211058823352,4.216447516339818,11.736658907449472,192387.24404429333,1783556798387244.0,1783556798074359.8
234.0,2.288080351971564,24288.0,107.86424105591469,-1019.2549554243697,30.98180791936019,1026.5430357763412,0.10786424105591469,-1.0192549554243697,0.03098180791936019,1.0265430357763412,1.025655395692288,1.025655395692288,10.058243486165775,0.025655395692287926,0.2515934861657754,1.0577868595509856,0.9705255148877464,0.08726134466323927,0.058839899999999834,-9.995476608612394,-9.679163549999998,-0.3163130586123958,-0.22555295000000086,0.3038277466323936,0.35021429681633803,-0.046386550183944414,-0.05393657499999999,0.10786424105591469,1.0577868595509856,0.058839899999999834,0.058839899999999834,0.0,10.058243486165775,1.025655395692288,43.66133516888387,-79.39595260928563,108.1,-111.42448468626004,-115.71671157672887,1.0,3.7041090398226775,234.0,3.7041090398226775,3.7041090398226775,13.334792543361639,0.5988642410559146,1.2640614903282599,0.0,3.7041090398226775,13.334792543361639,-0.1253024705092288,-0.06002353262786762,0.06002353262786762,0.0,0.0,0.0,0.0,0.05557289558868535,9.263176926546096e-06,0.033347436935565945,15179.215128327567,4.216448646757655,8.166459827001578,192554.79609528845,1783556798554796.0,1783556798355959.8
235.0,1.7248801805593645,24288.0,106.17464054167809,-1026.5765576527283,18.3098040625857,1033.3014378332875,0.10617464054167809,-1.0265765576527284,0.018309804062585703,1.0333014378332877,1.0324560145063646,1.0324560145063646,10.12493477465884,0.03245601450636468,0.3182847746588412,1.0412175386680473,0.9663831846670118,0.07483435400103548,0.058839899999999834,-10.067276999105127,-9.679163549999998,-0.3881134491051286,-0.22555295000000086,0.17955784001035607,0.35573740377731744,-0.17617956376696137,-0.05393657499999999,0.10617464054167809,1.0412175386680473,0.058839899999999834,0.058839899999999834,0.0,10.12493477465884,1.0324560145063646,43.66132897368199,-79.3959435980829,108.1,-110.69879671020787,-116.40152919319625,1.0,3.6372228040177927,235.0,3.6372228040177927,3.6372228040177927,13.094002094464054,0.597174640541678,2.26406149032826,0.0,3.6372228040177927,13.094002094464054,-0.17436936190607463,-0.06078501105447502,0.06078501105447502,0.0,0.0,0.0,0.0,0.04189388982542585,6.968143737377003e-06,0.02508531745455721,15179.219197831782,4.216449777175493,4.596260746553682,192722.3481462836,1783556798722348.2,1783556798637560.0
236.0,1.1616800091471653,24288.0,104.4850400274415,-1033.898159881087,5.637800205811217,1040.0598398902341,0.1044850400274415,-1.0338981598810868,0.005637800205811221,1.040059839890234,1.0392566333204414,1.0392566333204414,10.191626063151906,0.03925663332044142,0.3849760631519069,1.024648217785109,0.9622408544462773,0.0624073633388317,0.058839899999999834,-10.13907738959786,-9.679163549999998,-0.4599138395978615,-0.22555295000000086,0.055287933388318555,0.3612605107382969,-0.3059725773499783,-0.05393657499999999,0.1044850400274415,1.024648217785109,0.058839899999999834,0.058839899999999834,0.0,10.191626063151906,1.0392566333204414,43.6613227784801,-79.39593458688014,108.1,-109.9731087341557,-117.08634680966362,1.0,3.570336568212908,236.0,3.570336568212908,3.570336568212908,12.85321164556647,0.5954850400274415,3.2640614903282605,0.0,3.570336568212908,12.85321164556647,-0.22343625330292047,-0.06154648948108243,0.06154648948108243,0.0,0.0,0.0,0.0,0.02821488406216635,4.67311054820791e-06,0.016823197973548473,15179.223267335996,4.21645090759333,1.0260616661057878,192889.9001972787,1783556798889900.2,1783556798919160.0
237.0,1.0,24288.0,108.89806267479673,-1005.99936611687,22.204508533536526,1013.8361396199188,0.10889806267479674,-1.00599936611687,0.022204508533536525,1.013836139619919,1.0131715062312099,1.0131715062312099,9.935818351582295,0.01317150623120993,0.12916835158229484,1.0679251863297952,0.9640537991456122,0.10387138718418304,0.058839899999999834,-9.865483683730004,-9.679163549999998,-0.1863201337300044,-0.22555295000000086,0.21775184361040598,0.35884325113918364,-0.14109140752877766,-0.05393657499999999,0.10889806267479674,1.0679251863297952,0.058839899999999834,0.058839899999999834,0.0,9.935818351582295,1.0131715062312099,43.661316510109216,-79.39592567333571,108.1,-109.25528535303928,-117.7792525274263,1.0,3.539324691078146,237.0,3.539324691078146,3.539324691078146,12.741568887881325,0.5952040859447831,3.539324691078146,0.0,3.539324691078146,12.741568887881325,-0.20085774720738064,-0.061765089980919896,0.061765089980919896,0.0,0.0,0.0,0.0,0.024288,4.01564356650747e-06,0.014456316839426895,15179.227389860303,4.216452052738971,0.0011489680526111984,193059.6352230908,1783556799059635.2,1783556799204086.0
238.0,1.0,24288.0,115.76842684896823,-963.9183855500696,50.54476075199394,974.3315456184326,0.11576842684896822,-0.9639183855500696,0.05054476075199395,0.9743315456184327,0.9738442852245411,0.9738442852245411,9.550150059697247,-0.02615571477545882,-0.2564999403027532,1.1353004431584341,0.9682647526974021,0.16703569046103206,0.058839899999999834,-9.45281023565459,-9.679163549999998,0.22635331434540873,-0.22555295000000086,0.49567477802854143,0.35322864640346374,0.14244613162507763,-0.05393657499999999,0.11576842684896822,1.1353004431584341,0.058839899999999834,0.058839899999999834,0.0,9.550150059697247,0.9738442852245411,43.66131021227539,-79.39591679911531,108.1,-108.54062880612115,-118.47541507862924,1.0,3.5227583317106976,238.0,3.5227583317106976,3.5227583317106976,12.68192999415851,0.595490351118707,3.5227583317106976,0.0,3.5227583317106976,12.68192999415851,-0.14942980935086464,-0.061765089980919896,0.061765089980919896,0.0,0.0,0.0,0.0,0.024288,4.01757490221421e-06,0.014463269647971155,15179.231533734195,4.2164532038150515,0.0011460111847288394,193230.24926674936,1783556799230249.2,1783556799490351.0
239.0,1.0,24288.0,122.63879102313972,-921.8374049832692,78.88501297045136,934.8269516169466,0.12263879102313972,-0.9218374049832692,0.07888501297045136,0.9348269516169466,0.9345170642178724,0.9345170642178724,9.164481767812198,-0.06548293578212756,-0.6421682321878013,1.2026756999870731,0.9724757062491921,0.23019999373788105,0.058839899999999834,-9.040136787579176,-9.679163549999998,0.6390267624208219,-0.22555295000000086,0.7735977124466769,0.34761404166774384,0.425983670778933,-0.05393657499999999,0.12263879102313972,1.2026756999870731,0.058839899999999834,0.058839899999999834,0.0,9.164481767812198,0.9345170642178724,43.66130391444156,-79.39590792489493,108.1,-107.82597225920301,-119.17157762983217,1.0,3.506191972343249,239.0,3.506191972343249,3.506191972343249,12.622291100435696,0.5957766162926308,3.506191972343249,0.0,3.506191972343249,12.622291100435696,-0.09800187149434861,-0.061765089980919896,0.061765089980919896,0.0,0.0,0.0,0.0,0.024288,4.019506237920949e-06,0.014470222456515417,15179.235677608089,4.216454354891133,0.0011430543168464802,193400.86331040796,1783556799400863.2,1783556799776616.2
240.0,0.9357022600100293,24288.0,36.71572879879648,-1020.0558440810831,118.15567572122357,1028.3130350410431,0.03671572879879648,-1.0200558440810832,0.11815567572122357,1.028313035041043,1.0284135155696543,1.0284135155696543,10.085291402461149,0.028413515569654255,0.2786414024611499,0.36005830182471754,0.9763922204318727,-0.6163339186071551,0.016601611295617862,-10.003330643357753,-9.681055186295616,-0.3222754570621356,-0.21798640481752915,1.158711357311537,0.341341113704382,0.817370243607155,0.10850369543187256,0.03671572879879648,0.36005830182471754,0.016601611295617862,0.016601611295617862,-0.0662411197022897,10.085291402461149,1.0284135155696543,43.66129764974746,-79.39589900677005,108.1,-107.10778000779155,-119.86407691586619,1.0,3.4883171881412087,240.0,3.4883171881412087,3.4883171881412087,12.55794187730835,0.5952571909599599,0.2196616014890081,0.0,3.4883171881412087,12.55794187730835,-0.05909714096098644,-0.06168855636529512,0.06168855636529512,0.0,0.0,0.0,0.0,0.022726336491123593,3.7561583922829268e-06,0.013522170212218536,15179.253362592006,4.216459267386665,0.0011510760812166304,194167.514346254,1783556800167514.2,1783556800064297.8
241.0,0.6429895621414938,24288.0,71.84125254302074,-988.4428727112813,82.44472658126224,997.8709144627154,0.07184125254302073,-0.9884428727112813,0.08244472658126226,0.9978709144627154,0.9979428180781778,0.9979428180781778,9.786475936906362,-0.0020571819218222417,-0.020174063093638117,0.7045220192510143,0.9792627514104251,-0.2747407321594109,0.025213204231275238,-9.693313297674086,-9.689666779231274,-0.003646518442811164,-0.18354003307489963,0.8085065779281355,0.33272952076872464,0.4757770571594108,0.11137422641042506,0.07184125254302073,0.7045220192510143,0.025213204231275238,0.025213204231275238,-0.03015460562587574,9.786475936906362,0.9979428180781778,43.661291502780806,-79.39588993267643,108.1,-106.37702731812766,-120.54356260983015,1.0,3.4657942809487308,241.0,3.4657942809487308,3.4657942809487308,12.47685941141543,0.596428041751434,1.2196616014890074,0.0,3.4657942809487308,12.47685941141543,-0.0646805662114653,-0.06134014036948165,0.06134014036948165,0.0,0.0,0.0,0.0,0.015616930485292602,2.5811315663191943e-06,0.0092920736387491,15179.253362592006,4.216459267386665,0.0011510760812166304,194342.84925227726,1783556800342849.2,1783556800357010.5
242.0,0.35027686427295845,24288.0,106.966776287245,-956.8299013414795,46.73377744130093,967.4287938843877,0.10696677628724498,-0.9568299013414795,0.04673377744130093,0.9674287938843877,0.9674721205867013,0.9674721205867013,9.487660471351573,-0.03252787941329874,-0.31898952864842606,1.048985736677311,0.9821332823889776,0.06685245428833342,0.033824797166932624,-9.38329595199042,-9.698278372166932,0.31498242017651334,-0.1490936613322701,0.45830179854473374,0.3241179278330672,0.1341838707116665,0.11424475738897756,0.10696677628724498,1.048985736677311,0.033824797166932624,0.033824797166932624,0.005931908450538204,9.487660471351573,0.9674721205867013,43.66128535581415,-79.39588085858279,108.1,-105.64627462846379,-121.2230483037941,1.0,3.4432713737562533,242.0,3.4432713737562533,3.4432713737562533,12.395776945522512,0.5975988925429081,2.2196616014890065,0.0,3.4432713737562533,12.395776945522512,-0.07026399146194418,-0.06099172437366818,0.06099172437366818,0.0,0.0,0.0,0.0,0.008507524479461615,1.4061047403554614e-06,0.005061977065279661,15179.253362592006,4.216459267386665,0.0011510760812166304,194518.1841583005,1783556800518184.2,1783556800649723.2
243.0,0.05756416640442297,24288.0,142.09230003146925,-925.2169299716777,11.022828301339615,936.98667330606,0.14209230003146925,-0.9252169299716777,0.011022828301339618,0.93698667330606,0.9370014230952247,0.9370014230952247,9.188845005796786,-0.06299857690477524,-0.617804994203214,1.3934494541036078,0.9850038133675301,0.4084456407360777,0.042436390102589996,-9.073278606306753,-9.70688996510259,0.6336113587958379,-0.11464728958964059,0.10809701916133219,0.3155063348974098,-0.2074093157360778,0.11711528836753006,0.14209230003146925,1.3934494541036078,0.042436390102589996,0.042436390102589996,0.04201842252695216,9.188845005796786,0.9370014230952247,43.661279208847496,-79.39587178448916,108.1,-104.9155219387999,-121.90253399775806,1.0,3.4207484665637757,243.0,3.4207484665637757,3.4207484665637757,12.314694479629592,0.5987697433343823,3.2196616014890056,0.0,3.4207484665637757,12.314694479629592,-0.07584741671242304,-0.06064330837785471,0.06064330837785471,0.0,0.0,0.0,0.0,0.0013981184736306246,2.3107791439172852e-07,0.0008318804918102229,15179.253362592006,4.216459267386665,0.0011510760812166304,194693.51906432374,1783556800693519.0,1783556800942435.8
244.0,3.020988132618788,24288.0,142.38795471232592,-1074.9228263529833,-10.534871640657425,1085.1360971209006,0.1423879547123259,-1.0749228263529833,-0.010534871640657426,1.0851360971209005,1.084781071868503,1.084781071868503,10.638068298439254,0.08478107186850299,0.8314182984392549,1.3963488360796308,0.985568325,0.4107805110796308,0.047884602476529564,-10.541391935054483,-9.70107414504694,-0.8403177900075431,-0.22555295000000086,-0.10331179897485313,0.3138128,-0.41712459897485316,0.27835749701089674,0.1423879547123259,1.3963488360796308,0.047884602476529564,0.047884602476529564,0.006299794423707675,10.638068298439254,1.084781071868503,43.66127315030637,-79.39586259783604,108.07447529668453,-104.17570463603114,-122.57224513368178,1.0,3.3476562699357633,244.0,3.3476562699357633,3.372427684923739,12.140739665725462,0.596,0.8033424350101954,-0.025524703315468245,3.372427684923739,12.140739665725462,-0.10119682592763782,-0.060574789736514534,0.060574789736514534,-0.8109997069113424,0.0,0.0,0.0,0.07337375976504512,1.2147433561101914e-05,0.043730760819966887,15179.304483085236,4.216473467523674,0.0014889043412475574,195476.1272317602,1783556801476127.2,1783556801255247.0
245.0,4.291913317351289,24288.0,120.46449527569027,-1039.9723837728395,2.4921115028507117,1047.9615354674747,0.12046449527569027,-1.0399723837728396,0.0024921115028507107,1.0479615354674747,1.047485580592072,1.047485580592072,10.27232446891324,0.04748558059207188,0.4656744689132417,1.1813531425953478,0.985568325,0.19578481759534783,0.052558421900100946,-10.198645177325917,-9.691726506199796,-0.5069186711261193,-0.22555295000000086,0.024439265269430938,0.3138128,-0.2893735347305691,0.2098081454651834,0.12046449527569027,1.1813531425953478,0.052558421900100946,0.052558421900100946,0.014141773322317374,10.27232446891324,1.047485580592072,43.661267113411746,-79.39585338362845,108.04270216706621,-103.4336683234565,-123.23956346586543,1.0,3.262184752995198,245.0,3.262184752995198,3.3177916049132077,11.944049777687548,0.596,1.8033424350101974,-0.057297832933778964,3.3177916049132077,11.944049777687548,-0.13138493170203933,-0.060574789736514534,0.060574789736514534,-1.8205314726533717,0.0,0.0,0.0,0.1042419906518281,1.725784067458043e-05,0.062128226428489544,15179.33207928365,4.2164811331343435,0.0019094326804814238,195665.49508428533,1783556801665495.0,1783556801572978.2
246.0,5.562838502083791,24288.0,98.54103583905462,-1005.0219411926957,15.519094646358852,1010.7869738140491,0.09854103583905463,-1.0050219411926957,0.015519094646358849,1.0107869738140491,1.0101900893156408,1.0101900893156408,9.906580639387228,0.010190089315640749,0.09993063938722857,0.9663574491110649,0.985568325,-0.01921087588893511,0.05723224132367233,-9.855898419597349,-9.682378867352654,-0.1735195522446955,-0.22555295000000086,0.152190329513715,0.3138128,-0.16162247048628503,0.14125879391947,0.09854103583905463,0.9663574491110649,0.05723224132367233,0.05723224132367233,0.021983752220927074,9.906580639387228,1.0101900893156408,43.661261076517114,-79.39584416942087,108.01092903744791,-102.69163201088186,-123.90688179804908,1.0,3.176713236054633,246.0,3.176713236054633,3.263155524902676,11.747359889649633,0.596,2.8033424350101996,-0.08907096255208968,3.263155524902676,11.747359889649633,-0.16157303747644086,-0.060574789736514534,0.060574789736514534,-2.830063238395401,0.0,0.0,0.0,0.13511022153861107,2.2368247788058945e-05,0.08052569203701221,15179.359675482063,4.216488798745014,0.00232996101971529,195854.86293681047,1783556801854863.0,1783556801890709.8
247.0,5.191176732050125,24288.0,93.22426398686216,-1006.1433781041854,24.65073379071178,1011.345583921173,0.09322426398686215,-1.0061433781041855,0.024650733790711782,1.011345583921173,1.0107906875319623,1.0107906875319623,9.912470495885318,0.010790687531962356,0.10582049588531861,0.9142177284267616,0.985568325,-0.07135059657323838,0.05586545748725959,-9.86689595888541,-9.675197626649679,-0.19169833223573157,-0.2265444308375811,0.24174111852868368,0.3138128,-0.07207168147131633,0.11569683832483982,0.09322426398686215,0.9142177284267616,0.05586545748725959,0.05586545748725959,0.014691427703813629,9.912470495885318,1.0107906875319623,43.661254753677845,-79.39583533823713,108.0,-101.98044128160413,-124.60580845126496,1.0,3.1669373360585125,247.0,3.1669373360585125,3.244362293904817,11.679704258057342,0.5957977941830125,3.1669373360585125,-0.0797794183012486,3.244362293904817,11.679704258057342,-0.13718619266855997,-0.05417710863287818,0.05417710863287818,-2.5348417985591407,0.0,0.0,0.0,0.12608330046803343,2.087106242477276e-05,0.07513582472918194,15179.375012074117,4.216493058909474,0.0029994358080260124,196040.31246110753,1783556802040312.5,1783556802202205.8
248.0,3.9582688020341754,24288.0,96.61476079440602,-1026.1781319669446,31.73995438830349,1031.688564766436,0.09661476079440601,-1.0261781319669447,0.03173995438830349,1.0316885647664362,1.0312610780045024,1.0312610780045024,10.113216450612853,0.03126107800450245,0.3065664506128539,0.9474671439444617,0.985568325,-0.038101181055538336,0.05133144628030048,-10.063369777853637,-9.669152278373733,-0.39421749947990475,-0.2280557679065677,0.3112626237020564,0.3138128,-0.0025501762979436016,0.11267416418686707,0.09661476079440601,0.9474671439444617,0.05133144628030048,0.05133144628030048,-0.0005361605525968788,10.113216450612853,1.0312610780045024,43.66124828091121,-79.39582670788162,108.0,-101.2854236018504,-125.32130807496104,1.0,3.196850390873416,248.0,3.196850390873416,3.244362293904817,11.679704258057342,0.5954895672005085,3.196850390873416,-0.0489567200508516,3.244362293904817,11.679704258057342,-0.08418444471425494,-0.04442497602376132,0.04442497602376132,-1.5555082118631445,0.0,0.0,0.0,0.09613843266380606,1.5909364189988974e-05,0.0572737110839603,15179.38392067229,4.216495533520077,0.0037994389514332772,196223.7075156974,1783556802223707.5,1783556802510432.8
249.0,2.7253608720182254,24288.0,100.00525760194988,-1046.2128858297037,38.8291749858952,1052.0315456116994,0.10000525760194988,-1.046212885829704,0.0388291749858952,1.0520315456116993,1.0517314684770425,1.0517314684770425,10.313962405340387,0.051731468477042554,0.5073124053403892,0.9807165594621617,0.985568325,-0.004851765537838296,0.04679743507334137,-10.259843596821865,-9.663106930097788,-0.5967366667240779,-0.22956710497555433,0.3807841288754291,0.3138128,0.06697132887542914,0.10965149004889432,0.10000525760194988,0.9807165594621617,0.04679743507334137,0.04679743507334137,-0.01576374880900739,10.313962405340387,1.0517314684770425,43.661241808144574,-79.3958180775261,108.0,-100.59040592209666,-126.03680769865713,1.0,3.226763445688319,249.0,3.226763445688319,3.244362293904817,11.679704258057342,0.5951813402180045,3.226763445688319,-0.018134021800454606,3.244362293904817,11.679704258057342,-0.03118269675994992,-0.03467284341464444,0.03467284341464444,-0.5761746251671482,0.0,0.0,0.0,0.06619356485957867,1.0947665955205187e-05,0.03941159743873868,15179.39282927046,4.21649800813068,0.004599442094840542,196407.1025702873,1783556802407102.5,1783556802818659.8
250.0,7.980726902448023,24288.0,71.40631878352197,-774.3639877807848,202.47645889623573,805.2992162106347,0.07140631878352197,-0.7743639877807847,0.20247645889623572,0.8052992162106347,0.805012425329941,0.805012425329941,7.894475100861866,-0.19498757467005895,-1.9121748991381335,0.7002567760984256,0.995374975,-0.2951181989015745,0.04412992499999979,-7.593916600770433,-9.647940291472894,2.054023690702462,-0.23045627500000165,1.98561576563477,0.3138128,1.67180296563477,0.10787314999999992,0.07140631878352197,0.7002567760984256,0.04412992499999979,0.04412992499999979,0.0,7.894475100861866,0.805012425329941,43.661235425591876,-79.39580932227412,108.0,-99.88533010960879,-126.74233507381807,1.0,3.258299755377299,250.0,3.258299755377299,3.258299755377299,11.729879119358277,0.59938704568597,0.4116666343375358,0.0,3.258299755377299,11.729879119358277,0.013937461472481831,-0.02384337204948654,0.02693288857559128,0.0,0.0,0.0,0.0,0.19383589500665757,3.224395152452975e-05,0.11607822548830711,15179.526654166373,4.216535181712878,0.00878104593611647,197187.94156336956,1783556803187941.5,1783556803122590.8
251.0,10.363059646091997,24288.0,67.5350280751005,-852.9809683210359,174.48404915841905,876.4714069269984,0.0675350280751005,-0.8529809683210359,0.17448404915841903,0.8764714069269983,0.87625035187567,0.87625035187567,8.593080513221539,-0.12374964812433001,-1.2135694867784608,0.6622923830726842,0.995374975,-0.33308259192731576,0.04412992499999979,-8.364885812985486,-9.643559784585308,1.2786739715998219,-0.23045627500000165,1.7111040006794098,0.3138128,1.3972912006794098,0.10787314999999992,0.0675350280751005,0.6622923830726842,0.04412992499999979,0.04412992499999979,0.0,8.593080513221539,0.87625035187567,43.66122917196843,-79.39580038852633,108.0,-99.1658797168412,-127.43361061010135,1.0,3.292155939750634,251.0,3.292155939750634,3.292155939750634,11.851761383102282,0.5978980877211925,1.411666634337536,0.0,3.292155939750634,11.851761383102282,0.04779364584581669,-0.011474222013696966,0.022068637573157836,0.0,0.0,0.0,0.0,0.2516979926842824,4.173695192476508e-05,0.1502530269291543,15179.591206569095,4.2165531129358556,0.011490605499265666,197365.1275611781,1783556803365127.5,1783556803420382.5
252.0,12.745392389735972,24288.0,63.663737366679044,-931.597948861287,146.49163942060233,947.6435976433621,0.06366373736667905,-0.9315979488612871,0.14649163942060234,0.947643597643362,0.9474882784213989,0.9474882784213989,9.291685925581211,-0.05251172157860107,-0.5149640744187882,0.624327990046943,0.995374975,-0.3710469849530571,0.04412992499999979,-9.135855025200541,-9.639179277697723,0.5033242524971822,-0.23045627500000165,1.4365922357240497,0.3138128,1.1227794357240497,0.10787314999999992,0.06366373736667905,0.624327990046943,0.04412992499999979,0.04412992499999979,0.0,9.291685925581211,0.9474882784213989,43.661222918344976,-79.39579145477853,108.0,-98.44642932407362,-128.12488614638463,1.0,3.326012124123969,252.0,3.326012124123969,3.326012124123969,11.973643646846288,0.596409129756415,2.411666634337536,0.0,3.326012124123969,11.973643646846288,0.08164983021915155,0.0008949280220926052,0.01720438657072439,0.0,0.0,0.0,0.0,0.30956009036190724,5.122995232500041e-05,0.18442782837000146,15179.655758971816,4.216571044158834,0.01420016506241486,197542.3135589866,1783556803542313.5,1783556803718174.0
253.0,15.0,24288.0,106.14851889409313,-864.2574871902157,78.8960367741348,875.227783411397,0.10614851889409313,-0.8642574871902157,0.0788960367741348,0.8752277834113971,0.8743222485162325,0.8743222485162325,8.57417227841171,-0.12567775148376747,-1.2324777215882885,1.0409613728127582,0.9952293277187242,0.04573204509403407,0.04369298315617226,-8.475470686753928,-9.615274677718723,1.139803990964795,-0.13729310000000083,0.773705819031069,0.3436696918438275,0.43003612718724155,-0.008058882624689848,0.10614851889409313,1.0409613728127582,0.04369298315617226,0.04369298315617226,-0.0007306719796446976,8.57417227841171,0.8743222485162325,43.66121667325844,-79.39578250988764,108.0,-97.72608155790155,-128.81521801285254,1.0,3.3617932001619346,253.0,3.3617932001619346,3.3614189050739998,12.101108058266401,0.5950445556682279,0.053613473483380664,0.0,3.3614189050739998,12.101108058266401,0.11536808698640227,0.013445187051816689,0.013445187051816689,0.0,0.0,0.0,0.0,0.36432,6.021850903362466e-05,0.21678663252104877,15179.936856578535,4.216649126827368,0.0167670447691406,198313.88142986677,1783556804313881.5,1783556804014852.0
254.0,15.0,24288.0,108.91869744145349,-906.364201110093,76.95691179098256,916.7804616218023,0.10891869744145348,-0.906364201110093,0.07695691179098256,0.9167804616218022,0.91617174758096,0.91617174758096,8.98457566841482,-0.08382825241903999,-0.8220743315851786,1.0681275442642297,0.992512710573577,0.07561483369065258,0.0355431317207309,-8.888396492816293,-9.612558060573576,0.7241615677572837,-0.13729310000000083,0.7546894990150391,0.3518195432792689,0.4028699557357702,0.02454052311707574,0.10891869744145348,1.0681275442642297,0.0355431317207309,0.0355431317207309,-0.01435918608573394,8.98457566841482,0.91617174758096,43.66121057886563,-79.39577336829844,108.0,-96.98989333141078,-129.48889219346776,1.0,3.4315525174525523,254.0,3.4315525174525523,3.4241968599641632,12.327108695870988,0.595875609232436,1.053613473483377,0.0,3.4241968599641632,12.327108695870988,0.14665164181118004,0.029192387084509497,0.029192387084509497,0.0,0.0,0.0,0.0,0.36432,6.030261165432252e-05,0.21708940195556106,15179.997208619148,4.216665891283093,0.016815335678101898,198479.53810699892,1783556804479538.0,1783556804291869.8
255.0,15.0,24288.0,111.68887598881383,-948.4709150299702,75.01778680783032,958.3331398322074,0.11168887598881383,-0.9484709150299702,0.07501778680783032,0.9583331398322074,0.9580212466456874,0.9580212466456874,9.394979058417931,-0.04197875335431252,-0.41167094158206874,1.095293715715701,0.9897960934284299,0.10549762228727111,0.027393280285289527,-9.301322298878658,-9.60984144342843,0.30851914454977236,-0.13729310000000083,0.7356731789990091,0.3599693947147103,0.37570378428429885,0.05713992885884134,0.11168887598881383,1.095293715715701,0.027393280285289527,0.027393280285289527,-0.027987700191823183,9.394979058417931,0.9580212466456874,43.661204484472826,-79.39576422670923,108.0,-96.25370510492002,-130.162566374083,1.0,3.5013118347431695,255.0,3.5013118347431695,3.4869748148543267,12.553109333475577,0.5967066627966441,2.0536134734833733,0.0,3.4869748148543267,12.553109333475577,0.17793519663595778,0.044939587117202306,0.044939587117202306,0.0,0.0,0.0,0.0,0.36432,6.038671427502038e-05,0.21739217139007339,15180.057560659761,4.216682655738819,0.016863626587063196,198645.19478413108,1783556804645194.8,1783556804568887.5
256.0,15.0,24288.0,114.45905453617418,-990.5776289498475,73.07866182467808,999.8858180426126,0.11445905453617418,-0.9905776289498475,0.07307866182467807,0.9998858180426126,0.999870745710415,0.999870745710415,9.80538244842104,-0.00012925428958501795,-0.0012675515789588587,1.1224598871671725,0.9870794762832827,0.1353804108838896,0.019243428849848157,-9.714248104941023,-9.607124826283282,-0.10712327865773896,-0.13729310000000083,0.7166568589829792,0.3681192461501517,0.34853761283282747,0.08973933460060693,0.11445905453617418,1.1224598871671725,0.019243428849848157,0.019243428849848157,-0.04161621429791243,9.80538244842104,0.999870745710415,43.66119839008002,-79.39575508512003,108.0,-95.51751687842925,-130.83624055469824,1.0,3.571071152033787,256.0,3.571071152033787,3.54975276974449,12.779109971080164,0.5975377163608522,3.0536134734833698,0.0,3.54975276974449,12.779109971080164,0.20921875146073554,0.060686787149895116,0.060686787149895116,0.0,0.0,0.0,0.0,0.36432,6.047081689571824e-05,0.21769494082458568,15180.117912700374,4.216699420194545,0.016911917496024498,198810.85146126323,1783556804810851.5,1783556804845905.5
257.0,15.0,24288.0,117.98060022157246,-1004.0969988921378,67.29607447376542,1013.220786405986,0.11798060022157246,-1.0040969988921378,0.06729607447376541,1.013220786405986,1.0133391376439815,1.0133391376439815,9.937462254176351,0.013339137643981522,0.13081225417635137,1.1569944531628835,0.985568325,0.17142612816288338,0.01470997499999993,-9.846827834185582,-9.60622064541134,-0.24060718877424192,-0.13729310000000083,0.6599490487381515,0.36901087753195927,0.29093817120619225,0.10787314999999992,0.11798060022157246,1.1569944531628835,0.01470997499999993,0.01470997499999993,-0.043107236675517094,9.937462254176351,1.0133391376439815,43.661192648037236,-79.39574554364951,108.0,-94.7491255068122,-131.47096596403642,1.0,3.60675594523403,257.0,3.60675594523403,3.5877934440053365,12.916056398419212,0.5982475750276965,3.60675594523403,0.0,3.5877934440053365,12.916056398419212,0.2016874814004145,0.0694463584350955,0.0694463584350955,0.0,0.0,0.0,0.0,0.36432,6.0542654592802886e-05,0.21795355653409038,15180.178543216234,4.216716262004506,0.016987663813689696,198977.27250830896,1783556804977272.5,1783556805123787.5
258.0,15.0,24288.0,122.44404683571743,-981.7797658214129,56.6953887651711,991.1825187486452,0.12244404683571744,-0.9817797658214129,0.0566953887651711,0.9911825187486452,0.9912294615301396,0.9912294615301396,9.720640398914542,-0.008770538469860464,-0.0860096010854571,1.2007659119014882,0.985568325,0.2151975869014882,0.01470997499999993,-9.627970540492559,-9.607588503496922,-0.02038203699563651,-0.13729310000000083,0.5559918342339651,0.3608037290184709,0.19518810521549423,0.10787314999999992,0.12244404683571744,1.2007659119014882,0.01470997499999993,0.01470997499999993,-0.029382908057643566,9.720640398914542,0.9912294615301396,43.66118734769438,-79.39573550089462,108.0,-93.94036482601535,-132.05686586320493,1.0,3.599725500752816,258.0,3.599725500752816,3.5948238884865504,12.941365998551582,0.5988055058544647,3.599725500752816,0.0,3.5948238884865504,12.941365998551582,0.14549861406496556,0.0694463584350955,0.0694463584350955,0.0,0.0,0.0,0.0,0.36432,6.059911719247182e-05,0.21815682189289856,15180.239522823877,4.2167332007844065,0.01709782775976602,199144.65175633942,1783556805144651.8,1783556805402753.0
259.0,15.0,24288.0,126.90749344986241,-959.462532750688,46.09470305657678,969.1442510913043,0.1269074934498624,-0.959462532750688,0.046094703056576786,0.9691442510913043,0.9691197854162975,0.9691197854162975,9.503818543652734,-0.030880214583702444,-0.3028314563472655,1.244537370640093,0.985568325,0.25896904564009304,0.01470997499999993,-9.409113246799533,-9.608956361582504,0.1998431147829689,-0.13729310000000083,0.4520346197297787,0.3525965805049825,0.09943803922479622,0.10787314999999992,0.1269074934498624,1.244537370640093,0.01470997499999993,0.01470997499999993,-0.015658579439770046,9.503818543652734,0.9691197854162975,43.661182047351524,-79.39572545813974,108.0,-93.1316041452185,-132.64276576237344,1.0,3.5926950562716025,259.0,3.5926950562716025,3.601854332967764,12.96667559868395,0.5993634366812328,3.5926950562716025,0.0,3.601854332967764,12.96667559868395,0.08930974672951664,0.0694463584350955,0.0694463584350955,0.0,0.0,0.0,0.0,0.36432,6.065557979214075e-05,0.21836008725170672,15180.300502431517,4.216750139564307,0.01720799170584235,199312.03100436984,1783556805312031.0,1783556805681718.2
260.0,15.0,24288.0,131.37094006400739,-937.145299679963,35.494017347982464,947.1059834339635,0.13137094006400737,-0.9371452996799632,0.03549401734798247,0.9471059834339635,0.9470101093024555,0.9470101093024555,9.286996688390925,-0.05298989069754442,-0.519653311609074,1.288308829378698,0.985568325,0.30274050437869787,0.01470997499999993,-9.19025595310651,-9.610324219668085,0.42006826656157426,-0.13729310000000083,0.3480774052255923,0.3443894319914941,0.0036879732340981963,0.10787314999999992,0.13137094006400737,1.288308829378698,0.01470997499999993,0.01470997499999993,-0.0019342508218965215,9.286996688390925,0.9470101093024555,43.661176747008675,-79.39571541538486,108.0,-92.32284346442165,-133.22866566154195,1.0,3.5856646117903885,260.0,3.5856646117903885,3.608884777448978,12.991985198816321,0.5999213675080008,3.5856646117903885,0.0,3.608884777448978,12.991985198816321,0.033120879394067715,0.0694463584350955,0.0694463584350955,0.0,0.0,0.0,0.0,0.36432,6.0712042391809685e-05,0.21856335261051488,15180.36148203916,4.2167670783442075,0.017318155651918674,199479.41025240027,1783556805479410.2,1783556805960683.8
261.0,14.669523328907113,24288.0,42.87966539768702,-1109.6568457429323,8.866987811712136,1111.4422412866845,0.04287966539768702,-1.109656845742932,0.008866987811712138,1.1114422412866845,1.1116013390189907,1.1116013390189907,10.901085271290585,0.11160133901899079,1.094435271290586,0.4205058706722274,0.969195894046573,-0.5486900233743457,0.04412992499999979,-10.882016306304925,-9.610517,-1.2714993063049245,-0.10446419523286601,0.08695544602372683,0.34323275,-0.25627730397627313,0.1582108039762731,0.04287966539768702,0.4205058706722274,0.04412992499999979,0.04412992499999979,0.03834592121908214,10.901085271290585,1.1116013390189907,43.66117175968558,-79.39570507302228,108.0,-91.4899548503482,-133.7799643558311,1.0,3.643730282133809,261.0,3.643730282133809,3.6371012812251697,13.093564612410612,0.5957768255570309,0.8590640842439768,0.0,3.6371012812251697,13.093564612410612,0.04680310274803737,0.07599600288337509,0.07599600288337509,0.0,0.0,0.0,0.0,0.35629338261249593,5.896075227840096e-05,0.21225870820224343,15180.627563289714,4.216840989802695,0.017640451525407146,200231.78879356658,1783556806231788.8,1783556806223174.5
262.0,15.448886988949221,24288.0,70.67696927252223,-1076.663784134483,2.891866418055969,1080.527482771681,0.07067696927252222,-1.0766637841344828,0.00289186641805597,1.0805274827716809,1.080586933047203,1.080586933047203,10.596937846967354,0.08058693304720303,0.7902878469673535,0.6931043007163801,0.9615529474098211,-0.26844864669344104,0.04412992499999979,-10.558464898682425,-9.610517,-0.9479478986824258,-0.06624946204910613,0.028359521808628593,0.34323275,-0.31487322819137137,0.21680672819137137,0.07067696927252222,0.6931043007163801,0.04412992499999979,0.04412992499999979,0.025522185251377595,10.596937846967354,1.080586933047203,43.66116682371574,-79.39569468150681,108.0,-90.65310786758724,-134.32558646255782,1.0,3.7124754590742755,262.0,3.7124754590742755,3.668793517164727,13.207656661793019,0.5955170376703502,1.8590640842439703,0.0,3.668793517164727,13.207656661793019,0.07194820335621221,0.08362016570010324,0.08362016570010324,0.0,0.0,0.0,0.0,0.3752225671875987,6.206478800826271e-05,0.22343323682974575,15180.691386190372,4.216858718386211,0.017537860819296296,200386.3625861416,1783556806386362.5,1783556806482962.2
263.0,16.22825064899133,24288.0,98.47427314735744,-1043.6707225260336,-3.083254975600198,1049.6127242566772,0.09847427314735743,-1.0436707225260335,-0.0030832549756001967,1.049612724256677,1.0495725270754153,1.0495725270754153,10.29279042264412,0.049572527075415276,0.48614042264412116,0.9657027307605328,0.9539100007730691,0.011792729987463613,0.04412992499999979,-10.234913491059928,-9.610517,-0.6243964910599272,-0.028034728865346234,-0.03023640240646963,0.34323275,-0.3734691524064696,0.2754026524064696,0.09847427314735743,0.9657027307605328,0.04412992499999979,0.04412992499999979,0.012698449283673051,10.29279042264412,1.0495725270754153,43.66116188774589,-79.39568428999135,108.0,-89.81626088482629,-134.87120856928456,1.0,3.7812206360147416,263.0,3.7812206360147416,3.7004857531042847,13.321748711175426,0.5952572497836696,2.859064084243964,0.0,3.7004857531042847,13.321748711175426,0.09709330396438705,0.09124432851683137,0.09124432851683137,0.0,0.0,0.0,0.0,0.39415175176270145,6.516882373812447e-05,0.2346077654572481,15180.755209091032,4.216876446969728,0.017435270113185446,200540.9363787166,1783556806540936.5,1783556806742750.2
264.0,25.013089830893207,24288.0,110.8481579616388,-991.9659664396777,131.70678778799217,1006.9293149131767,0.11084815796163881,-0.9919659664396776,0.1317067877879922,1.0069293149131766,1.0068121230912919,1.0068121230912919,9.873454106913217,0.006812123091291802,0.06680410691321675,1.0870490882745052,0.9119799397829612,0.1750691484915439,0.1520672586950643,-9.727863044785664,-9.59095504695605,-0.13690799782961424,0.0105640176017601,1.2916023704611135,0.3433097704340773,0.9482926000270361,0.009806649999999972,0.11084815796163881,1.0870490882745052,0.1520672586950643,0.1520672586950643,0.18123598968509258,9.873454106913217,1.0068121230912919,43.661156955494576,-79.39567389528135,107.99973820338214,-88.97915664122223,-135.41641962946608,1.0,3.8489867622714398,264.0,3.8489867622714398,3.732175775730587,13.435832792630114,0.5940183257632504,0.009769905146754368,-0.00026179661786411313,3.732175775730587,13.435832792630114,0.12198078328488539,0.09879400398601668,0.09879400398601668,-0.007015162183827446,0.0,0.0,0.0,0.6075179258127342,0.00010024416689358306,0.36087900081689894,15181.180231688488,4.216994508802355,0.01774230109241979,201289.57339767338,1783556807289573.5,1783556807002618.0
265.0,26.352901292374483,24288.0,95.30634500845599,-988.4824566398263,101.69501105081157,999.6943330211778,0.095306345008456,-0.9884824566398264,0.10169501105081158,0.9996943330211777,0.9997799137890377,0.9997799137890377,9.804491691559267,-0.00022008621096220472,-0.00215830844073249,0.934635968277175,0.9080382211623407,0.026597747114834286,0.15863678972943204,-9.693701483406953,-9.596210671783544,-0.09749081162340797,0.08808448380729934,0.9972873801214412,0.35119320767531853,0.6460941724461228,0.009806649999999972,0.095306345008456,0.934635968277175,0.15863678972943204,0.15863678972943204,0.14350379689510878,9.804491691559267,0.9997799137890377,43.661152400135606,-79.39566317678967,107.9729419741525,-88.11597768908949,-135.91996900989483,1.0,3.8175210703179223,265.0,3.8175210703179223,3.7636414676841046,13.549109283662778,0.5958940618093242,1.0097699051467557,-0.027058025847488128,3.7636414676841046,13.549109283662778,0.12075702116545312,0.09879400398601668,0.09879400398601668,-0.7250530631104237,0.0,0.0,0.0,0.6400592665891915,0.00010599313709742383,0.3815752935507258,15181.297575763327,4.217027104378698,0.019146365493202578,201450.61873534342,1783556807450618.8,1783556807270580.2
266.0,27.69271275385576,24288.0,79.76453205527318,-984.998946839975,71.68323431363098,992.4593511291789,0.07976453205527317,-0.984998946839975,0.07168323431363098,0.9924593511291788,0.9927477044867838,0.9927477044867838,9.735529276205318,-0.0072522955132162115,-0.07112072379468173,0.7822228482798448,0.90409650254172,-0.1218736542618753,0.16520632076379976,-9.659539922028241,-9.601466296611038,-0.05807362541720172,0.1656049500128386,0.7029723897817691,0.3590766449165597,0.34389574486520946,0.009806649999999972,0.07976453205527317,0.7822228482798448,0.16520632076379976,0.16520632076379976,0.10577160410512497,9.735529276205318,0.9927477044867838,43.66114784477664,-79.39565245829797,107.94614574492289,-87.25279873695673,-136.42351839032355,1.0,3.7860553783644044,266.0,3.7860553783644044,3.7951071596376225,13.66238577469544,0.5977697978553981,2.009769905146757,-0.05385425507711215,3.7951071596376225,13.66238577469544,0.11953325904602083,0.09879400398601668,0.09879400398601668,-1.44309096403702,0.0,0.0,0.0,0.6726006073656488,0.0001117421073012646,0.40227158628455256,15181.414919838167,4.217059699955043,0.02055042989398537,201611.66407301347,1783556807611664.0,1783556807538542.5
267.0,29.032524215337038,24288.0,64.22271910209037,-981.5154370401237,41.67145757645038,985.22436923718,0.06422271910209038,-0.9815154370401237,0.04167145757645038,0.9852243692371799,0.9857154951845298,0.9857154951845298,9.666566860851368,-0.014284504815470219,-0.140083139148631,0.6298097282825145,0.9001547839210994,-0.2703450556385849,0.1717758517981675,-9.62537836064953,-9.606721921438533,-0.018656439210995468,0.24312541621837785,0.408657399442097,0.3669600821578009,0.041697317284296154,0.009806649999999972,0.06422271910209038,0.6298097282825145,0.1717758517981675,0.1717758517981675,0.06803941131514116,9.666566860851368,0.9857154951845298,43.66114328941767,-79.39564173980628,107.91934951569327,-86.38961978482398,-136.9270677707523,1.0,3.754589686410887,267.0,3.754589686410887,3.82657285159114,13.775662265728105,0.5996455339014718,3.0097699051467584,-0.08065048430673616,3.82657285159114,13.775662265728105,0.11830949692658854,0.09879400398601668,0.09879400398601668,-2.161128864963616,0.0,0.0,0.0,0.705141948142106,0.00011749107750510538,0.42296787901837934,15181.532263913006,4.217092295531388,0.02195449429476816,201772.7094106835,1783556807772709.5,1783556807806504.8
268.0,24.78389935061102,24288.0,44.69912013105846,-936.7245292225042,92.70767207627375,942.8685963220969,0.04469912013105846,-0.9367245292225043,0.09270767207627374,0.942868596322097,0.9432387406366081,0.9432387406366081,9.250012195863992,-0.056761259363391964,-0.5566378041360078,0.43834862643324435,0.8394866570388941,-0.40113803060564973,0.17651970000000006,-9.18612960449987,-9.613695835149995,0.4275662306501251,0.030645680427749546,0.9091516923667899,0.40697597499999993,0.50217571736679,0.009806649999999972,0.04469912013105846,0.43834862643324435,0.17651970000000006,0.17651970000000006,0.0,9.250012195863992,0.9432387406366081,43.661138703396105,-79.39563104662446,107.9,-85.52847908120124,-137.43400659448565,1.0,3.740950179882248,268.0,3.740950179882248,3.8499174014084243,13.859702645070328,0.5960720335497963,0.2779015462419336,0.0,3.8499174014084243,13.859702645070328,0.10959044383739808,0.09560691497874194,0.09560691497874194,0.0,0.0,0.0,0.0,0.6019513474276404,9.966708144048269e-05,0.3588014931857377,15182.001867688969,4.21722274102471,0.028124617487362853,202528.0040292284,1783556808528004.0,1783556808072033.5
269.0,24.006283492364407,24288.0,68.80521173670337,-971.7172428436016,59.270190171669505,978.3797205153587,0.06880521173670338,-0.9717172428436017,0.059270190171669505,0.9783797205153588,0.9787553129088157,0.9787553129088157,9.598310789337237,-0.021244687091184343,-0.20833921066276295,0.6747486296777421,0.8255060116857249,-0.15075738200798278,0.17651970000000006,-9.529290899532207,-9.625134544984407,0.0958436454522007,0.10563277823111232,0.5812420104470027,0.40697597499999993,0.1742660354470028,0.009806649999999972,0.06880521173670338,0.6747486296777421,0.17651970000000006,0.17651970000000006,0.0,9.598310789337237,0.9787553129088157,43.661134037700954,-79.39562041920773,107.9,-84.67263455572994,-137.94975253643213,1.0,3.773630174291194,269.0,3.773630174291194,3.8521600025009675,13.867776009003483,0.5963312388358785,1.2779015462419276,0.0,3.8521600025009675,13.867776009003483,0.08139565161353832,0.08413850449174118,0.08413850449174118,0.0,0.0,0.0,0.0,0.5830646134625468,9.657875068285717e-05,0.34768350245828583,15182.084553810268,4.2172457093917375,0.029371339080918542,202682.74958501948,1783556808682749.5,1783556808331238.8
270.0,23.228667634117798,24288.0,92.9113033423483,-1006.7099564646992,25.832708267065257,1013.8908447086206,0.0929113033423483,-1.0067099564646993,0.025832708267065255,1.0138908447086208,1.0142718851810233,1.0142718851810233,9.94660938281048,0.014271885181023278,0.1399593828104818,0.9111486329222399,0.8115253663325557,0.09962326658968412,0.17651970000000006,-9.872452194564541,-9.636573254818817,-0.23587893974572371,0.1806198760344751,0.25333232852721554,0.40697597499999993,-0.1536436464727844,0.009806649999999972,0.0929113033423483,0.9111486329222399,0.17651970000000006,0.17651970000000006,0.0,9.94660938281048,1.0142718851810233,43.6611293720058,-79.395609791791,107.9,-83.81679003025866,-138.46549847837858,1.0,3.80631016870014,270.0,3.80631016870014,3.8544026035935106,13.875849372936639,0.5965904441219607,2.277901546241922,0.0,3.8544026035935106,13.875849372936639,0.053200859389678556,0.07267009400474043,0.07267009400474043,0.0,0.0,0.0,0.0,0.564177879497453,9.349041992523166e-05,0.336565511730834,15182.167239931567,4.2172686777587645,0.030618060674474236,202837.49514081056,1783556808837495.2,1783556808590444.0
271.0,22.451051775871186,24288.0,117.01739494799322,-1041.7026700857966,-7.604773637538997,1049.4019689018826,0.11701739494799324,-1.0417026700857968,-0.007604773637538989,1.0494019689018825,1.0497884574532308,1.0497884574532308,10.294907976283726,0.049788457453230905,0.4882579762837266,1.1475486361667375,0.7975447209793864,0.3500039151873511,0.17651970000000006,-10.215613489596876,-9.648011964653229,-0.5676015249436481,0.2556069738378379,-0.07457735339257154,0.40697597499999993,-0.4815533283925715,0.009806649999999972,0.11701739494799324,1.1475486361667375,0.17651970000000006,0.17651970000000006,0.0,10.294907976283726,1.0497884574532308,43.66112470631065,-79.39559916437427,107.9,-82.96094550478736,-138.98124442032505,1.0,3.838990163109086,271.0,3.838990163109086,3.8566452046860538,13.883922736869794,0.5968496494080429,3.277901546241916,0.0,3.8566452046860538,13.883922736869794,0.025006067165818796,0.06120168351773968,0.06120168351773968,0.0,0.0,0.0,0.0,0.5452911455323594,9.040208916760615e-05,0.32544752100338215,15182.249926052866,4.217291646125792,0.031864782268029926,202992.24069660163,1783556808992240.8,1783556808849649.5
272.0,23.065378597745458,24288.0,138.2445744646691,-1049.8546839857017,-31.261514390981837,1059.45275188232,0.13824457446466912,-1.0498546839857017,-0.031261514390981834,1.05945275188232,1.0597983097795127,1.0597983097795127,10.393071094599259,0.059798309779512816,0.5864210945992594,1.3557161561739473,0.7936144430102321,0.5621017131637153,0.1665942947256986,-10.295557436708382,-9.660393212264069,-0.6351642244443129,0.29910282500000207,-0.306570730102322,0.40331924674104674,-0.7098899768433687,0.01503054751279023,0.13824457446466912,1.3557161561739473,0.1665942947256986,0.1665942947256986,-0.016681353402187356,10.393071094599259,1.0597983097795127,43.66112018885638,-79.39558841887204,107.9,-82.0955913457237,-139.48060381555294,1.0,3.8668842348867822,272.0,3.8668842348867822,3.8668842348867822,13.920783245592416,0.5967869242804509,3.8668842348867822,0.0,3.8668842348867822,13.920783245592416,0.01666830791808043,0.050541258484643,0.050541258484643,0.0,0.0,0.0,0.0,0.5602119153820416,9.285580767350938e-05,0.33428090762463375,15182.347155422895,4.217318654284133,0.03258834321072956,203145.39002656584,1783556809145390.0,1783556809106537.8
273.0,25.602262895054672,24288.0,155.49538768637177,-1020.9342029963767,-41.409051580218694,1034.3375973389586,0.15549538768637178,-1.0209342029963768,-0.041409051580218695,1.0343375973389588,1.0345781660677351,1.0345781660677351,10.145745972268154,0.034578166067735026,0.33909597226815363,1.5248888436545578,0.803565777567915,0.7213230660866425,0.14295987515120157,-10.011944401814418,-9.674076297280884,-0.3378681045335342,0.29910282500000207,-0.4060840756791516,0.3946118290030742,-0.8006959046822258,0.027469715709893937,0.15549538768637178,1.5248888436545578,0.14295987515120157,0.14295987515120157,-0.056403066972770574,10.145745972268154,1.0345781660677351,43.661115876153076,-79.39557751026956,107.9,-81.21710243807252,-139.9573300389266,1.0,3.888167968851744,273.0,3.888167968851744,3.888167968851744,13.997404687866277,0.596279547420989,3.888167968851744,0.0,3.888167968851744,13.997404687866277,0.035757171715541665,0.04099682658591239,0.04099682658591239,0.0,0.0,0.0,0.0,0.6218277611950879,0.00010296422948939412,0.37067122616181886,15182.464471993322,4.217351242220364,0.03258931231504301,203296.33464225577,1783556809296334.8,1783556809360226.2
274.0,28.139147192363886,24288.0,172.74620090807443,-992.0137220070517,-51.556588769455544,1009.2224427955975,0.17274620090807444,-0.9920137220070517,-0.051556588769455555,1.0092224427955976,1.0093580223559573,1.0093580223559573,9.898420849937047,0.00935802235595723,0.09177084993704798,1.694061531135168,0.8135171121255981,0.8805444190095699,0.11932545557670454,-9.728331366920452,-9.687759382297697,-0.040571984622755575,0.29910282500000207,-0.5055974212559813,0.38590441126510155,-0.8915018325210828,0.03990888390699765,0.17274620090807444,1.694061531135168,0.11932545557670454,0.11932545557670454,-0.09612478054335379,9.898420849937047,1.0093580223559573,43.66111156344977,-79.39556660166707,107.9,-80.33861353042134,-140.43405626230026,1.0,3.909451702816705,274.0,3.909451702816705,3.909451702816705,14.074026130140137,0.5957721705615272,3.909451702816705,0.0,3.909451702816705,14.074026130140137,0.0548460355130029,0.031452394687181764,0.031452394687181764,0.0,0.0,0.0,0.0,0.683443607008134,0.00011307265130527887,0.40706154469900396,15182.58178856375,4.217383830156593,0.03259028141935646,203447.27925794566,1783556809447279.2,1783556809613914.8
275.0,30.6760314896731,24288.0,189.99701412977709,-963.0932410177267,-61.7041259586924,984.1072882522363,0.1899970141297771,-0.9630932410177266,-0.0617041259586924,0.9841072882522363,0.9841378786441795,0.9841378786441795,9.651095727605941,-0.01586212135582056,-0.15555427239405772,1.8632342186157784,0.823468446683281,1.0397657719324975,0.09569103600220753,-9.444718332026488,-9.70144246731451,0.25672413528802296,0.29910282500000207,-0.6051107668328108,0.377196993527129,-0.9823077603599399,0.05234805210410136,0.1899970141297771,1.8632342186157784,0.09569103600220753,0.09569103600220753,-0.135846494113937,9.651095727605941,0.9841378786441795,43.66110725074647,-79.3955556930646,107.9,-79.46012462277015,-140.91078248567393,1.0,3.9307354367816663,275.0,3.9307354367816663,3.9307354367816663,14.150647572413998,0.5952647937020653,3.9307354367816663,0.0,3.9307354367816663,14.150647572413998,0.07393489931046414,0.021907962788451148,0.021907962788451148,0.0,0.0,0.0,0.0,0.7450594528211802,0.00012318107312116362,0.44345186323618907,15182.699105134177,4.2174164180928235,0.0325912505236699,203598.22387363555,1783556809598223.8,1783556809867603.2
276.0,36.650658671886205,24288.0,72.9388025779345,-850.0624753902702,172.06714515682526,872.1993216403299,0.0729388025779345,-0.8500624753902701,0.17206714515682525,0.8721993216403299,0.8720798285948117,0.8720798285948117,8.55218165108931,-0.12792017140518824,-1.2544683489106894,0.7152853083009013,0.8776951749999999,-0.16240986669909865,0.10935060686465296,-8.336265174285991,-9.693873525,1.3576083507140093,0.29910282500000207,1.6874022690521804,0.34323275,1.3441695190521805,0.0588399,0.0729388025779345,0.7152853083009013,0.10935060686465296,0.10935060686465296,0.037647695203023385,8.55218165108931,0.8720798285948117,43.66110313684625,-79.39554464343297,107.9,-78.57027839040427,-141.3655330157405,1.0,3.9609392923152886,276.0,3.9609392923152886,3.9418431540637164,14.190635354629379,0.5986506586718862,0.47811237913720045,0.0,3.9418431540637164,14.190635354629379,0.074127561466089,0.01545950064528975,0.01545950064528975,0.0,0.0,0.0,0.0,0.8901711978227722,0.00014803446228383744,0.5329240642218148,15183.355938154447,4.217598871709565,0.03267732695343298,204345.40247718527,1783556810345402.5,1783556810116447.0
277.0,35.919990855369484,24288.0,85.36015545871876,-873.2002895799664,134.55953057563354,891.4402408086036,0.08536015545871876,-0.8732002895799663,0.13455953057563352,0.8914402408086035,0.8913847033130903,0.8913847033130903,8.741497800745316,-0.10861529668690978,-1.0651521992546837,0.8370971685292443,0.8776951749999999,-0.04059800647075559,0.10218520332180926,-8.563169619809376,-9.693873525,1.130703905190625,0.29910282500000207,1.3195782205195365,0.34323275,0.9763454705195367,0.0588399,0.08536015545871876,0.8370971685292443,0.10218520332180926,0.10218520332180926,0.013662929671829825,8.741497800745316,0.8913847033130903,43.66109923995123,-79.39553343985979,107.9,-77.66803497395912,-141.79629579146876,1.0,4.00087998217158,277.0,4.00087998217158,3.9418431540637164,14.190635354629379,0.5979199908553695,1.478112379137199,0.0,3.9418431540637164,14.190635354629379,0.053693914518406265,0.012390470536314473,0.012390470536314473,0.0,0.0,0.0,0.0,0.872424737895214,0.00014491404307990846,0.5216905550876705,15183.475809575772,4.217632169326599,0.03284831313279636,204490.56181673327,1783556810490561.8,1783556810360003.0
278.0,35.18932303885276,24288.0,97.78150833950303,-896.3381037696626,97.05191599444181,910.6811599768772,0.09778150833950303,-0.8963381037696625,0.09705191599444181,0.9106811599768773,0.9106895780313687,0.9106895780313687,8.93081395040132,-0.08931042196863129,-0.8758360495986781,0.9589090287575874,0.8776951749999999,0.08121385375758744,0.09501979977896556,-8.79007406533276,-9.693873525,0.9037994596672405,0.29910282500000207,0.9517541719868928,0.34323275,0.608521421986893,0.0588399,0.09778150833950303,0.9589090287575874,0.09501979977896556,0.09501979977896556,-0.010321835859363734,8.93081395040132,0.9106895780313687,43.6610953430562,-79.3955222362866,107.9,-76.76579155751399,-142.22705856719702,1.0,4.040820672027871,278.0,4.040820672027871,3.9418431540637164,14.190635354629379,0.5971893230388527,2.478112379137198,0.0,3.9418431540637164,14.190635354629379,0.03326026757072354,0.009321440427339197,0.009321440427339197,0.0,0.0,0.0,0.0,0.8546782779676559,0.0001417936238759795,0.5104570459535263,15183.595680997096,4.217665466943633,0.033019299312159744,204635.72115628124,1783556810635721.2,1783556810603559.0
279.0,34.45865522233604,24288.0,110.2028612202873,-919.4759179593588,59.54430141325011,929.922079145151,0.1102028612202873,-0.9194759179593588,0.059544301413250095,0.9299220791451509,0.9299944527496472,0.9299944527496472,9.120130100057327,-0.0700055472503528,-0.6865198999426724,1.0807208889859306,0.8776951749999999,0.2030257139859305,0.08785439623612186,-9.016978510856145,-9.693873525,0.6768950141438561,0.29910282500000207,0.5839301234542491,0.34323275,0.24069737345424924,0.0588399,0.1102028612202873,1.0807208889859306,0.08785439623612186,0.08785439623612186,-0.034306601390557294,9.120130100057327,0.9299944527496472,43.66109144616118,-79.39551103271342,107.9,-75.86354814106885,-142.65782134292527,1.0,4.080761361884162,279.0,4.080761361884162,3.9418431540637164,14.190635354629379,0.596458655222336,3.4781123791371966,0.0,3.9418431540637164,14.190635354629379,0.01282662062304081,0.00625241031836392,0.00625241031836392,0.0,0.0,0.0,0.0,0.8369318180400979,0.00013867320467205054,0.4992235368193819,15183.71555241842,4.217698764560668,0.03319028549152313,204780.88049582925,1783556810780880.5,1783556810847115.0
280.0,7.590097489597466,24288.0,115.37635279241802,-960.8652597780858,46.38771648173821,968.8652597780858,0.11537635279241802,-0.9608652597780858,0.04638771648173821,0.9688652597780858,0.968921051944565,0.968921051944565,9.501869634052168,-0.031078948055434975,-0.30478036594783137,1.131455510111766,0.879568414986851,0.2518870951249151,0.08335652500000013,-9.422869299802764,-9.691063665019724,0.2681943652169596,0.29910282500000207,0.454908099835638,0.37265269999999995,0.08225539983563805,0.014489749967127583,0.11537635279241802,1.131455510111766,0.08335652500000013,0.08335652500000013,0.0,9.501869634052168,0.968921051944565,43.661087758387424,-79.39549970211034,107.89044913407305,-74.9510747845885,-143.06546785393758,1.0,4.085969778448245,280.0,4.085969778448245,3.941054218910354,14.187795188077274,0.5940955086592695,0.3722794244276891,-0.009550865926953664,3.941054218910354,14.187795188077274,-0.0007889351533621374,0.003912754441810858,0.003912754441810858,-0.24502842211832984,0.0,0.0,0.0,0.18434828782734325,3.0462573047662654e-05,0.10966526297158555,15183.901841349281,4.217750511485908,0.037002672265685876,205522.82765226538,1783556811522827.8,1783556811095508.8
281.0,25.292116610660997,24288.0,111.01498576259077,-968.5617898307222,52.80149152560181,976.5617898307222,0.11101498576259078,-0.9685617898307222,0.05280149152560181,0.9765617898307222,0.9764435172595369,0.9764435172595369,9.575639818533237,-0.02355648274046312,-0.2310101814667626,1.0886851101287107,0.8846002267495634,0.20408488337914737,0.08335652500000013,-9.498346476243452,-9.683515947375655,0.18516947113220444,0.29910282500000207,0.517805746869543,0.37265269999999995,0.14515304686954306,0.027069279373908583,0.11101498576259078,1.0886851101287107,0.08335652500000013,0.08335652500000013,0.0,9.575639818533237,0.9764435172595369,43.6610844232244,-79.39548815731526,107.8647940338976,-74.0213521700895,-143.43413677435413,1.0,4.032614220880704,281.0,4.032614220880704,3.9389350173064113,14.18016606230308,0.594352059661024,1.372279424427691,-0.035205966102410245,3.9389350173064113,14.18016606230308,-0.0029081367573051465,0.0028029361091605684,0.0028029361091605684,-0.9032125871309848,0.0,0.0,0.0,0.6142949282397343,0.0001015249292021358,0.3654897451276888,15184.161367111212,4.2178226019753335,0.04695502253842443,205675.47549830933,1783556811675475.5,1783556811352059.8
282.0,42.99413573172453,24288.0,106.65361873276352,-976.2583198833585,59.21526656946541,984.2583198833585,0.10665361873276352,-0.9762583198833584,0.059215266569465415,0.9842583198833584,0.9839659825745087,0.9839659825745087,9.649410003014305,-0.01603401742549127,-0.15723999698569388,1.0459147101456554,0.8896320385122758,0.1562826716333796,0.08335652500000013,-9.573823652684137,-9.675968229731586,0.10214457704744923,0.29910282500000207,0.5807033939034479,0.37265269999999995,0.20805069390344802,0.03964880878068958,0.10665361873276352,1.0459147101456554,0.08335652500000013,0.08335652500000013,0.0,9.649410003014305,0.9839659825745087,43.66108108806139,-79.39547661252018,107.83913893372214,-73.09162955559052,-143.80280569477065,1.0,3.9792586633131624,282.0,3.9792586633131624,3.9368158157024684,14.172536936528886,0.5946086106627786,2.3722794244276932,-0.06086106627786683,3.9368158157024684,14.172536936528886,-0.005027338361248156,0.0016931177765102784,0.0016931177765102784,-1.5613967521436398,0.0,0.0,0.0,1.0442415686521256,0.00017258728535660893,0.6213142272837922,15184.420892873142,4.217894692464759,0.056907372811162975,205828.12334435328,1783556811828123.2,1783556811608610.8
283.0,60.69615485278806,24288.0,102.29225170293627,-983.9548499359948,65.62904161332901,991.9548499359948,0.10229225170293628,-0.9839548499359948,0.06562904161332901,0.9919548499359948,0.9914884478894805,0.9914884478894805,9.723180187495373,-0.008511552110519412,-0.08346981250462515,1.0031443101626,0.8946638502749881,0.10848045988761187,0.08335652500000013,-9.649300829124824,-9.668420512087517,0.019119682962694062,0.29910282500000207,0.6436010409373529,0.37265269999999995,0.270948340937353,0.05222833818747059,0.10229225170293628,1.0031443101626,0.08335652500000013,0.08335652500000013,0.0,9.723180187495373,0.9914884478894805,43.661077752898365,-79.3954650677251,107.81348383354668,-72.16190694109153,-144.17147461518718,1.0,3.925903105745621,283.0,3.925903105745621,3.934696614098525,14.164907810754691,0.5948651616645332,3.372279424427695,-0.08651616645332341,3.934696614098525,14.164907810754691,-0.007146539965191165,0.0005832994438599885,0.0005832994438599885,-2.2195809171562946,0.0,0.0,0.0,1.4741882090645166,0.00024364964151108205,0.8771387094398954,15184.680418635073,4.217966782954183,0.06685972308390153,205980.77119039724,1783556811980771.2,1783556811865161.8
284.0,72.65336163815688,24288.0,94.57266937649727,-978.351412224884,75.87461878977011,986.592626919262,0.09457266937649729,-0.9783514122248841,0.07587461878977012,0.986592626919262,0.9861441245059559,0.9861441245059559,9.670770278586332,-0.01385587549404408,-0.1358797214136674,0.927441068141027,0.8949429669173788,0.03249810122364817,0.08335652500000013,-9.594349876695158,-9.664453575,0.07010369830484048,0.29910282500000207,0.7440758303546992,0.3767923391445867,0.3672834912101124,0.0588399,0.09457266937649729,0.927441068141027,0.08335652500000013,0.08335652500000013,0.0,9.670770278586332,0.9861441245059559,43.66107455271184,-79.39545345206203,107.8,-71.22647720315582,-144.52522323382834,1.0,3.9021688173198688,284.0,3.9021688173198688,3.933582801972125,14.16089808709965,0.5954824293887557,3.9021688173198688,-0.08793926528111257,3.933582801972125,14.16089808709965,-0.0072640929389778475,0.0,0.0,-2.256090660142797,0.0,0.0,0.0,1.7646048474675546,0.0002919494085507367,1.051017870782652,15184.97824893229,4.2180495135923,0.07344296491959694,206133.2438009662,1783556812133243.8,1783556812120607.2
285.0,78.24622725394362,24288.0,83.13271698056987,-958.0137190765687,90.36522515794483,966.7633760996545,0.08313271698056987,-0.9580137190765686,0.09036522515794485,0.9667633760996545,0.966545439404582,0.966545439404582,9.478572833336942,-0.033454560595418,-0.328077166663056,0.8152534589775055,0.8899568509545557,-0.07470339197705023,0.08335652500000013,-9.394905238182233,-9.664453575,0.2695483368177678,0.29910282500000207,0.8861801352951597,0.3855180420795273,0.5006620932156324,0.0588399,0.08313271698056987,0.8152534589775055,0.08335652500000013,0.08335652500000013,0.0,9.478572833336942,0.966545439404582,43.661071502057865,-79.39544175788848,107.8,-70.28472487737463,-144.86244252386786,1.0,3.911250198350021,285.0,3.911250198350021,3.933582801972125,14.16089808709965,0.5964993140461715,3.911250198350021,-0.06251714884571614,3.933582801972125,14.16089808709965,-0.005164136612279964,0.0,0.0,-1.6038837163206376,0.0,0.0,0.0,1.9004443675437828,0.00031503183609096243,1.1341146099274648,15185.318514581033,4.218144031828062,0.07629376881342405,206285.5222784142,1783556812285522.2,1783556812374828.5
286.0,83.83909286973035,24288.0,71.69276458464245,-937.6760259282532,104.85583152611954,946.9341252800469,0.07169276458464247,-0.9376760259282533,0.10485583152611955,0.946934125280047,0.9469467543032081,0.9469467543032081,9.286375388087555,-0.05305324569679193,-0.5202746119124446,0.7030658498139839,0.8849707349917325,-0.1819048851777486,0.08335652500000013,-9.195460599669305,-9.664453575,0.4689929753306951,0.29910282500000207,1.0282844402356204,0.39424374501446785,0.6340406952211525,0.0588399,0.07169276458464247,0.7030658498139839,0.08335652500000013,0.08335652500000013,0.0,9.286375388087555,0.9469467543032081,43.66106845140389,-79.39543006371491,107.8,-69.34297255159345,-145.1996618139074,1.0,3.920331579380173,286.0,3.920331579380173,3.933582801972125,14.16089808709965,0.5975161987035873,3.920331579380173,-0.037095032410319737,3.933582801972125,14.16089808709965,-0.003064180285582082,0.0,0.0,-0.9516767724984783,0.0,0.0,0.0,2.036283887620011,0.0003381142636311882,1.2172113490722776,15185.658780229778,4.218238550063824,0.07914457270725116,206437.8007558622,1783556812437800.8,1783556812629049.8
287.0,89.43195848551709,24288.0,60.25281218871504,-917.3383327799379,119.34643789429427,927.1048744604394,0.060252812188715046,-0.9173383327799379,0.11934643789429428,0.9271048744604394,0.9273480692018341,0.9273480692018341,9.094177942838167,-0.07265193079816586,-0.7124720571618331,0.5908782406504623,0.8799846190289093,-0.289106378378447,0.08335652500000013,-8.996015961156377,-9.664453575,0.6684376138436224,0.29910282500000207,1.1703887451760808,0.4029694479494084,0.7674192972266725,0.0588399,0.060252812188715046,0.5908782406504623,0.08335652500000013,0.08335652500000013,0.0,9.094177942838167,0.9273480692018341,43.66106540074992,-79.39541836954135,107.8,-68.40122022581225,-145.5368811039469,1.0,3.929412960410325,287.0,3.929412960410325,3.933582801972125,14.16089808709965,0.5985330833610031,3.929412960410325,-0.011672915974923315,3.933582801972125,14.16089808709965,-0.0009642239588841988,0.0,0.0,-0.2994698286763189,0.0,0.0,0.0,2.172123407696239,0.00036119669117141393,1.30030808821709,15185.999045878521,4.218333068299586,0.08199537660107827,206590.0792333102,1783556812590079.2,1783556812883270.8
288.0,1786.6039080196033,24288.0,83.74983960471181,-947.8370428734287,89.35073781832565,956.2870749524863,0.08374983960471181,-0.9478370428734286,0.08935073781832566,0.9562870749524862,0.9562917079962712,0.9562917079962712,9.378018078221633,-0.043708292003728784,-0.42863192177836684,0.8213053645595471,0.8776951749999999,-0.0563898104404529,-0.08335652500000001,-9.295106136494708,-9.664453575,0.3693474385052915,0.29910282500000207,0.8762314130260833,0.4056276392720226,0.4706037737540607,0.29419950000000006,0.08374983960471181,0.8213053645595471,-0.08335652500000001,-0.08335652500000001,-0.2416661220577901,9.378018078221633,0.9562917079962712,43.66106235009624,-79.39540667536892,107.8,-67.4594679901482,-145.87410036176925,1.0,3.933582897830112,288.0,3.933582897830112,3.933582801972125,14.16089808709965,0.5954124759407068,0.5408361847217976,0.0,3.933582801972125,14.16089808709965,0.0,0.0,0.0,0.0,0.0,0.0,0.0,43.393035717980126,0.0071831889212917634,25.85948011665035,15214.846161866142,4.226346156073925,0.6533571517391333,207337.2202041809,1783556813337220.2,1783556813137492.0
289.0,2455.205451767291,24288.0,88.83426199062579,-962.3276466732835,65.96239484312139,969.7607942751583,0.08883426199062579,-0.9623276466732834,0.06596239484312137,0.9697607942751583,0.9698090645015838,0.9698090645015838,9.510578062394455,-0.030190935498416283,-0.296071937605544,0.8711665153503704,0.8776951749999999,-0.006528659649629606,-0.08335652500000001,-9.437210416248554,-9.664453575,0.22724315875144485,0.29910282500000207,0.6468701193882963,0.40313458173248146,0.2437355376558148,0.29419950000000006,0.08883426199062579,0.8711665153503704,-0.08335652500000001,-0.08335652500000001,-0.1704359066423282,9.510578062394455,0.9698090645015838,43.661059299442805,-79.39539498119743,107.8,-66.51771583099257,-146.2113195922396,1.0,3.9335830750704477,289.0,3.9335830750704477,3.933582801972125,14.16089808709965,0.5961751392985939,1.540836184721798,0.0,3.933582801972125,14.16089808709965,0.0,0.0,0.0,0.0,0.0,0.0,0.0,59.63203001252396,0.00988799855240816,35.59679478866938,15229.818699841388,4.230505194400382,1.6866439985954786,207489.24443351972,1783556813489244.5,1783556813391713.0
290.0,3123.8069955149786,24288.0,93.91868437653976,-976.8182504731383,42.5740518679171,983.2345135978304,0.09391868437653976,-0.9768182504731383,0.042574051867917094,0.9832345135978303,0.9833264210068963,0.9833264210068963,9.643138046567277,-0.01667357899310378,-0.16351195343272124,0.9210276661411936,0.8776951749999999,0.043332491141193696,-0.08335652500000001,-9.5793146960024,-9.664453575,0.08513887899759814,0.29910282500000207,0.4175088257505093,0.4006415241929403,0.01686730155756888,0.29419950000000006,0.09391868437653976,0.9210276661411936,-0.08335652500000001,-0.08335652500000001,-0.09920569122686629,9.643138046567277,0.9833264210068963,43.66105624878937,-79.39538328702594,107.8,-65.57596367183694,-146.5485388227099,1.0,3.9335832523107834,290.0,3.9335832523107834,3.933582801972125,14.16089808709965,0.5969378026564809,2.540836184721798,0.0,3.933582801972125,14.16089808709965,0.0,0.0,0.0,0.0,0.0,0.0,0.0,75.8710243070678,0.012592808183524557,45.33410946068841,15244.791237816633,4.234664232726839,2.719930845451824,207641.26866285855,1783556813641268.8,1783556813645934.2
291.0,3792.408539262666,24288.0,99.00310676245374,-991.3088542729931,19.185708892712825,996.7082329205024,0.09900310676245375,-0.9913088542729931,0.019185708892712816,0.9967082329205024,0.9968437775122088,0.9968437775122088,9.7756980307401,-0.00315622248779128,-0.030951969259898404,0.9708888169320169,0.8776951749999999,0.09319364193201701,-0.08335652500000001,-9.721418975756247,-9.664453575,-0.05696540075624856,0.29910282500000207,0.18814753211272217,0.39814846665339915,-0.21000093454067714,0.29419950000000006,0.09900310676245375,0.9708888169320169,-0.08335652500000001,-0.08335652500000001,-0.027975475811404416,9.7756980307401,0.9968437775122088,43.66105319813594,-79.39537159285445,107.8,-64.6342115126813,-146.88575805318024,1.0,3.933583429551119,291.0,3.933583429551119,3.933582801972125,14.16089808709965,0.597700466014368,3.5408361847217984,0.0,3.933582801972125,14.16089808709965,0.0,0.0,0.0,0.0,0.0,0.0,0.0,92.11001860161164,0.015297617814640955,55.071424132707435,15259.763775791878,4.238823271053296,3.7532176923081693,207793.29289219738,1783556813793293.0,1783556813900155.2
292.0,7463.052447285754,24288.0,74.70004197058316,-974.5186329569049,28.469695213415044,978.1418926750987,0.07470004197058315,-0.9745186329569049,0.02846969521341504,0.9781418926750987,0.9782700088452863,0.9782700088452863,9.593551582242625,-0.021729991154713753,-0.21309841775737362,0.7325571665908193,0.8776951749999999,-0.14513800840918067,-0.1032208172251314,-9.556763151886832,-9.63395035619714,0.07718720431030834,0.2321780589297221,0.2791923365646366,0.39334926880285936,-0.11415693223822274,0.06648001239428131,0.07470004197058315,0.7325571665908193,-0.1032208172251314,-0.1032208172251314,-0.03305206693033509,9.593551582242625,0.9782700088452863,43.661050286035774,-79.39535983251324,107.78441850704516,-63.68713059015311,-147.2076616057713,1.0,3.9279251489269806,292.0,3.9279251489269806,3.9279245603698785,14.140528417331563,0.5959348895772907,0.6072526855600164,-0.015581492954843654,3.9279245603698785,14.140528417331563,-0.005658241602246572,0.0,0.0,-0.39980543268896135,0.0,0.0,0.0,181.2626178396764,0.03001276221842108,108.04594398631589,15390.03325565147,4.27500923768096,4.874168689879119,208541.64477265862,1783556814541644.8,1783556814155815.0
293.0,7800.724807016289,24288.0,85.73340934779668,-981.959741188049,9.482039727047582,986.6093606622626,0.08573340934779668,-0.9819597411880489,0.009482039727047573,0.9866093606622626,0.9866142280818274,0.9866142280818274,9.675380419818651,-0.013385771918172615,-0.1312695801813475,0.8407575387805702,0.8776951749999999,-0.036937636219429665,-0.135932557654591,-9.62973549592178,-9.640241075510497,0.010505579588717326,0.21078961326430593,0.09298704488925114,0.3870585494895017,-0.29407150460025056,0.07906145102099654,0.08573340934779668,0.8407575387805702,-0.135932557654591,-0.135932557654591,-0.08748091955838766,9.675380419818651,0.9866142280818274,43.661047463546446,-79.39534802937604,107.75875951314465,-62.7366032316459,-147.51965957622343,1.0,3.918607198806124,293.0,3.918607198806124,3.9186067891408745,14.106984440907148,0.5974744292113204,1.607252685560022,-0.041240486855338765,3.9186067891408745,14.106984440907148,-0.014976012831250685,0.0,0.0,-1.0581894006746404,0.0,0.0,0.0,189.46400411281164,0.03145732520284896,113.24637073025626,15422.146880445864,4.283929689012736,6.05181743549555,208695.8553260006,1783556814695855.2,1783556814412404.8
294.0,8138.397166746824,24288.0,96.7667767250102,-989.4008494191929,-9.50561575931988,995.0768286494265,0.0967667767250102,-0.9894008494191929,-0.009505615759319894,0.9950768286494265,0.9949584473183686,0.9949584473183686,9.757209257394678,-0.005041552681631478,-0.04944074260532136,0.9489579109703212,0.8776951749999999,0.07126273597032134,-0.16864429808405057,-9.702707839956728,-9.646531794823854,-0.05617604513287369,0.18940116759888978,-0.09321824678613438,0.3807678301761441,-0.4739860769622784,0.09164288964771176,0.0967667767250102,0.9489579109703212,-0.16864429808405057,-0.16864429808405057,-0.14190977218644021,9.757209257394678,0.9949584473183686,43.66104464105712,-79.39533622623885,107.73310051924416,-61.7860758731387,-147.83165754667553,1.0,3.9092892486852677,294.0,3.9092892486852677,3.9092890179118704,14.073440464482733,0.5990139688453502,2.6072526855600278,-0.06689948075583388,3.9092890179118704,14.073440464482733,-0.024293784060254797,0.0,0.0,-1.7165733686603195,0.0,0.0,0.0,197.66539038594686,0.03290188818727684,118.44679747419661,15454.260505240258,4.2928501403445125,7.229466181111981,208850.06587934258,1783556814850066.0,1783556814668994.8
295.0,8476.069526477359,24288.0,107.80014410222373,-996.8419576503369,-28.49327124568734,1003.5442966365903,0.10780014410222373,-0.9968419576503369,-0.028493271245687353,1.0035442966365904,1.0033026665549096,1.0033026665549096,9.839038094970704,0.003302666554909659,0.03238809497070477,1.0571582831600723,0.8776951749999999,0.17946310816007233,-0.2013560385135102,-9.775680183991676,-9.652822514137211,-0.12285766985446472,0.1680127219334736,-0.2794235384615199,0.37447711086278646,-0.6539006493243062,0.10422432827442699,0.10780014410222373,1.0571582831600723,-0.2013560385135102,-0.2013560385135102,-0.19633862481449277,9.839038094970704,1.0033026665549096,43.66104181856779,-79.39532442310166,107.70744152534367,-60.83554851463149,-148.14365551712766,1.0,3.8999712985644113,295.0,3.8999712985644113,3.899971246682866,14.039896488058318,0.60055350847938,3.607252685560033,-0.09255847465632899,3.899971246682866,14.039896488058318,-0.03361155528925891,0.0,0.0,-2.374957336645999,0.0,0.0,0.0,205.86677665908206,0.03434645117170471,123.64722421813698,15486.374130034652,4.301770591676289,8.407114926728411,209004.27643268456,1783556815004276.5,1783556814925584.8
296.0,8779.588745846264,24288.0,95.99757800581312,-993.2583323232125,-15.10806119250541,999.5174719778205,0.09599757800581313,-0.9932583323232124,-0.015108061192505413,0.9995174719778205,0.999263525076531,0.999263525076531,9.799427648191763,-0.0007364749234689853,-0.007222351808237125,0.9414146483507072,0.8776951749999999,0.06371947335070727,-0.21084297499999993,-9.74053682467743,-9.654646924999998,-0.08588989967743259,0.16180972499999946,-0.1481594682934832,0.3672036814203965,-0.5153631497138798,0.1423836010041551,0.09599757800581313,0.9414146483507072,-0.21084297499999993,-0.21084297499999993,-0.1728353347005852,9.799427648191763,0.999263525076531,43.661039333064224,-79.39531248010603,107.7,-59.87375811076437,-148.41840308117213,1.0,3.885419682028268,296.0,3.885419682028268,3.885419682028268,13.987510855301764,0.600629569827304,3.885419682028268,-0.08147849136519675,3.885419682028268,13.987510855301764,-0.04143724515140333,0.0,0.0,-2.090656112961234,0.0,0.0,0.0,213.23865145911407,0.035574806250311675,128.06930250112202,15521.782147492759,4.3116061520813185,8.764562101693798,209159.94383672244,1783556815159943.8,1783556815185215.0
297.0,9069.156989602176,24288.0,74.86692238038172,-985.1712912813807,11.500912558037825,990.3869417693007,0.07486692238038173,-0.9851712912813806,0.011500912558037826,0.9903869417693008,0.9901659918511125,0.9901659918511125,9.710211323986712,-0.009834008148887439,-0.09643867601328701,0.7341937043615704,0.8776951749999999,-0.14350147063842955,-0.21084297499999993,-9.66123004364455,-9.654646924999998,-0.006583118644552799,0.16180972499999946,0.1127854241372816,0.3595288316430211,-0.24674340750573948,0.19099098292753286,0.07486692238038173,0.7341937043615704,-0.21084297499999993,-0.21084297499999993,-0.11749809282267028,9.710211323986712,0.9901659918511125,43.6610369852136,-79.3953004799806,107.7,-58.907366944874184,-148.67793448922436,1.0,3.8687302019822654,297.0,3.8687302019822654,3.8687302019822654,13.927428727136155,0.60010782524396,3.8687302019822654,-0.05539126219799898,3.8687302019822654,13.927428727136155,-0.04865344521140209,0.0,0.0,-1.4212840588792541,0.0,0.0,0.0,220.27168496345763,0.036714844085189186,132.17343870668105,15558.535868192923,4.321815518942476,8.786970917412194,209316.20633943396,1783556815316206.2,1783556815446087.5
298.0,9358.725233358087,24288.0,53.73626675495033,-977.0842502395489,38.10988630858107,981.256411560781,0.053736266754950336,-0.9770842502395489,0.03810988630858106,0.981256411560781,0.9810684586256941,0.9810684586256941,9.620994999781663,-0.018931541374305895,-0.1856550002183369,0.5269727603724336,0.8776951749999999,-0.35072241462756637,-0.21084297499999993,-9.58192326261167,-9.654646924999998,0.072723662388327,0.16180972499999946,0.3737303165680464,0.35185398186564565,0.0218763347024008,0.23959836485091066,0.053736266754950336,0.5269727603724336,-0.21084297499999993,-0.21084297499999993,-0.06216085094475535,9.620994999781663,0.9810684586256941,43.661034637362974,-79.3952884798552,107.7,-57.940975778984,-148.9374658972766,1.0,3.852040721936263,298.0,3.852040721936263,3.852040721936263,13.867346598970547,0.599586080660616,3.852040721936263,-0.029304033030801216,3.852040721936263,13.867346598970547,-0.055869645271400835,0.0,0.0,-0.751912004797274,0.0,0.0,0.0,227.30471846780122,0.03785488192006669,136.27757491224008,15595.289588893087,4.332024885803632,8.809379733130593,209472.4688421455,1783556815472468.8,1783556815706959.8
299.0,9648.293477113999,24288.0,32.605611129518934,-968.9972091977171,64.7188600591243,972.1258813522612,0.032605611129518944,-0.9689972091977171,0.06471886005912429,0.9721258813522613,0.9719709254002756,0.9719709254002756,9.531778675576614,-0.028029074599724348,-0.27487132442338674,0.31975181638329686,0.8776951749999999,-0.5579433586167031,-0.21084297499999993,-9.50261648157879,-9.654646924999998,0.1520304434212068,0.16180972499999946,0.6346752089988112,0.3441791320882702,0.29049607691054113,0.28820574677428845,0.032605611129518944,0.31975181638329686,-0.21084297499999993,-0.21084297499999993,-0.00682360906684043,9.531778675576614,0.9719709254002756,43.66103228951235,-79.39527647972977,107.7,-56.97458461309381,-149.19699730532884,1.0,3.8353512418902604,299.0,3.8353512418902604,3.8353512418902604,13.807264470804938,0.599064336077272,3.8353512418902604,-0.003216803863603443,3.8353512418902604,13.807264470804938,-0.06308584533139959,0.0,0.0,-0.08253995071529419,0.0,0.0,0.0,234.33775197214482,0.03899491975494419,140.3817111177991,15632.04330959325,4.342234252664789,8.831788548848989,209628.73134485702,1783556815628731.2,1783556815967832.0
300.0,8857.826933781518,24288.0,47.58089898008537,-939.5197329711059,91.88535825946838,945.3604984367443,0.04758089898008538,-0.9395197329711059,0.09188535825946838,0.9453604984367443,0.9454570639155876,0.9454570639155876,9.271766515847798,-0.054542936084412394,-0.5348834841522028,0.4666092229830542,0.8674637883882419,-0.4008545654051877,-0.21084297499999993,-9.213541189341095,-9.654646924999998,0.4411057356589026,0.15157833838824147,0.9010875485752156,0.34323275,0.5578547985752156,0.08172627310328509,0.04758089898008538,0.4666092229830542,-0.21084297499999993,-0.21084297499999993,0.0,9.271766515847798,0.9454570639155876,43.661030377071654,-79.39526433504228,107.7,-55.99655160940836,-149.40839849975222,1.0,3.821246556215409,300.0,3.821246556215409,3.833293270016382,13.799855772058976,0.5942318469068723,0.8766904739868526,0.0,3.833293270016382,13.799855772058976,-0.04914310997868877,0.0,0.0,0.0,0.0,0.0,0.0,215.1389005676855,0.035510809114760435,127.83891281313757,15794.665328819776,4.387407035783268,8.748652206811371,210379.94890958903,1783556816379949.0,1783556816231847.0
301.0,8645.467986419128,24288.0,39.11827592205741,-953.8004093815281,82.6293642897503,958.3188899943495,0.03911827592205741,-0.9538004093815281,0.08262936428975029,0.9583188899943496,0.9585268244753272,0.9585268244753272,9.399937083240967,-0.041473175524672834,-0.40671291675903276,0.38361924057104424,0.855793322111553,-0.47217408154050877,-0.21084297499999993,-9.353586784661362,-9.654646924999998,0.30106014033863576,0.13990787211155256,0.8103172553120797,0.34323275,0.46708450531207973,0.051901748173969024,0.03911827592205741,0.38361924057104424,-0.21084297499999993,-0.21084297499999993,0.0,9.399937083240967,0.9585268244753272,43.66102852587286,-79.39525217002164,107.7,-55.01688114125505,-149.61303001433353,1.0,3.8075054307459046,301.0,3.8075054307459046,3.833293270016382,13.799855772058976,0.5944963038774357,1.87669047398685,0.0,3.833293270016382,13.799855772058976,-0.03222429769335342,0.0,0.0,0.0,0.0,0.0,0.0,209.98112645414778,0.03467448000318102,124.82812801145167,15826.160476764297,4.396155687990079,8.748652206811371,210537.30080707424,1783556816537300.8,1783556816496304.0
302.0,8433.109039056739,24288.0,30.655652864029445,-968.0810857919503,73.37337032003221,971.277281551955,0.030655652864029444,-0.9680810857919503,0.07337337032003222,0.9712772815519549,0.9715965850350667,0.9715965850350667,9.528107650634137,-0.028403414964933267,-0.27854234936586275,0.3006292581590343,0.8441228558348641,-0.5434935976758298,-0.21084297499999993,-9.493632379981628,-9.654646924999998,0.16101454501836893,0.12823740583486365,0.7195469620489439,0.34323275,0.37631421204894383,0.022077223244652958,0.030655652864029444,0.3006292581590343,-0.21084297499999993,-0.21084297499999993,0.0,9.528107650634137,0.9715965850350667,43.66102667467406,-79.39524000500099,107.7,-54.03721067310175,-149.81766152891484,1.0,3.7937643052764005,302.0,3.7937643052764005,3.833293270016382,13.799855772058976,0.594760760847999,2.876690473986847,0.0,3.833293270016382,13.799855772058976,-0.015305485408018064,0.0,0.0,0.0,0.0,0.0,0.0,204.82335234061009,0.033838150891601596,121.81734320976577,15857.655624708817,4.404904340196891,8.748652206811371,210694.65270455944,1783556816694652.8,1783556816760760.8
303.0,8205.619224846605,24288.0,101.38077515339492,-929.6869438743173,26.098134839188187,935.5642753253321,0.10138077515339491,-0.9296869438743174,0.026098134839188186,0.9355642753253322,0.9356214918253366,0.9356214918253366,9.175312502808936,-0.06437850817466337,-0.6313374971910625,0.9942057786580403,0.8335652499999999,0.16064052865804035,-0.26477955,-9.117114468145074,-9.654045441237045,0.5369309730919705,0.06028346103108783,0.2559352740207248,0.34323275,-0.0872974759792752,-0.04903325000000003,0.10138077515339491,0.9942057786580403,-0.26477955,-0.26477955,-0.08768885120250566,9.175312502808936,0.9356214918253366,43.66102490186516,-79.39522782238193,107.6975466290203,-53.056122973564825,-150.01362782499356,1.0,3.7839203354467927,303.0,3.7839203354467927,3.834605347289726,13.804579250243014,0.5999018651608118,0.09535698192689807,-0.002453370979704874,3.834605347289726,13.804579250243014,0.0013120772733441585,0.0,0.0,-0.06312101161792022,0.0,0.0,0.0,199.29807973307436,0.03321087119536888,119.55913630332795,16008.63976054099,4.44684437792805,8.748652206811371,211451.62209103903,1783556817451622.0,1783556817024533.8
304.0,8222.599888599641,24288.0,84.4001114003579,-936.8908618301512,27.127265975735884,941.4817793604814,0.0844001114003579,-0.9368908618301512,0.027127265975735882,0.9414817793604814,0.9415726312025291,0.9415726312025291,9.233673243782281,-0.058427368797470874,-0.5729767562177177,0.8276823524643198,0.8335652499999999,-0.005882897535680109,-0.26477955,-9.187760770166653,-9.647737735699405,0.459976965532752,0.07542195432142575,0.26602760288095023,0.34323275,-0.07720514711904972,-0.04903325000000003,0.0844001114003579,0.8276823524643198,-0.26477955,-0.26477955,-0.06456059756448893,9.233673243782281,0.9415726312025291,43.66102387273403,-79.39521547280829,107.6718183506066,-52.061590128740406,-150.1273879809445,1.0,3.8110483268594137,304.0,3.8110483268594137,3.848364982366579,13.854113936519685,0.5988727340242641,1.095356981926901,-0.02818164939339951,3.848364982366579,13.854113936519685,0.015071712350196928,0.0,0.0,-0.7250653217504475,0.0,0.0,0.0,199.71050609430813,0.03322218861908623,119.59987902871043,16039.440011153298,4.455400003098135,8.748652206811371,211604.96263038466,1783556817604962.8,1783556817281816.5
305.0,8239.58055235268,24288.0,67.4194476473209,-944.0947797859851,28.15639711228358,947.3992833956306,0.06741944764732088,-0.9440947797859851,0.02815639711228358,0.9473992833956306,0.9475237705797216,0.9475237705797216,9.292033984755626,-0.052476229420278374,-0.5146160152443728,0.6611589262705994,0.8335652499999999,-0.17240632372940057,-0.26477955,-9.25840707218823,-9.641430030161764,0.3830229579735336,0.09056044761176367,0.2761199317411757,0.34323275,-0.06711281825882423,-0.04903325000000003,0.06741944764732088,0.6611589262705994,-0.26477955,-0.26477955,-0.04143234392647217,9.292033984755626,0.9475237705797216,43.661022843602886,-79.39520312323465,107.6460900721929,-51.06705728391598,-150.24114813689542,1.0,3.8381763182720348,305.0,3.8381763182720348,3.8621246174434316,13.903648622796354,0.5978436028877164,2.095356981926904,-0.05390992780709415,3.8621246174434316,13.903648622796354,0.028831347427049698,0.0,0.0,-1.3870096318829745,0.0,0.0,0.0,200.12293245554187,0.03323350604280359,119.64062175409292,16070.240261765604,4.463955628268221,8.748652206811371,211758.30316973026,1783556817758303.2,1783556817539099.2
306.0,8256.561216105716,24288.0,50.43878389428388,-951.298697741819,29.18552824883128,953.3167874307799,0.05043878389428387,-0.951298697741819,0.029185528248831277,0.9533167874307799,0.9534749099569141,0.9534749099569141,9.350394725728972,-0.04652509004308587,-0.45625527427102797,0.49463550007687895,0.8335652499999999,-0.33892974992312097,-0.26477955,-9.329053374209808,-9.635122324624124,0.30606895041431514,0.10569894090210159,0.2862122606014012,0.34323275,-0.05702048939859876,-0.04903325000000003,0.05043878389428387,0.49463550007687895,-0.26477955,-0.26477955,-0.018304090288455435,9.350394725728972,0.9534749099569141,43.66102181447175,-79.39519077366101,107.62036179377921,-50.07252443909155,-150.35490829284632,1.0,3.8653043096846553,306.0,3.8653043096846553,3.8758842525202843,13.953183309073024,0.5968144717511686,3.0953569819269067,-0.0796382062207888,3.8758842525202843,13.953183309073024,0.04259098250390247,0.0,0.0,-2.0489539420155016,0.0,0.0,0.0,200.53535881677564,0.03324482346652095,119.68136447947542,16101.040512377913,4.472511253438307,8.748652206811371,211911.64370907587,1783556817911643.8,1783556817796382.0
307.0,8257.131312616817,24288.0,38.136992459558314,-957.9819480332549,30.77522213151703,959.0853109841238,0.03813699245955831,-0.9579819480332549,0.030775222131517028,0.9590853109841238,0.9592510286386695,0.9592510286386695,9.407039099999409,-0.040748971361330495,-0.39961090000059163,0.37399613710352747,0.8360993607053471,-0.4621032236018196,-0.26680683856427767,-9.394593670680319,-9.6301303,0.23553662931968128,0.11463886715358292,0.30180183211604145,0.3427259278589305,-0.04092409574288911,-0.04903325000000003,0.03813699245955831,0.37399613710352747,-0.26680683856427767,-0.26680683856427767,-0.003412943710905259,9.407039099999409,0.9592510286386695,43.66102084495557,-79.39517841592622,107.6,-49.07733436283948,-150.46207861119396,1.0,3.894482774164279,307.0,3.894482774164279,3.8940865839653416,14.01871170227523,0.595896637049131,3.894482774164279,-0.09483185245656121,3.8940865839653416,14.01871170227523,0.058029358153793995,0.0,0.0,-2.439860302488604,0.0,0.0,0.0,200.54920532083727,0.033196441615651946,119.50718981634701,16131.396907356993,4.48094358537694,8.743664245783004,212063.69879640808,1783556818063698.8,1783556818051681.5
308.0,8195.435585457482,24288.0,43.58802056198946,-962.6896541217181,34.49183220135645,964.288565081899,0.04358802056198946,-0.9626896541217181,0.03449183220135645,0.964288565081899,0.9643630747384049,0.9643630747384049,9.457171146883379,-0.03563692526159511,-0.3494788531166216,0.4274524618442339,0.848248525419144,-0.42079606357491006,-0.2765261703353152,-9.440760496592747,-9.6301303,0.189369803407253,0.1000598694970269,0.3382493262574322,0.3402960949161712,-0.0020467686587389705,-0.04903325000000003,0.04358802056198946,0.4274524618442339,-0.2765261703353152,-0.2765261703353152,-0.019775455109958304,9.457171146883379,0.9643630747384049,43.66102010163356,-79.395166027226,107.6,-48.07965058508511,-150.54424542660513,1.0,3.931441249690972,308.0,3.931441249690972,3.929145623932759,14.144924246157933,0.5954010890398191,3.931441249690972,-0.07005445199096297,3.929145623932759,14.144924246157933,0.07983729818060263,0.0,0.0,-1.802380444942141,0.0,0.0,0.0,199.05073949959134,0.03292154568700334,118.51756447321205,16160.069202317694,4.488908111754912,8.71975070483478,212210.87655517372,1783556818210876.5,1783556818299455.5
309.0,8133.739858298149,24288.0,49.03904866442061,-967.3973602101814,38.20844227119587,969.4918191796742,0.04903904866442061,-0.9673973602101814,0.03820844227119587,0.9694918191796742,0.9694751208381402,0.9694751208381402,9.507303193767347,-0.030524879161859718,-0.29934680623265153,0.48090878658494035,0.8603976901329409,-0.37948890354800047,-0.2862455021063527,-9.486927322505174,-9.6301303,0.14320297749482475,0.08548087184047087,0.37469682039882296,0.3378662619734118,0.03683055842541118,-0.04903325000000003,0.04903904866442061,0.48090878658494035,-0.2862455021063527,-0.2862455021063527,-0.03613796650901135,9.507303193767347,0.9694751208381402,43.66101935831154,-79.39515363852577,107.6,-47.081966807330744,-150.6264122420163,1.0,3.9683997252176653,309.0,3.9683997252176653,3.9642046639001762,14.271136790040636,0.5949055410305072,3.9683997252176653,-0.04527705152536471,3.9642046639001762,14.271136790040636,0.10164523820741127,0.0,0.0,-1.1649005873956781,0.0,0.0,0.0,197.55227367834544,0.03264664975835474,117.52793913007707,16188.741497278397,4.496872638132885,8.695837163886559,212358.05431393936,1783556818358054.2,1783556818547229.5
310.0,8072.044131138814,24288.0,54.490076766851764,-972.1050662986447,41.92505234103529,974.6950732774494,0.05449007676685176,-0.9721050662986447,0.04192505234103529,0.9746950732774494,0.9745871669378757,0.9745871669378757,9.557435240651317,-0.025412833062124326,-0.2492147593486815,0.5343651113256468,0.8725468548467378,-0.338181743521091,-0.2959648338773902,-9.533094148417604,-9.6301303,0.09703615158239648,0.07090187418391486,0.4111443145402137,0.3354364290306524,0.07570788550956131,-0.04903325000000003,0.05449007676685176,0.5343651113256468,-0.2959648338773902,-0.2959648338773902,-0.05250047790806439,9.557435240651317,0.9745871669378757,43.66101861498953,-79.39514124982553,107.6,-46.08428302957637,-150.70857905742747,1.0,4.005358200744358,310.0,4.005358200744358,3.9992637038675936,14.397349333923337,0.5944099930211952,4.005358200744358,-0.020499651059766463,3.9992637038675936,14.397349333923337,0.1234531782342199,0.0,0.0,-0.5274207298492151,0.0,0.0,0.0,196.05380785709954,0.03237175382970614,116.53831378694211,16217.413792239098,4.5048371645108585,8.671923622938337,212505.232072705,1783556818505232.0,1783556818795003.5
311.0,8014.144915083052,24288.0,93.18568086617265,-951.1429450890193,76.3856069913964,958.9286505801174,0.09318568086617265,-0.9511429450890193,0.0763856069913964,0.9589286505801173,0.9588419790861173,0.9588419790861173,9.403027694204873,-0.04115802091388265,-0.40362230579512726,0.913839357266252,0.9120184499999999,0.0018209072662520448,-0.3368583671279938,-9.32752596245723,-9.610517,0.2829910375427695,0.05778914437713894,0.7490869128021775,0.3138128,0.4352741128021775,0.10114831401368587,0.09318568086617265,0.913839357266252,-0.3368583671279938,-0.3368583671279938,-0.05275795408544953,9.403027694204873,0.9588419790861173,43.6610179142822,-79.39512885705491,107.6,-45.08627145643458,-150.78603524627658,1.0,4.035607341723915,311.0,4.035607341723915,4.028269897912055,14.501771632483397,0.5951714356071215,0.17264722389950174,0.0,4.028269897912055,14.501771632483397,0.1354316731633445,0.00026882665768224314,0.00026882665768224314,0.0,0.0,0.0,0.0,194.64755169753718,0.03218147935145055,115.85332566522199,16361.921878788817,4.5449782996635575,8.766429539430856,213247.67248216644,1783556819247672.5,1783556819042859.0
312.0,8304.59218640577,24288.0,88.46901577631658,-963.5552216412722,61.24262959764796,970.0996994771449,0.08846901577631658,-0.9635552216412722,0.061242629597647966,0.9700996994771449,0.9700285183536852,0.9700285183536852,9.512730169513167,-0.02997148164631478,-0.2939198304868329,0.867584673562815,0.9120184499999999,-0.04443377643718499,-0.3283377674984132,-9.44924881430838,-9.610517,0.16126818569161916,0.05170300178458089,0.6005850335437743,0.3138128,0.28677223354377435,0.062197001421317843,0.08846901577631658,0.867584673562815,-0.3283377674984132,-0.3283377674984132,-0.024212911345535236,9.512730169513167,0.9700285183536852,43.66101741779113,-79.39511644477837,107.6,-44.08668903600287,-150.84091736833645,1.0,4.033704291443264,312.0,4.033704291443264,4.028269897912055,14.501771632483397,0.5961644177313018,1.172647223899495,0.0,4.028269897912055,14.501771632483397,0.1003059140800783,0.0018259131350108664,0.0018259131350108664,0.0,0.0,0.0,0.0,201.70193502342332,0.033408603734525144,120.27097344429053,16394.91026138872,4.554141739274642,8.86939865887544,213396.37155526245,1783556819396371.5,1783556819291104.5
313.0,8595.039457728484,24288.0,83.7523506864605,-975.967498193525,46.099652203899524,981.2707483741725,0.0837523506864605,-0.9759674981935249,0.04609965220389952,0.9812707483741725,0.981215057621253,0.981215057621253,9.622432644821462,-0.018784942378746918,-0.18421735517853846,0.8213299898593779,0.9120184499999999,-0.09068846014062203,-0.3198171678688327,-9.570971666159531,-9.610517,0.03954533384046882,0.045616859192022845,0.45208315428537116,0.3138128,0.13827035428537116,0.023245688828949798,0.0837523506864605,0.8213299898593779,-0.3198171678688327,-0.3198171678688327,0.004332131394379067,9.622432644821462,0.981215057621253,43.66101692130007,-79.3951040325018,107.6,-43.087106615571166,-150.8957994903963,1.0,4.031801241162615,313.0,4.031801241162615,4.028269897912055,14.501771632483397,0.597157399855482,2.172647223899488,0.0,4.028269897912055,14.501771632483397,0.06518015499681208,0.0033829996123394897,0.0033829996123394897,0.0,0.0,0.0,0.0,208.75631834930945,0.03463572811759975,124.68862122335908,16427.898643988625,4.563305178885726,8.972367778320026,213545.07062835843,1783556819545070.8,1783556819539350.0
314.0,8885.486729051201,24288.0,79.03568559660444,-988.3797747457778,30.95667481015108,992.4417972712,0.07903568559660443,-0.9883797747457778,0.03095667481015108,0.9924417972712,0.9924015968888209,0.9924015968888209,9.732135120129756,-0.007598403111179056,-0.07451487987024408,0.7750753061559409,0.9120184499999999,-0.13694314384405906,-0.31129656823925217,-9.692694518010681,-9.610517,-0.08217751801068157,0.039530716599464805,0.303581275026968,0.3138128,-0.01023152497303198,-0.015705623763418233,0.07903568559660443,0.7750753061559409,-0.31129656823925217,-0.31129656823925217,0.03287717413429337,9.732135120129756,0.9924015968888209,43.661016424809006,-79.39509162022526,107.6,-42.08752419513945,-150.95068161245615,1.0,4.029898190881965,314.0,4.029898190881965,4.028269897912055,14.501771632483397,0.5981503819796622,3.172647223899481,0.0,4.028269897912055,14.501771632483397,0.030054395913545875,0.004940086089668113,0.004940086089668113,0.0,0.0,0.0,0.0,215.81070167519556,0.03586285250067434,129.10626900242764,16460.887026588527,4.572468618496811,9.075336897764611,213693.7697014544,1783556819693769.8,1783556819787595.5
315.0,10065.232082282671,24288.0,65.10397435075738,-1000.1398153767271,-7.824343597303202,1003.1039743507574,0.06510397435075739,-1.000139815376727,-0.007824343597303203,1.0031039743507575,1.002306237364378,1.002306237364378,9.829266462649379,0.0023062373643780755,0.022616462649378256,0.6384518900668549,0.9120184499999999,-0.27356655993314505,-0.26161622642406773,-9.80802112046418,-9.590903699999998,-0.2171174204641816,0.004710184238775617,-0.07673059913849345,0.2836898892053484,-0.3604204883438418,-0.09001725198662903,0.06510397435075739,0.6384518900668549,-0.26161622642406773,-0.26161622642406773,0.06877402432355799,9.829266462649379,1.002306237364378,43.66101607168205,-79.39507920794871,107.6,-41.08794177467114,-150.98971626645897,1.0,4.028269897875431,315.0,4.028269897875431,4.028269897912055,14.501771632483397,0.5959641589740303,0.14437732598742056,0.0,4.028269897912055,14.501771632483397,0.0,0.006622812401486088,0.006622812401486088,0.0,0.0,0.0,0.0,244.46435681448153,0.04046983442665429,145.69140393595544,16640.01301229796,4.622225836749432,9.163439611084508,214438.32541045197,1783556820438325.5,1783556820035841.0
316.0,10239.996936182726,24288.0,58.89783607305663,-994.1819226301344,-13.533990812787899,996.8978360730566,0.05889783607305664,-0.9941819226301343,-0.013533990812787899,0.9968978360730566,0.9961304103107993,0.9961304103107993,9.7687022882744,-0.0038695896892006988,-0.037947711725600033,0.5775904641258408,0.9120184499999999,-0.3344279858741591,-0.23970611308530265,-9.749594151560807,-9.590903699999998,-0.15869045156080785,-0.03058944280701298,-0.13272311100422643,0.27882097513006726,-0.41154408613429366,-0.10218953717483187,0.05889783607305664,0.5775904641258408,-0.23970611308530265,-0.23970611308530265,0.08925910638412836,9.7687022882744,0.9961304103107993,43.66101656817311,-79.39506679567215,107.6,-40.08835935398586,-150.9348341443852,1.0,4.028269897621762,316.0,4.028269897621762,4.028269897912055,14.501771632483397,0.5957159134429222,1.1443773259874204,0.0,4.028269897912055,14.501771632483397,0.0,0.009050117478792793,0.009050117478792793,0.0,0.0,0.0,0.0,248.70904558600603,0.04115457186247739,148.1564587049186,16678.55695692289,4.632932488034133,9.163439611084508,214586.03150146126,1783556820586031.5,1783556820284086.5
317.0,10414.761790082779,24288.0,52.69169779535588,-988.2240298835417,-19.243638028272592,990.6916977953558,0.05269169779535588,-0.9882240298835416,-0.019243638028272593,0.9906916977953558,0.9899545832572205,0.9899545832572205,9.708138113899421,-0.010045416742779473,-0.09851188610057832,0.5167290381848266,0.9120184499999999,-0.39528941181517324,-0.21779599974653757,-9.691167182657432,-9.590903699999998,-0.10026348265743415,-0.06588906985280157,-0.1887156228699594,0.2739520610547861,-0.46266768392474555,-0.11436182236303469,0.05269169779535588,0.5167290381848266,-0.21779599974653757,-0.21779599974653757,0.10974418844469874,9.708138113899421,0.9899545832572205,43.66101706466417,-79.39505438339559,107.6,-39.08877693330058,-150.87995202231141,1.0,4.028269897368093,317.0,4.028269897368093,4.028269897912055,14.501771632483397,0.5954676679118142,2.14437732598742,0.0,4.028269897912055,14.501771632483397,0.0,0.011477422556099497,0.011477422556099497,0.0,0.0,0.0,0.0,252.95373435753052,0.041839309298300494,150.62151347388178,16717.100901547816,4.643639139318836,9.163439611084508,214733.73759247054,1783556820733737.5,1783556820532332.0
318.0,10589.526643982832,24288.0,46.48555951765512,-982.2661371369489,-24.95328524375729,984.4855595176551,0.04648555951765512,-0.9822661371369489,-0.02495328524375729,0.9844855595176552,0.9837787562036417,0.9837787562036417,9.647573939524444,-0.016221243796358246,-0.1590760604755566,0.45586761224381256,0.9120184499999999,-0.45615083775618737,-0.1958858864077725,-9.632740213754058,-9.590903699999998,-0.04183651375406042,-0.10118869689859017,-0.2447081347356924,0.269083146979505,-0.5137912817151974,-0.1265341075512375,0.04648555951765512,0.45586761224381256,-0.1958858864077725,-0.1958858864077725,0.1302292705052691,9.647573939524444,0.9837787562036417,43.661017561155234,-79.39504197111904,107.6,-38.0891945126153,-150.82506990023762,1.0,4.0282698971144235,318.0,4.0282698971144235,4.028269897912055,14.501771632483397,0.5952194223807061,3.1443773259874197,0.0,4.028269897912055,14.501771632483397,0.0,0.013904727633406205,0.013904727633406205,0.0,0.0,0.0,0.0,257.198423129055,0.0425240467341236,153.08656824284495,16755.644846172745,4.6543457906035375,9.163439611084508,214881.4436834798,1783556820881443.8,1783556820780577.5
319.0,10742.398664274982,24288.0,42.4583593209976,-974.8839492205133,-28.970569891060517,976.941139782121,0.042458359320997605,-0.9748839492205132,-0.028970569891060515,0.976941139782121,0.976300428065313,0.976300428065313,9.574236592886702,-0.02369957193468693,-0.23241340711329758,0.4163742694352611,0.9131401456419812,-0.49676587620672,-0.1790435151944578,-9.560345680623346,-9.590903699999998,0.03055801937665317,-0.133932106507726,-0.28410423922216854,0.26477955,-0.5488837892221685,-0.13729310000000003,0.042458359320997605,0.4163742694352611,-0.1790435151944578,-0.1790435151944578,0.13985246993459552,9.574236592886702,0.976300428065313,43.6610181429764,-79.39502957023596,107.5971404719196,-37.09052962886736,-150.76075538855594,1.0,4.02918781713205,319.0,4.02918781713205,4.028628617965284,14.50306302467502,0.595,4.02918781713205,-0.0028595280803872937,4.028628617965284,14.50306302467502,0.00035872005322864424,0.01615544172728765,0.01615544172728765,-0.07042530272268485,0.0,0.0,0.0,260.91137875791077,0.043122852878043585,155.2422703609569,16794.130269051657,4.66503618584768,9.183502103800363,215029.0141920783,1783556821029014.2,1783556821028595.2
320.0,10728.606818762011,24288.0,55.01879005602467,-956.6590105069446,-20.104383489864937,959.2087669797298,0.05501879005602467,-0.9566590105069446,-0.020104383489864937,0.9592087669797299,0.9589065325825439,0.9589065325825439,9.403660747750603,-0.04109346741745616,-0.4029892522493964,0.5395500175029143,0.9228009886276796,-0.3832509711247652,-0.20078041191227897,-9.381620085387928,-9.590903699999998,0.20928361461207107,-0.14721576561306068,-0.19715665235088398,0.26477955,-0.46193620235088395,-0.13729310000000003,0.05501879005602467,0.5395500175029143,-0.20078041191227897,-0.20078041191227897,0.06678727088309581,9.403660747750603,0.9589065325825439,43.66101937439118,-79.39501725608818,107.57251217636073,-36.098849690774884,-150.6246347989588,1.0,4.037093601016683,320.0,4.037093601016683,4.031718170942366,14.514185415392516,0.595,4.037093601016683,-0.0274878236392625,4.031718170942366,14.514185415392516,0.0034482730303107686,0.0170618192911843,0.0170618192911843,-0.6769782448580274,0.0,0.0,0.0,260.5764024140917,0.04306748873232905,155.04295943638456,16832.170182655747,4.675602828515483,9.356294601850232,215175.5525506536,1783556821175552.5,1783556821274878.2
321.0,10714.814973249042,24288.0,67.57922079105174,-938.4340717933759,-11.238197088669363,941.4763941773388,0.06757922079105175,-0.9384340717933759,-0.011238197088669362,0.9414763941773387,0.9415126370997746,0.9415126370997746,9.233084902614504,-0.05848736290022539,-0.5735650973854953,0.6627257655705674,0.9324618316133778,-0.2697360660428103,-0.2225173086301001,-9.20289449015251,-9.590903699999998,0.38800920984748893,-0.16049942471839534,-0.11020906547959938,0.26477955,-0.3749886154795994,-0.13729310000000003,0.06757922079105175,0.6627257655705674,-0.2225173086301001,-0.2225173086301001,-0.00627792816840389,9.233084902614504,0.9415126370997746,43.66102060580596,-79.3950049419404,107.54788388080186,-35.10716975268242,-150.48851420936168,1.0,4.044999384901316,321.0,4.044999384901316,4.034807723919448,14.525307806110012,0.595,4.044999384901316,-0.0521161191981377,4.034807723919448,14.525307806110012,0.006537826007392894,0.01796819685508095,0.01796819685508095,-1.2835311869933699,0.0,0.0,0.0,260.2414260702727,0.04301212458661451,154.84364851181226,16870.210096259838,4.686169471183286,9.529087099900103,215322.09090922895,1783556821322091.0,1783556821521161.2
322.0,10701.02312773607,24288.0,80.13965152607881,-920.2091330798072,-2.372010687473786,923.7440213749476,0.0801396515260788,-0.9202091330798072,-0.0023720106874737835,0.9237440213749476,0.9241187416170054,0.9241187416170054,9.062509057478405,-0.07588125838299462,-0.7441409425215941,0.7859015136382206,0.9421226745990762,-0.15622116096085548,-0.24425420534792128,-9.024168894917091,-9.590903699999998,0.5667348050829069,-0.17378308382373,-0.02326147860831479,0.26477955,-0.28804102860831476,-0.13729310000000003,0.0801396515260788,0.7859015136382206,-0.24425420534792128,-0.24425420534792128,-0.07934312721990358,9.062509057478405,0.9241187416170054,43.66102183722074,-79.39499262779262,107.52325558524298,-34.11548981458995,-150.35239361976457,1.0,4.052905168785948,322.0,4.052905168785948,4.03789727689653,14.536430196827508,0.595,4.052905168785948,-0.07674441475701291,4.03789727689653,14.536430196827508,0.009627378984475018,0.018874574418977597,0.018874574418977597,-1.8900841291287123,0.0,0.0,0.0,259.9064497264537,0.04295676044089998,154.64433758723993,16908.25000986393,4.696736113851088,9.701879597949972,215468.62926780427,1783556821468629.2,1783556821767444.2
323.0,11173.826169567503,24288.0,29.379290879553473,-1060.2413555194541,59.206903040148845,1063.2413555194541,0.029379290879553474,-1.060241355519454,0.05920690304014884,1.0632413555194542,1.0623144916040768,1.0623144916040768,10.41774640908912,0.0623144916040768,0.6110964090891197,0.28811242290397304,0.9507039764803532,-0.6625915535763802,-0.17651969999999995,-10.397415889104854,-9.576058456620087,-0.8213574324847664,-0.19122967500000065,0.5806213756986757,0.28439285,0.29622852569867564,-0.13796944189955856,0.029379290879553474,0.28811242290397304,-0.17651969999999995,-0.17651969999999995,0.14507072430132442,10.41774640908912,1.0623144916040768,43.66102311034829,-79.39498032411673,107.5,-33.124653196458375,-150.2116621003198,1.0,4.060100565053612,323.0,4.060100565053612,4.04108436905774,14.547903728607864,0.5999448258559603,0.05573712206808099,0.0,4.04108436905774,14.547903728607864,0.0126414349721417,0.01973043310595557,0.01973043310595557,0.0,0.0,0.0,0.0,271.3898900064555,0.04522869124746889,162.823288490888,17109.248112794816,4.75256892022078,10.568573881701571,216215.2209474619,1783556822215221.0,1783556822013793.5
324.0,10363.346030723607,24288.0,18.242922559561023,-1046.630238683908,62.91902581347966,1049.630238683908,0.018242922559561017,-1.046630238683908,0.06291902581347966,1.049630238683908,1.0488931787822702,1.0488931787822702,10.286128291705149,0.04889317878227011,0.4794782917051491,0.17890195651871904,0.9409963794683306,-0.7620944229496116,-0.17651969999999995,-10.263936430189544,-9.573631557367081,-0.6903048728224624,-0.19122967500000065,0.6170248644937603,0.28439285,0.3326320144937603,-0.15010393816458678,0.018242922559561017,0.17890195651871904,-0.17651969999999995,-0.17651969999999995,0.10866723550623975,10.286128291705149,1.0488931787822702,43.6610250901471,-79.39496819784901,107.5,-32.148103568823416,-149.99281513956177,1.0,4.055261026061672,324.0,4.055261026061672,4.04592390804968,14.565326068978848,0.5989549264497387,1.0557371220680865,0.0,4.04592390804968,14.565326068978848,0.01437646897489959,0.01973043310595557,0.01973043310595557,0.0,0.0,0.0,0.0,251.704948394215,0.04189481347200467,150.8213284992168,17137.70637141952,4.760473992060976,10.603222493385253,216362.71595898893,1783556822362716.0,1783556822261268.5
325.0,9552.865891879712,24288.0,7.106554239568567,-1033.0191218483617,66.63114858681048,1036.0191218483617,0.007106554239568567,-1.0330191218483615,0.06663114858681048,1.0360191218483616,1.0354718659604634,1.0354718659604634,10.154510174321178,0.03547186596046342,0.3478601743211786,0.06969149013346507,0.931288782456308,-0.8615972923228429,-0.17651969999999995,-10.130456971274235,-9.571204658114075,-0.5592523131601586,-0.19122967500000065,0.653428353288845,0.28439285,0.36903550328884493,-0.162238434429615,0.007106554239568567,0.06969149013346507,-0.17651969999999995,-0.17651969999999995,0.07226374671115507,10.154510174321178,1.0354718659604634,43.661027069945916,-79.39495607158128,107.5,-31.17155394118845,-149.7739681788037,1.0,4.050421487069731,325.0,4.050421487069731,4.0507634470416205,14.582748409349833,0.5979650270435172,2.0557371220680922,0.0,4.0507634470416205,14.582748409349833,0.01611150297765748,0.01973043310595557,0.01973043310595557,0.0,0.0,0.0,0.0,232.02000678197447,0.03856093569654044,138.8193685075456,17166.16463004423,4.768379063901172,10.637871105068935,216510.21097051594,1783556822510211.0,1783556822508743.2
326.0,8742.385753035818,24288.0,-4.029814080423883,-1019.4080050128152,70.3432713601413,1022.4080050128152,-0.004029814080423889,-1.0194080050128151,0.07034327136014129,1.0224080050128153,1.0220505531386568,1.0220505531386568,10.022892056937208,0.02205055313865674,0.21624205693720805,-0.039518976251788906,0.9215811854442854,-0.9611001616960743,-0.17651969999999995,-9.996977512358924,-9.568777758861069,-0.4281997534978546,-0.19122967500000065,0.6898318420839296,0.28439285,0.40543899208392964,-0.1743729306946432,-0.004029814080423889,-0.039518976251788906,-0.17651969999999995,-0.17651969999999995,0.03586025791607039,10.022892056937208,1.0220505531386568,43.66102904974473,-79.39494394531356,107.5,-30.195004313553486,-149.55512121804566,1.0,4.045581948077792,326.0,4.045581948077792,4.05560298603356,14.600170749720817,0.5969751276372957,3.0557371220680976,0.0,4.05560298603356,14.600170749720817,0.01784653698041537,0.01973043310595557,0.01973043310595557,0.0,0.0,0.0,0.0,212.33506516973392,0.03522705792107622,126.81740851587439,17194.622888668935,4.776284135741368,10.67251971675262,216657.70598204294,1783556822657706.0,1783556822756218.0
327.0,10943.818458471853,24288.0,75.04620645090658,-1002.9751196033579,-47.793848142109084,1006.9751196033579,0.07504620645090658,-1.0029751196033578,-0.04779384814210909,1.0069751196033578,1.0069199509818743,1.0069199509818743,9.874511537296396,0.006919950981874185,0.06786153729639648,0.7359518804917831,0.9120184499999999,-0.1760665695082169,-0.17683340572508052,-9.835825956658269,-9.566421931191673,-0.2694040254665959,-0.1912993873833519,-0.46869754088281407,0.31370823142497317,-0.7824057723077872,-0.18632634999999997,0.07504620645090658,0.7359518804917831,-0.17683340572508052,-0.17683340572508052,-0.0005281241162972628,9.874511537296396,1.0069199509818743,43.66103104620645,-79.39493182583722,107.5,-29.21900160870687,-149.3344323388807,1.0,4.041374683399727,327.0,4.041374683399727,4.060790105917667,14.618844381303603,0.5949964456576226,0.014922494985910306,0.0,4.060790105917667,14.618844381303603,0.019905971253519648,0.01971735231367091,0.01971735231367091,0.0,0.0,0.0,0.0,265.80346271936435,0.043931104095857196,158.1519747450859,17381.370285075907,4.828158412521082,10.711260101629067,217400.11127937218,1783556823400111.2,1783556823003554.2
328.0,11333.730365116542,24288.0,78.14263576451745,-1001.3078115114137,-33.979009665999094,1005.3078115114137,0.07814263576451744,-1.0013078115114136,-0.033979009665999094,1.0053078115114136,1.0052490970636199,1.0052490970636199,9.858126057718946,0.005249097063619795,0.05147605771894706,0.7663174790201049,0.9120184499999999,-0.14570097097989498,-0.19785574316776494,-9.819475249758405,-9.568757746463083,-0.25071750329532083,-0.19597101792617055,-0.33322025514107,0.306700785610745,-0.639921040751815,-0.18632634999999997,0.07814263576451744,0.7663174790201049,-0.19785574316776494,-0.19785574316776494,-0.03591926459219698,9.858126057718946,1.0052490970636199,43.66103414263576,-79.39492015468058,107.5,-28.279102875500744,-148.99215304267003,1.0,4.078905694002429,328.0,4.078905694002429,4.0889220562989035,14.720119402676053,0.5947582587873448,1.0149224949859066,0.0,4.0889220562989035,14.720119402676053,0.04338001543203454,0.01884077019405804,0.01884077019405804,0.0,0.0,0.0,0.0,275.2736431079506,0.0454761068503543,163.7139846612755,17424.58224959733,4.840161735999255,11.020110393167897,217541.5942803172,1783556823541594.2,1783556823241741.2
329.0,11723.642271761233,24288.0,81.2390650781283,-999.6405034194694,-20.1641711898891,1003.6405034194694,0.0812390650781283,-0.9996405034194693,-0.0201641711898891,1.0036405034194693,1.0035782431453655,1.0035782431453655,9.841740578141497,0.0035782431453654047,0.035090578141497644,0.7966830775484268,0.9120184499999999,-0.11533537245157305,-0.2188780806104494,-9.803124542858539,-9.571093561734493,-0.23203098112404574,-0.20064264846898922,-0.1977429693993259,0.29969333979651686,-0.4974363091958428,-0.18632634999999997,0.0812390650781283,0.7966830775484268,-0.2188780806104494,-0.2188780806104494,-0.0713104050680967,9.841740578141497,1.0035782431453655,43.661037239065074,-79.39490848352393,107.5,-27.339204142294623,-148.64987374645932,1.0,4.116436704605129,329.0,4.116436704605129,4.1170540066801395,14.821394424048504,0.594520071917067,2.014922494985903,0.0,4.1170540066801395,14.821394424048504,0.06685405961054944,0.017964188074445175,0.017964188074445175,0.0,0.0,0.0,0.0,284.74382349653683,0.04702110960485141,169.2759945774651,17467.79421411875,4.852165059477427,11.328960684706727,217683.07728126217,1783556823683077.2,1783556823479928.0
330.0,12113.554178405924,24288.0,84.33549439173916,-997.9731953275251,-6.349332713779106,1001.9731953275251,0.08433549439173917,-0.997973195327525,-0.0063493327137791045,1.001973195327525,1.001907389227111,1.001907389227111,9.825355098564048,0.0019073892271110147,0.018705098564048235,0.8270486760767488,0.9120184499999999,-0.08496977392325113,-0.2399004180531338,-9.786773835958673,-9.573429377005903,-0.21334445895277063,-0.2053142790118079,-0.06226568365758184,0.2926858939822887,-0.35495157763987056,-0.18632634999999997,0.08433549439173917,0.8270486760767488,-0.2399004180531338,-0.2399004180531338,-0.10670154554399641,9.825355098564048,1.001907389227111,43.66104033549439,-79.39489681236729,107.5,-26.399305409088498,-148.30759445024864,1.0,4.1539677152078305,330.0,4.1539677152078305,4.1451859570613765,14.922669445420956,0.5942818850467892,3.014922494985899,0.0,4.1451859570613765,14.922669445420956,0.09032810378906433,0.01708760595483231,0.01708760595483231,0.0,0.0,0.0,0.0,294.2140038851231,0.048566112359348525,174.8380044936547,17511.006178640167,4.864168382955599,11.637810976245557,217824.56028220715,1783556823824560.2,1783556823718115.0
331.0,12503.466085050615,24288.0,87.43192370535003,-996.3058872355807,7.465505762330892,1000.3058872355807,0.08743192370535002,-0.9963058872355808,0.00746550576233089,1.0003058872355808,1.0002365353088567,1.0002365353088567,9.808969618986598,0.0002365353088566247,0.002319618986598826,0.8574142746050707,0.9120184499999999,-0.05460417539492919,-0.2609227554958182,-9.770423129058807,-9.575765192277313,-0.19465793678149554,-0.20998590955462657,0.07321160208416222,0.28567844816806054,-0.21246684608389832,-0.18632634999999997,0.08743192370535002,0.8574142746050707,-0.2609227554958182,-0.2609227554958182,-0.14209268601989614,9.808969618986598,1.0002365353088567,43.6610434319237,-79.39488514121064,107.5,-25.459406675882377,-147.96531515403794,1.0,4.191498725810531,331.0,4.191498725810531,4.1733179074426126,15.023944466793406,0.5940436981765115,4.014922494985895,0.0,4.1733179074426126,15.023944466793406,0.11380214796757923,0.016211023835219444,0.016211023835219444,0.0,0.0,0.0,0.0,303.6841842737093,0.05011111511384563,180.4000144098443,17554.21814316159,4.876171706433771,11.946661267784387,217966.04328315216,1783556823966043.2,1783556823956301.8
332.0,13145.2215164441,24288.0,98.35700492513276,-994.6320936891334,5.310035505600264,999.8045848127333,0.09835700492513275,-0.9946320936891334,0.005310035505600263,0.9998045848127334,0.9997675286173413,0.9997675286173413,9.804370234515249,-0.00023247138265871823,-0.002279765484750119,0.964552722349053,0.9062693449613742,0.05828337738767869,-0.24753223488412301,-9.75400882157654,-9.574277356653791,-0.17973146492274958,-0.21084297500000027,0.052073659690994825,0.2901419550386256,-0.2380682953476308,-0.16332992984549738,0.09835700492513275,0.964552722349053,-0.24753223488412301,-0.24753223488412301,-0.09080419683401499,9.804370234515249,0.9997675286173413,43.66104712664299,-79.39487381548619,107.5,-24.547326203726644,-147.556900883593,1.0,4.194494454436161,332.0,4.194494454436161,4.182368819574301,15.056527750467483,0.5951724911235999,4.194494454436161,0.0,4.182368819574301,15.056527750467483,0.09891827161702135,0.016050204558552217,0.016050204558552217,0.0,0.0,0.0,0.0,319.27114019139435,0.05280229406383119,190.08825862979228,17606.266020762414,4.890629450211778,12.297021289512646,218109.24911236,1783556824109249.0,1783556824195415.2
333.0,13843.561742483742,24288.0,111.04104604237091,-992.9568429755359,-0.4336812267339951,999.5652632822195,0.11104104604237089,-0.9929568429755359,-0.0004336812267339944,0.9995652632822194,0.9995685557835117,0.9995685557835117,9.802418977574373,-0.00043144421648837287,-0.004231022425625701,1.0889406741714165,0.899228517499731,0.18971215667168542,-0.22640975249919337,-9.73758022416604,-9.571930414166577,-0.16564980999946344,-0.21084297500000027,-0.004252960002150932,0.29718278250026886,-0.3014357425024198,-0.13516661999892451,0.11104104604237089,1.0889406741714165,-0.22640975249919337,-0.22640975249919337,-0.020040324871035103,9.802418977574373,0.9995685557835117,43.66105095578748,-79.39486256737426,107.5,-23.64149600380054,-147.13362725180568,1.0,4.18973071479407,333.0,4.18973071479407,4.187132559216392,15.073677213179012,0.5966084203066835,4.18973071479407,0.0,4.187132559216392,15.073677213179012,0.07541604759063567,0.016050204558552217,0.016050204558552217,0.0,0.0,0.0,0.0,336.2324276014451,0.05575099857344634,200.70359486440682,17660.29917206685,4.905638658907455,12.656707814913885,218252.84203066834,1783556824252842.0,1783556824434736.8
334.0,14541.901968523382,24288.0,123.72508715960906,-991.2815922619384,-6.1773979590682515,999.3259417517055,0.12372508715960905,-0.9912815922619385,-0.006177397959068255,0.9993259417517055,0.9993695829496819,0.9993695829496819,9.800467720633497,-0.0006304170503180275,-0.006182279366501284,1.2133286259937799,0.8921876900380877,0.32114093595569215,-0.2052872701142637,-9.721151626755539,-9.569583471679362,-0.15156815507617727,-0.21084297500000027,-0.060579579695296704,0.30422360996191206,-0.36480318965720876,-0.10700331015235162,0.12372508715960905,1.2133286259937799,-0.2052872701142637,-0.2052872701142637,0.050723547091944765,9.800467720633497,0.9993695829496819,43.66105478493197,-79.39485131926233,107.5,-22.73566580387444,-146.71035362001834,1.0,4.184966975151979,334.0,4.184966975151979,4.191896298858484,15.090826675890542,0.598044349489767,4.184966975151979,0.0,4.191896298858484,15.090826675890542,0.05191382356424999,0.016050204558552217,0.016050204558552217,0.0,0.0,0.0,0.0,353.1937150114959,0.058699703083061494,211.31893109902137,17714.332323371287,4.920647867603132,13.016394340315124,218396.4349489767,1783556824396435.0,1783556824674058.2
335.0,15240.242194563023,24288.0,136.4091282768472,-989.6063415483409,-11.921114691402511,999.0866202211915,0.1364091282768472,-0.9896063415483409,-0.011921114691402513,0.9990866202211915,0.9991706101158523,0.9991706101158523,9.798516463692621,-0.0008293898841476822,-0.008133536307376867,1.3377165778161435,0.8851468625764446,0.4525697152396989,-0.18416478772933403,-9.704723029345038,-9.567236529192146,-0.1374865001528911,-0.21084297500000027,-0.11690619938844246,0.3112644374235553,-0.42817063681199774,-0.07884000030577874,0.1364091282768472,1.3377165778161435,-0.18416478772933403,-0.18416478772933403,0.1214874190549246,9.798516463692621,0.9991706101158523,43.66105861407646,-79.3948400711504,107.5,-21.829835603948336,-146.28707998823103,1.0,4.180203235509888,335.0,4.180203235509888,4.196660038500575,15.10797613860207,0.5994802786728506,4.180203235509888,0.0,4.196660038500575,15.10797613860207,0.028411599537864304,0.016050204558552217,0.016050204558552217,0.0,0.0,0.0,0.0,370.1550024215467,0.061648407592676646,221.93426733363592,17768.365474675724,4.93565707629881,13.376080865716363,218540.02786728507,1783556824540027.8,1783556824913379.8
336.0,15846.472484778356,24288.0,53.83409530696285,-1077.0059602285064,33.417047653481426,1079.2097485959466,0.05383409530696285,-1.0770059602285063,0.03341704765348143,1.0792097485959466,1.0793306694439335,1.0793306694439335,10.58461810950235,0.0793306694439335,0.7779681095023503,0.5279321307420273,0.8825984999999998,-0.3546663692579726,-0.049033250000000125,-10.56182049987488,-9.576193725,-0.9856267748748815,-0.21084297500000027,0.32770929037101365,0.34323275,-0.015523459628986346,-0.06864654999999997,0.05383409530696285,0.5279321307420273,-0.049033250000000125,-0.049033250000000125,0.18263593897212,10.58461810950235,1.0793306694439335,43.66106315994446,-79.39482937916398,107.48495264540699,-20.968791168105643,-145.78457973902854,1.0,4.187787706522302,336.0,4.187787706522302,4.2046976888275625,15.136911679779224,0.59315047354593,0.6380592209754385,-0.015047354593003106,4.2046976888275625,15.136911679779224,0.023223440995119082,0.016050204558552217,0.016050204558552217,-0.3548618573389452,0.0,0.0,0.0,384.8791237102967,0.06341481912002034,228.29334883207324,18050.336619137175,5.013982394204768,15.009208695677208,219274.38128628244,1783556825274381.2,1783556825150473.5
337.0,16007.072757307453,24288.0,70.81385980343104,-1055.0737644205683,41.90692990171552,1059.1641932876162,0.07081385980343105,-1.0550737644205683,0.041906929901715524,1.0591641932876161,1.0591517351791826,1.0591517351791826,10.38673036379493,0.059151735179182534,0.5800803637949303,0.6944467382413171,0.8825984999999998,-0.18815176175868276,-0.0490332500000001,-10.346739131854966,-9.576193725,-0.7705454068549655,-0.21084297500000027,0.4109665941206585,0.34323275,0.06773384412065855,-0.06864654999999997,0.07081385980343105,0.6944467382413171,-0.0490332500000001,-0.0490332500000001,0.13193587579311583,10.38673036379493,1.0591517351791826,43.66106811237578,-79.39481900264123,107.4613696391619,-20.133151575275456,-145.237137981759,1.0,4.20237673265582,337.0,4.20237673265582,4.214592473641121,15.172532905108035,0.593386303608381,1.6380592209754434,-0.03863036083809648,4.214592473641121,15.172532905108035,0.028423984488718107,0.016050204558552217,0.016050204558552217,-0.9110200408950871,0.0,0.0,0.0,388.7797831294834,0.06408347768022125,230.7005196487965,18106.22000913765,5.029505558093789,15.009208695677208,219414.46434337832,1783556825414464.2,1783556825386303.5
338.0,16167.673029836547,24288.0,87.79362429989924,-1033.1415686126302,50.39681214994962,1039.1186379792857,0.08779362429989923,-1.0331415686126302,0.05039681214994962,1.0391186379792856,1.0389728009144317,1.0389728009144317,10.18884261808751,0.03897280091443158,0.3821926180875105,0.8609613457406069,0.8825984999999998,-0.021637154259392888,-0.04903325000000007,-10.13165776383505,-9.576193725,-0.5554640388350496,-0.21084297500000027,0.4942238978703034,0.34323275,0.15099114787030346,-0.06864654999999997,0.08779362429989923,0.8609613457406069,-0.04903325000000007,-0.04903325000000007,0.08123581261411164,10.18884261808751,1.0389728009144317,43.66107306480709,-79.39480862611848,107.43778663291681,-19.297511982445265,-144.68969622448944,1.0,4.216965758789338,338.0,4.216965758789338,4.22448725845468,15.208154130436846,0.5936221336708319,2.6380592209754483,-0.06221336708318985,4.22448725845468,15.208154130436846,0.03362452798231713,0.016050204558552217,0.016050204558552217,-1.4671782244512293,0.0,0.0,0.0,392.68044254867004,0.06475213624042216,233.1076904655198,18162.103399138126,5.04502872198281,15.009208695677208,219554.54740047417,1783556825554547.5,1783556825622133.8
339.0,16328.273302365642,24288.0,104.77338879636743,-1011.2093728046921,58.886694398183714,1019.0730826709552,0.10477338879636744,-1.011209372804692,0.05888669439818372,1.019073082670955,1.0187938666496805,1.0187938666496805,9.99095487238009,0.01879386664968062,0.18430487238009052,1.0274759532398967,0.8825984999999998,0.14487745323989693,-0.04903325000000004,-9.916576395815133,-9.576193725,-0.34038267081513374,-0.21084297500000027,0.5774812016199484,0.34323275,0.2342484516199484,-0.06864654999999997,0.10477338879636744,1.0274759532398967,-0.04903325000000004,-0.04903325000000004,0.03053574943510745,9.99095487238009,1.0187938666496805,43.6610780172384,-79.39479824959574,107.41420362667172,-18.461872389615074,-144.14225446721986,1.0,4.2315547849228565,339.0,4.2315547849228565,4.234382043268238,15.243775355765656,0.5938579637332828,3.638059220975453,-0.08579637332828323,4.234382043268238,15.243775355765656,0.038825071475916156,0.016050204558552217,0.016050204558552217,-2.023336408007371,0.0,0.0,0.0,396.58110196785674,0.06542079480062307,235.51486128224306,18217.986789138602,5.060551885871831,15.009208695677208,219694.63045757002,1783556825694630.5,1783556825857963.8
340.0,13731.672889538639,24288.0,104.58211478154176,-976.546287999182,-70.91248602694647,985.9850956512848,0.10458211478154177,-0.976546287999182,-0.07091248602694647,0.9859850956512848,0.9862705720895549,0.9862705720895549,9.672010305782033,-0.013729427910445102,-0.13463969421796645,1.0256001959224066,0.8784709372961201,0.14712925862628634,-0.023350637620304246,-9.576647655207177,-9.576193725,-0.0004539302071780299,-0.2090085026871649,-0.6954139310961545,0.3138128,-1.0092267310961547,-0.07965338387701244,0.10458211478154177,1.0256001959224066,-0.023350637620304246,-0.023350637620304246,0.04280435396615964,9.672010305782033,0.9862705720895549,43.66108333830145,-79.39478825871768,107.4,-17.65728944093705,-143.55406415760794,1.0,4.2414513542310495,340.0,4.2414513542310495,4.240341496784388,15.265229388423796,0.5936547244058801,0.39771772419106566,0.0,4.240341496784388,15.265229388423796,0.038032917149883924,0.01639442390843816,0.01639442390843816,0.0,0.0,0.0,0.0,333.51487114111444,0.055008569107089435,198.03084878552195,18467.839806661814,5.1299555018505005,15.009208695677208,220428.11923478972,1783556826428119.2,1783556826093532.0
341.0,14354.408247995163,24288.0,83.41663809684114,-960.3194225409115,-30.462908362851955,968.3471984140343,0.08341663809684115,-0.9603194225409115,-0.030462908362851954,0.9683471984140343,0.968618800225093,0.968618800225093,9.498905557227408,-0.03138119977490704,-0.3077444427725921,0.8180377739923872,0.8680928161996192,-0.05005504220723206,0.04122433809125736,-9.41751646506083,-9.576193725,0.15867725993916987,-0.20439600442205344,-0.29873908029656204,0.3138128,-0.6125518802965622,-0.10732837346768168,0.08341663809684115,0.8180377739923872,0.04122433809125736,0.04122433809125736,0.15042931348542898,9.498905557227408,0.968618800225093,43.66108921760053,-79.39477885183915,107.4,-16.899736999528965,-142.9041664375692,1.0,4.244241919949282,341.0,4.244241919949282,4.240341496784388,15.265229388423796,0.5953009281480235,1.3977177241910597,0.0,4.240341496784388,15.265229388423796,0.028165744383615438,0.017259910480820772,0.017259910480820772,0.0,0.0,0.0,0.0,348.63986752730654,0.05767916037274925,207.6449773418973,18523.126009464395,5.145312780406773,15.009208695677208,220569.22241268773,1783556826569222.5,1783556826328704.0
342.0,14977.143606451687,24288.0,62.25116141214053,-944.0925570826411,9.986669301242557,950.7093011767838,0.06225116141214053,-0.9440925570826411,0.009986669301242548,0.9507093011767838,0.9509670283606311,0.9509670283606311,9.325800808672781,-0.04903297163936897,-0.4808491913272177,0.6104753520623679,0.8577146951031183,-0.2472393430407504,0.10579931380281896,-9.258385274914481,-9.576193725,0.3178084500855177,-0.199783506156942,0.09793577050303037,0.3138128,-0.21587702949696974,-0.13500336305835092,0.06225116141214053,0.6104753520623679,0.10579931380281896,0.10579931380281896,0.25805427300469835,9.325800808672781,0.9509670283606311,43.66109509689961,-79.39476944496063,107.4,-16.142184558120885,-142.25426871753044,1.0,4.247032485667515,342.0,4.247032485667515,4.240341496784388,15.265229388423796,0.5969471318901668,2.3977177241910534,0.0,4.240341496784388,15.265229388423796,0.018298571617346958,0.018125397053203388,0.018125397053203388,0.0,0.0,0.0,0.0,363.76486391349863,0.06034975163840906,217.2591058982726,18578.412212266972,5.160670058963045,15.009208695677208,220710.32559058574,1783556826710325.5,1783556826563876.0
343.0,15599.878964908212,24288.0,41.08568472743991,-927.8656916243706,50.43624696533706,933.0714039395333,0.04108568472743991,-0.9278656916243706,0.05043624696533705,0.9330714039395333,0.9333152564961691,0.9333152564961691,9.152696060118156,-0.0666847435038309,-0.6539539398818434,0.40291293013234863,0.8473365740066173,-0.4444236438742688,0.17037428951438058,-9.099254084768134,-9.576193725,0.47693964023186564,-0.19517100789183053,0.4946106213026228,0.3138128,0.18079782130262267,-0.16267835264902014,0.04108568472743991,0.40291293013234863,0.17037428951438058,0.17037428951438058,0.3656792325239677,9.152696060118156,0.9333152564961691,43.66110097619868,-79.3947600380821,107.4,-15.384632116712803,-141.60437099749169,1.0,4.249823051385748,343.0,4.249823051385748,4.240341496784388,15.265229388423796,0.5985933356323102,3.3977177241910472,0.0,4.240341496784388,15.265229388423796,0.008431398851078471,0.018990883625586,0.018990883625586,0.0,0.0,0.0,0.0,378.88986029969067,0.06302034290406887,226.87323445464793,18633.698415069553,5.176027337519317,15.009208695677208,220851.42876848375,1783556826851428.8,1783556826799048.0
344.0,16031.084062587774,24288.0,22.81875729631425,-919.8722635994184,84.0575379408341,923.799766517944,0.02281875729631425,-0.9198722635994184,0.08405753794083409,0.923799766517944,0.924014896012833,0.924014896012833,9.061490679984248,-0.07598510398716696,-0.7451593200157508,0.2237755662399001,0.8384685749999999,-0.6146930087600998,0.2255529500000002,-9.020865333827237,-9.57583824824798,0.5549729144207434,-0.19122967500000065,0.8243228544474807,0.3138128,0.5105100544474807,-0.18632634999999997,0.02281875729631425,0.2237755662399001,0.2255529500000002,0.2255529500000002,0.44105475157240154,9.061490679984248,0.924014896012833,43.66110690621352,-79.39475069505254,107.4,-14.63222154406444,-140.94886715814198,1.0,4.243581405177651,344.0,4.243581405177651,4.237042888305503,15.25335439789981,0.599782508755577,4.243581405177651,0.0,4.237042888305503,15.25335439789981,-0.0032986084788847623,0.020136445519986328,0.020136445519986328,0.0,0.0,0.0,0.0,389.36296971213187,0.06487424221863448,233.54727198708414,18687.92038768331,5.191088996578694,14.98500432170378,220993.53163319785,1783556826993531.8,1783556827036248.5
345.0,15337.552177949377,24288.0,21.573189974765405,-960.2286448176009,77.58058786878011,963.657920807507,0.021573189974765407,-0.9602286448176008,0.07758058786878011,0.963657920807507,0.9637571317062006,0.9637571317062006,9.451228875646612,-0.03624286829379942,-0.3554211243533882,0.21156072346603313,0.8384685749999999,-0.6269078515339668,0.2255529500000002,-9.416626239700525,-9.573395279693205,0.15676903999268016,-0.19122967500000065,0.7608056720233725,0.3138128,0.4469928720233725,-0.18632634999999997,0.021573189974765407,0.21156072346603313,0.2255529500000002,0.2255529500000002,0.32704955234964317,9.451228875646612,0.9637571317062006,43.661113134050126,-79.39474172696782,107.4,-13.91000593866993,-140.26044209949907,1.0,4.1842992485851,345.0,4.1842992485851,4.2143736230367255,15.17174504293221,0.5982878279697185,4.1842992485851,0.0,4.2143736230367255,15.17174504293221,-0.02596787374766253,0.02292671395438747,0.02292671395438747,0.0,0.0,0.0,0.0,372.5184672980345,0.06193222240882362,222.95600067176503,18735.89280450252,5.204414667917363,14.81866285445156,221141.50503099788,1783556827141505.0,1783556827285362.0
346.0,14644.020293310983,24288.0,20.327622653216565,-1000.5850260357834,71.10363779672613,1003.5160750970699,0.020327622653216564,-1.0005850260357834,0.07110363779672614,1.00351607509707,1.003499367399568,1.003499367399568,9.840967071308974,0.003499367399568104,0.034317071308974434,0.1993458806921662,0.8384685749999999,-0.6391226943078337,0.2255529500000002,-9.812387145573815,-9.570952311138432,-0.24143483443538294,-0.19122967500000065,0.6972884895992644,0.3138128,0.38347568959926437,-0.18632634999999997,0.020327622653216564,0.1993458806921662,0.2255529500000002,0.2255529500000002,0.21304435312688488,9.840967071308974,1.003499367399568,43.66111936188673,-79.39473275888311,107.4,-13.187790333275418,-139.57201704085617,1.0,4.12501709199255,346.0,4.12501709199255,4.191704357767947,15.090135687964612,0.5967931471838599,4.12501709199255,0.0,4.191704357767947,15.090135687964612,-0.048637139016440296,0.02571698238878861,0.02571698238878861,0.0,0.0,0.0,0.0,355.6739648839372,0.058990202599012755,212.3647293564459,18783.86522132173,5.217740339256033,14.652321387199338,221289.47842879788,1783556827289478.5,1783556827534475.5
347.0,13950.488408672587,24288.0,19.08205533166772,-1040.9414072539657,64.62668772467215,1043.3742293866328,0.01908205533166772,-1.0409414072539658,0.06462668772467216,1.0433742293866328,1.0432416030929357,1.0432416030929357,10.230705266971336,0.04324160309293565,0.424055266971337,0.18713103791829924,0.8384685749999999,-0.6513375370817007,0.2255529500000002,-10.208148051447104,-9.568509342583658,-0.6396387088634461,-0.19122967500000065,0.6337713071751562,0.3138128,0.31995850717515617,-0.18632634999999997,0.01908205533166772,0.18713103791829924,0.2255529500000002,0.2255529500000002,0.0990391539041266,10.230705266971336,1.0432416030929357,43.66112558972334,-79.3947237907984,107.4,-12.465574727880906,-138.8835919822133,1.0,4.065734935399999,347.0,4.065734935399999,4.16903509249917,15.008526332997011,0.5952984663980012,4.065734935399999,0.0,4.16903509249917,15.008526332997011,-0.07130640428521806,0.02850725082318975,0.02850725082318975,0.0,0.0,0.0,0.0,338.8294624698398,0.056048182789201886,201.7734580411268,18831.83763814094,5.231066010594703,14.485979919947118,221437.45182659788,1783556827437451.8,1783556827783589.0
348.0,73.8734496982931,24288.0,154.31637575426726,-1029.2791685133016,37.48822912763346,1041.4373563904353,0.15431637575426727,-1.0292791685133016,0.03748822912763346,1.0414373563904353,1.0416514681315345,1.0416514681315345,10.215111369952112,0.04165146813153445,0.4084613699521123,1.5133266862905848,0.8398647388307632,0.6734619474598217,0.2255529500000002,-10.093780557900969,-9.576969371572646,-0.5168111863283236,-0.21084297500000027,0.3676339421745066,0.3128820241128245,0.05475191806168212,-0.3535382911282451,0.15431637575426727,1.5133266862905848,0.2255529500000002,0.2255529500000002,0.0,10.215111369952112,1.0416514681315345,43.66113182257696,-79.39471482940971,107.4,-11.743898366018657,-138.19461234308233,1.0,4.018509498566049,348.0,4.018509498566049,4.149341737571899,14.937630255258838,0.594,0.13127511219369165,0.0,4.149341737571899,14.937630255258838,-0.08812074746658952,0.030931226455814365,0.030931226455814365,0.0,0.0,0.0,0.0,1.7942383462721427,0.00029604932713490353,1.0657775776856526,18874.61202451851,5.2429477845884715,12.906702597350048,222178.7927198035,1783556828178792.8,1783556828031637.5
349.0,72.90944136806077,24288.0,156.72639657984809,-1008.5529894133065,10.736997963686239,1021.9161877032305,0.15672639657984808,-1.0085529894133065,0.010736997963686233,1.0219161877032306,1.021992100223911,1.021992100223911,10.022318829660817,0.021992100223911,0.21566882966081685,1.5369609170197671,0.8505001426588952,0.6864607743608719,0.2255529500000002,-9.890526173630002,-9.582877929254941,-0.3076482443750603,-0.21084297500000027,0.10529398108058358,0.30579175489406984,-0.20049777381348627,-0.2826355989406983,0.15672639657984808,1.5369609170197671,0.2255529500000002,0.2255529500000002,0.0,10.022318829660817,1.021992100223911,43.661138088631105,-79.39470591233265,107.4,-11.02579049683745,-137.50196271758296,1.0,4.051070491502181,349.0,4.051070491502181,4.149341737571899,14.937630255258838,0.594,1.1312751121936946,0.0,4.149341737571899,14.937630255258838,-0.06618961598409567,0.030931226455814365,0.030931226455814365,0.0,0.0,0.0,0.0,1.77082451194746,0.00029218604447133086,1.051869760096791,18874.855411326313,5.243015392035084,9.71517044538042,222321.94795684298,1783556828321948.0,1783556828272639.8
350.0,71.94543303782844,24288.0,159.13641740542892,-987.8268103133113,-16.014233200260982,1002.3950190160258,0.15913641740542891,-0.9878268103133113,-0.016014233200260998,1.0023950190160258,1.0023327323162876,1.0023327323162876,9.82952628936952,0.0023327323162875557,0.022876289369521408,1.5605951477489495,0.8611355464870272,0.6994596012619222,0.2255529500000002,-9.687271789359034,-9.588786486937238,-0.09848530242179693,-0.21084297500000027,-0.15704598001333941,0.2987014856753151,-0.4557474656886546,-0.2117329067531515,0.15913641740542891,1.5605951477489495,0.2255529500000002,0.2255529500000002,0.0,9.82952628936952,1.0023327323162876,43.661144354685256,-79.3946969952556,107.4,-10.307682627656243,-136.80931309208358,1.0,4.083631484438314,350.0,4.083631484438314,4.149341737571899,14.937630255258838,0.594,2.1312751121936975,0.0,4.149341737571899,14.937630255258838,-0.044258484501601844,0.030931226455814365,0.030931226455814365,0.0,0.0,0.0,0.0,1.7474106776227771,0.0002883227618077582,1.0379619425079294,18875.098798134117,5.243082999481697,6.523638293410791,222465.10319388247,1783556828465103.2,1783556828513641.8
351.0,70.9814247075961,24288.0,161.54643823100974,-967.1006312133162,-42.7654643642082,982.873850328821,0.16154643823100975,-0.9671006312133161,-0.04276546436420823,0.982873850328821,0.9826733644086642,0.9826733644086642,9.636733749078225,-0.01732663559133589,-0.1699162509217741,1.5842293784781316,0.8717709503151592,0.7124584281629724,0.2255529500000002,-9.484017405088066,-9.594695044619533,0.11067763953146637,-0.21084297500000027,-0.4193859411072625,0.29161121645656046,-0.710997157563823,-0.14083021456560474,0.16154643823100975,1.5842293784781316,0.2255529500000002,0.2255529500000002,0.0,9.636733749078225,0.9826733644086642,43.6611506207394,-79.39468807817855,107.4,-9.589574758475035,-136.1166634665842,1.0,4.116192477374447,351.0,4.116192477374447,4.149341737571899,14.937630255258838,0.594,3.1312751121937,0.0,4.149341737571899,14.937630255258838,-0.022327353019108015,0.030931226455814365,0.030931226455814365,0.0,0.0,0.0,0.0,1.723996843298094,0.0002844594791441855,1.0240541249190678,18875.34218494192,5.243150606928309,3.3321061414411624,222608.25843092197,1783556828608258.5,1783556828754643.8
352.0,70.01741637736377,24288.0,163.95645905659057,-946.374452113321,-69.51669552815542,963.3526816416163,0.1639564590565906,-0.9463744521133209,-0.06951669552815545,0.9633526816416162,0.9630139965010407,0.9630139965010407,9.44394120878693,-0.036986003498959336,-0.36270879121306954,1.607863609207314,0.8824063541432912,0.7254572550640228,0.2255529500000002,-9.2807630208171,-9.60060360230183,0.3198405814847297,-0.21084297500000027,-0.6817259022011855,0.28452094723780574,-0.9662468494389913,-0.069927522378058,0.1639564590565906,1.607863609207314,0.2255529500000002,0.2255529500000002,0.0,9.44394120878693,0.9630139965010407,43.66115688679355,-79.3946791611015,107.4,-8.871466889293828,-135.42401384108484,1.0,4.14875347031058,352.0,4.14875347031058,4.149341737571899,14.937630255258838,0.594,4.131275112193703,0.0,4.149341737571899,14.937630255258838,-0.0003962215366141858,0.030931226455814365,0.030931226455814365,0.0,0.0,0.0,0.0,1.7005830089734113,0.00028059619648061285,1.0101463073302062,18875.585571749725,5.243218214374922,0.1405739894715321,222751.4136679615,1783556828751413.8,1783556828995646.0
353.0,64.45225991909477,24288.0,96.99010930410078,-1033.261161545404,-40.291523883450765,1043.9998619499302,0.09699010930410078,-1.0332611615454041,-0.04029152388345076,1.0439998619499302,1.0441435843916564,1.0441435843916564,10.239550681874437,0.04414358439165643,0.4329006818744375,0.9511480554070599,0.8484476731550792,0.10270038225198064,0.3039320502465781,-10.132830569869236,-9.607363082103387,-0.5254674877658498,-0.06753776131610117,-0.39512487269164237,0.3138128,-0.7089376726916423,-0.29419950000000006,0.09699010930410078,0.9511480554070599,0.3039320502465781,0.3039320502465781,0.12414756465466704,10.239550681874437,1.0441435843916564,43.66116310550891,-79.39467018093157,107.4,-8.148278041570714,-134.7365970452221,1.0,4.192984632928283,353.0,4.192984632928283,4.192984632928283,15.094744678541819,0.5973216101213578,0.9819333746218053,0.0,4.192984632928283,15.094744678541819,0.04364289535638351,0.03234179993346338,0.03234179993346338,0.0,0.0,0.0,0.0,1.565416488914974,0.0002597309988801589,0.935031595968572,18876.73519970385,5.24353755547329,0.0829137736994268,223486.5473259307,1783556829486547.2,1783556829226130.0
354.0,64.91284098374081,24288.0,44.023286869807734,-1081.391882800914,-18.183632780441492,1089.8276778822099,0.044023286869807735,-1.081391882800914,-0.018183632780441487,1.0898276778822098,1.0899954442590862,1.0899954442590862,10.689203823443368,0.08999544425908627,0.8825538234433684,0.4317209661818,0.8586103770747038,-0.4268894108929039,0.3637790844399233,-10.60483170746958,-9.614138218049803,-0.990693489419779,-0.06640857199169865,-0.17832052240631652,0.3138128,-0.4921333224063165,-0.29419950000000006,0.044023286869807735,0.4317209661818,0.3637790844399233,0.3637790844399233,0.21717770955093718,10.689203823443368,1.0899954442590862,43.661169323353285,-79.39466119960082,107.4,-7.424995708751521,-134.04927652836892,1.0,4.237430515392755,354.0,4.237430515392755,4.237430515392755,15.25474985541392,0.5966307385243887,1.981933374621807,0.0,4.237430515392755,15.25474985541392,0.08808877782085599,0.03377832660024696,0.03377832660024696,0.0,0.0,0.0,0.0,1.5766030818130967,0.00026128158495131534,0.9406137058247352,18876.954848455407,5.243598569015388,0.0829137736994268,223623.57019266288,1783556829623570.2,1783556829456420.5
355.0,65.37342204838683,24288.0,-8.943535564485302,-1129.5226040564237,3.9242583225677805,1135.6554938144895,-0.008943535564485322,-1.1295226040564237,0.003924258322567792,1.1356554938144894,1.135847304126516,1.135847304126516,11.138856965012298,0.13584730412651613,1.3322069650122994,-0.0877061230434597,0.8687730809943285,-0.9564792040377884,0.42362611863326843,-11.076832845069926,-9.620913353996219,-1.4559194910737079,-0.06527938266729615,0.03848382787900939,0.3138128,-0.2753289721209906,-0.29419950000000006,-0.008943535564485322,-0.0877061230434597,0.42362611863326843,0.42362611863326843,0.3102078544472073,11.138856965012298,1.135847304126516,43.66117554119765,-79.39465221827005,107.4,-6.701713375932327,-133.36195601151573,1.0,4.281876397857228,355.0,4.281876397857228,4.281876397857228,15.41475503228602,0.5959398669274197,2.981933374621809,0.0,4.281876397857228,15.41475503228602,0.13253466028532845,0.03521485326703054,0.03521485326703054,0.0,0.0,0.0,0.0,1.5877896747112192,0.00026283217102247174,0.9461958156808984,18877.17449720696,5.243659582557487,0.0829137736994268,223760.5930593951,1783556829760593.0,1783556829686711.0
356.0,65.83400311303285,24288.0,-61.91035799877835,-1177.6533253119333,26.032149425577046,1181.483309746769,-0.061910357998778365,-1.1776533253119335,0.026032149425577064,1.181483309746769,1.181699163993946,1.181699163993946,11.588510106581229,0.18169916399394598,1.7818601065812303,-0.6071332122687196,0.8789357849139531,-1.4860689971826728,0.4834731528266136,-11.548833982670272,-9.627688489942635,-1.921145492727637,-0.06415019334289364,0.25528817816433524,0.3138128,-0.05852462183566476,-0.29419950000000006,-0.061910357998778365,-0.6071332122687196,0.4834731528266136,0.4834731528266136,0.4032379993434774,11.588510106581229,1.181699163993946,43.66118175904202,-79.39464323693929,107.4,-5.978431043113132,-132.6746354946625,1.0,4.3263222803217,356.0,4.3263222803217,4.3263222803217,15.574760209158121,0.5952489953304507,3.9819333746218106,0.0,4.3263222803217,15.574760209158121,0.17698054274980093,0.03665137993381412,0.03665137993381412,0.0,0.0,0.0,0.0,1.598976267609342,0.0002643827570936282,0.9517779255370616,18877.394145958515,5.243720596099585,0.0829137736994268,223897.61592612727,1783556829897616.0,1783556829917001.5
357.0,69.73972649835461,24288.0,-42.452049940037035,-1151.8493096343698,23.787669946800854,1157.2945154217555,-0.04245204994003703,-1.1518493096343698,0.023787669946800857,1.1572945154217555,1.1574975875021598,1.1574975875021598,11.351173716478053,0.15749758750215972,1.5445237164780545,-0.41631239554446414,0.8762510442348882,-1.2925634397793524,0.5050424750000002,-11.295783032325893,-9.625898662823259,-1.6698843695026349,-0.02283739895816956,0.2332773534837946,0.3208655286279018,-0.0875881751441072,-0.2864414985093081,-0.04245204994003703,-0.41631239554446414,0.5050424750000002,0.5050424750000002,0.37394413995314374,11.351173716478053,1.1574975875021598,43.66118773972649,-79.39463395890334,107.3856164365448,-5.23125452085371,-132.01353063314787,1.0,4.357350014197976,357.0,4.357350014197976,4.357350014197976,15.686460051112714,0.5948561643654479,4.357350014197976,-0.014383563455211289,4.357350014197976,15.686460051112714,0.18024811799941415,0.04165619136515932,0.04165619136515932,-0.32346675351337706,0.0,0.0,0.0,1.693838477192037,0.0002798645816053327,1.0075124937791977,18877.66422071314,5.243795616864761,0.0818129760648233,224032.43836692395,1783556830032438.2,1783556830143835.8
358.0,75.586772411237,24288.0,17.817500238904557,-1084.3833952549576,7.820736877006631,1093.6516695238433,0.01781750023890455,-1.0843833952549575,0.007820736877006629,1.0936516695238434,1.093821208091199,1.093821208091199,10.726721750327558,0.09382120809119919,0.9200717503275586,0.1747299887178534,0.8663268250961553,-0.6915968363783019,0.5050424750000002,-10.63416842307703,-9.61928251673077,-1.0148859063462605,0.04111867993588672,0.07669522929489708,0.3318924387820495,-0.2551972094871525,-0.2743118973397456,0.01781750023890455,0.1747299887178534,0.5050424750000002,0.5050424750000002,0.2757212427817439,10.726721750327558,1.093821208091199,43.66119358677241,-79.39462451367534,107.36312779841832,-4.470613728059009,-131.36719817797996,1.0,4.380816680429502,358.0,4.380816680429502,4.380816680429502,15.770940049546207,0.5946312779841831,4.380816680429502,-0.03687220158168395,4.380816680429502,15.770940049546207,0.16031189845562702,0.04867171554895655,0.04867171554895655,-0.8292055982967755,0.0,0.0,0.0,1.8358515283241246,0.0003031965976342776,1.0915077514833995,18877.96271029846,5.24387853063846,0.08009188381030927,224166.02087739517,1783556830166021.0,1783556830368722.0
359.0,81.4338183241194,24288.0,78.08705041784614,-1016.9174808755454,-8.146196192787599,1030.0088236259312,0.07808705041784615,-1.0169174808755455,-0.0081461961927876,1.030008823625931,1.0301448286802386,1.0301448286802386,10.102269784177063,0.030144828680238656,0.2956197841770625,0.7657723729801708,0.8564026059574225,-0.09063023297725148,0.5050424750000002,-9.972553813828167,-9.612666370638282,-0.35988744318988597,0.105074758829943,-0.07988689489400047,0.34291934893619724,-0.4228062438301978,-0.26218229617018307,0.07808705041784615,0.7657723729801708,0.5050424750000002,0.5050424750000002,0.1774983456103441,10.102269784177063,1.0301448286802386,43.661199433818325,-79.39461506844732,107.34063916029184,-3.7099729352643074,-130.72086572281208,1.0,4.404283346661027,359.0,4.404283346661027,4.404283346661027,15.855420047979699,0.5944063916029184,4.404283346661027,-0.05936083970815661,4.404283346661027,15.855420047979699,0.14037567891183989,0.05568723973275378,0.05568723973275378,-1.334944443080174,0.0,0.0,0.0,1.977864579456212,0.00032652861366322253,1.175503009187601,18878.26119988378,5.243961444412159,0.07837079155579522,224299.60338786643,1783556830299603.5,1783556830593608.5
360.0,87.2808642370018,24288.0,138.35660059678773,-949.4515664961332,-24.113129262581822,966.365977728019,0.13835660059678773,-0.9494515664961332,-0.02411312926258183,0.9663659777280189,0.9664684492692781,0.9664684492692781,9.477817818026567,-0.033531550730721865,-0.32883218197343345,1.3568147572424882,0.8464783868186895,0.5103363704237989,0.5050424750000002,-9.310939204579304,-9.606050224545793,0.29511101996648836,0.16903083772399927,-0.23646901908289802,0.35394625909034494,-0.590415278173243,-0.2500526950006206,0.13835660059678773,1.3568147572424882,0.5050424750000002,0.5050424750000002,0.0792754484389443,9.477817818026567,0.9664684492692781,43.66120528086424,-79.3946056232193,107.31815052216538,-2.949332142469606,-130.0745332676442,1.0,4.427750012892553,360.0,4.427750012892553,4.427750012892553,15.939900046413193,0.5941815052216538,4.427750012892553,-0.08184947783462927,4.427750012892553,15.939900046413193,0.12043945936805275,0.06270276391655101,0.06270276391655101,-1.8406832878635724,0.0,0.0,0.0,2.1198776305882996,0.0003498606296921674,1.2594982668918027,18878.559689469097,5.2440443581858585,0.0766496993012812,224433.18589833766,1783556830433186.0,1783556830818494.8
361.0,88.2948153275459,24288.0,83.05291188409252,-1037.7786222144528,-38.315340985451954,1041.8207386898164,0.08305291188409253,-1.0377786222144525,-0.03831534098545195,1.0418207386898164,1.0418463621536322,1.0418463621536322,10.217022627413916,0.04184636215363214,0.4103726274139166,0.8144708383281359,0.8384685749999999,-0.02399773667186399,0.5058685180662511,-10.177131725539361,-9.601949414599376,-0.575182310939985,0.2206496249999983,-0.3757451386749824,0.36284605000000003,-0.7385911886749824,-0.26601861459937637,0.08305291188409253,0.8144708383281359,0.5058685180662511,0.5058685180662511,0.0013744476975887914,10.217022627413916,1.0418463621536322,43.66121113714483,-79.39459618899156,107.3,-2.1895772201264623,-129.42718001038193,1.0,4.452313557701233,361.0,4.452313557701233,4.452313557701233,16.02832880772444,0.5952526988521821,0.1929025642502891,0.0,4.452313557701233,16.02832880772444,0.10557783479382615,0.07044537121602217,0.07044537121602217,0.0,0.0,0.0,0.0,2.144504474675435,0.0003546008971265152,1.2765632296554548,18880.130723228234,5.244480756452286,0.0829637770286881,225161.3120016936,1783556831161312.0,1783556831042116.5
362.0,89.8231274507761,24288.0,88.5111694670575,-1031.4470434182133,-29.582128852708003,1035.7074901968956,0.0885111694670575,-1.0314470434182132,-0.029582128852708,1.0357074901968955,1.035875885278224,1.035875885278224,10.158472250363694,0.03587588527822399,0.3518222503636952,0.8679980600541194,0.8384685749999999,0.029529485054119425,0.5101506958043297,-10.11504014833722,-9.608372681206495,-0.5066674671307264,0.2206496249999983,-0.2901015839134089,0.36284605000000003,-0.6529476339134089,-0.2724418812064944,0.0885111694670575,0.8679980600541194,0.5101506958043297,0.5101506958043297,0.008499535448135531,10.158472250363694,1.035875885278224,43.66121703206302,-79.39458680078852,107.3,-1.4335287480974317,-128.77555575363368,1.0,4.481466403281474,362.0,4.481466403281474,4.481466403281474,16.133279051813307,0.5965626806720937,1.1929025642502882,0.0,4.481466403281474,16.133279051813307,0.111948134239472,0.08123006829028723,0.08123006829028723,0.0,0.0,0.0,0.0,2.1816241195244497,0.00036157556055350275,1.3016720179926098,18880.433486960043,5.244564857488899,0.0832229925007873,225292.52851398807,1783556831292528.5,1783556831260446.8
363.0,91.35143957400629,24288.0,93.96942705002247,-1025.1154646219738,-20.84891671996405,1029.5942417039748,0.09396942705002247,-1.025115464621974,-0.02084891671996405,1.0295942417039747,1.0299054084028159,1.0299054084028159,10.099921873313473,0.02990540840281583,0.2932718733134738,0.9215252817801027,0.8384685749999999,0.08305670678010284,0.5144328735424083,-10.05294857113508,-9.614795947813612,-0.43815262332146776,0.2206496249999983,-0.20445802915183542,0.36284605000000003,-0.5673040791518354,-0.2788651478136124,0.09396942705002247,0.9215252817801027,0.5144328735424083,0.5144328735424083,0.01562462319868227,10.099921873313473,1.0299054084028159,43.66122292698121,-79.39457741258548,107.3,-0.6774802760684013,-128.1239314968854,1.0,4.510619248861715,363.0,4.510619248861715,4.510619248861715,16.238229295902176,0.5978726624920053,2.192902564250287,0.0,4.510619248861715,16.238229295902176,0.11831843368511784,0.0920147653645523,0.0920147653645523,0.0,0.0,0.0,0.0,2.218743764373465,0.0003685502239804903,1.326780806329765,18880.73625069185,5.244648958525513,0.08348220797288651,225423.74502628253,1783556831423745.0,1783556831478777.0
364.0,92.87975169723649,24288.0,99.42768463298745,-1018.7838858257346,-12.115704587220094,1023.480993211054,0.09942768463298744,-1.0187838858257345,-0.012115704587220093,1.023480993211054,1.0239349315274078,1.0239349315274078,10.04137149626325,0.023934931527407676,0.23472149626325245,0.9750525035060862,0.8384685749999999,0.13658392850608625,0.5187150512804869,-9.990856993932939,-9.62121921442073,-0.36963777951220916,0.2206496249999983,-0.11881447439026194,0.36284605000000003,-0.48166052439026197,-0.2852884144207304,0.09942768463298744,0.9750525035060862,0.5187150512804869,0.5187150512804869,0.022749710949229007,10.04137149626325,1.0239349315274078,43.6612288218994,-79.39456802438242,107.3,0.07856819596062925,-127.47230724013713,1.0,4.539772094441956,364.0,4.539772094441956,4.539772094441956,16.34317953999104,0.5991826443119169,3.192902564250286,0.0,4.539772094441956,16.34317953999104,0.12468873313076367,0.10279946243881738,0.10279946243881738,0.0,0.0,0.0,0.0,2.2558634092224796,0.0003755248874074778,1.35188959466692,18881.039014423655,5.244733059562126,0.08374142344498571,225554.96153857702,1783556831554961.5,1783556831697107.5
365.0,94.40806382046668,24288.0,104.88594221595241,-1012.4523070294952,-3.382492454476143,1017.3677447181333,0.1048859422159524,-1.0124523070294953,-0.003382492454476138,1.0173677447181333,1.0179644546519995,1.0179644546519995,9.98282111921303,0.01796445465199952,0.17617111921303108,1.0285797252320696,0.8384685749999999,0.19011115023206965,0.5229972290185654,-9.928765416730798,-9.627642481027848,-0.30112293570295057,0.2206496249999983,-0.0331709196286884,0.36284605000000003,-0.39601696962868843,-0.29171168102784845,0.1048859422159524,1.0285797252320696,0.5229972290185654,0.5229972290185654,0.02987479869977575,9.98282111921303,1.0179644546519995,43.661234716817596,-79.39455863617938,107.3,0.8346166679896596,-126.82068298338886,1.0,4.568924940022197,365.0,4.568924940022197,4.568924940022197,16.44812978407991,0.6004926261318285,4.192902564250285,0.0,4.568924940022197,16.44812978407991,0.13105903257640952,0.11358415951308246,0.11358415951308246,0.0,0.0,0.0,0.0,2.292983054071495,0.00038249955083446535,1.3769983830040753,18881.341778155464,5.244817160598739,0.08400063891708492,225686.1780508715,1783556831686178.0,1783556831915437.8
366.0,112.0701975232147,24288.0,142.0,-916.9071041132622,43.421185139288234,929.5086173374971,0.142,-0.9169071041132623,0.043421185139288235,0.9295086173374971,0.9289742605733728,0.9289742605733728,9.110125432451866,-0.07102573942662718,-0.6965245675481333,1.3925442999999997,0.8678885249999999,0.5246557749999998,0.4802929461828054,-8.991787052552322,-9.654646924999998,0.6628598724476762,0.2206496249999983,0.425816365246201,0.3203258338992618,0.10549053134693917,-0.29419950000000006,0.142,1.3925442999999997,0.4802929461828054,0.4802929461828054,-0.07025089265700737,9.110125432451866,0.9289742605733728,43.66124085203883,-79.39454955401406,107.3132828925255,1.5660193851883046,-126.14249562761607,1.0,4.584517364229696,366.0,4.584517364229696,4.584517364229696,16.504262511226905,0.594867171074745,0.6126863285738875,0.013282892525505333,4.584517364229696,16.504262511226905,0.12009130540657938,0.11969901808334968,0.11969901808334968,0.2879699213377062,0.0,0.0,0.0,2.721960957443839,0.00044978466608105696,1.619224797891805,18883.29517760965,5.245359771558236,0.08516286563018535,226410.9003816015,1783556832410900.5,1783556832132829.0
367.0,110.55261432701455,24288.0,142.0,-928.1805792850347,34.31568596208733,940.1316997108981,0.142,-0.9281805792850347,0.03431568596208734,0.9401316997108982,0.9398431802115333,0.9398431802115333,9.216713123221433,-0.06015681978846662,-0.5899368767785661,1.3925442999999997,0.8678885249999999,0.5246557749999998,0.43989784078718996,-9.102342077845584,-9.654646924999998,0.5523048471544129,0.2206496249999983,0.33652192174010376,0.3309561247928448,0.005565796947258922,-0.29419950000000006,0.142,1.3925442999999997,0.43989784078718996,0.43989784078718996,-0.13110970654964785,9.216713123221433,0.9398431802115333,43.66124713916921,-79.39454066531249,107.33496265247122,2.281842127213286,-125.44751623499207,1.0,4.5915374793403245,367.0,4.5915374793403245,4.5915374793403245,16.529534925625168,0.5946503734752878,1.6126863285738893,0.03496265247122361,4.5915374793403245,16.529534925625168,0.09816323126874299,0.1228618076884738,0.1228618076884738,0.7579819126416361,0.0,0.0,0.0,2.6851018967745297,0.00044353764036206413,1.596735505303431,18883.626719594788,5.245451866554108,0.08689593680770417,226539.67815567905,1783556832539678.2,1783556832349626.5
368.0,109.0350311308144,24288.0,142.0,-939.4540544568073,25.210186784886428,950.7547820842991,0.142,-0.9394540544568073,0.025210186784886433,0.9507547820842992,0.950712099849694,0.950712099849694,9.323300813991,-0.04928790015030606,-0.4833491860089989,1.3925442999999997,0.8678885249999999,0.5246557749999998,0.3995027353915745,-9.212897103138848,-9.654646924999998,0.44174982186114947,0.2206496249999983,0.2472274782340065,0.34158641568642784,-0.0943589374524213,-0.2941995,0.142,1.3925442999999997,0.3995027353915745,0.3995027353915745,-0.19196852044228835,9.323300813991,0.950712099849694,43.6612534262996,-79.3945317766109,107.35664241241695,2.9976648692382666,-124.75253684236806,1.0,4.598557594450954,368.0,4.598557594450954,4.598557594450954,16.554807340023434,0.5944335758758306,2.612686328573891,0.056642412416941894,4.598557594450954,16.554807340023434,0.0762351571309066,0.12602459729359794,0.12602459729359794,1.2279939039455658,0.0,0.0,0.0,2.6482428361052204,0.00043729061464307126,1.5742462127150565,18883.95826157993,5.24554396154998,0.08862900798522301,226668.4559297566,1783556832668456.0,1783556832566424.0
369.0,107.51744793461425,24288.0,142.0,-950.7275296285799,16.104687607685527,961.3778644577002,0.142,-0.9507275296285798,0.016104687607685526,0.9613778644577002,0.9615810194878545,0.9615810194878545,9.429888504760568,-0.038418980512145505,-0.3767614952394317,1.3925442999999997,0.8678885249999999,0.5246557749999998,0.359107629995959,-9.323452128432113,-9.654646924999998,0.3311947965678861,0.2206496249999983,0.15793303472790932,0.3522167065800108,-0.19428367185210155,-0.2941995,0.142,1.3925442999999997,0.359107629995959,0.359107629995959,-0.2528273343349288,9.429888504760568,0.9615810194878545,43.661259713429985,-79.39452288790933,107.37832217236266,3.713487611263248,-124.05755744974407,1.0,4.605577709561582,369.0,4.605577709561582,4.605577709561582,16.580079754421696,0.5942167782763734,3.6126863285738926,0.07832217236266018,4.605577709561582,16.580079754421696,0.054307082993070216,0.12918738689872206,0.12918738689872206,1.6980058952494956,0.0,0.0,0.0,2.611383775435911,0.0004310435889240784,1.551756920126682,18884.28980356507,5.245636056545853,0.09036207916274183,226797.23370383415,1783556832797233.8,1783556832783221.8
370.0,106.00007515506823,24288.0,141.9999624224659,-961.9992108717836,7.00016909890352,971.9992296605507,0.14199996242246588,-0.9619992108717835,0.00700016909890352,0.9719992296605506,0.9724481865119725,0.9724481865119725,9.536459008257635,-0.027551813488027436,-0.2701909917423643,1.3925439314902748,0.8678885249999999,0.5246554064902749,0.31871594074513754,-9.433989561295776,-9.654647477764586,0.2206579164688093,0.2206496249999983,0.0686482082937622,0.36284669489201865,-0.2941984865982565,-0.2941989472354126,0.14199996242246588,1.3925439314902748,0.31871594074513754,0.31871594074513754,-0.31367513990371004,9.536459008257635,0.9724481865119725,43.66126600060124,-79.39451399926723,107.4,4.4293055628957045,-123.3625735392266,1.0,4.612599663559592,370.0,4.612599663559592,4.612599663559592,16.60535878881453,0.5940000187887671,4.612599663559592,0.09999812112330275,4.612599663559592,16.60535878881453,0.0323828194848168,0.1323499457924932,0.1323499457924932,2.1679352609758755,0.0,0.0,0.0,2.574529825366297,0.00042479743512920934,1.5292707664651535,18884.62134586756,5.245728151629877,0.09209500516376926,226926.0111793164,1783556832926011.2,1783556833000018.8
371.0,106.84328624047366,24288.0,141.57835687976316,-953.1454944750267,8.897394041065722,963.356316035145,0.14157835687976317,-0.9531454944750266,0.008897394041065721,0.963356316035145,0.9636534477455869,0.9636534477455869,9.450212083334259,-0.036346552254413106,-0.3564379166657403,1.3884093934949293,0.8678885249999999,0.5205208684949294,0.31664867174746475,-9.34716426339352,-9.660849284757605,0.3136850213640841,0.2206496249999983,0.08725362927281716,0.3700821363838734,-0.2828285071110562,-0.2879971402423943,0.14157835687976317,1.3884093934949293,0.31664867174746475,0.31664867174746475,-0.25102477566164494,9.450212083334259,0.9636534477455869,43.661272746289924,-79.39450577795915,107.4,5.09138193524913,-122.61690511207665,1.0,4.640251390888768,371.0,4.640251390888768,4.640251390888768,16.704905007199564,0.5942108215601184,4.640251390888768,0.07891784398816538,4.640251390888768,16.704905007199564,0.05320855001222241,0.13292424236675648,0.13292424236675648,1.7109199130969233,0.0,0.0,0.0,2.595009736208624,0.00042833306418157215,1.5419990310536598,18884.956448408717,5.245821235669088,0.09219925170210039,227051.43882827045,1783556833051438.8,1783556833210821.5
372.0,107.68649732587907,24288.0,141.15675133706046,-944.2917780782697,10.794618983227924,954.7134024097395,0.14115675133706046,-0.9442917780782697,0.010794618983227923,0.9547134024097395,0.9548587089792012,0.9548587089792012,9.363965158410883,-0.04514129102079878,-0.44268484158911636,1.3842748554995838,0.8678885249999999,0.5163863304995839,0.31458140274979196,-9.260338965491263,-9.667051091750622,0.40671212625935893,0.2206496249999983,0.10585905025187212,0.37731757787572806,-0.27145852762385597,-0.281795333249376,0.14115675133706046,1.3842748554995838,0.31458140274979196,0.31458140274979196,-0.1883744114195798,9.363965158410883,0.9548587089792012,43.661279491978604,-79.39449755665107,107.4,5.753458307602554,-121.8712366849267,1.0,4.667903118217944,372.0,4.667903118217944,4.667903118217944,16.804451225584597,0.5944216243314697,4.667903118217944,0.05783756685302801,4.667903118217944,16.804451225584597,0.07403428053962802,0.13349853894101973,0.13349853894101973,1.253904565217971,0.0,0.0,0.0,2.6154896470509508,0.00043186869323393496,1.5547272956421658,18885.291550949874,5.245914319708299,0.09230349824043153,227176.8664772245,1783556833176866.5,1783556833421624.2
373.0,108.5297084112845,24288.0,140.73514579435775,-935.4380616815127,12.691843925390124,946.0704887843339,0.14073514579435775,-0.9354380616815128,0.012691843925390125,0.9460704887843339,0.9460639702128155,0.9460639702128155,9.277718233487507,-0.05393602978718445,-0.5289317665124924,1.3801403175042384,0.8678885249999999,0.5122517925042385,0.31251413375211917,-9.173513667589008,-9.673252898743641,0.4997392311546337,0.2206496249999983,0.12446447123092706,0.3845530193675828,-0.2600885481366557,-0.2755935262563577,0.14073514579435775,1.3801403175042384,0.31251413375211917,0.31251413375211917,-0.12572404717751468,9.277718233487507,0.9460639702128155,43.66128623766729,-79.394489335343,107.4,6.415534679955979,-121.12556825777675,1.0,4.69555484554712,373.0,4.69555484554712,4.69555484554712,16.903997443969633,0.594632427102821,4.69555484554712,0.036757289717890634,4.69555484554712,16.903997443969633,0.09486001106703364,0.13407283551528298,0.13407283551528298,0.7968892173390187,0.0,0.0,0.0,2.6359695578932776,0.0004354043222862978,1.5674555602306721,18885.626653491032,5.246007403747509,0.09240774477876267,227302.29412617857,1783556833302294.2,1783556833632427.0
374.0,109.37291949668992,24288.0,140.31354025165504,-926.5843452847558,14.589068867552326,937.4275751589283,0.14031354025165504,-0.9265843452847559,0.014589068867552327,0.9374275751589283,0.9372692314464299,0.9372692314464299,9.19147130856413,-0.06273076855357013,-0.6151786914358685,1.376005779508893,0.8678885249999999,0.508117254508893,0.31044686475444633,-9.086688369686751,-9.67945470573666,0.5927663360499085,0.2206496249999983,0.143069892209982,0.39178846085943747,-0.24871856864945546,-0.2693917192633394,0.14031354025165504,1.376005779508893,0.31044686475444633,0.31044686475444633,-0.06307368293544952,9.19147130856413,0.9372692314464299,43.66129298335598,-79.3944811140349,107.4,7.077611052309404,-120.3798998306268,1.0,4.723206572876296,374.0,4.723206572876296,4.723206572876296,17.003543662354666,0.5948432298741725,4.723206572876296,0.015677012582753266,4.723206572876296,17.003543662354666,0.11568574159443926,0.13464713208954626,0.13464713208954626,0.3398738694600665,0.0,0.0,0.0,2.656449468735605,0.00043893995133866063,1.5801838248191782,18885.96175603219,5.24610048778672,0.0925119913170938,227427.72177513264,1783556833427721.8,1783556833843229.8
375.0,136.57983959026183,24288.0,119.89495989756546,-915.4180413828664,117.22279436609998,930.9978809731282,0.11989495989756545,-0.9154180413828664,0.11722279436609997,0.9309978809731282,0.9309821893364276,0.9309821893364276,9.129816487056079,-0.06901781066357232,-0.6768335129439216,1.17576790847946,0.8663433877191903,0.3094245207602698,0.30839442923973,-8.977184335527287,-9.685869535160943,0.7086851996336572,0.21961953347945867,1.149562916370314,0.392266,0.7572969163703142,-0.2634919355993254,0.11989495989756545,1.17576790847946,0.30839442923973,0.30839442923973,-0.0008656231265039863,9.129816487056079,0.9309821893364276,43.66129973316169,-79.39447289919795,107.4,7.739166293455752,-119.63377630666066,1.0,4.750946052019858,375.0,4.750946052019858,4.750946052019858,17.103405787271488,0.6035273195390445,0.2563184780610741,0.0,4.750946052019858,17.103405787271488,0.13145961660046357,0.13493114382398197,0.13493114382398197,0.0,0.0,0.0,0.0,3.3172511439682792,0.0005561496420070103,2.002138711225237,18888.318658239594,5.246755182844332,0.0931583457346002,228156.24943047427,1783556834156249.5,1783556834052520.0
376.0,134.9406272598965,24288.0,119.48515681497413,-920.9503829978493,94.68362482357702,934.8910102577457,0.11948515681497412,-0.9209503829978493,0.094683624823577,0.9348910102577458,0.9347616615799689,0.9347616615799689,9.1668804485332,-0.06523833842003113,-0.6397695514667983,1.1717491130795659,0.8603151946193489,0.3114339184602169,0.30638503153978286,-9.031438073425859,-9.69290242711076,0.6614643536849003,0.21560073807956487,0.9285291693761314,0.392266,0.5362631693761314,-0.25846844134945757,0.11948515681497412,1.1717491130795659,0.30638503153978286,0.30638503153978286,-0.004242762118011754,9.1668804485332,0.9347616615799689,43.66130649491255,-79.3944647031363,107.4,8.39920952636867,-118.88633236640833,1.0,4.778940133966031,376.0,4.778940133966031,4.778940133966031,17.204184482277714,0.6016832056673835,1.256318478061069,0.0,4.778940133966031,17.204184482277714,0.1325760559382674,0.13437292415508004,0.13437292415508004,0.0,0.0,0.0,0.0,3.2774379548883665,0.000547864904432152,1.9723136559557475,18888.700640905572,5.246861289140437,0.09344824494407418,228278.1658475452,1783556834278165.8,1783556834257421.5
377.0,133.3014149295312,24288.0,119.0753537323828,-926.4827246128322,72.14445528105406,938.7841395423634,0.1190753537323828,-0.9264827246128322,0.07214445528105405,0.9387841395423634,0.9385411338235101,0.9385411338235101,9.203944410010324,-0.06145886617648992,-0.6027055899896748,1.1677303176796716,0.8542870015195076,0.313443316160164,0.3043756338398358,-9.08569181132443,-9.699935319060573,0.6142435077361436,0.2115819426796711,0.7074954223819487,0.392266,0.3152294223819487,-0.25344494709958976,0.1190753537323828,1.1677303176796716,0.3043756338398358,0.3043756338398358,-0.007619901109519522,9.203944410010324,0.9385411338235101,43.66131325666341,-79.39445650707465,107.4,9.059252759281588,-118.138888426156,1.0,4.806934215912205,377.0,4.806934215912205,4.806934215912205,17.304963177283938,0.5998390917957226,2.256318478061064,0.0,4.806934215912205,17.304963177283938,0.13369249527607127,0.13381470448617813,0.13381470448617813,0.0,0.0,0.0,0.0,3.237624765808454,0.0005395801668572938,1.942488600686258,18889.08262357155,5.246967395436542,0.09373814415354816,228400.08226461613,1783556834400082.2,1783556834462323.2
378.0,131.6622025991659,24288.0,118.66555064979147,-932.015066227815,49.60528573853111,942.6772688269809,0.11866555064979147,-0.932015066227815,0.049605285738531096,0.942677268826981,0.9423206060670513,0.9423206060670513,9.241008371487448,-0.05767939393294872,-0.5656416285125515,1.1637115222797774,0.8482588084196663,0.3154527138601112,0.30236623613988867,-9.139945549223002,-9.70696821101039,0.5670226617873867,0.20756314727977732,0.48646167538776597,0.392266,0.09419567538776596,-0.24842145284972197,0.11866555064979147,1.1637115222797774,0.30236623613988867,0.30236623613988867,-0.01099704010102729,9.241008371487448,0.9423206060670513,43.66132001841428,-79.394448311013,107.4,9.719295992194505,-117.39144448590366,1.0,4.834928297858378,378.0,4.834928297858378,4.834928297858378,17.40574187229016,0.5979949779240616,3.256318478061059,0.0,4.834928297858378,17.40574187229016,0.1348089346138751,0.1332564848172762,0.1332564848172762,0.0,0.0,0.0,0.0,3.1978115767285415,0.0005312954292824356,1.9126635454167684,18889.46460623753,5.247073501732647,0.09402804336302215,228521.99868168702,1783556834521998.8,1783556834667224.8
379.0,130.02299026880058,24288.0,118.25574756720015,-937.547407842798,27.066116196008153,946.5703981115986,0.11825574756720014,-0.937547407842798,0.027066116196008128,0.9465703981115986,0.9461000783105925,0.9461000783105925,9.278072332964571,-0.05389992168940752,-0.5285776670354282,1.1596927268798833,0.8422306153198249,0.3174621115600583,0.30035683843994154,-9.194199287121574,-9.714001102960204,0.5198018158386298,0.2035443518798835,0.2654279283935832,0.392266,-0.1268380716064168,-0.2433979585998542,0.11825574756720014,1.1596927268798833,0.30035683843994154,0.30035683843994154,-0.014374179092535057,9.278072332964571,0.9461000783105925,43.66132678016514,-79.39444011495135,107.4,10.379339225107422,-116.64400054565132,1.0,4.862922379804551,379.0,4.862922379804551,4.862922379804551,17.506520567296384,0.5961508640524006,4.256318478061054,0.0,4.862922379804551,17.506520567296384,0.13592537395167895,0.13269826514837427,0.13269826514837427,0.0,0.0,0.0,0.0,3.157998387648629,0.0005230106917075775,1.8828384901472788,18889.846588903507,5.247179608028753,0.09431794257249612,228643.91509875795,1783556834643915.0,1783556834872126.2
380.0,120.42140830605072,24288.0,159.12037657532005,-971.1438483428321,-37.41802939856885,985.6522053191063,0.15912037657532005,-0.9711438483428321,-0.03741802939856884,0.9856522053191062,0.9849727503876473,0.9849727503876473,9.659283022589022,-0.015027249612352644,-0.14736697741097807,1.5604378409423623,0.8692660595881774,0.6911717813541849,0.29910282499999985,-9.523667820351234,-9.682000573117733,0.15833275276649952,0.20103632500000046,-0.3669455180014751,0.392266,-0.7592115180014752,-0.07620642235344739,0.15912037657532005,1.5604378409423623,0.29910282499999985,0.29910282499999985,0.0,9.659283022589022,0.9849727503876473,43.66133373915399,-79.39443226084602,107.4,11.011844115405738,-115.87475391844386,1.0,4.913545469956759,380.0,4.913545469956759,4.894826779849756,17.62137640745912,0.595,0.3759257114832625,0.0,4.894826779849756,17.62137640745912,0.1414605126312501,0.13234989460566826,0.13234989460566826,0.0,0.0,0.0,0.0,2.92479516493736,0.00048340364531603583,1.740253123137729,18891.947026049897,5.247763062791638,0.09474911638055385,229356.7896570167,1783556835356789.8,1783556835070234.8
381.0,121.54239655766034,24288.0,151.460290189321,-982.16689948366,-27.88962925988708,995.3674368330563,0.151460290189321,-0.98216689948366,-0.027889629259887083,0.9953674368330563,0.9946554697826675,0.9946554697826675,9.754238062744195,-0.0053445302173325306,-0.052411937255804064,1.4853180547851046,0.8729304394007266,0.612387615384378,0.29910282499999985,-9.631767024821434,-9.67650400339891,0.044736978577475245,0.20103632500000046,-0.2735038327814716,0.392266,-0.6657698327814716,-0.04414309899364227,0.151460290189321,1.4853180547851046,0.29910282499999985,0.29910282499999985,0.0,9.754238062744195,0.9946554697826675,43.66134102557762,-79.39442497442238,107.4,11.598632602039276,-115.06931264975896,1.0,5.001734977527715,381.0,5.001734977527715,4.9332226991259756,17.759601716853513,0.595,1.3759257114832635,0.0,4.9332226991259756,17.759601716853513,0.15433113426303105,0.13234989460566826,0.13234989460566826,0.0,0.0,0.0,0.0,2.952021727592454,0.00048790359108819725,1.7564529279175103,18892.28722195027,5.247857561652854,0.09541482015531365,229467.9543253013,1783556835467954.2,1783556835257066.0
382.0,122.66338480926996,24288.0,143.80020380332192,-993.189950624488,-18.36122912120532,1005.0826683470063,0.14380020380332192,-0.993189950624488,-0.01836122912120532,1.0050826683470064,1.0043381891776877,1.0043381891776877,9.849193102899369,0.004338189177687583,0.04254310289936991,1.4101982686278467,0.8765948192132756,0.533603449414571,0.29910282499999985,-9.739866229291634,-9.671007433680085,-0.06885879561154906,0.20103632500000046,-0.18006214756146816,0.392266,-0.5723281475614681,-0.01207977563383715,0.14380020380332192,1.4101982686278467,0.29910282499999985,0.29910282499999985,0.0,9.849193102899369,1.0043381891776877,43.66134831200126,-79.39441768799874,107.4,12.185421088672811,-114.26387138107405,1.0,5.089924485098671,382.0,5.089924485098671,4.971618618402196,17.897827026247906,0.595,2.3759257114832644,0.0,4.971618618402196,17.897827026247906,0.16720175589481198,0.13234989460566826,0.13234989460566826,0.0,0.0,0.0,0.0,2.979248290247549,0.0004924035368603587,1.7726527326972914,18892.627417850646,5.247952060514069,0.09608052393007346,229579.11899358593,1783556835579119.0,1783556835443897.5
383.0,123.78437306087959,24288.0,136.14011741732287,-1004.2130017653159,-8.832828982523559,1014.7978998609564,0.13614011741732285,-1.004213001765316,-0.008832828982523556,1.0147978998609564,1.0140209085727077,1.0140209085727077,9.944148143054543,0.014020908572707692,0.13749814305454391,1.335078482470589,0.8802591990258248,0.4548192834447642,0.29910282499999985,-9.847965433761834,-9.665510863961261,-0.18245456980057334,0.20103632500000046,-0.08662046234146464,0.392266,-0.4788864623414646,0.01998354772596797,0.13614011741732285,1.335078482470589,0.29910282499999985,0.29910282499999985,0.0,9.944148143054543,1.0140209085727077,43.66135559842489,-79.3944104015751,107.4,12.772209575306348,-113.45843011238917,1.0,5.178113992669628,383.0,5.178113992669628,5.010014537678416,18.0360523356423,0.595,3.3759257114832653,0.0,5.010014537678416,18.0360523356423,0.1800723775265929,0.13234989460566826,0.13234989460566826,0.0,0.0,0.0,0.0,3.006474852902643,0.0004969034826325201,1.7888525374770727,18892.96761375102,5.248046559375284,0.09674622770483328,229690.28366187055,1783556835690283.8,1783556835630728.8
384.0,124.9053613124892,24288.0,128.4800310313238,-1015.2360529061438,0.6955711561582021,1024.5131313749064,0.1284800310313238,-1.0152360529061437,0.0006955711561582104,1.0245131313749065,1.0237036279677278,1.0237036279677278,10.039103183209717,0.023703627967727806,0.2324531832097179,1.2599586963133313,0.883923578838374,0.3760351174749573,0.29910282499999985,-9.956064638232034,-9.660014294242437,-0.2960503439895976,0.20103632500000046,0.0068212228785388684,0.392266,-0.3854447771214611,0.052046871085773105,0.1284800310313238,1.2599586963133313,0.29910282499999985,0.29910282499999985,0.0,10.039103183209717,1.0237036279677278,43.66136288484853,-79.39440311515148,107.4,13.358998061939884,-112.65298884370426,1.0,5.266303500240584,384.0,5.266303500240584,5.048410456954637,18.174277645036693,0.595,4.375925711483266,0.0,5.048410456954637,18.174277645036693,0.19294299915837385,0.13234989460566826,0.13234989460566826,0.0,0.0,0.0,0.0,3.0337014155577378,0.0005014034284046816,1.8050523422568538,18893.307809651396,5.2481410582365,0.09741193147959308,229801.44833015517,1783556835801448.2,1783556835817560.2
385.0,125.98613482093246,24288.0,120.90756547288312,-1025.528583911704,10.41595537202594,1033.5424490907715,0.12090756547288312,-1.0255285839117039,0.010415955372025939,1.0335424490907714,1.0327044728383745,1.0327044728383745,10.127371318560444,0.03270447283837449,0.3207213185604452,1.185698176944649,0.887501825,0.29819635194464916,0.29819635194464916,-10.05699988741771,-9.6547828959583,-0.4022169914594105,0.20103632500000046,0.10214562874907818,0.392266,-0.2901203712509218,0.08335652499999996,0.12090756547288312,1.185698176944649,0.29819635194464916,0.29819635194464916,-0.0015082746345269624,10.127371318560444,1.0327044728383745,43.66137016638215,-79.39439581975267,107.4,13.94650933406356,-111.84808811759025,1.0,5.351188290644783,385.0,5.351188290644783,5.087132674052206,18.31367762658794,0.595027730358135,5.351188290644783,0.0,5.087132674052206,18.31367762658794,0.20579009146080066,0.13211616148678343,0.13211616148678343,0.0,0.0,0.0,0.0,3.0599512425308077,0.0005057649532342367,1.8207538316432519,18893.6483070648,5.248235640851334,0.09808057674716077,229912.77765753987,1783556835912777.8,1783556836004621.8
386.0,125.39626916763832,24288.0,116.9751277842555,-1005.4731516997031,28.111924970850215,1014.0768825320648,0.1169751277842555,-1.005473151699703,0.028111924970850216,1.0140768825320647,1.013378236790039,1.013378236790039,9.937845685817035,0.01337823679003904,0.13119568581703636,1.147134136885469,0.887501825,0.2596323118854692,0.2596323118854692,-9.860323283115893,-9.660567501967178,-0.19975578114871523,0.20103632500000046,0.27568380901538825,0.392266,-0.11658219098461173,0.08335652499999996,0.1169751277842555,1.147134136885469,0.2596323118854692,0.2596323118854692,-0.0656747306398181,9.937845685817035,1.013378236790039,43.66137724476999,-79.39438815149919,107.4,14.564047249410258,-111.06564312577649,1.0,5.298785373045675,386.0,5.298785373045675,5.139410266015113,18.501876957654403,0.5962074616647233,5.298785373045675,0.0,5.139410266015113,18.501876957654403,0.21765970595351367,0.12217246453227838,0.12217246453227838,0.0,0.0,0.0,0.0,3.0456245855435995,0.0005043760634318656,1.815753828354716,18894.001330219624,5.248333702838784,0.09887142031047466,230030.9474100831,1783556836030947.5,1783556836201243.5
387.0,124.80640351434418,24288.0,113.04269009562789,-985.4177194877022,45.807894569674495,994.611315973358,0.1130426900956279,-0.9854177194877023,0.0458078945696745,0.9946113159733581,0.9940520007417036,0.9940520007417036,9.748320053073627,-0.0059479992582964145,-0.0583299469263725,1.1085700968262893,0.887501825,0.2210682718262892,0.2210682718262892,-9.663646678814075,-9.666352107976055,0.0027054291619800774,0.20103632500000046,0.4492219892816984,0.392266,0.05695598928169837,0.08335652499999996,0.1130426900956279,1.1085700968262893,0.2210682718262892,0.2210682718262892,-0.12984118664510924,9.748320053073627,0.9940520007417036,43.661384323157826,-79.39438048324568,107.4,15.181585164756958,-110.28319813396271,1.0,5.2463824554465655,387.0,5.2463824554465655,5.19168785797802,18.69007628872087,0.5973871929713116,5.2463824554465655,0.0,5.19168785797802,18.69007628872087,0.22952932044622668,0.11222876757777335,0.11222876757777335,0.0,0.0,0.0,0.0,3.0312979285563912,0.0005029871736294946,1.8107538250661805,18894.354353374445,5.248431764826234,0.09966226387378856,230149.11716262638,1783556836149117.2,1783556836397865.5
388.0,124.21653786105004,24288.0,109.11025240700027,-965.3622872757014,63.50386416849877,975.1457494146514,0.10911025240700027,-0.9653622872757014,0.06350386416849876,0.9751457494146514,0.9747257646933681,0.9747257646933681,9.558794420330218,-0.025274235306631865,-0.2478555796697814,1.0700060567671092,0.887501825,0.18250423176710923,0.18250423176710923,-9.466970074512258,-9.672136713984932,0.20516663947267533,0.20103632500000046,0.6227601695480085,0.392266,0.23049416954800844,0.08335652499999996,0.10911025240700027,1.0700060567671092,0.18250423176710923,0.18250423176710923,-0.19400764265040038,9.558794420330218,0.9747257646933681,43.661391401545664,-79.3943728149922,107.4,15.799123080103657,-109.50075314214895,1.0,5.193979537847457,388.0,5.193979537847457,5.2439654499409265,18.878275619787335,0.5985669242778999,5.193979537847457,0.0,5.2439654499409265,18.878275619787335,0.24139893493893966,0.1022850706232683,0.1022850706232683,0.0,0.0,0.0,0.0,3.0169712715691834,0.0005015982838271235,1.805753821777645,18894.707376529266,5.2485298268136855,0.10045310743710245,230267.28691516965,1783556836267287.0,1783556836594487.5
389.0,123.6266722077559,24288.0,105.17781471837266,-945.3068550637006,81.19983376732304,955.6801828559446,0.10517781471837266,-0.9453068550637006,0.08119983376732304,0.9556801828559447,0.9553995286450326,0.9553995286450326,9.36926878758681,-0.04460047135496732,-0.4373812124131902,1.0314420167079292,0.887501825,0.14394019170792924,0.14394019170792924,-9.270293470210438,-9.677921319993809,0.40762784978337063,0.20103632500000046,0.7962983498143186,0.392266,0.4040323498143185,0.08335652499999996,0.10517781471837266,1.0314420167079292,0.14394019170792924,0.14394019170792924,-0.2581740986556915,9.36926878758681,0.9553995286450326,43.6613984799335,-79.3943651467387,107.4,16.416660995450357,-108.71830815033519,1.0,5.141576620248348,389.0,5.141576620248348,5.296243041903834,19.066474950853802,0.5997466555844881,5.141576620248348,0.0,5.296243041903834,19.066474950853802,0.25326854943165267,0.09234137366876326,0.09234137366876326,0.0,0.0,0.0,0.0,3.002644614581975,0.0005002093940247525,1.8007538184891092,18895.060399684087,5.248627888801136,0.10124395100041635,230385.4566677129,1783556836385456.8,1783556836791109.2
390.0,123.03680655446176,24288.0,101.24537702974504,-925.2514228516998,98.89580336614732,936.214616297238,0.10124537702974504,-0.9252514228516997,0.09889580336614733,0.936214616297238,0.9360732925966972,0.9360732925966972,9.1797431548434,-0.06392670740330278,-0.6269068451565991,0.9928779766487492,0.887501825,0.10537615164874928,0.10537615164874928,-9.07361686590862,-9.683705926002688,0.6100890600940658,0.20103632500000046,0.9698365300806286,0.392266,0.5775705300806286,0.08335652499999996,0.10124537702974504,0.9928779766487492,0.10537615164874928,0.10537615164874928,-0.32234055466098266,9.1797431548434,0.9360732925966972,43.66140555832135,-79.3943574784852,107.4,17.034198910797056,-107.93586315852143,1.0,5.089173702649239,390.0,5.089173702649239,5.348520633866741,19.254674281920266,0.6009263868910765,5.089173702649239,0.0,5.348520633866741,19.254674281920266,0.2651381639243657,0.08239767671425821,0.08239767671425821,0.0,0.0,0.0,0.0,2.988317957594767,0.0004988205042223815,1.7957538152005736,18895.41342283891,5.248725950788586,0.10203479456373023,230503.62642025616,1783556836503626.5,1783556836987731.2
391.0,163.44494827870827,24288.0,58.299222812108965,-986.7380178971748,139.70693038153345,998.9860749274472,0.05829922281210896,-0.9867380178971749,0.13970693038153345,0.9989860749274473,0.9990061567905549,0.9990061567905549,9.796903727490095,-0.0009938432094450476,-0.009746272509904272,0.5717200733903683,0.8781969399144474,-0.30647686652407896,0.085789133475921,-9.676594383211329,-9.712376907966572,0.03578252475524299,0.1933050138141649,1.3700569688260649,0.39631029042379606,0.9737466784022687,0.10826852770991456,0.05829922281210896,0.5717200733903683,0.085789133475921,0.085789133475921,-0.028826663631005146,9.796903727490095,0.9990061567905549,43.66141300777188,-79.394350517811,107.4,17.594754223291194,-107.11240089669157,1.0,5.132484305548176,391.0,5.132484305548176,5.3200044212107205,19.152015916358593,0.5951751942969727,0.9376018009249942,0.0,5.3200044212107205,19.152015916358593,0.18752011566254512,0.07894072788219977,0.07894072788219977,0.0,0.0,0.0,0.0,3.969750903793267,0.0006562794485186238,2.362606014667046,18898.22339856639,5.249506499601776,0.10545280443083163,231210.41580099578,1783556837210415.8,1783556837175194.2
392.0,158.5867539825818,24288.0,57.551808305012585,-999.2572108910392,122.32954309154258,1009.6367316535707,0.05755180830501258,-0.9992572108910392,0.12232954309154256,1.0096367316535706,1.0095051606926935,1.0095051606926935,9.899863784107001,0.009505160692693384,0.09321378410700155,0.5643904409143516,0.8891913886284725,-0.3248009477141208,0.06746505228587915,-9.79936572718461,-9.705963479550057,-0.09340224763455213,0.18505917727864607,1.199643013758676,0.39539408636429396,0.8042489273943818,0.1348384454354752,0.05755180830501258,0.5643904409143516,0.06746505228587915,0.06746505228587915,-0.059571766298860615,9.899863784107001,1.0095051606926935,43.66142048191695,-79.39434360422682,107.4,18.151517294992814,-106.2862089005785,1.0,5.182164724823653,392.0,5.182164724823653,5.286111311987666,19.030000723155595,0.5953620479237468,1.9376018009249938,0.0,5.286111311987666,19.030000723155595,0.10394658716401256,0.07591547766707502,0.07591547766707502,0.0,0.0,0.0,0.0,3.851755080728947,0.0006369563718527061,2.2930429386697417,18898.60748404707,5.249613190013076,0.10475582232852874,231321.78056255312,1783556837321780.5,1783556837362048.0
393.0,153.7285596864553,24288.0,56.804393797916205,-1011.7764038849036,104.9521558015517,1020.2873883796941,0.0568043937979162,-1.0117764038849035,0.1049521558015517,1.0202873883796941,1.020004164594832,1.020004164594832,10.002823840723908,0.020004164594831814,0.19617384072390742,0.5570608084383349,0.9001858373424976,-0.34312502890416263,0.04914097109583728,-9.92213707115789,-9.699550051133542,-0.22258702002434727,0.17681334074312724,1.029229058691287,0.39447788230479186,0.634751176386495,0.16140836316103585,0.0568043937979162,0.5570608084383349,0.04914097109583728,0.04914097109583728,-0.09031686896671608,10.002823840723908,1.020004164594832,43.66142795606202,-79.39433669064263,107.4,18.70828036669444,-105.46001690446543,1.0,5.231845144099131,393.0,5.231845144099131,5.252218202764611,18.907985529952597,0.5955489015505209,2.9376018009249933,0.0,5.252218202764611,18.907985529952597,0.02037305866548003,0.07289022745195026,0.07289022745195026,0.0,0.0,0.0,0.0,3.7337592576646266,0.0006176332951867885,2.223479862672438,18898.991569527745,5.249719880424374,0.10405884022622586,231433.1453241105,1783556837433145.2,1783556837548901.5
394.0,148.87036539032883,24288.0,56.05697929081982,-1024.295596878768,87.57476851156082,1030.9380451058175,0.05605697929081982,-1.0242955968787681,0.08757476851156083,1.0309380451058177,1.0305031684969703,1.0305031684969703,10.105783897340812,0.030503168496970247,0.29913389734081325,0.5497311759623181,0.9111802860565227,-0.3614491100942045,0.030816889905795425,-10.04490841513117,-9.693136622717027,-0.35177179241414247,0.1685675042076084,0.8588151036238979,0.39356167824528976,0.46525342537860814,0.18797828088659652,0.05605697929081982,0.5497311759623181,0.030816889905795425,0.030816889905795425,-0.12106197163457155,10.105783897340812,1.0305031684969703,43.66143543020709,-79.39432977705843,107.4,19.26504343839606,-104.63382490835238,1.0,5.2815255633746085,394.0,5.2815255633746085,5.218325093541556,18.785970336749603,0.595735755177295,3.937601800924993,0.0,5.218325093541556,18.785970336749603,-0.0632004698330525,0.06986497723682548,0.06986497723682548,0.0,0.0,0.0,0.0,3.6157634346003062,0.0005983102185208707,2.1539167866751345,18899.37565500842,5.2498265708356735,0.10336185812392297,231544.51008566783,1783556837544510.0,1783556837735755.2
395.0,144.01217109420236,24288.0,55.30956478372344,-1036.8147898726324,70.19738122156994,1041.588701831941,0.05530956478372344,-1.0368147898726325,0.07019738122156996,1.041588701831941,1.0410021723991087,1.0410021723991087,10.208743953957718,0.04100217239910868,0.40209395395771913,0.5424015434863014,0.9221747347705478,-0.37977319128424636,0.012492808715753562,-10.16767975910445,-9.686723194300512,-0.48095656480393756,0.1603216676720896,0.6884011485565089,0.3926454741857877,0.29575567437072126,0.21454819861215718,0.05530956478372344,0.5424015434863014,0.012492808715753562,0.012492808715753562,-0.15180707430242701,10.208743953957718,1.0410021723991087,43.661442904352164,-79.39432286347424,107.4,19.821806510097684,-103.80763291223931,1.0,5.331205982650086,395.0,5.331205982650086,5.184431984318501,18.663955143546605,0.5959226088040691,4.937601800924993,0.0,5.184431984318501,18.663955143546605,-0.146773998331585,0.06683972702170073,0.06683972702170073,0.0,0.0,0.0,0.0,3.4977676115359864,0.000578987141854953,2.0843537106778305,18899.7597404891,5.249933261246972,0.1026648760216201,231655.8748472252,1783556837655874.8,1783556837922608.8
396.0,146.11330260852938,24288.0,78.24129044176608,-1076.290384367945,42.502733891760506,1081.3101078447096,0.07824129044176609,-1.0762903843679452,0.0425027338917605,1.0813101078447096,1.080916949032001,1.080916949032001,10.600174198224673,0.08091694903200106,0.7935241982246731,0.7672849509107453,0.985568325,-0.21828337408925466,-0.015096817466823498,-10.554803097861909,-9.649646889383293,-0.9051562084786167,0.15135080487032562,0.4168094353196331,0.36617940707780394,0.05063002824182919,0.08335652499999996,0.07824129044176609,0.7672849509107453,-0.015096817466823498,-0.015096817466823498,-0.033389219477167616,10.600174198224673,1.080916949032001,43.66145041880173,-79.39431603440869,107.41133026085295,20.371763147051496,-102.97698565678506,1.0,5.331230865099588,396.0,5.331230865099588,5.170394107174384,18.613418785827783,0.5954532104341175,0.5858191394677869,0.011330260852937249,5.170394107174384,18.613418785827783,-0.16083675792520422,0.04977388803922377,0.0665372701835049,0.21913727692857107,0.0,0.0,0.0,3.5487998937559615,0.0005869872361981396,2.1131540503133026,18902.271032404897,5.250630842334694,0.10762027138111076,232364.8682625091,1783556838364868.2,1783556838113302.5
397.0,146.30671146272337,24288.0,70.11811856561815,-1052.8879130104713,67.2590672285923,1059.6483161749818,0.07011811856561816,-1.0528879130104714,0.0672590672285923,1.059648316174982,1.0594135354601903,1.0594135354601903,10.389297747520674,0.059413535460190264,0.5826477475206748,0.6876238474315193,0.985568325,-0.29794447756848075,-0.049237290386491835,-10.325303252124138,-9.641111771153374,-0.684191480970763,0.1418673401704179,0.6595861316372746,0.37186948589774865,0.28771664573952604,0.08335652499999996,0.07011811856561816,0.6876238474315193,-0.049237290386491835,-0.049237290386491835,-0.09038500064522828,10.389297747520674,1.0594135354601903,43.66145796174705,-79.3943092650988,107.43067114627235,20.916907556457467,-102.14318848180187,1.0,5.296148712651842,397.0,5.296148712651842,5.170394107174384,18.613418785827783,0.5962268458508935,1.585819139467786,0.03067114627233599,5.170394107174384,18.613418785827783,-0.12575460547745798,0.022781191522996652,0.06815985953777794,0.5932071257349036,0.0,0.0,0.0,3.553497408006625,0.0005885308915755104,2.118711209671838,18902.68466262721,5.25074573961867,0.10920755322210508,232480.7201661713,1783556838480720.2,1783556838306711.5
398.0,146.5001203169174,24288.0,61.99494668947022,-1029.4854416529975,92.0154005654241,1037.986524505254,0.061994946689470226,-1.0294854416529975,0.09201540056542411,1.037986524505254,1.0379101218883795,1.0379101218883795,10.178421296816676,0.03791012188837948,0.37177129681667664,0.6079627439522931,0.985568325,-0.3776055810477069,-0.08337776330616016,-10.095803406386366,-9.632576652923458,-0.4632267534629092,0.13238387547051023,0.9023628279549163,0.37755956471769336,0.5248032632372228,0.08335652499999996,0.061994946689470226,0.6079627439522931,-0.08337776330616016,-0.08337776330616016,-0.14738078181328892,10.178421296816676,1.0379101218883795,43.66146550469236,-79.3943024957889,107.45001203169174,21.462051965863434,-101.3093913068187,1.0,5.261066560204096,398.0,5.261066560204096,5.170394107174384,18.613418785827783,0.5970004812676695,2.585819139467785,0.05001203169173474,5.170394107174384,18.613418785827783,-0.09067245302971176,-0.004211504993230461,0.06978244889205097,0.9672769745412362,0.0,0.0,0.0,3.558194922257289,0.0005900745469528814,2.124268369030373,18903.098292849525,5.2508606369026465,0.11079483506309941,232596.57206983352,1783556838596572.0,1783556838500120.2
399.0,146.69352917111138,24288.0,53.87177481332228,-1006.0829702955238,116.7717339022559,1016.3247328355261,0.05387177481332229,-1.0060829702955236,0.1167717339022559,1.016324732835526,1.0164067083165687,1.0164067083165687,9.967544846112677,0.016406708316568694,0.16089484611267846,0.5283016404730669,0.985568325,-0.45726668452693303,-0.11751823622582849,-9.866303560648596,-9.624041534693541,-0.24226202595505553,0.12290041077060254,1.1451395242725577,0.3832496435376381,0.7618898807349197,0.08335652499999996,0.05387177481332229,0.5283016404730669,-0.11751823622582849,-0.11751823622582849,-0.2043765629813496,9.967544846112677,1.0164067083165687,43.66147304763767,-79.394295726479,107.46935291711114,22.0071963752694,-100.4755941318355,1.0,5.225984407756349,399.0,5.225984407756349,5.170394107174384,18.613418785827783,0.5977741166844455,3.5858191394677843,0.06935291711113348,5.170394107174384,18.613418785827783,-0.05559030058196554,-0.031204201509457588,0.071405038246324,1.3413468233475687,0.0,0.0,0.0,3.5628924365079526,0.0005916182023302523,2.1298255283889085,18903.511923071837,5.250975534186622,0.11238211690409372,232712.42397349572,1783556838712424.0,1783556838693529.2
400.0,146.88693802530537,24288.0,45.74860293717435,-982.6804989380499,141.5280672390877,994.6629411657982,0.04574860293717435,-0.9826804989380499,0.1415280672390877,0.9946629411657982,0.9949032947447579,0.9949032947447579,9.75666839540868,-0.005096705255242098,-0.04998160459131984,0.44864053699384077,0.985568325,-0.5369277880061591,-0.15165870914549684,-9.636803714910826,-9.615506416463624,-0.02129729844720174,0.11341694607069486,1.3879162205901996,0.3889397223575828,0.9989764982326166,0.08335652499999996,0.04574860293717435,0.44864053699384077,-0.15165870914549684,-0.15165870914549684,-0.26137234414941024,9.75666839540868,0.9949032947447579,43.66148059058298,-79.39428895716911,107.48869380253053,22.55234078467537,-99.64179695685233,1.0,5.190902255308603,400.0,5.190902255308603,5.170394107174384,18.613418785827783,0.5985477521012215,4.585819139467783,0.08869380253053222,5.170394107174384,18.613418785827783,-0.020508148134219306,-0.0581968980256847,0.07302762760059703,1.7154166721539013,0.0,0.0,0.0,3.5675899507586166,0.0005931618577076233,2.1353826877474438,18903.92555329415,5.251090431470598,0.11396939874508805,232828.27587715792,1783556838828276.0,1783556838886938.0
401.0,161.40613387427385,24288.0,99.76672855262387,-1046.8187729385647,50.98513017544544,1052.8187729385647,0.09976672855262388,-1.046818772938565,0.05098513017544544,1.052818772938565,1.0528423091860668,1.0528423091860668,10.324856031379541,0.05284230918606676,0.5182060313795416,0.978377388560589,0.9945638301318737,-0.016186441571284772,-0.17810553394501072,-10.265785319637976,-9.607272420527492,-0.6585128991104835,0.009806649999999806,0.499993326835032,0.4008194769065685,0.09917384992846347,0.0951181255878318,0.09976672855262388,0.978377388560589,-0.17810553394501072,-0.17810553394501072,-0.010887850578876965,10.324856031379541,1.0528423091860668,43.66148830855029,-79.39428260130103,107.5,23.064189998490033,-98.78865285090363,1.0,5.158156416088736,401.0,5.158156416088736,5.158156416088736,18.56936309791945,0.5950827137573103,0.4154250322933997,0.0,5.158156416088736,18.56936309791945,-0.012237691085648093,-0.08118197611181022,0.08118197611181022,0.0,0.0,0.0,0.0,3.9202321795383637,0.0006480260364674646,2.3328937312828724,18906.6914971047,5.251858749195751,0.12941136082531712,233540.2973993569,1783556839540297.5,1783556839082713.8
402.0,164.79094163732833,24288.0,94.39085739953737,-1024.7179693092091,55.763682311522345,1030.7179693092091,0.09439085739953736,-1.0247179693092092,0.055763682311522345,1.0307179693092092,1.0306882316353116,1.0306882316353116,10.10759874676643,0.03068823163531168,0.3009487467664293,0.925658101717173,0.9926112639524879,-0.06695316223531488,-0.1937260633800969,-10.049050473726155,-9.599462155809949,-0.4495883179162055,0.009806649999999806,0.5468549151402906,0.4096060247138045,0.13724889042648605,0.12343033518892552,0.09439085739953736,0.925658101717173,-0.1937260633800969,-0.1937260633800969,-0.03709679258405514,10.10759874676643,1.0306882316353116,43.66149627280385,-79.3942768272172,107.5,23.529187105728166,-97.90828426240039,1.0,5.128698174205504,402.0,5.128698174205504,5.128698174205504,18.463313427139816,0.5952818200963134,1.4154250322934014,0.0,5.128698174205504,18.463313427139816,-0.04169593296887932,-0.09852764098919475,0.09852764098919475,0.0,0.0,0.0,0.0,4.00244239048743,0.0006618513222695528,2.3826647601703903,18907.2016453149,5.252000457031919,0.13208043627204666,233658.9647774028,1783556839658964.8,1783556839281820.0
403.0,168.1757494003828,24288.0,89.01498624645085,-1002.6171656798534,60.54223444759925,1008.6171656798534,0.08901498624645084,-1.0026171656798535,0.06054223444759925,1.0086171656798535,1.0085341540845567,1.0085341540845567,9.890341462153316,0.0085341540845566,0.08369146215331702,0.8729388148737571,0.9906586977731021,-0.11771988289934499,-0.20934659281518309,-9.832315627814335,-9.591651891092408,-0.24066373672192765,0.009806649999999806,0.5937165034455492,0.41839257252104045,0.17532393092450865,0.15174254479001925,0.08901498624645084,0.8729388148737571,-0.20934659281518309,-0.20934659281518309,-0.06330573458923332,9.890341462153316,1.0085341540845567,43.661504237057414,-79.39427105313338,107.5,23.994184212966296,-97.02791567389716,1.0,5.0992399323222735,403.0,5.0992399323222735,5.0992399323222735,18.357263756360187,0.5954809264353166,2.4154250322934034,0.0,5.0992399323222735,18.357263756360187,-0.07115417485211055,-0.11587330586657928,0.11587330586657928,0.0,0.0,0.0,0.0,4.084652601436497,0.000675676608071641,2.432435789057908,18907.711793525104,5.2521421648680855,0.1347495117187762,233777.63215544872,1783556839777632.2,1783556839480926.5
404.0,171.56055716343727,24288.0,83.63911509336432,-980.5163620504978,65.32078658367615,986.5163620504978,0.08363911509336433,-0.9805163620504977,0.06532078658367615,0.9865163620504978,0.9863800765338016,0.9863800765338016,9.673084177540204,-0.013619923466198489,-0.1335658224597953,0.8202195280303413,0.9887061315937163,-0.1684866035633751,-0.2249671222502693,-9.615580781902514,-9.583841626374864,-0.03173915552764972,0.009806649999999806,0.6405780917508077,0.42717912032827643,0.21339897142253125,0.18005475439111296,0.08363911509336433,0.8202195280303413,-0.2249671222502693,-0.2249671222502693,-0.0895146765944115,9.673084177540204,0.9863800765338016,43.66151220131097,-79.39426527904955,107.5,24.459181320204426,-96.14754708539391,1.0,5.069781690439042,404.0,5.069781690439042,5.069781690439042,18.251214085580553,0.5956800327743198,3.415425032293405,0.0,5.069781690439042,18.251214085580553,-0.10061241673534178,-0.13321897074396383,0.13321897074396383,0.0,0.0,0.0,0.0,4.166862812385564,0.0006895018938737292,2.4822068179454253,18908.221941735308,5.252283872704253,0.13741858716550573,233896.29953349463,1783556839896299.5,1783556839680032.8
405.0,174.94536492649175,24288.0,78.26324394027782,-958.4155584211421,70.09933871975306,964.4155584211421,0.07826324394027781,-0.9584155584211421,0.07009933871975305,0.9644155584211421,0.9642259989830464,0.9642259989830464,9.455826892927092,-0.03577400101695356,-0.35082310707290754,0.7675002411869254,0.9867535654143306,-0.2192533242274052,-0.24058765168535548,-9.398845935990693,-9.576031361657321,0.1771854256666282,0.009806649999999806,0.6874396800560663,0.4359656681355124,0.25147401192055385,0.2083669639922067,0.07826324394027781,0.7675002411869254,-0.24058765168535548,-0.24058765168535548,-0.11572361859958967,9.455826892927092,0.9642259989830464,43.66152016556453,-79.39425950496572,107.5,24.924178427442556,-95.26717849689066,1.0,5.040323448555811,405.0,5.040323448555811,5.040323448555811,18.14516441480092,0.595879139113323,4.415425032293407,0.0,5.040323448555811,18.14516441480092,-0.130070658618573,-0.15056463562134836,0.15056463562134836,0.0,0.0,0.0,0.0,4.249073023334631,0.0007033271796758174,2.531977846832943,18908.732089945508,5.252425580540421,0.14008766261223526,234014.96691154054,1783556840014967.0,1783556839879139.0
406.0,177.60529940853934,24288.0,79.15062451569824,-929.2622153779776,68.76290414022472,935.6081007542857,0.07915062451569824,-0.9292622153779775,0.0687629041402247,0.9356081007542857,0.9354246847971853,0.9354246847971853,9.173382485166318,-0.06457531520281466,-0.6332675148336824,0.7762024719068721,0.985568325,-0.2093658530931279,-0.25006957500000004,-9.112949304436443,-9.567898423174427,0.4549491187379836,-0.01224119936622263,0.6743337338867346,0.44469122682557266,0.22964250706116196,0.22088898186483755,0.07915062451569824,0.7762024719068721,-0.25006957500000004,-0.25006957500000004,-0.12025041333700444,9.173382485166318,0.9354246847971853,43.66152819943973,-79.39425392468775,107.50864713440771,25.37356800856911,-94.37911393247391,1.0,4.981127739148686,406.0,4.981127739148686,4.981127739148686,17.932059860935272,0.596086471344077,4.981127739148686,0.008647134407704175,4.981127739148686,17.932059860935272,-0.17647273331500804,-0.16175017849850845,0.16175017849850845,0.1902700360993798,0.0,0.0,0.0,4.3136775120346025,0.0007142606213659813,2.571338236917533,18909.272462991714,5.252575684164366,0.14263153341100215,234138.623392414,1783556840138623.5,1783556840086471.2
407.0,179.14556718963107,24288.0,89.71246072889875,-889.2152530695922,57.98102967258252,896.4412914636671,0.08971246072889875,-0.8892152530695921,0.05798102967258252,0.8964412914636671,0.8963557973558118,0.8963557973558118,8.790247580139372,-0.10364420264418815,-1.0164024198606276,0.879778703007055,0.985568325,-0.10578962199294509,-0.25006957500000004,-8.720222761514917,-9.559267070582745,0.8390443090678285,-0.06834499121215507,0.5685996646386313,0.45332257941725457,0.11527708522137675,0.20902087205127495,0.08971246072889875,0.879778703007055,-0.25006957500000004,-0.25006957500000004,-0.09128614289511885,8.790247580139372,0.8963557973558118,43.66153634085514,-79.39424864376963,107.53065095985187,25.798849614233852,-93.47916187242514,1.0,4.875998412060125,407.0,4.875998412060125,4.875998412060125,17.55359428341645,0.5963065095985187,4.875998412060125,0.030650959851870666,4.875998412060125,17.55359428341645,-0.24904689337394192,-0.163420563818894,0.163420563818894,0.6744383702767568,0.0,0.0,0.0,4.351087535901759,0.0007207272112058755,2.594617960341152,18909.859522463394,5.252738756239832,0.14498200837245256,234269.98623031567,1783556840269986.2,1783556840306509.5
408.0,180.68583497072282,24288.0,100.27429694209927,-849.1682907612069,47.199155204940325,857.2744821730486,0.10027429694209927,-0.8491682907612069,0.04719915520494033,0.8572744821730486,0.8572869099144383,0.8572869099144383,8.407112675112426,-0.14271309008556166,-1.399537324887573,0.9833549341072377,0.985568325,-0.0022133908927622903,-0.25006957500000004,-8.327496218593389,-9.550635717991062,1.2231394993976732,-0.12444878305808749,0.462865595390528,0.4619539320089365,0.0009116633815915431,0.19715276223771233,0.10027429694209927,0.9833549341072377,-0.25006957500000004,-0.25006957500000004,-0.062321872453233285,8.407112675112426,0.8572869099144383,43.66154448227056,-79.39424336285153,107.55265478529604,26.224131219898595,-92.57920981237638,1.0,4.770869084971563,408.0,4.770869084971563,4.770869084971563,17.17512870589763,0.5965265478529603,4.770869084971563,0.052654785296037156,4.770869084971563,17.17512870589763,-0.32162105343287584,-0.16509094913927955,0.16509094913927955,1.1586067044541337,0.0,0.0,0.0,4.388497559768916,0.0007271938010457698,2.6178976837647707,18910.446581935073,5.2529018283152995,0.14733248333390295,234401.34906821736,1783556840401349.0,1783556840526547.8
409.0,182.22610275181455,24288.0,110.83613315529979,-809.1213284528217,36.417280737298135,818.1076728824299,0.11083613315529978,-0.8091213284528216,0.036417280737298136,0.8181076728824299,0.8182180224730649,0.8182180224730649,8.02397777008548,-0.18178197752693515,-1.7826722299145183,1.0869311652074205,0.985568325,0.10136284020742053,-0.25006957500000004,-7.934769675671863,-9.54200436539938,1.607234689727518,-0.1805525749040199,0.35713152614242477,0.4705852846006184,-0.11345375845819361,0.18528465242414974,0.11083613315529978,1.0869311652074205,-0.25006957500000004,-0.25006957500000004,-0.0333576020113477,8.02397777008548,0.8182180224730649,43.66155262368598,-79.39423808193342,107.5746586107402,26.64941282556334,-91.6792577523276,1.0,4.665739757883003,409.0,4.665739757883003,4.665739757883003,16.79666312837881,0.596746586107402,4.665739757883003,0.07465861074020365,4.665739757883003,16.79666312837881,-0.39419521349180975,-0.1667613344596651,0.1667613344596651,1.6427750386315108,0.0,0.0,0.0,4.4259075836360715,0.0007336603908856639,2.64117740718839,18911.033641406753,5.253064900390766,0.14968295829535336,234532.71190611905,1783556840532712.0,1783556840746586.0
410.0,183.7663705329063,24288.0,121.3979693685003,-769.0743661444363,25.635406269655945,778.9408635918114,0.1213979693685003,-0.7690743661444364,0.025635406269655943,0.7789408635918114,0.7791491350316914,0.7791491350316914,7.640842865058536,-0.22085086496830864,-2.165807134941464,1.1905073963076034,0.985568325,0.20493907130760336,-0.25006957500000004,-7.5420431327503366,-9.533373012807699,1.9913298800573629,-0.23665636674995236,0.25139745689432147,0.4792166371923003,-0.22781918029797882,0.17341654261058714,0.1213979693685003,1.1905073963076034,-0.25006957500000004,-0.25006957500000004,-0.004393331569462117,7.640842865058536,0.7791491350316914,43.66156076510139,-79.39423280101532,107.59666243618437,27.07469443122808,-90.77930569227884,1.0,4.5606104307944415,410.0,4.5606104307944415,4.5606104307944415,16.41819755085999,0.5969666243618438,4.5606104307944415,0.09666243618437013,4.5606104307944415,16.41819755085999,-0.4667693735507436,-0.16843171978005061,0.16843171978005061,2.1269433728088876,0.0,0.0,0.0,4.463317607503228,0.0007401269807255581,2.664457130612009,18911.62070087843,5.253227972466232,0.15203343325680377,234664.07474402073,1783556840664074.8,1783556840966624.2
411.0,172.7862375614622,24288.0,81.9018843654282,-963.7935634219328,102.89900491697537,973.5798009833951,0.0819018843654282,-0.9637935634219329,0.10289900491697537,0.973579800983395,0.9734986638297892,0.9734986638297892,9.546760671646402,-0.026501336170210756,-0.2598893283535973,0.8031831143122263,0.985568325,-0.18238521068777364,-0.25006957500000004,-9.451586148731698,-9.492837199999999,0.041251051268301475,-0.2189625822764155,1.0090945265690563,0.48052585,0.5285686765690563,0.17161637500000004,0.0819018843654282,0.8031831143122263,-0.25006957500000004,-0.25006957500000004,0.0,9.546760671646402,0.9734986638297892,43.661569267922914,-79.39422879356343,107.6,27.39742156735666,-89.83940380122088,1.0,4.421504707062191,411.0,4.421504707062191,4.421504707062191,15.917416945423888,0.5989311878073109,0.8483189287202343,0.0,4.421504707062191,15.917416945423888,-0.49880621121604396,-0.1686850856148967,0.1686850856148967,0.0,0.0,0.0,0.0,4.196632137892793,0.000698198411478744,2.5135142813234785,18914.762176256052,5.254100604515572,0.1654044288764713,235411.18865093,1783556841411188.8,1783556841213762.5
412.0,172.53425398394108,24288.0,94.75304681900532,-960.013809759116,82.74031871528578,969.5480637430571,0.09475304681900532,-0.9600138097591161,0.08274031871528578,0.9695480637430571,0.9693706786791028,0.9693706786791028,9.506278966068422,-0.03062932132089728,-0.30037103393157727,0.9292099665875984,0.985568325,-0.05635835841240169,-0.25006957500000004,-9.414519427474236,-9.492837199999999,0.07831777252576352,-0.18807364789519682,0.8114053465292572,0.48052585,0.3308794965292572,0.17161637500000004,0.09475304681900532,0.9292099665875984,-0.25006957500000004,-0.25006957500000004,0.0,9.506278966068422,0.9693706786791028,43.66157783536455,-79.39422501380976,107.6,27.701811765245225,-88.89235880282466,1.0,4.276323937652348,412.0,4.276323937652348,4.276323937652348,15.394766175548455,0.5976712699197053,1.8483189287202366,0.0,4.276323937652348,15.394766175548455,-0.5235948969430684,-0.1686850856148967,0.1686850856148967,0.0,0.0,0.0,0.0,4.1905119607619605,0.0006957163396423507,2.504578822712462,18915.388515183622,5.2542745875510075,0.1681538116037288,235561.11887955506,1783556841561119.0,1783556841465746.0
413.0,172.28227040641994,24288.0,107.60420927258242,-956.2340560962992,62.5816325135962,965.5163265027193,0.10760420927258242,-0.9562340560962993,0.0625816325135962,0.9655163265027192,0.9652426935284162,0.9652426935284162,9.465797260490442,-0.0347573064715838,-0.3408527395095573,1.0552368188629704,0.985568325,0.0696684938629703,-0.25006957500000004,-9.377452706216772,-9.492837199999999,0.11538449378322559,-0.15718471351397814,0.6137161664894581,0.48052585,0.13319031648945812,0.17161637500000004,0.10760420927258242,1.0552368188629704,-0.25006957500000004,-0.25006957500000004,0.0,9.465797260490442,0.9652426935284162,43.661586402806186,-79.39422123405609,107.6,28.006201963133794,-87.94531380442845,1.0,4.131143168242506,413.0,4.131143168242506,4.131143168242506,14.872115405673021,0.5964113520320997,2.8483189287202393,0.0,4.131143168242506,14.872115405673021,-0.5483835826700928,-0.1686850856148967,0.1686850856148967,0.0,0.0,0.0,0.0,4.184391783631128,0.0006932342678059572,2.495643364101446,18916.014854111192,5.254448570586444,0.17090319433098633,235711.04910818013,1783556841711049.0,1783556841717729.5
414.0,172.03028682889882,24288.0,120.45537172615954,-952.4543024334824,42.422946311906614,961.4845892623813,0.12045537172615953,-0.9524543024334824,0.04242294631190663,0.9614845892623813,0.9611147083777297,0.9611147083777297,9.425315554912462,-0.03888529162227032,-0.3813344450875372,1.1812636711383422,0.985568325,0.19569534613834227,-0.25006957500000004,-9.34038598495931,-9.492837199999999,0.15245121504068765,-0.12629577913275947,0.41602698644965896,0.48052585,-0.06449886355034107,0.17161637500000004,0.12045537172615953,1.1812636711383422,-0.25006957500000004,-0.25006957500000004,0.0,9.425315554912462,0.9611147083777297,43.66159497024782,-79.39421745430244,107.6,28.31059216102236,-86.99826880603223,1.0,3.9859623988326636,414.0,3.9859623988326636,3.9859623988326636,14.349464635797588,0.5951514341444941,3.8483189287202415,0.0,3.9859623988326636,14.349464635797588,-0.5731722683971172,-0.1686850856148967,0.1686850856148967,0.0,0.0,0.0,0.0,4.178271606500295,0.0006907521959695639,2.48670790549043,18916.641193038762,5.254622553621879,0.17365257705824383,235860.9793368052,1783556841860979.2,1783556841969713.2
415.0,163.55064896025627,24288.0,79.04320994999946,-1037.2885410371769,23.464703764104453,1041.9841725717922,0.07904320994999947,-1.0372885410371768,0.02346470376410445,1.0419841725717922,1.0421475101735882,1.0421475101735882,10.219975880643819,0.04214751017358825,0.41332588064381914,0.7751490948561622,0.995374975,-0.22022588014383782,-0.2802004216814194,-10.172325670962229,-9.490563261670353,-0.6817624092918759,-0.1510073541205651,0.23011013716825496,0.465815875,-0.23570573783174503,0.25070984753872555,0.07904320994999947,0.7751490948561622,-0.2802004216814194,-0.2802004216814194,-0.035464000042056354,10.219975880643819,1.0421475101735882,43.66160365194688,-79.39421421747386,107.62318771782051,28.57125964812254,-86.03859379170595,1.0,3.928111427556083,415.0,3.928111427556083,3.928111427556083,14.141201139201899,0.5944637543564102,0.8798063381876781,0.02318771782051341,3.928111427556083,14.141201139201899,-0.4829564412469236,-0.16563788567383386,0.16563788567383386,0.6111234193098241,0.0,0.0,0.0,3.972318161946704,0.0006559706496431674,2.361494338715403,18919.61656405468,5.255449045570747,0.17448283981637625,236611.19879821024,1783556842611198.8,1783556842231877.2
416.0,166.4497516940583,24288.0,89.3218469152976,-1087.6275066877395,-12.378748217448049,1093.1138026043009,0.0893218469152976,-1.0876275066877394,-0.012378748217448048,1.093113802604301,1.093482742742056,1.093482742742056,10.723402539111383,0.09348274274205601,0.9167525391113834,0.8759480900519032,0.995374975,-0.11942688494809683,-0.2698620631998049,-10.66598228845932,-9.48797867204995,-1.1780036164093701,-0.18331472437561036,-0.12139405120663671,0.465815875,-0.5872099262066367,0.2235716565244876,0.0893218469152976,0.8759480900519032,-0.2698620631998049,-0.2698620631998049,-0.0007131170705028805,10.723402539111383,1.093482742742056,43.66161234925508,-79.39421105481634,107.6495431972187,28.825954010813494,-85.07719334327277,1.0,3.8821909093432865,416.0,3.8821909093432865,3.8821909093432865,13.97588727363583,0.5949908639443742,1.879806338187679,0.04954319721871602,3.8821909093432865,13.97588727363583,-0.37702941388404554,-0.16217439625712907,0.16217439625712907,1.3057347136188464,0.0,0.0,0.0,4.042731569145288,0.0006682005338530629,2.4055219218710264,18920.27276580002,5.255631323833341,0.1750509243580827,236768.27745542352,1783556842768277.5,1783556842495432.0
417.0,169.34885442786035,24288.0,99.60048388059575,-1137.9664723383023,-48.22220019900054,1144.2434326368095,0.09960048388059575,-1.1379664723383023,-0.04822220019900054,1.1442434326368096,1.1448179753105237,1.1448179753105237,11.226829197578947,0.14481797531052376,1.4201791975789477,0.9767470852476442,0.995374975,-0.018627889752355853,-0.2595237047181904,-11.159638905956411,-9.485394082429547,-1.6742448235268645,-0.21562209463065563,-0.47289823958152843,0.465815875,-0.9387141145815284,0.19643346551024965,0.09960048388059575,0.9767470852476442,-0.2595237047181904,-0.2595237047181904,0.03403776590105059,11.226829197578947,1.1448179753105237,43.66162104656328,-79.3942078921588,107.67589867661691,29.08064837350445,-84.11579289483959,1.0,3.8362703911304896,417.0,3.8362703911304896,3.8362703911304896,13.810573408069763,0.5955179735323383,2.87980633818768,0.07589867661691864,3.8362703911304896,13.810573408069763,-0.2711023865211676,-0.15871090684042424,0.15871090684042424,2.000346007927869,0.0,0.0,0.0,4.113144976343872,0.0006804304180629584,2.44954950502665,18920.92896754536,5.255813602095936,0.17561900889978915,236925.3561126368,1783556842925356.0,1783556842758986.8
418.0,171.67024012970137,24288.0,106.73878946080943,-1179.6424588567681,-75.06432233462476,1186.8308930683675,0.10673878946080943,-1.1796424588567682,-0.07506432233462476,1.1868308930683675,1.1875663726071846,1.1875663726071846,11.646047767928247,0.1875663726071846,1.8393977679282467,1.0467499496658468,0.995374975,0.051374974665846715,-0.25006957500000004,-11.568340719147725,-9.48245307863713,-2.085887640510595,-0.2422788931856576,-0.7361295366228479,0.465815875,-1.2019454116228478,0.17404175472404804,0.10673878946080943,1.0467499496658468,-0.25006957500000004,-0.25006957500000004,0.06426618426075568,11.646047767928247,1.1875663726071846,43.66162975373685,-79.3942047880115,107.70235542764499,29.330630804370358,-83.15330192933168,1.0,3.790434879243511,418.0,3.790434879243511,3.790434879243511,13.645565565276641,0.5960942171057996,3.790434879243511,0.1000000000000082,3.790434879243511,13.645565565276641,-0.17397372758090296,-0.15554364597581616,0.15554364597581616,2.638336914147979,0.0,0.0,0.0,4.169526792270187,0.0006903887574203905,2.485399526713406,18921.583278834056,5.2559953552316845,0.176210814541851,237083.13256586995,1783556843083132.5,1783556843023554.2
419.0,167.81470421748335,24288.0,80.30082891988592,-1128.6943057310302,-5.66467591470051,1138.0859033210397,0.08030082891988591,-1.1286943057310301,-0.005664675914700518,1.1380859033210398,1.1385047566059008,1.1385047566059008,11.164917671369256,0.13850475660590073,1.3582676713692563,0.7874821239271992,0.995374975,-0.20789285107280092,-0.25006957500000004,-11.068710013297206,-9.475701312341853,-1.5930087009553533,-0.20852006170927112,-0.0555514940588977,0.465815875,-0.5213673690588977,0.2023991731642126,0.08030082891988591,0.7874821239271992,-0.25006957500000004,-0.25006957500000004,0.046140637159340116,11.164917671369256,1.1385047566059008,43.66163856639036,-79.39420230945271,107.72989496987512,29.530233495806886,-82.17915120979762,1.0,3.7455082507410102,419.0,3.7455082507410102,3.7455082507410102,13.483829702667638,0.5971957987950047,3.7455082507410102,0.10000000000000428,3.7455082507410102,13.483829702667638,-0.17091678380821854,-0.15554364597581616,0.15554364597581616,2.6709454625108884,0.0,0.0,0.0,4.075883536034236,0.0006760598528153974,2.4338154701354306,18922.217377454854,5.256171493737462,0.17705624500261888,237248.3698192507,1783556843248369.8,1783556843298949.8
420.0,163.95916830526534,24288.0,53.86286837896239,-1077.746152605292,63.73497050522374,1089.340913573712,0.053862868378962384,-1.077746152605292,0.06373497050522371,1.089340913573712,1.0894431406046168,1.0894431406046168,10.683787574810266,0.08944314060461686,0.8771375748102659,0.5282142981885515,0.995374975,-0.46716067681144857,-0.25006957500000004,-10.569079307446687,-9.468949546046575,-1.100129761400112,-0.17476123023288465,0.6250265485050525,0.465815875,0.15921067350505247,0.23075659160437717,0.053862868378962384,0.5282142981885515,-0.25006957500000004,-0.25006957500000004,0.02801509005792454,10.683787574810266,1.0894431406046168,43.66164737904388,-79.39419983089391,107.75743451210525,29.72983618724341,-81.20500049026356,1.0,3.7005816222385093,420.0,3.7005816222385093,3.7005816222385093,13.322093840058635,0.5982973804842099,3.7005816222385093,0.10000000000000037,3.7005816222385093,13.322093840058635,-0.1678598400355341,-0.15554364597581616,0.15554364597581616,2.7035540108737974,0.0,0.0,0.0,3.982240279798285,0.0006617309482104042,2.382231413557455,18922.85147607565,5.256347632243238,0.17790167546338675,237413.60707263148,1783556843413607.0,1783556843574345.0
421.0,160.10363239304735,24288.0,27.424907838038862,-1026.7979994795542,133.13461692514798,1040.5959238263843,0.02742490783803886,-1.026797999479554,0.13313461692514794,1.0405959238263842,1.040381524603333,1.040381524603333,10.202657478251275,0.040381524603333,0.3960074782512757,0.2689464724499038,0.995374975,-0.7264285025500963,-0.25006957500000004,-10.069448601596168,-9.462197779751298,-0.6072508218448704,-0.14100239875649817,1.3056045910690028,0.465815875,0.8397887160690027,0.2591140100445417,0.02742490783803886,0.2689464724499038,-0.25006957500000004,-0.25006957500000004,0.009889542956508963,10.202657478251275,1.040381524603333,43.66165619169739,-79.3941973523351,107.78497405433538,29.929438878679935,-80.23084977072949,1.0,3.6556549937360083,421.0,3.6556549937360083,3.6556549937360083,13.16035797744963,0.599398962173415,3.6556549937360083,0.09999999999999645,3.6556549937360083,13.16035797744963,-0.16480289626284966,-0.15554364597581616,0.15554364597581616,2.7361625592367065,0.0,0.0,0.0,3.8885970235623337,0.0006474020436054111,2.3306473569794797,18923.48557469645,5.256523770749015,0.17874710592415463,237578.84432601224,1783556843578844.2,1783556843849740.5
422.0,165.520379503102,24288.0,144.6002277951236,-1004.8369639751841,66.95142313663249,1017.6661100932046,0.1446002277951236,-1.004836963975184,0.06695142313663249,1.0176661100932045,1.0179565968993411,1.0179565968993411,9.982744060982922,0.017956596899341117,0.17609406098292357,1.418043823907049,0.995374975,0.42266884890704887,-0.28929617500000016,-9.854084412767236,-9.458513924999998,-0.39557048776723797,-0.24516625000000047,0.656569173702857,0.465815875,0.19075329870285698,0.17161637500000004,0.1446002277951236,1.418043823907049,-0.28929617500000016,-0.28929617500000016,-0.057254060983061926,9.982744060982922,1.0179565968993411,43.66166503294115,-79.39419508933587,107.8,30.111682180205385,-79.25353868523622,1.0,3.613135910410896,422.0,3.613135910410896,3.6235467067928693,13.04476814445433,0.5958699051242244,0.4543865130704639,0.0,3.6235467067928693,13.04476814445433,-0.14950767321671343,-0.1497175838323127,0.1497175838323127,0.0,0.0,0.0,0.0,4.0201589773713415,0.0006654113204776057,2.3954807537193803,18926.537757468395,5.2573715992967776,0.1828857832635064,238342.40645108643,1783556844342406.5,1783556844130095.0
423.0,166.66561486580147,24288.0,115.11041720561226,-995.6750810735883,71.24605574675549,1005.927447625535,0.11511041720561227,-0.9956750810735883,0.0712460557467555,1.0059274476255349,1.0060603170874316,1.0060603170874316,9.86608140856546,0.006060317087431655,0.05943140856546161,1.1288475728894176,0.995374975,0.13347259788941757,-0.28929617500000016,-9.764237033810302,-9.458513924999998,-0.30572310881030423,-0.24516625000000047,0.6986851325889198,0.465815875,0.2328692575889198,0.17161637500000004,0.11511041720561227,1.1288475728894176,-0.28929617500000016,-0.28929617500000016,-0.03841023150383914,9.86608140856546,1.0060603170874316,43.66167390851521,-79.39419308517398,107.8,30.273080854991473,-78.27243272854543,1.0,3.5735077340149948,423.0,3.5735077340149948,3.606830294022221,12.984589058479997,0.5955835962835496,1.4543865130704718,0.0,3.606830294022221,12.984589058479997,-0.11951709712569022,-0.13689576369479464,0.13689576369479464,0.0,0.0,0.0,0.0,4.047974453860586,0.0006696898816181388,2.4108835738252994,18927.237003777987,5.257565834382776,0.18422279625036997,238512.76021128797,1783556844512760.2,1783556844416403.8
424.0,167.81085022850093,24288.0,85.62060661610094,-986.5131981719925,75.5406883568785,994.1887851578654,0.08562060661610094,-0.9865131981719925,0.07554068835687851,0.9941887851578654,0.9941640372755222,0.9941640372755222,9.749418756148,-0.005835962724477811,-0.05723124385200029,0.8396513218717863,0.995374975,-0.1557236531282138,-0.28929617500000016,-9.67438965485337,-9.458513924999998,-0.21587572985337047,-0.24516625000000047,0.7408010914749826,0.465815875,0.27498521647498264,0.17161637500000004,0.08562060661610094,0.8396513218717863,-0.28929617500000016,-0.28929617500000016,-0.019566402024616347,9.749418756148,0.9941640372755222,43.66168278408927,-79.3941910810121,107.8,30.434479529777562,-77.29132677185464,1.0,3.5338795576190933,424.0,3.5338795576190933,3.590113881251573,12.924409972505662,0.5952972874428747,2.45438651307048,0.0,3.590113881251573,12.924409972505662,-0.08952652103466702,-0.12407394355727656,0.12407394355727656,0.0,0.0,0.0,0.0,4.07578993034983,0.0006739684427586719,2.426286393931219,18927.936250087583,5.257760069468774,0.1855598092372335,238683.1139714895,1783556844683114.0,1783556844702712.5
425.0,168.9560855912004,24288.0,56.13079602658961,-977.3513152703968,79.83532096700151,982.4501226901958,0.0561307960265896,-0.9773513152703968,0.07983532096700152,0.9824501226901958,0.9822677574636127,0.9822677574636127,9.632756103730538,-0.017732242536387277,-0.17389389626946222,0.550455070854155,0.995374975,-0.44491990414584504,-0.28929617500000016,-9.584542275896435,-9.458513924999998,-0.1260283508964367,-0.24516625000000047,0.7829170503610454,0.465815875,0.31710117536104543,0.17161637500000004,0.0561307960265896,0.550455070854155,-0.28929617500000016,-0.28929617500000016,-0.0007225725453935544,9.632756103730538,0.9822677574636127,43.66169165966333,-79.39418907685021,107.8,30.59587820456365,-76.31022081516386,1.0,3.494251381223192,425.0,3.494251381223192,3.5733974684809247,12.86423088653133,0.5950109786021999,3.454386513070488,0.0,3.5733974684809247,12.86423088653133,-0.05953594494364381,-0.11125212341975849,0.11125212341975849,0.0,0.0,0.0,0.0,4.103605406839075,0.000678247003899205,2.441689214037138,18928.635496397175,5.257954304554773,0.18689682222409706,238853.46773169105,1783556844853467.8,1783556844989021.5
426.0,162.07665293631655,24288.0,35.89116629432388,-972.2978321755537,124.73259267986334,981.952016005158,0.03589116629432387,-0.9722978321755538,0.12473259267986335,0.981952016005158,0.9821013022482828,0.9821013022482828,9.631123735693123,-0.017898697751717187,-0.17552626430687734,0.35197210594023115,0.995374975,-0.6434028690597688,-0.308909475,-9.534984535904394,-9.429845683517927,-0.10513885238646625,-0.2843928500000015,1.2232088800039818,0.48052585,0.7426830300039817,0.1569064,0.03589116629432387,0.35197210594023115,-0.308909475,-0.308909475,-0.02413151639904979,9.631123735693123,0.9821013022482828,43.661700613223495,-79.39418792334706,107.82691632340791,30.688771838422337,-75.3204942752964,1.0,3.5142715189100366,426.0,3.5142715189100366,3.5727564723957683,12.861923300624767,0.5956149794044748,0.9616546866872079,0.026916323407915825,3.5727564723957683,12.861923300624767,-0.042670596612741016,-0.08880549665446266,0.08880549665446266,0.7533769406305675,0.0,0.0,0.0,3.9365177465172563,0.0006513232232484086,2.344763603694271,18931.632274034302,5.258786742787308,0.18813399044683007,239615.49794044747,1783556845615498.0,1783556845269163.2
427.0,163.19623666134936,24288.0,8.741260962277899,-1013.1626381392518,117.17540253589179,1021.4173423125651,0.008741260962277897,-1.0131626381392518,0.11717540253589179,1.021417342312565,1.0213798921233082,1.0213798921233082,10.016315119091038,0.021379892123308125,0.20966511909103958,0.08572248681572248,0.995374975,-0.9096524881842776,-0.308909475,-9.935731385308292,-9.44082504925502,-0.4949063360532726,-0.2843928500000015,1.149098161278603,0.48052585,0.6685723112786031,0.1569064,0.008741260962277897,0.08572248681572248,-0.308909475,-0.308909475,-0.014889626047961364,10.016315119091038,1.0213798921233082,43.66170956989329,-79.39418680376333,107.85490591653374,30.77893388131159,-74.33042399565682,1.0,3.5366700917293112,427.0,3.5366700917293112,3.5727564723957683,12.861923300624767,0.597294354992024,1.9616546866872044,0.05490591653373881,3.5727564723957683,12.861923300624767,-0.026328607630813385,-0.06597508740380452,0.06597508740380452,1.5367942639796208,0.0,0.0,0.0,3.9637101960308536,0.000657679458322212,2.367646049959963,18932.305287159765,5.258973690877714,0.18936717742887843,239783.4354992024,1783556845783435.5,1783556845549059.2
428.0,164.3158203863822,24288.0,-18.408644369768083,-1054.0274441029499,109.61821239192022,1060.8826686199723,-0.01840864436976808,-1.0540274441029498,0.10961821239192023,1.0608826686199722,1.0606584819983333,1.0606584819983333,10.401506502488955,0.06065848199833343,0.5948565024889564,-0.18052713230878625,0.995374975,-1.1759021073087863,-0.308909475,-10.336478234712192,-9.451804414992113,-0.884673819720079,-0.2843928500000015,1.0749874425532242,0.48052585,0.5944615925532243,0.1569064,-0.01840864436976808,-0.18052713230878625,-0.308909475,-0.308909475,-0.005647735696872939,10.401506502488955,1.0606584819983333,43.66171852656309,-79.3941856841796,107.88289550965956,30.869095924200845,-73.34035371601725,1.0,3.5590686645485863,428.0,3.5590686645485863,3.5727564723957683,12.861923300624767,0.5989737305795733,2.9616546866872007,0.0828955096595618,3.5727564723957683,12.861923300624767,-0.009986618648885746,-0.04314467815314636,0.04314467815314636,2.320211587328674,0.0,0.0,0.0,3.990902645544451,0.0006640356933960153,2.390528496225655,18932.978300285227,5.25916063896812,0.19060036441092681,239951.37305795733,1783556845951373.0,1783556845828955.0
429.0,166.05754743840475,24288.0,-21.88641176378104,-1078.5769810246381,93.78999715290959,1084.365471536957,-0.021886411763781043,-1.078576981024638,0.09378999715290959,1.084365471536957,1.0840289317777307,1.0840289317777307,10.630692323818081,0.08402893177773066,0.8240423238180823,-0.21463237992328338,0.9969306246380248,-1.2115630045613082,-0.2980199275338264,-10.577226950965265,-9.458513924999998,-1.1187130259652673,-0.2843928500000015,0.9197656755795808,0.48052585,0.43923982557958074,0.1569064,-0.021886411763781043,-0.21463237992328338,-0.2980199275338264,-0.2980199275338264,0.018271052795593264,10.630692323818081,1.0840289317777307,43.661727489906546,-79.39418468273577,107.9,30.94974395506817,-72.34954573045357,1.0,3.5838187411445843,429.0,3.5838187411445843,3.5727564723957683,12.861923300624767,0.5995769810246381,3.5838187411445843,0.08942452561596008,3.5727564723957683,12.861923300624767,0.0,-0.026105678862094892,0.026105678862094892,2.502956087460253,0.0,0.0,0.0,4.033205712183975,0.0006717015076270851,2.4181254274575066,18933.65748178608,5.259349300496135,0.19150631316919042,240117.02982732892,1783556846117029.8,1783556846105754.8
430.0,168.77688992839688,24288.0,11.833435112121506,-1077.4892440286412,64.9649667589929,1082.7338660429618,0.01183343511212151,-1.0774892440286412,0.0649649667589929,1.0827338660429617,1.0824018565943225,1.0824018565943225,10.614736166970712,0.08240185659432257,0.8080861669707134,0.11604635644228634,1.000930770642447,-0.8848844142001606,-0.2700189055028709,-10.566559894953473,-9.458513924999998,-1.1080459699534748,-0.2843928500000015,0.6370886912670777,0.48052585,0.15656284126707765,0.1569064,0.01183343511212151,0.11604635644228634,-0.2700189055028709,-0.2700189055028709,0.06525263338444476,10.614736166970712,1.0824018565943225,43.661736463736766,-79.39418386693302,107.9,31.015441982252778,-71.3575785382107,1.0,3.612263892966562,430.0,3.612263892966562,3.5727564723957683,12.861923300624767,0.5984892440286412,3.612263892966562,0.062231100716036346,3.5727564723957683,12.861923300624767,0.0,-0.018167109549963034,0.018167109549963034,1.7418231888138265,0.0,0.0,0.0,4.099253102580904,0.0006814251512132997,2.453130544367879,18934.34635606792,5.259540654463312,0.19189805061056403,240279.10263973245,1783556846279102.8,1783556846377689.0
431.0,171.49623241838904,24288.0,45.553281988024054,-1076.4015070326443,36.13993636507621,1081.1022605489666,0.04555328198802405,-1.0764015070326443,0.0361399363650762,1.0811022605489666,1.0807747814109145,1.0807747814109145,10.598780010123344,0.0807747814109145,0.7921300101233446,0.44672509280785605,1.0049309166468692,-0.5582058238390131,-0.24201788347191544,-10.55589283894168,-9.458513924999998,-1.0973789139416825,-0.2843928500000015,0.3544117069545746,0.48052585,-0.12611414304542545,0.1569064,0.04555328198802405,0.44672509280785605,-0.24201788347191544,-0.24201788347191544,0.11223421397329626,10.598780010123344,1.0807747814109145,43.66174543756698,-79.39418305113027,107.9,31.08114000943739,-70.36561134596784,1.0,3.64070904478854,431.0,3.64070904478854,3.5727564723957683,12.861923300624767,0.5974015070326444,3.64070904478854,0.03503767581611261,3.5727564723957683,12.861923300624767,0.0,-0.01022854023783118,0.01022854023783118,0.9806902901673997,0.0,0.0,0.0,4.165300492977833,0.0006911487947995142,2.488135661278251,18935.03523034976,5.25973200843049,0.19228978805193767,240441.175452136,1783556846441175.5,1783556846649623.2
432.0,174.21557490838117,24288.0,79.2731288639266,-1075.3137700366476,7.314905971159519,1079.4706550549713,0.07927312886392661,-1.0753137700366475,0.0073149059711595105,1.0794706550549713,1.0791477062275063,1.0791477062275063,10.582823853275976,0.07914770622750643,0.7761738532759758,0.7774038291734258,1.0089310626512915,-0.23152723347786552,-0.21401686144095994,-10.545225782929888,-9.458513924999998,-1.0867118579298902,-0.2843928500000015,0.07173472264207148,0.48052585,-0.40879112735792855,0.1569064,0.07927312886392661,0.7774038291734258,-0.21401686144095994,-0.21401686144095994,0.15921579456214777,10.582823853275976,1.0791477062275063,43.6617544113972,-79.39418223532753,107.9,31.146838036622004,-69.37364415372495,1.0,3.669154196610518,432.0,3.669154196610518,3.5727564723957683,12.861923300624767,0.5963137700366475,3.669154196610518,0.007844250916188886,3.5727564723957683,12.861923300624767,0.0,-0.0022899709256993216,0.0022899709256993216,0.21955739152097298,0.0,0.0,0.0,4.231347883374762,0.0007008724383857288,2.5231407781886235,18935.724104631598,5.259923362397668,0.19268152549331127,240603.24826453952,1783556846603248.2,1783556846921557.5
433.0,181.20195564281832,24288.0,152.2948486766881,-953.5667540720887,80.00733366056866,972.3770211968848,0.1522948486766881,-0.9535667540720887,0.08000733366056867,0.9723770211968848,0.972270125774633,0.972270125774633,9.534712828927805,-0.027729874225366977,-0.27193717107219506,1.4935022777752434,1.01008495,0.4834173277752434,-0.3403578790662547,-9.351295408821047,-9.458513924999998,0.10721851617895078,-0.2843928500000015,0.7846039186424157,0.4863954562715168,0.2982084623708989,0.1569064,0.1522948486766881,1.4935022777752434,-0.3403578790662547,-0.3403578790662547,-0.1716561253326252,9.534712828927805,0.972270125774633,43.661763384354856,-79.39418140146672,107.91995110892955,31.2139903103676,-68.38177341405232,1.0,3.6552242102640933,433.0,3.6552242102640933,3.592220319819662,12.931993151350785,0.595,0.7115386919795121,0.019951108929541078,3.592220319819662,12.931993151350785,0.01946384742389395,-7.93003487940133e-10,7.93003487940133e-10,0.5594168693919707,0.0,0.0,0.0,4.401033098652771,0.0007273929704717775,2.6186146936983987,18939.06617649842,5.260851715694008,0.19476041336381206,241363.70909813078,1783556847363709.0,1783556847199511.0
434.0,180.0803801527188,24288.0,97.89843740686172,-972.6335374037805,75.80142557269549,985.5555332055541,0.09789843740686172,-0.9726335374037804,0.0758014255726955,0.9855555332055541,0.9855895886210801,0.9855895886210801,9.665332139250916,-0.014410411378919845,-0.14131786074908428,0.9600557111960004,1.01008495,-0.050029238803999565,-0.3018617350863093,-9.538276679580783,-9.458513924999998,-0.07976275458078413,-0.2843928500000015,0.7433580500924742,0.49464462998150516,0.24871342011096914,0.1569064,0.09789843740686172,0.9600557111960004,-0.3018617350863093,-0.3018617350863093,-0.030703857458875577,9.665332139250916,0.9855895886210801,43.66177235695878,-79.39418056028511,107.94799049618203,31.281732142867895,-67.3899417767291,1.0,3.6241151331368147,434.0,3.6241151331368147,3.6195749073400476,13.030469666424171,0.595,1.7115386919795113,0.04799049618202731,3.6195749073400476,13.030469666424171,0.04681843494427909,-7.296099121833767e-10,7.296099121833767e-10,1.3456241068869035,0.0,0.0,0.0,4.373792273149235,0.0007228906673677207,2.602406402523794,18939.78744545569,5.261052068182138,0.19549871104375782,241530.54345228308,1783556847530543.5,1783556847479905.0
435.0,178.9588046626193,24288.0,43.50202613703533,-991.7003207354721,71.59551748482232,998.7340452142234,0.04350202613703533,-0.9917003207354721,0.07159551748482232,0.9987340452142234,0.9989090514675273,0.9989090514675273,9.795951449574027,-0.001090948532472713,-0.010698550425973508,0.4266091446167575,1.01008495,-0.5834758053832425,-0.2633655911063639,-9.725257950340517,-9.458513924999998,-0.2667440253405191,-0.2843928500000015,0.7021121815425329,0.5028938036914934,0.19921837785103938,0.1569064,0.04350202613703533,0.4266091446167575,-0.2633655911063639,-0.2633655911063639,0.11024841041487399,9.795951449574027,0.9989090514675273,43.6617813295627,-79.39417971910349,107.97602988343452,31.349473975368195,-66.3981101394059,1.0,3.593006056009536,435.0,3.593006056009536,3.6469294948604327,13.128946181497557,0.595,2.7115386919795106,0.07602988343451354,3.6469294948604327,13.128946181497557,0.07417302246466424,-6.662163364266203e-10,6.662163364266203e-10,2.1318313443818364,0.0,0.0,0.0,4.346551447645697,0.0007183883642636638,2.58619811134919,18940.50871441296,5.261252420670268,0.19623700872370362,241697.37780643537,1783556847697377.8,1783556847760298.8
436.0,174.07908148457827,24288.0,78.75765913229131,-903.7959112597565,40.59311113433696,907.6772890328891,0.07875765913229131,-0.9037959112597566,0.04059311113433695,0.9076772890328891,0.9082861487979151,0.9082861487979151,8.907244361109075,-0.09171385120208485,-0.8994056388909254,0.7723487979296846,1.01008495,-0.23773615207031543,-0.22948686944907573,-8.86321017315549,-9.445354998881479,0.5821448257259877,-0.10823592284632134,0.3980824333055455,0.5099458,-0.1118633666944545,0.023603516694454475,0.07875765913229131,0.7723487979296846,-0.22948686944907573,-0.22948686944907573,0.001521829750273545,8.907244361109075,0.9082861487979151,43.661790304844494,-79.39417896045926,108.0,31.410568927868848,-65.40598248968251,1.0,3.570520124301567,436.0,3.570520124301567,3.670314194522431,13.213131100280751,0.6014630074646978,0.14512694768836912,0.0,3.670314194522431,13.213131100280751,0.09370021737511687,-6.120228768224933e-10,6.120228768224933e-10,0.0,0.0,0.0,0.0,4.228032731097437,0.0007064093164199212,2.543073539111716,18943.7686435104,5.262157956530667,0.1970059324547157,242465.18745283817,1783556848465187.5,1783556848039540.8
437.0,174.62399396181215,24288.0,56.41624756570215,-929.9517101669828,44.679954713591066,933.0157192242647,0.056416247565702154,-0.9299517101669829,0.04467995471359107,0.9330157192242646,0.933598639552791,0.933598639552791,9.155475098570378,-0.06640136044720904,-0.6511749014296224,0.5532543941901931,1.01008495,-0.45683055580980697,-0.2228071620179937,-9.119710938509042,-9.45604253077121,0.33633159226216747,-0.009376252866306875,0.43816067789203783,0.5099458,-0.07178512210796215,-0.016474727892037876,0.056416247565702154,0.5532543941901931,-0.2228071620179937,-0.2228071620179937,0.012008026659350546,9.155475098570378,0.933598639552791,43.66179929590037,-79.39417868800301,108.0,31.432510307003877,-64.4121111732722,1.0,3.598828995092726,437.0,3.598828995092726,3.670314194065734,13.213131098636643,0.6115438882935246,1.1451269476883763,0.0,3.670314194065734,13.213131098636643,0.0671200068816947,-6.120228768224933e-10,6.120228768224933e-10,0.0,0.0,0.0,0.0,4.241267565344493,0.0007205852944356572,2.594107059968366,18944.51053537895,5.262364037605265,0.1979552595234423,242638.74207683717,1783556848638742.0,1783556848311997.0
438.0,175.16890643904603,24288.0,34.074835999113,-956.1075090742091,48.76679829284518,958.3541494156401,0.034074835999113,-0.9561075090742092,0.048766798292845186,0.9583541494156401,0.9589111303076667,0.9589111303076667,9.40370583603168,-0.04108886969233322,-0.40294416396831956,0.33415999045070144,1.01008495,-0.6759249595492985,-0.21612745458691165,-9.376211703862593,-9.46673006266094,0.09051835879834713,0.08948341711370761,0.4782389224785302,0.5099458,-0.03170687752146979,-0.056552972478530236,0.034074835999113,0.33415999045070144,-0.21612745458691165,-0.21612745458691165,0.022494223568427545,9.40370583603168,0.9589111303076667,43.661808286956244,-79.39417841554678,108.0,31.454451686138906,-63.418239856861874,1.0,3.6271378658838853,438.0,3.6271378658838853,3.670314193609037,13.213131096992534,0.6216247691223514,2.145126947688383,0.0,3.670314193609037,13.213131096992534,0.04053979638827252,-6.120228768224933e-10,6.120228768224933e-10,0.0,0.0,0.0,0.0,4.25450239959155,0.0007347612724513933,2.6451405808250157,18945.252427247506,5.2625701186798635,0.19890458659216892,242812.29670083616,1783556848812296.8,1783556848584453.2
439.0,175.7138189162799,24288.0,11.733424432523833,-982.2633079814356,52.853641872099296,983.6925796070157,0.011733424432523842,-0.9822633079814355,0.052853641872099295,0.9836925796070156,0.9842236210625426,0.9842236210625426,9.651936573492982,-0.015776378937457397,-0.15471342650701658,0.11506558671120981,1.01008495,-0.8950193632887902,-0.2094477471558296,-9.632712469216145,-9.477417594550671,-0.1552948746654731,0.18834308709372205,0.5183171670650226,0.5099458,0.008371367065022561,-0.09663121706502259,0.011733424432523842,0.11506558671120981,-0.2094477471558296,-0.2094477471558296,0.032980420477504546,9.651936573492982,0.9842236210625426,43.661817278012116,-79.39417814309054,108.0,31.476393065273935,-62.424368540451546,1.0,3.655446736675044,439.0,3.655446736675044,3.67031419315234,13.213131095348425,0.6317056499511783,3.1451269476883903,0.0,3.67031419315234,13.213131095348425,0.013959585894850343,-6.120228768224933e-10,6.120228768224933e-10,0.0,0.0,0.0,0.0,4.267737233838606,0.0007489372504671293,2.696174101681666,18945.994319116056,5.262776199754461,0.19985391366089553,242985.85132483515,1783556848985851.2,1783556848856909.5
440.0,176.5174627872639,24288.0,21.992168458715632,-985.0039157706422,42.83962449929842,988.0737669196977,0.02199216845871563,-0.9850039157706422,0.042839624499298415,0.9880737669196977,0.9884655462378368,0.9884655462378368,9.693535649013281,-0.011534453762163223,-0.11311435098671796,0.21566949881566364,1.0081819838339794,-0.7925124850183158,-0.1970591412252374,-9.659588650592168,-9.48366487205534,-0.17592377853682922,0.24026292499999968,0.4201132035960448,0.5099458,-0.0898325964039552,-0.1176798,0.02199216845871563,0.21566949881566364,-0.1970591412252374,-0.1970591412252374,0.04843388216795301,9.693535649013281,0.9884655462378368,43.661826269067994,-79.3941781293657,108.0129365696816,31.47749835113639,-61.43049722382571,1.0,3.6703141943718642,440.0,3.6703141943718642,3.670314192912489,13.213131094484961,0.631566640733729,3.6703141943718642,0.012936569681596692,3.670314192912489,13.213131094484961,-1.4593754499296228e-09,-6.120228768224933e-10,6.120228768224933e-10,0.3524649117663464,0.0,0.0,0.0,4.287256136177065,0.0007520078837139268,2.7072283813701365,18946.72046311014,5.262977906419485,0.20072302942059905,243153.97258960552,1783556849153972.5,1783556849129365.8
441.0,177.60728774222937,24288.0,68.3097290447484,-961.8451354776258,17.22873805760971,969.2742864465433,0.0683097290447484,-0.9618451354776258,0.01722873805760971,0.9692742864465433,0.9694014581370937,0.9694014581370937,9.506580809440129,-0.03059854186290633,-0.3000691905598703,0.6698896043366819,1.0041741593734999,-0.334284555036818,-0.1783559604096661,-9.43247859783166,-9.485000813542166,0.05252221571050697,0.24026292499999968,0.16895620407265827,0.5099458,-0.34098959592734174,-0.1176798,0.0683097290447484,0.6698896043366819,-0.1783559604096661,-0.1783559604096661,0.06938160259118173,9.506580809440129,0.9694014581370937,43.66183526012387,-79.39417840182193,108.04018219355574,31.455556971991342,-60.436625906961496,1.0,3.6703141939151673,441.0,3.6703141939151673,3.670314192912489,13.213131094484961,0.6201234787065916,3.6703141939151673,0.04018219355573206,3.670314192912489,13.213131094484961,-1.0026785973645631e-09,-6.120228768224933e-10,6.120228768224933e-10,1.0947889320572435,0.0,0.0,0.0,4.3137258046832665,0.0007427949685366294,2.674061886731866,18947.429188484395,5.263174774578999,0.2015034239817225,243316.08405165662,1783556849316084.0,1783556849401822.0
442.0,178.69711269719485,24288.0,114.62728963078116,-938.6863551846094,-8.382148384078995,950.4748059733888,0.11462728963078117,-0.9386863551846094,-0.00838214838407899,0.9504748059733888,0.9503373700363505,0.9503373700363505,9.319625969866976,-0.04966262996364944,-0.48702403013302265,1.1241097098577002,1.0001663349130203,0.12394337494467988,-0.15965277959409474,-9.205368545071149,-9.486336755028992,0.2809682099578432,0.24026292499999968,-0.08220079545072834,0.5099458,-0.5921465954507283,-0.1176798,0.11462728963078117,1.1241097098577002,-0.15965277959409474,-0.15965277959409474,0.09032932301441046,9.319625969866976,0.9503373700363505,43.66184425117975,-79.39417867427817,108.06742781742987,31.43361559284629,-59.44275459009729,1.0,3.670314193458471,442.0,3.670314193458471,3.670314192912489,13.213131094484961,0.6086803166794541,3.670314193458471,0.06742781742986743,3.670314192912489,13.213131094484961,-5.459817447995034e-10,-6.120228768224933e-10,6.120228768224933e-10,1.8371129523481404,0.0,0.0,0.0,4.3401954731894685,0.0007335820533593321,2.640895392093596,18948.13791385865,5.263371642738513,0.20228381854284594,243478.19551370773,1783556849478195.5,1783556849674278.2
443.0,179.78693765216033,24288.0,160.94485021681393,-915.5275748915931,-33.993034825767694,931.6753255002343,0.16094485021681396,-0.9155275748915931,-0.0339930348257677,0.9316753255002344,0.9312732819356074,0.9312732819356074,9.132671130293824,-0.06872671806439255,-0.673978869706175,1.5783298153787184,0.9961585104525408,0.5821713049261776,-0.14094959877852342,-8.97825849231064,-9.48767269651582,0.5094142042051794,0.24026292499999968,-0.3333577949741149,0.5099458,-0.8433035949741149,-0.1176798,0.16094485021681396,1.5783298153787184,-0.14094959877852342,-0.14094959877852342,0.11127704343763918,9.132671130293824,0.9312732819356074,43.66185324223563,-79.39417894673441,108.094673441304,31.411674213701243,-58.44888327323307,1.0,3.670314193001774,443.0,3.670314193001774,3.670314192912489,13.213131094484961,0.5972371546523165,3.670314193001774,0.0946734413040028,3.670314192912489,13.213131094484961,-8.928489223444396e-11,-6.120228768224933e-10,6.120228768224933e-10,2.579436972639037,0.0,0.0,0.0,4.36666514169567,0.0007243691381820348,2.6077288974553254,18948.846639232903,5.263568510898028,0.2030642131039694,243640.30697575884,1783556849640307.0,1783556849946734.5
444.0,195.48640605087746,24288.0,91.63663419250305,-952.8225839601294,-39.60230196905785,958.6923993915487,0.09163663419250305,-0.9528225839601294,-0.03960230196905785,0.9586923993915486,0.9584136549641048,0.9584136549641048,9.398827269453736,-0.04158634503589521,-0.4078227305462617,0.89864839870391,0.985568325,-0.08691992629609,-0.07845319999999989,-9.343997592992602,-9.502173854799787,0.1581762618071849,0.24026292499999968,-0.38836591460486114,0.5426907473498415,-0.9310566619547026,-0.08442982650158515,0.09163663419250305,0.89864839870391,-0.07845319999999989,-0.07845319999999989,0.07640924597421844,9.398827269453736,0.9584136549641048,43.66186223318124,-79.39417922603691,108.12260369137161,31.38918149280675,-57.455024145713445,1.0,3.6451862605652257,444.0,3.6451862605652257,3.6703141926358094,13.213131093488915,0.5969041476548645,0.8044985601871983,0.02260369137161531,3.6703141926358094,13.213131093488915,-2.7667952440125185e-10,-8.014667807950325e-10,8.014667807950325e-10,0.6350873561592273,0.0,0.0,0.0,4.747973830163712,0.0007872978417163355,2.834272230178808,18952.450970238184,5.264569713955052,0.21176420971498663,244403.62214822968,1783556850403622.2,1783556850226037.0
445.0,198.57703439246072,24288.0,81.24088431626849,-972.4902188611137,-26.677856176982445,976.955203228177,0.0812408843162685,-0.9724902188611136,-0.02667785617698245,0.9769552032281769,0.9767691943331979,0.9767691943331979,9.578833619607654,-0.023230805666802135,-0.2278163803923452,0.7967009181801343,0.985568325,-0.18886740681986566,-0.07845319999999989,-9.53687120479434,-9.507684529422693,-0.02918667537164532,0.24026292499999968,-0.2616203982780049,0.5468237533170215,-0.8084441515950265,-0.043099766829784225,0.0812408843162685,0.7967009181801343,-0.07845319999999989,-0.07845319999999989,0.04867095089247276,9.578833619607654,0.9767691943331979,43.661871224100054,-79.39417950700313,108.15070031265873,31.366554790186022,-56.46116798033015,1.0,3.6139519817351724,445.0,3.6139519817351724,3.670314192291894,13.21313109225082,0.5980280125063493,1.804498560187198,0.05070031265873814,3.670314192291894,13.21313109225082,-6.205950241839629e-10,-1.0369475054944743e-09,1.0369475054944743e-09,1.424507483911164,0.0,0.0,0.0,4.823039011324086,0.0008012720971586153,2.884579549771015,18953.286240981277,5.264801733605911,0.2188284052253055,244572.2018759524,1783556850572202.0,1783556850507003.2
446.0,201.66766273404397,24288.0,70.84513444003393,-992.157853762098,-13.753410384907042,995.2180070648053,0.07084513444003393,-0.9921578537620979,-0.013753410384907051,0.9952180070648051,0.9951247337022909,0.9951247337022909,9.75883996976157,-0.004875266297709055,-0.04781003023842856,0.6947534376563587,0.985568325,-0.2908148873436413,-0.07845319999999989,-9.729744816596076,-9.513195204045601,-0.21654961255047556,0.24026292499999968,-0.13487488195114872,0.5509567592842016,-0.6858316412353502,-0.0017697071579832885,0.07084513444003393,0.6947534376563587,-0.07845319999999989,-0.07845319999999989,0.02093265581072709,9.75883996976157,0.9951247337022909,43.66188021501886,-79.39417978796935,108.17879693394586,31.3439280875653,-55.467311814946854,1.0,3.582717702905119,446.0,3.582717702905119,3.6703141919479783,13.213131091012722,0.5991518773578342,2.8044985601871977,0.07879693394586096,3.6703141919479783,13.213131091012722,-9.64510523966674e-10,-1.2724282301939165e-09,1.2724282301939165e-09,2.2139276116631006,0.0,0.0,0.0,4.89810419248446,0.0008152463526008949,2.9348868693632215,18954.121511724374,5.265033753256771,0.22589260073562437,244740.78160367513,1783556850740781.5,1783556850787969.2
447.0,196.93586661416379,24288.0,77.21411399319827,-1077.7478867943448,79.97828616431036,1084.282667716724,0.07721411399319826,-1.0777478867943449,0.07997828616431035,1.084282667716724,1.0841950504850013,1.0841950504850013,10.632321391838737,0.08419505048500127,0.8256713918387375,0.7572117909913977,0.9329295435839398,-0.17571775259254213,-0.19741748483476707,-10.56909631403176,-9.503627176749832,-1.0654691372819276,0.24485178316589426,0.7843190600132341,0.5687857,0.21553336001323417,0.029419949999999973,0.07721411399319826,0.7572117909913977,-0.19741748483476707,-0.19741748483476707,-0.1860492529858326,10.632321391838737,1.0841950504850013,43.661889205971306,-79.39418006684762,108.2,31.32146953025761,-54.473451932039865,1.0,3.5665780835067635,447.0,3.5665780835067635,3.6628829172622517,13.186378502144105,0.594334238076487,0.2453517511066268,0.0,3.6628829172622517,13.186378502144105,-0.00743127556841258,-0.00371563862231676,0.00371563862231676,0.0,0.0,0.0,0.0,4.78317832832481,0.0007896979726803605,2.842912701649298,18957.78378544,5.266051051511111,0.23127679871142498,245502.04172156315,1783556851502041.8,1783556851066847.5
448.0,200.75025395781506,24288.0,98.46570062211256,-999.2804900106613,47.28353750444221,1007.9949208436985,0.09846570062211256,-0.9992804900106613,0.04728353750444221,1.0079949208436985,1.0080527672215398,1.0080527672215398,9.885620669673113,0.00805276722153972,0.07897066967311228,0.9656186630058401,0.918234187223947,0.04738447578189303,-0.16268300616569328,-9.79959401736305,-9.50763500121165,-0.2919590161514013,0.26355496398770284,0.46369310306793815,0.5687857,-0.1050925969320618,0.029419949999999973,0.09846570062211256,0.9656186630058401,-0.16268300616569328,-0.16268300616569328,-0.06958625614990233,9.885620669673113,1.0080527672215398,43.661898197027185,-79.39418033930386,108.2,31.299528151105243,-53.47958061484419,1.0,3.596866330452928,448.0,3.596866330452928,3.632594670316087,13.077340813137914,0.5956965192706483,1.2453517511066332,0.0,3.632594670316087,13.077340813137914,-0.03771952218107823,-0.018859761928649584,0.018859761928649584,0.0,0.0,0.0,0.0,4.875822168127413,0.0008069142862436775,2.904891430477239,18958.616190340625,5.266282275094618,0.23149369222801094,245665.24300862366,1783556851665243.0,1783556851339303.8
449.0,204.56464130146637,24288.0,119.71728725102687,-920.8130932269778,14.588788844574054,931.7071739706728,0.11971728725102686,-0.9208130932269778,0.014588788844574055,0.9317071739706728,0.9319104839580782,0.9319104839580782,9.138919947507487,-0.06808951604192184,-0.6677300524925129,1.1740255350202826,0.9035388308639543,0.27048670415632825,-0.1279485274966195,-9.03009172069434,-9.511642825673466,0.481551104979125,0.2822581448095114,0.14306714612264226,0.5687857,-0.4257185538773577,0.029419949999999973,0.11971728725102686,1.1740255350202826,-0.1279485274966195,-0.1279485274966195,0.046876740686027984,9.138919947507487,0.9319104839580782,43.66190718808307,-79.39418061176009,108.2,31.277586771952876,-52.48570929764851,1.0,3.6271545773990925,449.0,3.6271545773990925,3.6023064233699227,12.96830312413172,0.5970588004648094,2.24535175110664,0.0,3.6023064233699227,12.96830312413172,-0.06800776879374387,-0.034003885234982406,0.034003885234982406,0.0,0.0,0.0,0.0,4.968466007930015,0.0008241305998069944,2.96687015930518,18959.44859524125,5.266513498678125,0.23171058574459694,245828.44429568417,1783556851828444.2,1783556851611760.0
450.0,208.37902864511764,24288.0,140.96887387994116,-842.3456964432942,-18.1059598152941,855.4194270976471,0.14096887387994117,-0.8423456964432943,-0.018105959815294087,0.8554194270976471,0.8557682006946166,0.8557682006946166,8.392219225341861,-0.14423179930538338,-1.414430774658138,1.382432407034725,0.8888434745039615,0.4935889325307634,-0.09321404882754573,-8.26058942402563,-9.515650650135282,1.2550612261096514,0.30096132563131994,-0.17755881082265368,0.5687857,-0.7463445108226536,0.029419949999999973,0.14096887387994117,1.382432407034725,-0.09321404882754573,-0.09321404882754573,0.16333973752195824,8.392219225341861,0.8557682006946166,43.66191617913895,-79.39418088421634,108.2,31.25564539280051,-51.49183798045284,1.0,3.657442824345257,450.0,3.657442824345257,3.572018176423758,12.859265435125529,0.5984210816589706,3.245351751106646,0.0,3.572018176423758,12.859265435125529,-0.09829601540640953,-0.049148008541315236,0.049148008541315236,0.0,0.0,0.0,0.0,5.0611098477326175,0.0008413469133703114,3.0288488881331213,18960.281000141877,5.266744722261633,0.2319274792611829,245991.64558274468,1783556851991645.5,1783556851884216.2
451.0,210.85570873634458,24288.0,167.96988346323616,-827.8255921995808,-34.90940970357157,845.5907106394969,0.16796988346323616,-0.8278255921995807,-0.03490940970357157,0.8455907106394969,0.8459276267385131,0.8459276267385131,8.295716160755237,-0.15407237326148693,-1.5109338392447609,1.6472218576647448,0.8825984999999998,0.764623357664745,-0.06586574588108957,-8.118195843744019,-9.514836334176216,1.3966404904321983,0.2971611844890156,-0.3423443626695301,0.5687857,-0.9111300626695301,0.029419949999999973,0.16796988346323616,1.6472218576647448,-0.06586574588108957,-0.06586574588108957,0.19759867331185327,8.295716160755237,0.8459276267385131,43.66192513425242,-79.39418185570874,108.21711417472689,31.1774094040171,-50.50193973766864,1.0,3.6172077673151897,451.0,3.6172077673151897,3.5250657648061416,12.69023675330211,0.5981442912636554,3.6172077673151897,0.017114174726890606,3.5250657648061416,12.69023675330211,-0.12622304678347823,-0.07262421413582548,0.07262421413582548,0.5093492969031356,0.0,0.0,0.0,5.1212634537883375,0.0008508801017374226,3.0631683662547213,18961.16559193666,5.266990442204628,0.23410872219893994,246162.65819787772,1783556852162658.2,1783556852171141.8
452.0,212.34380063978537,24288.0,199.21981343549254,-860.5636140752779,-39.96892217527022,884.8763368903335,0.19921981343549255,-0.8605636140752779,-0.03996892217527022,0.8848763368903334,0.885085132543506,0.885085132543506,8.679720115057771,-0.11491486745649404,-1.1269298849422273,1.9536789834271728,0.8825984999999998,1.071080483427173,-0.0439759511837733,-8.439246165971324,-9.510458375236754,1.0712122092654295,0.27673070943818745,-0.3919612306501137,0.5687857,-0.9607469306501136,0.029419949999999973,0.19921981343549255,1.9536789834271728,-0.0439759511837733,-0.0439759511837733,0.17110742359525366,8.679720115057771,0.885085132543506,43.66193406280384,-79.39418334380065,108.24687601279571,31.057570750662332,-49.51497766378482,1.0,3.5248548009681153,452.0,3.5248548009681153,3.4657982548561628,12.476873717482185,0.5966561993602146,3.5248548009681153,0.046876012795704525,3.4657982548561628,12.476873717482185,-0.15240510033636204,-0.10225796886137795,0.10225796886137795,1.3951163021374886,0.0,0.0,0.0,5.157406229939107,0.0008547353311935047,3.0770471922966167,18962.088750725103,5.267246875201418,0.23774165244042872,246339.4435160065,1783556852339443.5,1783556852468760.2
453.0,213.83189254322613,24288.0,230.46974340774892,-893.3016359509751,-45.028434646968876,924.1619631411701,0.23046974340774895,-0.8933016359509751,-0.04502843464696887,0.92416196314117,0.9242426383484988,0.9242426383484988,9.063724069360305,-0.07575736165150117,-0.7429259306396939,2.260136109189601,0.8825984999999998,1.3775376091896012,-0.022086156486457044,-8.760296488198628,-9.50608041629729,0.7457839280986608,0.25630023438735927,-0.4415780986306973,0.5687857,-1.0103637986306973,0.029419949999999973,0.23046974340774895,2.260136109189601,-0.022086156486457044,-0.022086156486457044,0.14461617387865405,9.063724069360305,0.9242426383484988,43.66194299135526,-79.39418483189255,108.27663785086452,30.937732097307567,-48.528015589901,1.0,3.432501834621041,453.0,3.432501834621041,3.4065307449061835,12.263510681662261,0.5951681074567738,3.432501834621041,0.07663785086451844,3.4065307449061835,12.263510681662261,-0.17858715388924581,-0.1318917235869304,0.1318917235869304,2.2808833073718415,0.0,0.0,0.0,5.193549006089876,0.0008585905606495868,3.0909260183385125,18963.011909513545,5.267503308198208,0.2413745826819175,246516.22883413525,1783556852516228.8,1783556852766378.5
454.0,196.97477620256993,24288.0,97.24828488305808,-890.0767171070079,133.47779846290896,907.627687559227,0.09724828488305808,-0.890076717107008,0.13347779846290897,0.907627687559227,0.9066160203544591,0.9066160203544591,8.890865996009055,-0.09338397964554088,-0.9157840039909434,0.9536798929484414,0.8863539349827233,0.06732595796571814,0.08177318957529595,-8.728670837817438,-9.497057718639503,0.768386880822064,0.24026292499999968,1.3089700522962862,0.5540757249999999,0.7548943272962862,-0.07531616739994572,0.09724828488305808,0.9536798929484414,0.08177318957529595,0.08177318957529595,0.13284019659741778,8.890865996009055,0.9066160203544591,43.66195187992553,-79.39418662664185,108.3,30.793197785426017,-47.545473031893025,1.0,3.341090746552863,454.0,3.341090746552863,3.341090746552863,12.027926687590307,0.6024429850271029,0.21503003001834117,0.0,3.341090746552863,12.027926687590307,-0.2041906174684465,-0.15951460613926444,0.15951460613926444,0.0,0.0,0.0,0.0,4.7841233644080186,0.0008005514847247425,2.881985345009073,18966.81841421134,5.268560670614262,0.25758390724005825,247299.4279886092,1783556853299428.0,1783556853069626.8
455.0,201.50798583141471,24288.0,168.16063550570144,-927.6375968888647,131.04929330459927,961.7024024175896,0.16816063550570143,-0.9276375968888647,0.13104929330459927,0.9617024024175896,0.9565361721403448,0.9565361721403448,9.380415452520111,-0.04346382785965515,-0.4262345474798872,1.6490924961819866,0.903818635063931,0.7452738611180558,0.051606889435027975,-9.097017239530185,-9.493882318624738,0.39686507909455376,0.24026292499999968,1.2851545521855483,0.5540757249999999,0.7310788271855484,0.05328753319803867,0.16816063550570143,1.6490924961819866,0.051606889435027975,0.051606889435027975,0.03211350075438914,9.380415452520111,0.9565361721403448,43.6619606225441,-79.39418954084803,108.3,30.558511645305455,-46.579063975071335,1.0,3.2531179976052664,455.0,3.2531179976052664,3.2531179976052664,11.711224791378958,0.5998525795249059,1.2150300300183452,0.0,3.2531179976052664,11.711224791378958,-0.22768193069248518,-0.17979677321425977,0.17979677321425977,0.0,0.0,0.0,0.0,4.894225959873401,0.0008153235829496812,2.935164898618852,18967.80107987587,5.268833633298853,0.2629362315188991,247492.08939783514,1783556853492089.5,1783556853393427.5
456.0,206.04119546025947,24288.0,239.07298612834478,-965.1984766707214,128.62078814628956,1015.7771172759524,0.23907298612834477,-0.9651984766707215,0.12862078814628958,1.0157771172759524,1.0064563239262305,1.0064563239262305,9.869964909031168,0.006456323926230578,0.0633149090311691,2.344505099415532,0.9212833351451388,1.4232217642703935,0.021440589294760004,-9.46536364124293,-9.490706918609973,0.02534327736704367,0.24026292499999968,1.2613390520748105,0.5540757249999999,0.7072633270748105,0.18189123379602307,0.23907298612834477,2.344505099415532,0.021440589294760004,0.021440589294760004,-0.0686131950886395,9.869964909031168,1.0064563239262305,43.661969365162676,-79.39419245505422,108.3,30.32382550518489,-45.612654918249646,1.0,3.1651452486576694,456.0,3.1651452486576694,3.1651452486576694,11.39452289516761,0.5972621740227089,2.215030030018349,0.0,3.1651452486576694,11.39452289516761,-0.2511732439165239,-0.2000789402892551,0.2000789402892551,0.0,0.0,0.0,0.0,5.004328555338782,0.00083009568117462,2.9883444522286315,18968.783745540397,5.269106595983445,0.26828855579774,247684.75080706103,1783556853684750.8,1783556853717228.2
457.0,205.5786042900456,24288.0,76.59534763348532,-958.2508520711922,119.18728698220195,969.1572085800912,0.07659534763348531,-0.9582508520711921,0.11918728698220195,0.9691572085800911,0.9686878247499129,0.9686878247499129,9.499582456583733,-0.03131217525008714,-0.3070675434162671,0.7511437658699187,0.9909308144710026,-0.23978704860108394,0.08825985000000003,-9.397230718463955,-9.487933875,0.09070315653604429,0.25197161901056875,1.1688280078840108,0.5540757249999999,0.614752282884011,0.29419949999999995,0.07659534763348531,0.7511437658699187,0.08825985000000003,0.08825985000000003,0.14949682243345844,9.499582456583733,0.9686878247499129,43.66197807690015,-79.3941955150392,108.3,30.077399543432925,-44.64965945775626,1.0,3.070429517053788,457.0,3.070429517053788,3.070429517053788,11.053546261393638,0.5940468217455505,0.12671046259350713,0.0,3.070429517053788,11.053546261393638,-0.27685710772134736,-0.21779114459177895,0.21779114459177895,0.0,0.0,0.0,0.0,4.993093140996627,0.0008239225987343097,2.966121355443515,18972.74717168245,5.270207547689571,0.27386427114144846,248474.85893860253,1783556854474859.0,1783556854046821.8
458.0,202.2529459242778,24288.0,65.50981974759266,-952.3385705320494,120.66535736698765,962.5058918485556,0.06550981974759265,-0.9523385705320494,0.12066535736698764,0.9625058918485555,0.9622954292084487,0.9622954292084487,9.436894470847033,-0.03770457079155135,-0.369755529152967,0.6424318738277295,0.9945545442057423,-0.3521226703780128,0.08825985000000003,-9.339251042708122,-9.487933875,0.14868283229187806,0.34437672724642937,1.1833229268229692,0.5540757249999999,0.6292472018229694,0.29419949999999995,0.06550981974759265,0.6424318738277295,0.08825985000000003,0.08825985000000003,0.09154154889806011,9.436894470847033,0.9622954292084487,43.66198657580486,-79.39419957973276,108.3,29.750062635640056,-43.710190530884624,1.0,2.9292410942125824,458.0,2.9292410942125824,2.9292410942125824,10.545267939165296,0.5944163393417469,1.1267104625935034,0.0,2.9292410942125824,10.545267939165296,-0.3176520479380406,-0.21779114459177895,0.21779114459177895,0.0,0.0,0.0,0.0,4.912319550608859,0.0008110860796939819,2.919909886898335,18973.79915794882,5.270499766096895,0.2809795995187294,248694.72190833942,1783556854694722.0,1783556854416339.2
459.0,198.92728755851,24288.0,54.4242918617,-946.4262889929066,122.14342775177333,955.85457511702,0.0544242918617,-0.9464262889929066,0.12214342775177334,0.95585457511702,0.9559030336669845,0.9559030336669845,9.374206485110331,-0.04409696633301556,-0.432443514889667,0.5337199817855403,0.998178273940482,-0.4644582921549416,0.08825985000000003,-9.281271366952287,-9.487933875,0.2066625080477118,0.43678183548229,1.197817845761928,0.5540757249999999,0.6437421207619279,0.29419949999999995,0.0544242918617,0.5337199817855403,0.08825985000000003,0.08825985000000003,0.0335862753626618,9.374206485110331,0.9559030336669845,43.66199507470957,-79.39420364442631,108.3,29.422725727847187,-42.770721604013,1.0,2.7880526713713767,459.0,2.7880526713713767,2.7880526713713767,10.036989616936955,0.5947858569379433,2.1267104625934996,0.0,2.7880526713713767,10.036989616936955,-0.35844698815473375,-0.21779114459177895,0.21779114459177895,0.0,0.0,0.0,0.0,4.831545960221091,0.0007982495606536543,2.8736984183531553,18974.851144215187,5.2707919845042195,0.2880949278960103,248914.58487807628,1783556854914585.0,1783556854785857.0
460.0,197.21057117380852,24288.0,63.161124514214094,-918.1526014905936,117.10400713336118,928.2054573596362,0.0631611245142141,-0.9181526014905935,0.11710400713336118,0.9282054573596362,0.9283783532498766,0.9283783532498766,9.1042815778979,-0.0716216467501234,-0.7023684221020977,0.6193990417173176,1.0002783,-0.3808792582826823,0.08825985000000003,-9.004001209407729,-9.489998872801628,0.4859976633938994,0.49033249999999917,1.1483980115543764,0.5509782282975558,0.5974197832568205,0.21056708903400878,0.0631611245142141,0.6193990417173176,0.08825985000000003,0.08825985000000003,0.0,9.1042815778979,0.9283783532498766,43.66200357970995,-79.3942076845694,108.32105711738085,29.09736591358377,-41.83057886181711,1.0,2.5568562094374556,460.0,2.5568562094374556,2.5568562094374556,9.204682353974839,0.5960528558690427,2.5568562094374556,0.02105711738085471,2.5568562094374556,9.204682353974839,-0.4510065347349344,-0.21779114459177895,0.21779114459177895,1.054515871521081,0.0,0.0,0.0,4.789850352669462,0.0007930622691614158,2.8550241689810965,18976.06837703313,5.2711301047314265,0.3037119552591708,249168.3427042851,1783556855168342.8,1783556855210571.2
461.0,197.7113595070112,24288.0,99.21788450480506,-859.0595781726806,103.08193380368692,871.6163757077366,0.09921788450480507,-0.8590595781726805,0.10308193380368692,0.8716163757077364,0.871728358207827,0.871728358207827,8.548734904018787,-0.12827164179217293,-1.2579150959812129,0.9729950670790465,1.0002783,-0.02728323292095347,0.08825985000000003,-8.424496612287118,-9.49490992870943,1.0704133164223117,0.49033249999999917,1.0108884461359262,0.5436116444358532,0.46727680170007313,0.011669324768036282,0.09921788450480507,0.9729950670790465,0.08825985000000003,0.08825985000000003,0.0,8.548734904018787,0.871728358207827,43.66201209311162,-79.39421169087606,108.37113595070112,28.774731004432464,-40.8895074418453,1.0,2.201607262276495,461.0,2.201607262276495,2.201607262276495,7.925786144195381,0.5985567975350559,2.201607262276495,0.07113595070112422,2.201607262276495,7.925786144195381,-0.6149100204890334,-0.21779114459177895,0.21779114459177895,3.5624054182401976,0.0,0.0,0.0,4.8020134997062875,0.0007984174325095738,2.8743027570344655,18977.513358901106,5.2715314885836415,0.331046345854344,249468.8157042067,1783556855468815.8,1783556855711359.5
462.0,200.59358278772504,24288.0,126.40107015855968,-985.2085556598528,23.219251636824843,994.6149728721277,0.12640107015855967,-0.9852085556598528,0.023219251636824846,0.9946149728721277,0.9941014319307176,0.9941014319307176,9.74880480744337,-0.005898568069282397,-0.05784519255662821,1.239571054670439,1.0002783,0.23929275467043917,0.019613299999999834,-9.661595482361694,-9.497740524999998,-0.1638549573616972,0.23908298043226212,0.22770307406426837,0.5540757249999999,-0.32637265093573153,0.392266,0.12640107015855967,1.239571054670439,0.019613299999999834,0.019613299999999834,-0.08760895134734599,9.74880480744337,0.9941014319307176,43.66202060962582,-79.39421568449205,108.4,28.453118097673332,-39.94809196214582,1.0,1.93995357833787,462.0,1.93995357833787,1.93995357833787,6.9838328820163325,0.5952406417212275,0.42362776076891406,0.0,1.93995357833787,6.9838328820163325,-0.5955712030233277,-0.21779114459177895,0.21779114459177895,0.0,0.0,0.0,0.0,4.872016938748266,0.0008055494741214936,2.899978106837377,18981.952137272165,5.272764482575602,0.41019741009535216,250380.4224658516,1783556856380422.5,1783556856240641.8
463.0,194.91308345522813,24288.0,162.7562658865399,-957.3741089306179,40.26074963431558,972.4610254753898,0.1627562658865399,-0.9573741089306178,0.040260749634315585,0.9724610254753897,0.9724169136419485,0.9724169136419485,9.536152326166814,-0.027583086358051526,-0.2704976738331859,1.5960937348562365,1.0002783,0.5958154348562364,0.019613299999999834,-9.388632805344443,-9.497740524999998,0.10910771965555455,0.23629764699331113,0.3948230804013608,0.5540757249999999,-0.15925264459863905,0.392266,0.1627562658865399,1.5960937348562365,0.019613299999999834,0.019613299999999834,-0.022071693960250702,9.536152326166814,0.9724169136419485,43.66202913037482,-79.39421966084159,108.4,28.132895689511855,-39.00620836752554,1.0,1.805642142572422,463.0,1.805642142572422,1.805642142572422,6.500311713260719,0.5958086916544771,1.423627760768926,0.0,1.805642142572422,6.500311713260719,-0.32691969548045907,-0.21779114459177895,0.21779114459177895,0.0,0.0,0.0,0.0,4.734048970960582,0.000783486096606113,2.8205499477820064,18983.539155212035,5.273205320892232,0.43100236835421885,250718.9802260684,1783556856718980.2,1783556856808691.8
464.0,188.41423492889817,24288.0,76.59502303202055,-893.9836320848249,99.81921189687762,905.5693971559267,0.07659502303202055,-0.8939836320848249,0.09981921189687762,0.9055693971559268,0.9053577046945381,0.9053577046945381,8.878526134742692,-0.09464229530546182,-0.9281238652573072,0.7511405826169644,0.9629397452756149,-0.21179916265865056,0.028229889551781212,-8.766984585584648,-9.497740524999998,0.7307559394153493,0.20103632499999868,0.9788920743485149,0.5830035993791773,0.39588847496933766,-0.13546788072383387,0.07659502303202055,0.7511405826169644,0.028229889551781212,0.028229889551781212,0.004342918606049594,8.878526134742692,0.9053577046945381,43.66203697081915,-79.39422555658422,108.4,27.6581011850971,-38.1395256513145,1.0,1.6944050205629213,464.0,1.6944050205629213,1.713386024687663,6.168189688875588,0.597485409573389,0.6632191391549217,0.0,1.713386024687663,6.168189688875588,-0.18552265319930014,-0.20005722037526008,0.20005722037526008,0.0,0.0,0.0,0.0,4.5762049379530785,0.000759514178255798,2.734251041720873,18987.93330004115,5.274425916678099,0.4380090801064857,251676.9551922678,1783556857676955.2,1783556857414235.0
465.0,188.66036520728218,24288.0,132.8678840242739,-915.39613325583,42.13204441861,926.2074472598756,0.13286788402427394,-0.91539613325583,0.04213204441861,0.9262074472598757,0.9259641264202922,0.9259641264202922,9.080606100359558,-0.0740358735797078,-0.7260438996404415,1.3029888348666459,1.0002783,0.3027105348666458,0.019613299999999834,-8.976969490193285,-9.497555487247775,0.5205859970544904,0.20233158926555675,0.41317421339776167,0.603108975,-0.18993476160223835,-0.18142302500000013,0.13286788402427394,1.3029888348666459,0.019613299999999834,0.019613299999999834,-0.02355218260121905,9.080606100359558,0.9259641264202922,43.662044452846395,-79.3942324528464,108.4,27.102733085998526,-37.3124623599459,1.0,1.6027992396837074,465.0,1.6027992396837074,1.6468918859504682,5.928810789421686,0.6007358396056639,1.6027992396837074,0.0,1.6468918859504682,5.928810789421686,-0.10923293199829728,-0.17051852410973914,0.17051852410973914,0.0,0.0,0.0,0.0,4.582182950154469,0.0007646491905734616,2.752737086064462,18989.64733650416,5.274902037917824,0.43806246383760955,252051.41589631938,1783556858051416.0,1783556858037737.2
466.0,183.19552560440457,24288.0,114.65175201468185,-873.4990296337683,28.166343211256088,881.2743216362153,0.11465175201468185,-0.8734990296337682,0.028166343211256085,0.8812743216362152,0.8815504801267745,0.8815504801267745,8.645057015935231,-0.11844951987322551,-1.1615929840647667,1.1243496038947796,1.0002783,0.12407130389477969,0.019613299999999834,-8.566099258957992,-9.494578166731579,0.9284789077735855,0.22317283287894232,0.27621746965266447,0.603108975,-0.3268915053473356,-0.18142302500000013,0.11465175201468185,1.1243496038947796,0.019613299999999834,0.019613299999999834,-0.008690349741662433,8.645057015935231,0.8815504801267745,43.662051739299194,-79.3942397392992,108.4,26.51594225049151,-36.50701786713565,1.0,1.6306224588837077,466.0,1.6306224588837077,1.6468918859504682,5.928810789421686,0.5964854088034257,1.6306224588837077,0.0,1.6468918859504682,5.928810789421686,-0.04030507059347013,-0.09873390621225438,0.09873390621225438,0.0,0.0,0.0,0.0,4.449452925879777,0.0007373289272435876,2.654384138076915,18991.224169192545,5.275340046997931,0.43892142627093494,252412.0953101093,1783556858412095.2,1783556858644941.5
467.0,190.2539128006618,24288.0,83.05652598841839,-993.2069591927201,33.422023481667615,1000.251886526605,0.08305652598841838,-0.9932069591927201,0.03342202348166761,1.0002518865266048,0.9997305936958977,0.9997305936958977,9.804008026667875,-0.0002694063041023473,-0.0026419733321252914,0.8145062805843231,1.019671306680579,-0.20516502609625586,0.03432327500000021,-9.740033026367287,-9.46341725,-0.27661577636728785,0.22818653435281103,0.32775808657649563,0.5959359093528108,-0.26817782277631513,-0.21575126774011996,0.08305652598841838,0.8145062805843231,0.03432327500000021,0.03432327500000021,0.01962192918777027,9.804008026667875,0.9997305936958977,43.66205934376747,-79.39424629884013,108.4,25.987690903384067,-35.666419944116,1.0,1.7179726176293644,467.0,1.7179726176293644,1.7179726176293644,6.184701423465712,0.5936269564003309,0.4152572011954555,0.0,1.7179726176293644,6.184701423465712,0.07108073167889613,-0.03554715324405324,0.05424623442983561,0.0,0.0,0.0,0.0,4.6208870341024735,0.0007619876047354884,2.743155377047758,18995.45825093856,5.276516180816269,0.4289394836505171,253340.55533819908,1783556859340555.2,1783556859208985.5
468.0,193.273517992461,24288.0,30.21343513193264,-959.9913020829291,101.8664078291158,969.5525670766466,0.030213435131932656,-0.959991302082929,0.1018664078291158,0.9695525670766465,0.9690480811042671,0.9690480811042671,9.503115364561161,-0.03095191889573288,-0.30353463543883885,0.2962925836365673,1.0073328853246801,-0.7110403016881128,0.03432327500000021,-9.414298702571555,-9.46341725,0.04911854742844424,0.2109127444545515,0.9989682083373983,0.5786621194545523,0.42030608888284615,-0.2984186908246428,0.030213435131932656,0.2962925836365673,0.03432327500000021,0.03432327500000021,0.007137860362239821,9.503115364561161,0.9690480811042671,43.66206739604798,-79.39425183478299,108.4,25.541871707215382,-34.7763208562543,1.0,1.8891454027713586,468.0,1.8891454027713586,1.8891454027713586,6.8009234499768905,0.5951367589962304,1.4152572011954472,0.0,1.8891454027713586,6.8009234499768905,0.24225351682089025,0.015532549953501548,0.04819665023310901,0.0,0.0,0.0,0.0,4.694227205000892,0.0007760546569591989,2.793796765053116,18996.87885004886,5.276910791680241,0.407098570525209,253640.5027872511,1783556859640502.8,1783556859712253.0
469.0,195.6164943293028,24288.0,117.58764176743,-972.9855737190636,-3.8082471646514002,980.3278435665038,0.11758764176743,-0.9729855737190636,-0.0038082471646514,0.9803278435665037,0.9802404172494171,0.9802404172494171,9.612874687818996,-0.019759582750582913,-0.1937753121810039,1.1531408471385673,1.0257351514713855,0.1274056956671819,0.01679262058584287,-9.541728976512054,-9.42774936324247,-0.11397961326958346,0.1493238690737868,-0.037346147057228656,0.55078493235015,-0.5881310794073787,-0.18142302500000013,0.11758764176743,1.1531408471385673,0.01679262058584287,0.01679262058584287,-0.02459719214142238,9.612874687818996,0.9802404172494171,43.66207564330387,-79.39425672577552,108.41917528353487,25.147991492418008,-33.864669190024756,1.0,2.034241492513978,469.0,2.034241492513978,2.034241492513978,7.323269373050319,0.598041235823257,0.42824246950300227,0.019175283534858905,2.034241492513978,7.323269373050319,0.3221300865256522,0.05345477200133705,0.05345477200133705,0.8586058712695568,0.0,0.0,0.0,4.7511334142701065,0.0007892809280746655,2.8414113410687953,19001.079284440577,5.278077579011274,0.3856961878505915,254524.90118419708,1783556860524901.2,1783556860191752.8
470.0,194.7209603783094,24288.0,139.9759905422652,-984.6275150819779,-3.360480189154696,995.104153757895,0.13997599054226523,-0.9846275150819779,-0.0033604801891546957,0.995104153757895,0.9947790118126048,0.9947790118126048,9.75544959619208,-0.005220988187395213,-0.051200403807919265,1.372695547651305,1.0279306984765129,0.3447648491747922,0.010205979570460866,-9.655897420778677,-9.447509286288616,-0.2083881344900608,0.028568783791781432,-0.032955053046973895,0.5431005178322043,-0.5760555708791781,-0.18142302500000013,0.13997599054226523,1.372695547651305,0.010205979570460866,0.010205979570460866,-0.024689751584143226,9.75544959619208,0.9947790118126048,43.6620841508764,-79.3942607556783,108.46395198108453,24.823456346921812,-32.92424212233225,1.0,2.144521915836654,470.0,2.144521915836654,2.144521915836654,7.720278897011956,0.5958024009457734,1.428242469502997,0.0639519810845268,2.144521915836654,7.720278897011956,0.280114731913115,0.07381010270732379,0.07381010270732379,2.8635585147241147,0.0,0.0,0.0,4.729382685668379,0.0007827315420179229,2.8178335512645223,19002.332517921153,5.278425699422545,0.364879298454643,254790.87476764212,1783556860790874.8,1783556860639519.8
471.0,193.16075576725453,24288.0,153.6359299897235,-994.755319809471,-1.3215115345090362,1007.1678488465491,0.1536359299897235,-0.994755319809471,-0.0013215115345090362,1.007167848846549,1.0066719278827998,1.0066719278827998,9.872079261571859,0.006671927882799855,0.0654292615718592,1.5066537928337218,1.0301097587227526,0.47654403411096935,0.004903325000000125,-9.755217257009546,-9.46341725,-0.29180000700954783,-0.069058058722753,-0.012959601089893042,0.5348565438862366,-0.5478161449761296,-0.18142302500000013,0.1536359299897235,1.5066537928337218,0.004903325000000125,0.004903325000000125,-0.022685940794177965,9.872079261571859,1.0066719278827998,43.66209259456404,-79.39426500709308,108.5,24.481082451077423,-31.99087689122791,1.0,2.2408136775929774,471.0,2.2408136775929774,2.2408136775929774,8.066929239334721,0.594,2.2408136775929774,0.09160755767253997,2.2408136775929774,8.066929239334721,0.23312921938584558,0.09019740651654473,0.09019740651654473,4.101883903167335,0.0,0.0,0.0,4.691488436075078,0.0007740955919523879,2.786744131028596,19003.564232808265,5.278767842446744,0.34683372310937094,255054.8511074251,1783556861054851.0,1783556861083924.5
472.0,188.85556975287787,24288.0,131.248962714965,-998.6299872224099,7.288860494244238,1008.0288860494244,0.13124896271496497,-0.9986299872224098,0.007288860494244238,1.0080288860494244,1.0076386233465948,1.0076386233465948,9.881559305641883,0.007638623346594859,0.07490930564188447,1.2871126402087112,1.032220731344147,0.25489190886456436,0.004903325000000125,-9.793214764194644,-9.46341725,-0.3297975141946458,-0.07116903134414691,0.07147930376588024,0.524301680779265,-0.4528223770133847,-0.18142302500000013,0.13124896271496497,1.2871126402087112,0.004903325000000125,0.004903325000000125,-0.012024462908348217,9.881559305641883,1.0076386233465948,43.66210077441747,-79.3942701733163,108.5,24.065037426196355,-31.08667589328832,1.0,2.2793345489455477,472.0,2.2793345489455477,2.2793345489455477,8.205604376203972,0.594,2.2793345489455477,0.04855569752877606,2.2793345489455477,8.205604376203972,0.16561776541525935,0.09019740651654473,0.09019740651654473,2.1741637825592965,0.0,0.0,0.0,4.586924078157899,0.0007568424728960531,2.7246329024257916,19004.70707941456,5.27908529983738,0.3402332227297484,255310.57915667904,1783556861310579.2,1783556861514443.0
473.0,184.55038373850124,24288.0,108.86199544020647,-1002.5046546353489,15.899232522997512,1008.8899232522997,0.10886199544020647,-1.0025046546353489,0.015899232522997513,1.0088899232522996,1.0086053188103898,1.0086053188103898,9.891039349711908,0.008605318810389864,0.08438934971190974,1.0675714875837006,1.0343317039655413,0.03323978361815938,0.004903325000000125,-9.831212271379743,-9.46341725,-0.36779502137974385,-0.07328000396554082,0.1559182086216535,0.5137468176722932,-0.35782860905063973,-0.18142302500000013,0.10886199544020647,1.0675714875837006,0.004903325000000125,0.004903325000000125,-0.0013629850225184668,9.891039349711908,1.0086053188103898,43.6621089542709,-79.39427533953952,108.5,23.648992401315283,-30.182474895348733,1.0,2.3178554202981174,473.0,2.3178554202981174,2.3178554202981174,8.344279513073223,0.594,2.3178554202981174,0.005503837385012145,2.3178554202981174,8.344279513073223,0.09810631144467316,0.09019740651654473,0.09019740651654473,0.24644366195125933,0.0,0.0,0.0,4.482359720240718,0.0007395893538397185,2.6625216738229867,19005.84992602085,5.279402757228016,0.33363272235012587,255566.30720593303,1783556861566307.2,1783556861944961.8
474.0,183.34655404160344,24288.0,114.35695912329281,-849.8289882171222,118.22560946522532,866.7496639675015,0.11435695912329281,-0.8498289882171222,0.11822560946522531,0.8667496639675016,0.8670010886543935,0.8670010886543935,8.502376226052608,-0.13299891134560649,-1.3042737739473917,1.1214586731864393,1.0493115499999999,0.07214712318643944,0.004903324999999903,-8.33397544729944,-9.46341725,1.129441802700558,-0.14661836012994206,1.1593971730621517,0.5284177520197741,0.6309794210423776,-0.027695173155367535,0.11435695912329281,1.1214586731864393,0.004903324999999903,0.004903324999999903,-2.4385571373449274e-16,8.502376226052608,0.8670010886543935,43.66211658452679,-79.39428189141871,108.5,23.12135806811428,-29.339026408789767,1.0,2.389969173336812,474.0,2.389969173336812,2.389969173336812,8.603889024012522,0.5960396621248103,0.8721579656109361,0.0,2.389969173336812,8.603889024012522,0.12565657674884045,0.09095610583370992,0.09095610583370992,0.0,0.0,0.0,0.0,4.453121104562464,0.0007372925830369851,2.6542532989331464,19009.56677958521,5.28043521655145,0.313963291833406,256401.23931687887,1783556862401239.2,1783556862346554.0
475.0,183.74390641957626,24288.0,125.08547332855878,-794.5970076789012,74.91420026618866,809.1335691614436,0.12508547332855877,-0.7945970076789012,0.07491420026618867,0.8091335691614436,0.8091257570098283,0.8091257570098283,7.934813104980432,-0.19087424299017175,-1.8718368950195674,1.2266694570175107,1.0493115499999999,0.17735790701751092,0.004903324999999903,-7.792334745354296,-9.46341725,1.6710825046457034,-0.23039731762505458,0.734657342040419,0.5186760127761564,0.2159813292642626,-0.0004183032732379202,0.12508547332855877,1.2266694570175107,0.004903324999999903,0.004903324999999903,-9.557008048576154e-17,7.934813104980432,0.8091257570098283,43.66212413422197,-79.39428864640914,108.5,22.577366830826875,-28.50448310335095,1.0,2.4670070141039684,475.0,2.4670070141039684,2.4670070141039684,8.881225250774285,0.5972317192587288,1.8721579656109335,0.0,2.4670070141039684,8.881225250774285,0.16714111091689798,0.09182601627090202,0.09182601627090202,0.0,0.0,0.0,0.0,4.462771999118668,0.0007403674652747533,2.665322874989112,19010.628686815016,5.280730190781952,0.3099570235415058,256638.8560389066,1783556862638856.0,1783556862743906.5
476.0,197.59811184187953,24288.0,110.68487060824151,-979.7698377236622,-1.3074802520974202,987.0377631624092,0.1106848706082415,-0.9797698377236622,-0.0013074802520974226,0.9870377631624092,0.9876156529702542,0.9876156529702542,9.685201043200744,-0.012384347029745797,-0.12144895679925659,1.0854477863503114,1.075798763252916,0.009649023097395348,-0.019613300000000056,-9.608259879112751,-9.46735842650583,-0.14090145260692072,-0.07354987499999943,-0.012822001214231188,0.48054899563229003,-0.49337099684652125,0.05113333549222397,0.1106848706082415,1.0854477863503114,-0.019613300000000056,-0.019613300000000056,-0.03568455671452093,9.685201043200744,0.9876156529702542,43.66213167925439,-79.39429541132895,108.51339627193735,22.03257596232758,-27.670455220100433,1.0,2.5350196299680756,476.0,2.5350196299680756,2.5288376943102158,9.103815699516778,0.5948660372806265,0.35550006840208254,0.013396271937347931,2.5288376943102158,9.103815699516778,0.1800852780341878,0.09238667348816865,0.09238667348816865,0.5048103158630352,0.0,0.0,0.0,4.79926294041557,0.0007930352724095212,2.8549269806742763,19014.551329742546,5.2818198138173775,0.30571374525378525,257466.57385530786,1783556863466573.8,1783556863133962.8
477.0,196.467624976077,24288.0,81.66904105264261,-1001.6259171291783,54.086376172227745,1009.6475004784603,0.08166904105264261,-1.0016259171291784,0.05408637617222774,1.0096475004784602,1.0098045089878935,1.0098045089878935,9.902799388066127,0.009804508987893642,0.09614938806612719,0.8008997014388975,1.0813419077641773,-0.28044220632527983,-0.019613300000000056,-9.822594800214855,-9.478444715528353,-0.3441500846865021,-0.07354987499999943,0.5304061608893771,0.4944068569104433,0.035999303978933916,0.03635161679552715,0.08166904105264261,0.8008997014388975,-0.019613300000000056,-0.019613300000000056,-0.0201575412768142,9.902799388066127,1.0098045089878935,43.66213921583349,-79.39430219425014,108.5510791674641,21.486335411234172,-26.837361765826543,1.0,2.586670063797123,477.0,2.586670063797123,2.5630987203519555,9.22715539326704,0.594489208325359,1.3555000684020906,0.0510791674640976,2.5630987203519555,9.22715539326704,0.14128750120564704,0.09238667348816865,0.09238667348816865,1.9248109311430346,0.0,0.0,0.0,4.771805675418958,0.0007880014404934757,2.836805185776512,19015.611454744067,5.282114292984466,0.3010407823058597,257690.41025473675,1783556863690410.2,1783556863510791.8
478.0,195.33713811027442,24288.0,52.65321149704371,-1023.4819965346943,109.4802325965529,1032.2572377945114,0.0526532114970437,-1.0234819965346944,0.10948023259655289,1.0322572377945114,1.031993365005533,1.031993365005533,10.12039773293151,0.031993365005533084,0.31374773293151104,0.5163516165274836,1.0868850522754385,-0.570533435747955,-0.019613300000000056,-10.036929721316959,-9.489531004550877,-0.5473987167660834,-0.07354987499999943,1.0736343229929857,0.5082647181885965,0.565369604804389,0.021569898098830316,0.0526532114970437,0.5163516165274836,-0.019613300000000056,-0.019613300000000056,-0.004630525839107474,10.12039773293151,1.031993365005533,43.662146752412596,-79.39430897717133,108.58876206299085,20.940094860140764,-26.004268311552654,1.0,2.63832049762617,478.0,2.63832049762617,2.5973597463936953,9.350495087017304,0.5941123793700914,2.3555000684020984,0.08876206299084728,2.5973597463936953,9.350495087017304,0.10248972437710628,0.09238667348816865,0.09238667348816865,3.3448115464230344,0.0,0.0,0.0,4.7443484104223455,0.00078296760857743,2.8186833908787476,19016.671579745584,5.2824087721515545,0.2963678193579341,257914.24665416568,1783556863914246.8,1783556863887620.8
479.0,196.34564794676464,24288.0,52.881276448646595,-1043.4564794676464,107.69918792400095,1051.1108315208817,0.0528812764486466,-1.0434564794676464,0.10769918792400096,1.0511108315208817,1.0509053028951822,1.0509053028951822,10.30586048863704,0.05090530289518231,0.4992104886370396,0.5185881696851201,1.089857779843714,-0.5712696101585939,-0.019613300000000056,-10.232812484371394,-9.484919420937715,-0.7478930634336782,-0.07223024515628576,1.0561682412549038,0.5123974625,0.543770778754904,0.017161637499999993,0.0528812764486466,0.5185881696851201,-0.019613300000000056,-0.019613300000000056,0.0,10.30586048863704,1.0509053028951822,43.6621541134622,-79.3943161134622,108.6,20.365396829680552,-25.190577888776858,1.0,2.641304448371072,479.0,2.641304448371072,2.61999663929406,9.431987901458616,0.594,2.641304448371072,0.07308704106470312,2.61999663929406,9.431987901458616,0.07886966734842867,0.09238667348816865,0.09238667348816865,2.7541313328006054,0.0,0.0,0.0,4.768843097331019,0.0007868591110596182,2.8326927998146254,19017.764284664576,5.282712301295719,0.294907612395675,258140.86297607564,1783556864140863.0,1783556864269129.5
480.0,198.26313671725993,24288.0,65.53670233391554,-1062.6313671725993,81.62134064526492,1068.3682304553395,0.06553670233391555,-1.0626313671725993,0.08162134064526493,1.0683682304553395,1.0684246956053043,1.0684246956053043,10.477667041157757,0.06842469560530427,0.6710170411577572,0.6426955019428928,1.0917381939688318,-0.44904269202593894,-0.019613300000000056,-10.420853896883171,-9.473636936187008,-0.947216960696162,-0.07034983103116836,0.8004319202388872,0.5123974625,0.28803445773888725,0.017161637499999993,0.06553670233391555,0.6426955019428928,-0.019613300000000056,-0.019613300000000056,0.0,10.477667041157757,1.0684246956053043,43.662161399919526,-79.39432339991953,108.6,19.778605629917372,-24.385132895677835,1.0,2.6236072976125513,480.0,2.6236072976125513,2.6376937900525808,9.495697644189292,0.594,2.6236072976125513,0.034737265654799385,2.6376937900525808,9.495697644189292,0.06169946952220778,0.09238667348816865,0.09238667348816865,1.3090007525548186,0.0,0.0,0.0,4.81541506458881,0.0007945434856571536,2.8603565483657527,19018.870834606623,5.28301967627962,0.29481268454204623,258368.66064201048,1783556864368660.8,1783556864652627.2
481.0,195.7257250331687,24288.0,111.28002821206782,-1025.9772221196192,60.26276847635827,1033.1486439738887,0.11128002821206782,-1.025977222119619,0.060262768476358274,1.0331486439738886,1.033837298856057,1.033837298856057,10.138480546826749,0.033837298856056824,0.3318305468267497,1.091284288665875,1.0941139046508692,-0.002829615984994236,-0.019613300000000056,-10.061399525299363,-9.47863154723815,-0.5827679780612124,-0.06864655000000042,0.5909758784786787,0.5522124384445104,0.03876344003416839,0.044129925000000014,0.11128002821206782,1.091284288665875,-0.019613300000000056,-0.019613300000000056,0.0,10.138480546826749,1.033837298856057,43.66216871997179,-79.39433061711867,108.6,19.197391912810918,-23.575974318542848,1.0,2.612377037385073,481.0,2.612377037385073,2.656941614090374,9.564989810725345,0.5987942937748765,0.0941989807369614,0.0,2.656941614090374,9.564989810725345,0.047782303547973776,0.09231161584741526,0.09231161584741526,0.0,0.0,0.0,0.0,4.753786409605602,0.0007907163264189292,2.8465787751081453,19022.817489616933,5.28411596933804,0.29376842982678975,259194.33063191638,1783556865194330.8,1783556865034284.2
482.0,192.81406967675693,24288.0,103.63693290148693,-1004.5037638660823,84.28392516675535,1013.4949703181093,0.10363693290148693,-1.0045037638660823,0.08428392516675536,1.013494970318109,1.0139734498541664,1.0139734498541664,9.94368273201236,0.01397344985416641,0.13703273201236105,1.0163311280383667,1.1012523009011081,-0.08492117286274127,-0.019613300000000056,-9.850816835917316,-9.483985344425829,-0.36683149149148614,-0.06864655000000042,0.8265429547365613,0.5584585351634694,0.268084419573092,0.044129925000000014,0.10363693290148693,1.0163311280383667,-0.019613300000000056,-0.019613300000000056,0.0,9.94368273201236,1.0139734498541664,43.6621763630671,-79.39433716834323,108.6,18.669810299107912,-22.731106563043273,1.0,2.6633312720284863,482.0,2.6633312720284863,2.6911004427475356,9.68796159389113,0.5966105522575677,1.0941989807369517,0.0,2.6911004427475356,9.68796159389113,0.06514572621888472,0.09151481698434726,0.09151481698434726,0.0,0.0,0.0,0.0,4.683068124309073,0.0007761797899968649,2.7942472439887136,19023.802984281683,5.284389717856026,0.28622336663910014,259410.1570852104,1783556865410157.0,1783556865398241.2
483.0,189.90241432034514,24288.0,95.99383759090604,-983.0303056125456,108.30508185715244,993.8412966623298,0.09599383759090604,-0.9830303056125456,0.10830508185715246,0.9938412966623298,0.994109600852276,0.994109600852276,9.748884917197971,-0.005890399147724004,-0.05776508280202758,0.9413779674108587,1.1083906971513469,-0.1670127297404883,-0.019613300000000056,-9.640234146535269,-9.489339141613508,-0.15089500492175983,-0.06864655000000042,1.062110030994444,0.5647046318824284,0.49740539911201553,0.044129925000000014,0.09599383759090604,0.9413779674108587,-0.019613300000000056,-0.019613300000000056,0.0,9.748884917197971,0.994109600852276,43.662184006162406,-79.39434371956777,108.6,18.142228685404906,-21.886238807543698,1.0,2.7142855066718994,483.0,2.7142855066718994,2.7252592714046977,9.810933377056912,0.5944268107402588,2.094198980736942,0.0,2.7252592714046977,9.810933377056912,0.08250914888979566,0.09071801812127923,0.09071801812127923,0.0,0.0,0.0,0.0,4.612349839012544,0.0007616432535748006,2.741915712869282,19024.78847894643,5.284663466374012,0.27867830345141054,259625.98353850443,1783556865625983.5,1783556865762198.2
484.0,178.60783894466596,24288.0,20.183995941022925,-1012.8265647084135,113.74207951292276,1020.0739245460543,0.020183995941022926,-1.0128265647084134,0.11374207951292276,1.0200739245460542,1.0195465565421595,1.0195465565421595,9.998336238714169,0.01954655654215946,0.191686238714168,0.19793738379503248,1.1553135891897515,-0.957376205394719,-0.2206496250000003,-9.932435630797762,-9.481211221486149,-0.4512244093116136,-0.07354987500000121,1.115428764055404,0.593302325,0.5221264390554039,0.020497073108726782,0.020183995941022926,0.19793738379503248,-0.2206496250000003,-0.2206496250000003,-0.2960876783933393,9.998336238714169,1.0195465565421595,43.66219172095821,-79.39435010255862,108.6,17.628195227772142,-21.033445279332362,1.0,2.7543787652760603,484.0,2.7543787652760603,2.7543787652760603,9.915763554993816,0.5952473598376409,0.34662104972147745,0.0,2.7543787652760603,9.915763554993816,0.08904701751419192,0.08956442002471418,0.08956442002471418,0.0,0.0,0.0,0.0,4.338027192288046,0.000717296576611485,2.582267675801346,19028.331007808392,5.2856475021690015,0.2736636232662002,260435.83691153582,1783556866435837.0,1783556866123680.0
485.0,183.2464462824428,24288.0,38.02479339401082,-992.1312396629475,115.8829752072813,1000.0922313987079,0.03802479339401082,-0.9921312396629475,0.1158829752072813,1.0000922313987077,0.999959868083584,0.999959868083584,9.806256440341878,-4.0131916416025204e-05,-0.00039355965812121196,0.3728958401373762,1.1640615120068687,-0.7911656718694924,-0.2206496250000003,-9.729483821440644,-9.475962467795878,-0.25352135364476497,-0.07354987500000121,1.1364237788164853,0.593302325,0.5431214538164851,0.030119788207555696,0.03802479339401082,0.3728958401373762,-0.2206496250000003,-0.2206496250000003,-0.175528069821304,9.806256440341878,0.999959868083584,43.662199570909095,-79.39435616842975,108.6,17.139699976773095,-20.16571170908169,1.0,2.7739991382051334,485.0,2.7739991382051334,2.7739991382051334,9.98639689753848,0.5959609917357604,1.3466210497214774,0.0,2.7739991382051334,9.98639689753848,0.0751787707431766,0.0877382571522078,0.0877382571522078,0.0,0.0,0.0,0.0,4.450689687307971,0.0007368319643697475,2.652595071731091,19029.31403140917,5.285920564280328,0.2734187024227582,260648.8560331245,1783556866648856.0,1783556866480495.8
486.0,187.88505362021968,24288.0,55.86559084699872,-971.4359146174814,118.02387090163984,980.1105382513614,0.055865590846998714,-0.9714359146174815,0.11802387090163985,0.9801105382513614,0.9803731796250085,0.9803731796250085,9.614176641969589,-0.019626820374991513,-0.1924733580304105,0.54785429647972,1.1728094348239857,-0.6249551383442657,-0.2206496250000003,-9.526532012083525,-9.470713714105608,-0.05581829797791632,-0.07354987500000121,1.1574187935775664,0.593302325,0.5641164685775664,0.03974250330638461,0.055865590846998714,0.54785429647972,-0.2206496250000003,-0.2206496250000003,-0.054968461249268685,9.614176641969589,0.9803731796250085,43.66220742085997,-79.39436223430089,108.6,16.65120472577405,-19.29797813883102,1.0,2.793619511134207,486.0,2.793619511134207,2.793619511134207,10.057030240083144,0.5966746236338799,2.3466210497214774,0.0,2.793619511134207,10.057030240083144,0.061310523972161274,0.08591209427970142,0.08591209427970142,0.0,0.0,0.0,0.0,4.563352182327895,0.0007563673521280101,2.7229224676608363,19030.297055009945,5.286193626391656,0.27317378157931616,260861.87515471317,1783556866861875.2,1783556866837311.8
487.0,188.4992248224144,24288.0,32.85891506509888,-957.1224806728468,106.90000013071614,974.751937943964,0.03285891506509887,-0.9571224806728468,0.10690000013071613,0.974751937943964,0.9661289773968573,0.9661289773968573,9.47448873618889,-0.033871022603142724,-0.33216126381110955,0.3222358794231519,1.1767979999999998,-0.8545621205768479,-0.24272599034290496,-9.386165175090373,-9.471080120667862,0.08491494557748994,-0.07354987500000121,1.0483308862818872,0.5997412648916806,0.44858962139020675,0.04642954638988592,0.03285891506509887,0.3222358794231519,-0.24272599034290496,-0.24272599034290496,-0.03679394223817444,9.47448873618889,0.9661289773968573,43.662215314728634,-79.39436818914724,108.6,16.17165049437587,-18.425389896838425,1.0,2.8208684938378776,487.0,2.8208684938378776,2.8208684938378776,10.15512657781636,0.5975627906915946,2.8208684938378776,0.0,2.8208684938378776,10.15512657781636,0.06297510160756963,0.08170910682295023,0.08170910682295023,0.0,0.0,0.0,0.0,4.578269172486801,0.000759920684708999,2.7357144649523963,19031.242812771543,5.286456336880988,0.27127743007439836,261071.5581383189,1783556867071558.2,1783556867187597.0
488.0,185.74072957801815,24288.0,-24.379861256123505,-948.157371128559,84.6596322227713,981.6481760549547,-0.0243798612561235,-0.948157371128559,0.08465963222277129,0.9816481760549546,0.9563620294830226,0.9563620294830226,9.378707696429682,-0.04363797051697742,-0.4279423035703166,-0.23908476638736353,1.1767979999999998,-1.4158827663873632,-0.2833033864255928,-9.298247483577882,-9.4761522951782,0.177904811600316,-0.07354987500000121,0.83022738233744,0.6115763387491312,0.21865104358830884,0.05065635848183256,-0.0243798612561235,-0.23908476638736353,-0.2833033864255928,-0.2833033864255928,-0.10442293570932082,9.378707696429682,0.9563620294830226,43.66222324540246,-79.39437405094964,108.6,15.699589257223414,-17.548733211977915,1.0,2.854510609729435,488.0,2.854510609729435,2.854510609729435,10.276238195025964,0.5985972264082432,2.854510609729435,0.0,2.854510609729435,10.276238195025964,0.07765691542996925,0.07551422876223605,0.07551422876223605,0.0,0.0,0.0,0.0,4.511270839990905,0.0007500803046236642,2.700289096645191,19032.15734001011,5.286710372225035,0.26799710213323247,261278.44528164863,1783556867278445.2,1783556867532408.8
489.0,182.98223433362188,24288.0,-81.61863757734588,-939.1922615842711,62.41926431482645,988.5444141659453,-0.08161863757734589,-0.9391922615842712,0.062419264314826445,0.9885444141659453,0.9465950815691879,0.9465950815691879,9.282926656670476,-0.05340491843081211,-0.5237233433295236,-0.800405412197879,1.1767979999999998,-1.9772034121978788,-0.3238807825082806,-9.210329792065393,-9.481224469688534,0.270894677623142,-0.07354987500000121,0.6121238783929926,0.6234114126065818,-0.011287534213589079,0.05488317057377921,-0.08161863757734589,-0.800405412197879,-0.3238807825082806,-0.3238807825082806,-0.17205192918046722,9.282926656670476,0.9465950815691879,43.66223117607629,-79.39437991275203,108.6,15.227528020070954,-16.6720765271174,1.0,2.888152725620992,489.0,2.888152725620992,2.888152725620992,10.397349812235571,0.5996316621248917,2.888152725620992,0.0,2.888152725620992,10.397349812235571,0.09233872925236887,0.06931935070152188,0.06931935070152188,0.0,0.0,0.0,0.0,4.4442725074950085,0.0007402399245383294,2.664863728337986,19033.07186724868,5.286964407569082,0.2647167741920666,261485.33242497835,1783556867485332.5,1783556867877220.8
490.0,183.78791612831898,24288.0,173.51418066370675,-909.8150452212064,5.906290376077148,926.8754645796115,0.17351418066370675,-0.9098150452212064,0.005906290376077148,0.9268754645796116,0.9267144281074313,0.9267144281074313,9.087964046399742,-0.07328557189256864,-0.7186859536002582,1.7015928398057398,1.1522813749999998,0.5493114648057399,-0.31337143739735107,-8.922237713218543,-9.49387711615011,0.5716394029315659,-0.009806649999999806,0.057920922516557005,0.6203461869492274,-0.5624252644326704,0.1229428711070643,0.17351418066370675,1.7015928398057398,-0.31337143739735107,-0.31337143739735107,0.041946197651511086,9.087964046399742,0.9267144281074313,43.66223909001292,-79.39438581750969,108.6,14.752007520636973,-15.797269972029623,1.0,2.9289845446496257,490.0,2.9289845446496257,2.9169373275071373,10.500974379025696,0.595,0.6439238618891101,0.0,2.9169373275071373,10.500974379025696,0.09367972349027108,0.06711350244559489,0.06711350244559489,0.0,0.0,0.0,0.0,4.463840906924611,0.0007377737054500399,2.655985339620144,19036.6174355855,5.287949287662644,0.2714429188352159,262280.1899036502,1783556868280190.0,1783556868212083.8
491.0,183.45855440679676,24288.0,182.07758542328432,-937.4814298290723,30.608419490243207,956.1886577950886,0.1820775854232843,-0.9374814298290723,0.030608419490243205,0.9561886577950887,0.95618465216893,0.95618465216893,9.376968219192436,-0.04381534783107001,-0.4296817808075627,1.785571153091251,1.1522813749999998,0.6332897780912512,-0.2746122158809613,-9.193552263833272,-9.495492083713291,0.3019398198800196,-0.009806649999999806,0.3001660569939936,0.609041414006947,-0.3088753570129534,0.2263007951507706,0.1820775854232843,1.785571153091251,-0.2746122158809613,-0.2746122158809613,0.1070877464185528,9.376968219192436,0.95618465216893,43.662246994694236,-79.39439174602067,108.6,14.27457412306888,-14.923486499177915,1.0,2.973792115904156,491.0,2.973792115904156,2.9430358279296835,10.594928980546861,0.595,1.6439238618891152,0.0,2.9430358279296835,10.594928980546861,0.08764352952622388,0.06711350244559489,0.06711350244559489,0.0,0.0,0.0,0.0,4.45584136943228,0.0007364515596700573,2.651225614812206,19037.488465225353,5.288191240340381,0.26892834748951255,262476.16012795595,1783556868476160.2,1783556868541445.5
492.0,183.12919268527455,24288.0,190.64099018286188,-965.1478144369383,55.31054860440926,985.5018510105657,0.19064099018286187,-0.9651478144369383,0.05531054860440927,0.9855018510105656,0.9856548762304286,0.9856548762304286,9.665972391985132,-0.01434512376957138,-0.14067760801486717,1.8695494663767622,1.1522813749999998,0.7172680913767625,-0.23585299436457147,-9.464866814448001,-9.497107051276474,0.03224023682847332,-0.009806649999999806,0.5424111914714302,0.5977366410646666,-0.055325449593236375,0.32965871919447687,0.19064099018286187,1.8695494663767622,-0.23585299436457147,-0.23585299436457147,0.17222929518559452,9.665972391985132,0.9856548762304286,43.662254899375554,-79.39439767453167,108.6,13.797140725500789,-14.049703026326206,1.0,3.0185996871586864,492.0,3.0185996871586864,2.96913432835223,10.688883582068028,0.595,2.64392386188912,0.0,2.96913432835223,10.688883582068028,0.08160733556217668,0.06711350244559489,0.06711350244559489,0.0,0.0,0.0,0.0,4.4478418319399475,0.0007351294138900747,2.646465890004269,19038.359494865206,5.288433193018117,0.26641377614380923,262672.13035226165,1783556868672130.2,1783556868870807.2
493.0,203.22391248281923,24288.0,121.27791079178009,-1029.3681166895744,-10.188773068430113,1038.3282625515424,0.12127791079178007,-1.0293681166895743,-0.010188773068430112,1.0383282625515424,1.0380801833814588,1.0380801833814588,10.180089030357784,0.03808018338145888,0.3734390303577837,1.1893300238662101,1.1130547750000002,0.07627524886620995,-0.1646380453683505,-10.094652841533813,-9.501741352116545,-0.5929114894172688,0.0393243088956833,-0.09991773141152016,0.5687857,-0.6687034314115201,0.3301927663345359,0.12127791079178007,1.1893300238662101,-0.1646380453683505,-0.1646380453683505,0.09319730387961697,10.180089030357784,1.0380801833814588,43.662262691664516,-79.39440387572287,108.6,13.297747912220911,-13.188343404218445,1.0,3.0245883396540383,493.0,3.0245883396540383,2.97937150872536,10.725737431411297,0.5954278978966224,0.6077483300808231,0.0,2.97937150872536,10.725737431411297,0.06307590001107298,0.06711350244559489,0.06711350244559489,0.0,0.0,0.0,0.0,4.935902386382714,0.0008164276723907973,2.9391396206068703,19042.234765591475,5.289509657108748,0.2650624396862315,263465.5952336957,1783556869465595.2,1783556869203985.5
494.0,205.23776002832622,24288.0,77.30890604821106,-1026.6829866288983,7.6002135835482,1032.2867199150214,0.07730890604821103,-1.0266829866288982,0.007600213583548201,1.0322867199150214,1.0319920979341637,1.0319920979341637,10.120385307206067,0.03199209793416379,0.31373530720606735,0.7581413834976889,1.1130547750000002,-0.35491339150231127,-0.0724755878850023,-10.068320710824285,-9.508324384793926,-0.5599963260303582,0.04755309974241094,0.07453263453910294,0.5687857,-0.49425306546089703,0.26436243956071587,0.07730890604821103,0.7581413834976889,-0.0724755878850023,-0.0724755878850023,0.24654581882695173,10.120385307206067,1.0319920979341637,43.662270411413445,-79.39441025290675,108.6,12.784182098280953,-12.335002358155956,1.0,3.0055225659106224,494.0,3.0055225659106224,2.97937150872536,10.725737431411297,0.5977773866997139,1.6077483300808217,0.0,2.97937150872536,10.725737431411297,0.03647981148442816,0.06711350244559489,0.06711350244559489,0.0,0.0,0.0,0.0,4.984814715567987,0.0008277952600070043,2.9800629360252153,19043.25383766594,5.2897927326849885,0.2644618758837013,263667.315629504,1783556869667315.8,1783556869539626.8
495.0,207.25160757383318,24288.0,33.33990130464201,-1023.9978565682225,25.38920023552651,1026.2451772785005,0.03333990130464198,-1.0239978565682224,0.02538920023552652,1.0262451772785004,1.0259040124868688,1.0259040124868688,10.06068158405435,0.0259040124868687,0.2540315840543509,0.32695274312916767,1.1130547750000002,-0.7861020318708325,0.01968686959834587,-10.041988580114756,-9.51490741747131,-0.5270811626434477,0.055781890589138586,0.24898300048972608,0.5687857,-0.3198026995102739,0.1985321127868958,0.03333990130464198,0.32695274312916767,0.01968686959834587,0.01968686959834587,0.39989433377428646,10.06068158405435,1.0259040124868688,43.66227813116237,-79.39441663009065,108.6,12.270616284340996,-11.481661312093468,1.0,2.986456792167206,495.0,2.986456792167206,2.97937150872536,10.725737431411297,0.6001268755028054,2.6077483300808204,0.0,2.97937150872536,10.725737431411297,0.009883722957783336,0.06711350244559489,0.06711350244559489,0.0,0.0,0.0,0.0,5.0337270447532605,0.0008391628476232113,3.020986251443561,19044.272909740408,5.2900758082612285,0.2638613120811711,263869.03602531226,1783556869869036.0,1783556869875268.0
496.0,205.46895015189094,24288.0,45.05246914987556,-981.2376775062003,61.52891489460586,988.565302126473,0.04505246914987557,-0.9812376775062002,0.06152891489460585,0.988565302126473,0.9882791214047749,0.9882791214047749,9.691707445924136,-0.01172087859522506,-0.11494255407586382,0.4418137965886272,1.1130547750000002,-0.671240978411373,0.05393657500000004,-9.622654470116178,-9.521490678332158,-0.10116379178401874,0.05883990000000061,0.6033925332511865,0.5651659533343601,0.038226579916826264,0.14666138417444127,0.04505246914987557,0.4418137965886272,0.05393657500000004,0.05393657500000004,0.3605162285353793,9.691707445924136,0.9882791214047749,43.66228542933723,-79.39442385117887,108.62109208206758,11.68908937309172,-10.674921062296926,1.0,2.979336846362499,496.0,2.979336846362499,2.97937150872536,10.725737431411297,0.6003672375379727,2.979336846362499,0.02109208206757741,2.97937150872536,10.725737431411297,0.0,0.060063624467463606,0.060063624467463606,0.7079763460812425,0.0,0.0,0.0,4.990429861289127,0.0008322878093994255,2.996236113837932,19045.252058948157,5.29034779415227,0.26382682924700374,264070.1306507641,1783556870070130.8,1783556870210920.8
497.0,201.4410328861818,24288.0,89.69521884481837,-914.7770426219997,108.52128299454564,932.1744604065452,0.08969521884481836,-0.9147770426219997,0.10852128299454564,0.9321744604065453,0.9320033069340393,0.9320033069340393,9.139830229944696,-0.06799669306596064,-0.6668197700553027,0.879609617884538,1.1130547750000002,-0.2334451571154622,0.05393657500000004,-8.970898285029033,-9.52807407414112,0.5571757891120879,0.05883990000000061,1.0642302398784609,0.5594054820015192,0.5048247578769416,0.10304638694007423,0.08969521884481836,0.879609617884538,0.05393657500000004,0.05393657500000004,0.20715925461615298,9.139830229944696,0.9320033069340393,43.66229247819245,-79.39443157135364,108.65465805928181,11.067370147059444,-9.895740606953597,1.0,2.9792816846161028,497.0,2.9792816846161028,2.97937150872536,10.725737431411297,0.5993602582215454,2.9792816846161028,0.054658059281822984,2.97937150872536,10.725737431411297,0.0,0.04884443601470666,0.04884443601470666,1.8346511724284023,0.0,0.0,0.0,4.892599806739583,0.0008146240495502025,2.932646578380729,19046.20759770096,5.290613221583604,0.2641271277123429,264270.85519450525,1783556870270855.2,1783556870546580.5
498.0,197.41311562047267,24288.0,134.33796853976116,-848.3164077377992,155.51365109448545,875.7836186866175,0.13433796853976115,-0.8483164077377991,0.15551365109448542,0.8757836186866175,0.8757274924633038,0.8757274924633038,8.587953013965258,-0.12427250753669622,-1.2186969860347416,1.3174054391804488,1.1130547750000002,0.20435066418044867,0.05393657500000004,-8.319142099941889,-9.534657469950082,1.2155153700081944,0.05883990000000061,1.5250679465057353,0.5536450106686782,0.9714229358370569,0.05943138970570719,0.13433796853976115,1.3174054391804488,0.05393657500000004,0.05393657500000004,0.05380228069692666,8.587953013965258,0.8757274924633038,43.66229952704766,-79.39443929152839,108.68822403649607,10.445650921027168,-9.116560151610265,1.0,2.9792265228697064,498.0,2.9792265228697064,2.97937150872536,10.725737431411297,0.5983532789051181,2.9792265228697064,0.08822403649606855,2.97937150872536,10.725737431411297,0.0,0.037625247561949716,0.037625247561949716,2.9613259987755622,0.0,0.0,0.0,4.7947697521900405,0.0007969602897009794,2.8690570429235263,19047.163136453764,5.290878649014939,0.2644274261776821,264471.57973824645,1783556870471579.8,1783556870882240.2
499.0,226.8477187764024,24288.0,40.35110945860759,-831.6159062588008,230.83507858704192,865.6226876232112,0.040351109458607586,-0.8316159062588008,0.23083507858704194,0.8656226876232112,0.8649577856466198,0.8649577856466198,8.482338268611425,-0.13504221435338015,-1.3243117313885755,0.39570920757225403,1.093441475,-0.6977322674277461,0.33832942499999974,-8.155366127112867,-9.536967125,1.381600997887133,0.22126782790690672,2.2637188234256143,0.5182424557217827,1.7454763677038316,-0.124238226318832,0.040351109458607586,0.39570920757225403,0.33832942499999974,0.33832942499999974,0.38682843962390256,8.482338268611425,0.8649577856466198,43.66230622503115,-79.39444756935924,108.7,9.779022670795012,-8.376165056749322,1.0,3.05622940740168,499.0,3.05622940740168,3.056362185021529,11.002903866077505,0.5941920468705996,0.649169650900485,0.0,3.056362185021529,11.002903866077505,0.07699067629616872,0.028991326930343148,0.028991326930343148,0.0,0.0,0.0,0.0,5.509677393641262,0.0009093844100717173,3.273783876258183,19051.403866002973,5.292056629445276,0.26363812865189595,265250.26788800675,1783556871250268.0,1783556871192046.8
500.0,225.07271093061166,24288.0,34.73025128027025,-831.0242369768705,199.77244128570402,857.3393176761878,0.03473025128027025,-0.8310242369768706,0.19977244128570398,0.8573393176761878,0.8569595660481337,0.8569595660481337,8.403902528385931,-0.14304043395186625,-1.402747471614069,0.3405874187176622,1.093441475,-0.7528540562823379,0.33832942499999974,-8.149563833549227,-9.536967125,1.3874032914507741,0.1617943188795838,1.959098411334449,0.519693029112693,1.4394053822217558,-0.17210714821887227,0.03473025128027025,0.3405874187176622,0.33832942499999974,0.33832942499999974,0.24518996037676785,8.403902528385931,0.8569595660481337,43.66231273339325,-79.39445614856383,108.7,9.088124264655368,-7.656730710036587,1.0,3.174876723769409,500.0,3.174876723769409,3.1749608844360373,11.429859183969736,0.5944878815115647,1.6491696509004776,0.0,3.1749608844360373,11.429859183969736,0.19558937571067744,0.02175456097309912,0.02175456097309912,0.0,0.0,0.0,0.0,5.466566003082696,0.000902714119921406,3.2497708317170617,19052.35296326612,5.292320267573928,0.26363812865189595,265426.28949938103,1783556871426289.5,1783556871487881.5
501.0,223.2977030848209,24288.0,29.10939310193291,-830.4325676949403,168.7098039843661,849.0559477291642,0.02910939310193291,-0.8304325676949402,0.16870980398436608,0.8490559477291643,0.8489613464496476,0.8489613464496476,8.325466788160437,-0.15103865355035234,-1.4811832118395627,0.28546562986307034,1.093441475,-0.8079758451369298,0.33832942499999974,-8.143761539985585,-9.536967125,1.3932055850144154,0.10232080985226086,1.6544779992432834,0.5211436025036033,1.1333343967396803,-0.21997607011891254,0.02910939310193291,0.28546562986307034,0.33832942499999974,0.33832942499999974,0.10355148112963314,8.325466788160437,0.8489613464496476,43.662319241755355,-79.39446472776842,108.7,8.397225858515727,-6.937296363323853,1.0,3.2935240401371377,501.0,3.2935240401371377,3.2935595838505463,11.856814501861967,0.5947837161525298,2.6491696509004705,0.0,3.2935595838505463,11.856814501861967,0.31418807512518615,0.014517795015855092,0.014517795015855092,0.0,0.0,0.0,0.0,5.4234546125241305,0.0008960438297710946,3.2257577871759406,19053.302060529266,5.292583905702579,0.26363812865189595,265602.31111075525,1783556871602311.0,1783556871783716.2
502.0,207.71334224043864,24288.0,117.53632796600401,-1000.2258912871831,86.94583784455136,1011.2258912871831,0.11753632796600401,-1.000225891287183,0.08694583784455136,1.0112258912871832,1.0111774675185035,1.0111774675185035,9.91626351184033,0.011177467518503433,0.10961351184033169,1.1526376306478132,1.073828175,0.07880945564781319,0.08335652499999968,-9.808865236791453,-9.54716241376012,-0.2617028230313327,-0.009806649999999806,0.8526474006982696,0.5492922299392675,0.3033551707590021,-0.07845319999999995,0.11753632796600401,1.1526376306478132,0.08335652499999968,0.08335652499999968,-0.39127280745608645,9.91626351184033,1.0111774675185035,43.66232550594473,-79.39447361558821,108.7,7.681474128233529,-6.244852869857863,1.0,3.381248866914357,502.0,3.381248866914357,3.381248866914357,12.172495920891684,0.5997622192531871,0.26890290209234957,0.0,3.381248866914357,12.172495920891684,0.3701023016621286,0.008735957373156328,0.008735957373156328,0.0,0.0,0.0,0.0,5.044941656335774,0.00084047709626258,3.0257175465452884,19057.260754387964,5.293683542885551,0.26363812865189595,266378.31836861576,1783556872378318.2,1783556872079260.2
503.0,210.3661296774208,24288.0,126.96846107527386,-989.9094956989192,60.71271763439457,1000.9094956989192,0.12696846107527388,-0.9899094956989192,0.06071271763439457,1.0009094956989193,1.0009120506005202,1.0009120506005202,9.815594161021592,0.0009120506005202023,0.008944161021591429,1.2451352588038345,1.073828175,0.1713070838038344,0.08335652499999968,-9.707695955995804,-9.54860768920006,-0.15908826679574625,-0.009806649999999806,0.5953883723893354,0.5406205772996404,0.05476779508969504,-0.07845319999999995,0.12696846107527388,1.2451352588038345,0.08335652499999968,0.08335652499999968,-0.2660156026614743,9.815594161021592,1.0009120506005202,43.66233110627376,-79.39448334247548,108.7,6.89815082095236,-5.625792498422923,1.0,3.384901181926949,503.0,3.384901181926949,3.384901181926949,12.185644254937017,0.5988779567741931,1.2689029020923481,0.0,3.384901181926949,12.185644254937017,0.2555890770705571,0.006909799866860144,0.006909799866860144,0.0,0.0,0.0,0.0,5.109372557605196,0.0008499269617820954,3.059737062415543,19058.18392034135,5.293939977872603,0.26363812865189595,266554.2866019356,1783556872554286.5,1783556872374014.5
504.0,213.0189171144029,24288.0,136.4005941845437,-979.5931001106553,34.47959742423778,990.5931001106553,0.13640059418454373,-0.9795931001106553,0.034479597424237785,0.9905931001106553,0.990646633682537,0.990646633682537,9.71492481020285,-0.009353366317463026,-0.09172518979714883,1.3376328869598557,1.073828175,0.26380471195985555,0.08335652499999968,-9.606526675200156,-9.550052964639997,-0.056473710560159845,-0.009806649999999806,0.3381293440804014,0.5319489246600134,-0.19381958057961202,-0.07845319999999995,0.13640059418454373,1.3376328869598557,0.08335652499999968,0.08335652499999968,-0.14075839786686217,9.71492481020285,0.990646633682537,43.662336706602794,-79.39449306936275,108.7,6.114827513671191,-5.006732126987983,1.0,3.3885534969395414,504.0,3.3885534969395414,3.3885534969395414,12.19879258898235,0.597993694295199,2.268902902092347,0.0,3.3885534969395414,12.19879258898235,0.14107585247898558,0.005083642360563959,0.005083642360563959,0.0,0.0,0.0,0.0,5.173803458874619,0.0008593768273016106,3.0937565782857983,19059.10708629474,5.294196412859655,0.26363812865189595,266730.2548352554,1783556872730254.8,1783556872668768.5
505.0,215.67170455138506,24288.0,145.83272729381358,-969.2767045223914,8.246477214080983,980.2767045223914,0.14583272729381358,-0.9692767045223913,0.008246477214080991,0.9802767045223914,0.9803812167645537,0.9803812167645537,9.614255459384111,-0.01961878323544626,-0.19239454061588912,1.4301305151158767,1.073828175,0.3563023401158768,0.08335652499999968,-9.505357394404507,-9.551498240079935,0.046140845675426534,-0.009806649999999806,0.0808703157714673,0.5232772720203864,-0.4424069562489191,-0.07845319999999995,0.14583272729381358,1.4301305151158767,0.08335652499999968,0.08335652499999968,-0.015501193072250008,9.614255459384111,0.9803812167645537,43.66234230693183,-79.39450279625002,108.7,5.331504206390022,-4.387671755553043,1.0,3.392205811952134,505.0,3.392205811952134,3.392205811952134,12.211940923027683,0.5971094318162049,3.2689029020923455,0.0,3.392205811952134,12.211940923027683,0.026562627887414092,0.0032574848542677743,0.0032574848542677743,0.0,0.0,0.0,0.0,5.238234360144041,0.0008688266928211259,3.127776094156053,19060.03025224813,5.294452847846707,0.26363812865189595,266906.2230685752,1783556872906223.0,1783556872963522.8
506.0,216.24851950659533,24288.0,150.9763121055252,-951.8462320713039,22.14784595507743,964.5858686174712,0.1509763121055252,-0.9518462320713038,0.022147845955077426,0.9645858686174711,0.9645629431729014,0.9645629431729014,9.459131186666534,-0.03543705682709863,-0.34751881333346674,1.4805718511096486,1.068953887361294,0.41161796374835463,0.08335652499999968,-9.334422851742051,-9.552895671909676,0.21847282016762473,0.00725335673547161,0.21719617353536005,0.529515543958059,-0.31231937042269897,-0.07845319999999995,0.1509763121055252,1.4805718511096486,0.08335652499999968,0.08335652499999968,0.0,9.459131186666534,0.9645629431729014,43.66234722483161,-79.39451319522175,108.7,4.494056758161514,-3.8440471137158125,1.0,3.4257612586358337,506.0,3.4257612586358337,3.394164572094733,12.21899245954104,0.5965029609868093,3.4257612586358337,0.0,3.394164572094733,12.21899245954104,0.010818404404479582,0.002278104782968293,0.002278104782968293,0.0,0.0,0.0,0.0,5.252244041776187,0.0008702694585581996,3.132970050809518,19060.92384209392,5.294701067248315,0.2627430680537622,267075.8691064242,1783556873075869.0,1783556873248519.5
507.0,216.53213821908835,24288.0,155.51421150541373,-933.4110157592568,41.717537117096704,948.1359832928753,0.15551421150541372,-0.9334110157592568,0.0417175371170967,0.9481359832928753,0.947960421848024,0.947960421848024,9.296316070915925,-0.05203957815197598,-0.5103339290840752,1.5250734422595653,1.0633911884675544,0.4616822537920111,0.08335652499999968,-9.153635137695515,-9.554286346633111,0.4006512089375964,0.026722802863560345,0.4091092853693764,0.5378595922986684,-0.12875030692929207,-0.07845319999999995,0.15551421150541372,1.5250734422595653,0.08335652499999968,0.08335652499999968,0.0,9.296316070915925,0.947960421848024,43.662352046349724,-79.39452368911411,108.7,3.6489651841532105,-3.3110765015821935,1.0,3.463540020381959,507.0,3.463540020381959,3.3958841460587688,12.225182925811568,0.5959357235618232,3.463540020381959,0.0,3.3958841460587688,12.225182925811568,0.00902364329460541,0.0014183178009504467,0.0014183178009504467,0.0,0.0,0.0,0.0,5.259132573065218,0.0008705813559471196,3.1340928814096305,19061.8132548113,5.294948126336477,0.2617215951805712,267244.62224035757,1783556873244622.2,1783556873532138.2
508.0,216.8157569315814,24288.0,160.05211090530227,-914.9757994472096,61.287228279115986,931.6860979682793,0.16005211090530225,-0.9149757994472096,0.06128722827911598,0.9316860979682794,0.9313579005231467,0.9313579005231467,9.133500955165317,-0.06864209947685333,-0.6731490448346836,1.5695750334094822,1.0578284895738148,0.5117465438356675,0.08335652499999968,-8.972847423648979,-9.555677021356546,0.5828295977075681,0.04619224899164908,0.6010223972033928,0.5462036406392778,0.054818756564114834,-0.07845319999999995,0.16005211090530225,1.5695750334094822,0.08335652499999968,0.08335652499999968,0.0,9.133500955165317,0.9313579005231467,43.662356867867835,-79.39453418300647,108.7,2.8038736101449073,-2.7781058894485744,1.0,3.5013187821280836,508.0,3.5013187821280836,3.397603720022804,12.231373392082096,0.5953684861368372,3.5013187821280836,0.0,3.397603720022804,12.231373392082096,0.007228882184731241,0.0005585308189325999,0.0005585308189325999,0.0,0.0,0.0,0.0,5.266021104354248,0.0008708932533360395,3.1352157120097424,19062.702667528683,5.29519518542464,0.2607001223073802,267413.3753742909,1783556873413375.2,1783556873815757.0
509.0,221.10309309743383,24288.0,95.96909947674305,-985.6700899077792,-5.49483468724984,990.9072070769852,0.09596909947674305,-0.9856700899077792,-0.005494834687249839,0.9909072070769851,0.9907946871873236,0.9907946871873236,9.716376719105567,-0.009205312812676471,-0.0902732808944337,0.9411353693836022,1.073828175,-0.1326928056163979,0.2621003905703791,-9.666121587194123,-9.556580425,-0.10954116219412262,0.05176291453235441,-0.05388592058571864,0.5687857,-0.6226716205857186,-0.07845319999999995,0.09596909947674305,0.9411353693836022,0.2621003905703791,0.2621003905703791,0.2687049324236297,9.716376719105567,0.9907946871873236,43.66236164948956,-79.39454471135151,108.7,1.9560075016825629,-2.2495454242727124,1.0,3.5127532238024415,509.0,3.5127532238024415,3.3987207816606695,12.235394813978411,0.594618558584603,0.35038465269412017,0.0,3.3987207816606695,12.235394813978411,0.00543792665956261,0.0,0.0,0.0,0.0,0.0,0.0,5.370151925150473,0.0008870015199555029,3.1932054718398106,19066.80234942203,5.296333985950568,0.2637177104828988,268178.8558584603,1783556874178855.8,1783556874103093.0
510.0,221.39732144516864,24288.0,121.56696572967222,-973.3124993029169,4.508929135733972,982.0803566449406,0.12156696572967221,-0.9733124993029169,0.004508929135733973,0.9820803566449406,0.9820573204168793,0.9820573204168793,9.63069242126619,-0.017942679583120645,-0.17595757873381007,1.19216468447289,1.073828175,0.11833650947288987,0.24045993237302676,-9.544935021288948,-9.556580425,0.011645403711050994,0.03156515354815871,0.04421748990894557,0.5687857,-0.5245682100910544,-0.07845319999999995,0.12156696572967221,1.19216468447289,0.24045993237302676,0.24045993237302676,0.14034374098366617,9.63069242126619,0.9820573204168793,43.66236635714312,-79.39455530357203,108.7,1.1029973889120515,-1.7291613992622659,1.0,3.4753451305616108,510.0,3.4753451305616108,3.3987207816606695,12.235394813978411,0.5963839286710119,1.3503846526941279,0.0,3.3987207816606695,12.235394813978411,0.0036540267123457574,0.0,0.0,0.0,0.0,0.0,0.0,5.377298143260256,0.000890824746644237,3.206969087919253,19067.754225674253,5.296598396020631,0.2639448375285355,268355.3928671012,1783556874355392.8,1783556874397321.5
511.0,221.69154979290346,24288.0,147.16483198260138,-960.9549086980545,14.512692958717782,973.2535062128961,0.14716483198260139,-0.9609549086980544,0.014512692958717785,0.9732535062128961,0.9733199536464352,0.9733199536464352,9.545008123426813,-0.026680046353564822,-0.26164187657318644,1.4431939995621776,1.073828175,0.3693658245621776,0.2188194741756744,-9.423748455383775,-9.556580425,0.13283196961622462,0.011367392563963026,0.14232090040360978,0.5687857,-0.42646479959639016,-0.07845319999999995,0.14716483198260139,1.4431939995621776,0.2188194741756744,0.2188194741756744,0.011982549543702647,9.545008123426813,0.9733199536464352,43.66237106479669,-79.39456589579254,108.7,0.24998727614153982,-1.208777374251819,1.0,3.4379370373207805,511.0,3.4379370373207805,3.3987207816606695,12.235394813978411,0.5981492987574207,2.3503846526941357,0.0,3.3987207816606695,12.235394813978411,0.0018701267651289044,0.0,0.0,0.0,0.0,0.0,0.0,5.38444436137004,0.0008946479733329711,3.2207327039986957,19068.706101926477,5.296862806090693,0.2641719645741722,268531.92987574206,1783556874531930.0,1783556874691549.8
512.0,221.98577814063827,24288.0,172.76269823553054,-948.5973180931921,24.516456781701592,964.4266557808515,0.17276269823553053,-0.9485973180931921,0.02451645678170159,0.9644266557808515,0.964582586875991,0.964582586875991,9.459323825587438,-0.03541741312400899,-0.3473261744125628,1.6942233146514654,1.073828175,0.6203951396514654,0.19717901597832205,-9.302561889478602,-9.556580425,0.25401853552139825,-0.008830368420232673,0.24042431089827399,0.5687857,-0.32836138910172596,-0.07845319999999995,0.17276269823553053,1.6942233146514654,0.19717901597832205,0.19717901597832205,-0.1163786418962609,9.459323825587438,0.964582586875991,43.662375772450254,-79.39457648801306,108.7,-0.6030228366289716,-0.6883933492413725,1.0,3.40052894407995,512.0,3.40052894407995,3.3987207816606695,12.235394813978411,0.5999146688438297,3.3503846526941437,0.0,3.3987207816606695,12.235394813978411,8.622681791205147e-05,0.0,0.0,0.0,0.0,0.0,0.0,5.391590579479823,0.0008984712000217051,3.2344963200781383,19069.6579781787,5.297127216160755,0.26439909161980885,268708.46688438294,1783556874708467.0,1783556874985778.2
513.0,216.4701581455684,24288.0,117.3537153379769,-1040.9490901215415,29.52691724429667,1048.2431217506553,0.1173537153379769,-1.0409490901215417,0.029526917244296673,1.0482431217506551,1.0480622142486147,1.0480622142486147,10.277979313361177,0.048062214248614614,0.4713293133611765,1.1508468125191709,1.093441475,0.05740533751917086,0.29851752775647644,-10.208223394640417,-9.558022157637824,-0.6502012370025925,-0.009806649999999806,0.28956014299378197,0.5566701267323834,-0.2671099837386014,-0.07845319999999995,0.1173537153379769,1.1508468125191709,0.29851752775647644,0.29851752775647644,0.13555193310821037,10.277979313361177,1.0480622142486147,43.66237982241118,-79.39458758513865,108.7,-1.4966938411043587,-0.24071066837042426,1.0,3.351053244359953,513.0,3.351053244359953,3.351053244359953,12.06379167969583,0.5954701581455684,0.9516638710334842,0.0,3.351053244359953,12.06379167969583,-0.047667537300716566,-0.013903305201599618,0.013903305201599618,0.0,0.0,0.0,0.0,5.257627201039565,0.0008696905949017238,3.1308861416462057,19073.746907662586,5.298263029906279,0.26441007006197853,269487.1249458391,1783556875487125.0,1783556875294031.8
514.0,218.0149873550369,24288.0,114.57302276093357,-1012.5242326673209,38.48692665921407,1020.1272301383283,0.11457302276093356,-1.012524232667321,0.03848692665921408,1.0201272301383282,1.0198344277492604,1.0198344277492604,10.001159290887284,0.019834427749260274,0.1945092908872832,1.123577533658509,1.093441475,0.030136058658508935,0.3288167264905453,-9.929470766286983,-9.559537117574527,-0.36993364871245515,-0.009806649999999806,0.3774278193225817,0.5619724865108454,-0.18454466718826373,-0.07845319999999995,0.11457302276093356,1.123577533658509,0.3288167264905453,0.3288167264905453,0.14787833855600063,10.001159290887284,1.0198344277492604,43.66238383896712,-79.39459870790895,108.7,-2.392430060163553,0.2032794255973872,1.0,3.3009646166925486,514.0,3.3009646166925486,3.3009646166925486,11.883472620093174,0.5970149873550369,1.9516638710334941,0.0,3.3009646166925486,11.883472620093174,-0.09775616496812108,-0.02851277565097278,0.02851277565097278,0.0,0.0,0.0,0.0,5.295148012879136,0.0008781744673565601,3.1614280824836167,19074.73580617943,5.298537723938735,0.26441007006197853,269672.19548513344,1783556875672195.5,1783556875602997.5
515.0,219.55981656450544,24288.0,111.79233018389023,-984.0993752131002,47.44693607413147,992.0113385260013,0.11179233018389023,-0.9840993752131002,0.047446936074131474,0.9920113385260012,0.9916066412499059,0.9916066412499059,9.72433926841339,-0.008393358750094074,-0.08231073158661006,1.096308254797847,1.093441475,0.0028667797978470105,0.3591159252246141,-9.650718137933548,-9.56105207751123,-0.08966606042231795,-0.009806649999999806,0.4652954956513814,0.5672748462893075,-0.1019793506379261,-0.07845319999999995,0.11179233018389023,1.096308254797847,0.3591159252246141,0.3591159252246141,0.1602047440037909,9.72433926841339,0.9916066412499059,43.662387855523065,-79.39460983067927,108.7,-3.288166279222747,0.6472695195651987,1.0,3.2508759890251437,515.0,3.2508759890251437,3.2508759890251437,11.703153560490518,0.5985598165645054,2.951663871033504,0.0,3.2508759890251437,11.703153560490518,-0.14784479263552558,-0.04312224610034594,0.04312224610034594,0.0,0.0,0.0,0.0,5.3326688247187075,0.0008866583398113966,3.1919700233210277,19075.724704696273,5.298812417971192,0.26441007006197853,269857.2660244277,1783556875857266.0,1783556875911963.2
516.0,216.9453145765423,24288.0,117.5793224505243,-977.644830612631,53.054685423457705,986.5847338198488,0.1175793224505243,-0.9776448306126311,0.05305468542345771,0.9865847338198488,0.9861980702526476,0.9861980702526476,9.671299305643126,-0.01380192974735235,-0.1353506943568729,1.153059262509434,1.093441475,0.059617787509433987,0.3677493749999998,-9.587420678127357,-9.561483749999999,-0.025936928127358427,-0.009806649999999806,0.5202887308079516,0.5722421881701483,-0.05195345736219667,-0.07845319999999995,0.1175793224505243,1.153059262509434,0.3677493749999998,0.3677493749999998,0.1252474883678545,9.671299305643126,0.9861980702526476,43.66239181970962,-79.39462098917727,108.7,-4.1867797116120595,1.0854707013306601,1.0,3.1911403116515498,516.0,3.1911403116515498,3.1911403116515498,11.488105121945578,0.5982950725945867,3.1911403116515498,0.0,3.1911403116515498,11.488105121945578,-0.16948688861094816,-0.06142319942231532,0.06142319942231532,0.0,0.0,0.0,0.0,5.269167800435059,0.000875746502266196,3.1526874081583056,19076.710576700043,5.299086271305572,0.2654801803823071,270050.04557787545,1783556876050045.5,1783556876234975.8
517.0,212.67338652587065,24288.0,126.78039825197092,-979.9450995629927,57.32661347412935,990.1994421704171,0.12678039825197093,-0.9799450995629927,0.05732661347412935,0.9901994421704171,0.9898825867515451,0.9898825867515451,9.707432069367039,-0.010117413248454925,-0.0992179306329605,1.2432909925176907,1.093441475,0.14984951751769052,0.3677493749999998,-9.609978610629422,-9.561483749999999,-0.04849486062942268,-0.009806649999999806,0.5621820340260706,0.5770760308491619,-0.014893996823091352,-0.07845319999999995,0.12678039825197093,1.2432909925176907,0.3677493749999998,0.3677493749999998,0.07144846022079014,9.707432069367039,0.9898825867515451,43.662395763027824,-79.39463216191217,108.7,-5.086539666876073,1.5213650954171718,1.0,3.1275604413410822,517.0,3.1275604413410822,3.1275604413410822,11.259217588827896,0.5973092430444317,3.1275604413410822,0.0,3.1275604413410822,11.259217588827896,-0.17979350280288886,-0.0811951488329975,0.0811951488329975,0.0,0.0,0.0,0.0,5.165411211940346,0.0008571057886750947,3.0855808392303405,19077.69524268741,5.299359789635396,0.26697671231964487,270245.89704850625,1783556876245897.0,1783556876563585.8
518.0,208.401458475199,24288.0,135.98147405341754,-982.2453685133544,61.59854152480099,993.8141505209854,0.13598147405341754,-0.9822453685133543,0.061598541524801,0.9938141505209854,0.9935671032504425,0.9935671032504425,9.74356483309095,-0.006432896749557503,-0.06308516690904808,1.3335227225259472,1.093441475,0.24008124752594703,0.3677493749999998,-9.632536543131486,-9.561483749999999,-0.07105279313148694,-0.009806649999999806,0.6040753372441897,0.5819098735281757,0.022165463716013967,-0.07845319999999995,0.13598147405341754,1.3335227225259472,0.3677493749999998,0.3677493749999998,0.017649432073725796,9.74356483309095,0.9935671032504425,43.66239970634602,-79.39464333464707,108.7,-5.986299622140086,1.9572594895036832,1.0,3.063980571030615,518.0,3.063980571030615,3.063980571030615,11.030330055710214,0.5963234134942766,3.063980571030615,0.0,3.063980571030615,11.030330055710214,-0.1901001169948296,-0.10096709824367966,0.10096709824367966,0.0,0.0,0.0,0.0,5.061654623445634,0.0008384650750839933,3.0184742703023755,19078.679908674778,5.2996333079652205,0.26847324425698266,270441.74851913704,1783556876441748.5,1783556876892195.5
519.0,182.77010365003827,24288.0,243.5505723039043,-910.8988553921914,38.379378099770335,945.6916539432249,0.2435505723039043,-0.9108988553921914,0.03837937809977034,0.945691653943225,0.9456375148144613,0.9456375148144613,9.273536134655236,-0.054362485185538705,-0.5331138653447631,2.388415219884083,1.093441475,1.294973744884083,0.37986617827806324,-8.932866260231833,-9.562611006520175,0.6297447462883414,-0.009806649999999806,0.3763731282421127,0.5801139054394718,-0.20374077719735906,0.034323274999999986,0.2435505723039043,2.388415219884083,0.37986617827806324,0.37986617827806324,0.010556914023372683,9.273536134655236,0.9456375148144613,43.662403528859855,-79.39465458657955,108.7,-6.89243749750581,2.3798001679843503,1.0,3.015457393751025,519.0,3.015457393751025,3.015457393751025,10.855646617503691,0.598390725550268,0.6719377155758378,0.0,3.015457393751025,10.855646617503691,-0.17666569699055312,-0.10745352913486705,0.10745352913486705,0.0,0.0,0.0,0.0,4.43912027745213,0.0007378773622070252,2.656358503945291,19082.272391687686,5.300631219913251,0.26438182698634555,271242.3285355273,1783556877242328.5,1783556877229896.2
520.0,182.42796427516376,24288.0,208.65235606670433,-980.6952878665913,40.43221434901739,1006.250323296013,0.20865235606670435,-0.9806952878665913,0.04043221434901739,1.0062503232960132,1.0060095492486438,1.0060095492486438,9.865583546139213,0.006009549248643872,0.05893354613921342,2.0461806276215464,1.093441475,0.9527391526215461,0.3614123522246911,-9.617335444756907,-9.56428862707048,-0.053046817686426495,-0.009806649999999806,0.3965045748457913,0.5750810437885521,-0.17857646894276077,0.034323274999999986,0.20865235606670435,2.0461806276215464,0.3614123522246911,0.3614123522246911,-0.03454269408141168,9.865583546139213,1.0060095492486438,43.66240729239298,-79.39466587717892,108.7,-7.801689285054078,2.7958211194938207,1.0,2.97428539351818,520.0,2.97428539351818,2.97428539351818,10.707427416665448,0.5959957499261463,1.6719377155758395,0.0,2.97428539351818,10.707427416665448,-0.15164011647770398,-0.10745352913486705,0.10745352913486705,0.0,0.0,0.0,0.0,4.430810396315177,0.0007335516074151785,2.640785786694643,19083.169243919274,5.300880345533137,0.26433979470421837,271445.2171848279,1783556877445217.2,1783556877572035.8
521.0,182.08582490028925,24288.0,173.75413982950437,-1050.4917203409912,42.48505059826445,1066.8089926488012,0.17375413982950438,-1.0504917203409914,0.04248505059826444,1.0668089926488014,1.0663815836828263,1.0663815836828263,10.45763095762319,0.06638158368282643,0.6509809576231901,1.7039460353590092,1.093441475,0.6105045603590091,0.3429585261713189,-10.301804629281982,-9.565966247620787,-0.7358383816611946,-0.009806649999999806,0.41663602144947,0.5700481821376324,-0.1534121606881625,0.034323274999999986,0.17375413982950438,1.7039460353590092,0.3429585261713189,0.3429585261713189,-0.07964230218619604,10.45763095762319,1.0663815836828263,43.6624110559261,-79.39467716777828,108.7,-8.710941072602346,3.211842071003291,1.0,2.933113393285334,521.0,2.933113393285334,2.933113393285334,10.559208215827205,0.5936007743020247,2.6719377155758415,0.0,2.933113393285334,10.559208215827205,-0.1266145359648548,-0.10745352913486705,0.10745352913486705,0.0,0.0,0.0,0.0,4.422500515178226,0.0007292258526233319,2.6252130694439946,19084.066096150862,5.301129471153022,0.2642977624220912,271648.10583412845,1783556877648105.8,1783556877914175.0
522.0,182.94045943075693,24288.0,136.15189884239078,-973.2320674384061,79.38396628079693,985.8213782922708,0.1361518988423908,-0.9732320674384061,0.07938396628079693,0.9858213782922708,0.9860057241475155,0.9860057241475155,9.669413034711232,-0.013994275852484419,-0.13723696528876633,1.3351940187827316,1.063729578238316,0.27146444054441554,0.3357317891191578,-9.544146254144843,-9.571290399999999,0.027144145855154816,0.00821588529789571,0.7784907729275771,0.5687857,0.20970507292757717,0.18632634999999997,0.1361518988423908,1.3351940187827316,0.3357317891191578,0.3357317891191578,-0.0043731243785217495,9.669413034711232,0.9860057241475155,43.662415178621714,-79.3946882114394,108.7,-9.60030648980833,3.6675648437846515,1.0,2.8977352654546795,522.0,2.8977352654546795,2.8977352654546795,10.431846955636848,0.5947351148576892,0.7491522268644601,0.0,2.8977352654546795,10.431846955636848,-0.11351168462183328,-0.11639961507727212,0.11639961507727212,0.0,0.0,0.0,0.0,4.443257878654224,0.0007340501117607509,2.6425804023387034,19087.637992839558,5.30212166467766,0.27351832982414037,272451.3417745326,1783556878451341.8,1783556878264885.2
523.0,181.52613997571405,24288.0,145.6985551639301,-966.8676298907133,82.56618505464337,981.5784199271421,0.1456985551639301,-0.9668676298907133,0.08256618505464336,0.9815784199271421,0.9813793586722886,0.9813793586722886,9.624043887723598,-0.018620641327711386,-0.18260611227640083,1.4288147359983552,1.0567947102964181,0.3720200257019371,0.3322643551482088,-9.481732442667761,-9.571290399999999,0.0895579573322372,-0.0004526996294769818,0.8096976786661183,0.5687857,0.2409119786661183,0.18632634999999997,0.1456985551639301,1.4288147359983552,0.3322643551482088,0.3322643551482088,-0.01021055530604537,9.624043887723598,0.9813793586722886,43.662419421580076,-79.39469917241519,108.7,-10.483013111195223,4.136581461392667,1.0,2.86429717055432,523.0,2.86429717055432,2.86429717055432,10.311469813995553,0.5943815349939285,1.7491522268644697,0.0,2.86429717055432,10.311469813995553,-0.10440106603832354,-0.12834122803869727,0.12834122803869727,0.0,0.0,0.0,0.0,4.408906887730143,0.0007279432689298032,2.6205957681472913,19088.556194826957,5.302376720785272,0.27351832982414037,272661.3682136065,1783556878661368.2,1783556878618465.0
524.0,180.1118205206712,24288.0,155.24521148546944,-960.5031923430204,85.74840382848981,977.3354615620136,0.15524521148546944,-0.9605031923430204,0.0857484038284898,0.9773354615620136,0.9767529931970617,0.9767529931970617,9.578674740735964,-0.02324700680293835,-0.22797525926403536,1.5224354532139786,1.04985984235452,0.47257561085945865,0.3287969211772598,-9.419318631190679,-9.571290399999999,0.1519717688093196,-0.009121284556849674,0.8409045844046594,0.5687857,0.2721188844046595,0.18632634999999997,0.15524521148546944,1.5224354532139786,0.3287969211772598,0.3287969211772598,-0.016047986233568987,9.578674740735964,0.9767529931970617,43.66242366453844,-79.39471013339096,108.7,-11.365719732582114,4.605598079000682,1.0,2.8308590756539607,524.0,2.8308590756539607,2.8308590756539607,10.191092672354259,0.5940279551301678,2.7491522268644792,0.0,2.8308590756539607,10.191092672354259,-0.0952904474548138,-0.14028284100012242,0.14028284100012242,0.0,0.0,0.0,0.0,4.374555896806061,0.0007218364260988554,2.5986111339558793,19089.47439681436,5.302631776892883,0.27351832982414037,272871.3946526803,1783556878871394.8,1783556878972044.8
525.0,179.05753674740575,24288.0,143.35980401383605,-970.9927082352992,108.46758574394673,987.6401959861639,0.14335980401383605,-0.9709927082352992,0.10846758574394673,0.9876401959861639,0.9875357345603348,0.9875357345603348,9.684417311326108,-0.012464265439665168,-0.12223268867389242,1.4058794220322852,1.06892485,0.3369545720322854,0.3285227749999997,-9.522185642215696,-9.571290399999999,0.04910475778430278,0.014709975000000597,1.063703649735875,0.5739711463719732,0.48973250336390184,0.18632634999999997,0.14335980401383605,1.4058794220322852,0.3285227749999997,0.3285227749999997,0.0,9.684417311326108,0.9875357345603348,43.66242717261024,-79.39472157536747,108.7,-12.287162187047569,4.993380336179752,1.0,2.7521716709417285,525.0,2.7521716709417285,2.7521716709417285,9.907818015390223,0.5988849265051885,0.920936871601045,0.0,2.7521716709417285,9.907818015390223,-0.13727668732690268,-0.14122698227898223,0.14122698227898223,0.0,0.0,0.0,0.0,4.348949452520991,0.0007234501353201435,2.6044204871525167,19093.067339336398,5.303629816482339,0.2682739323844266,273698.74478823546,1783556879698744.8,1783556879352512.2
526.0,180.2058638260764,24288.0,137.23539292759244,-977.499895014433,111.1470155941783,993.7646070724076,0.13723539292759246,-0.977499895014433,0.1111470155941783,0.9937646070724075,0.9933598600174445,0.9933598600174445,9.741532471240072,-0.006640139982555492,-0.0651175287599278,1.3458194660533744,1.06892485,0.27689461605337445,0.3285227749999997,-9.58599934544329,-9.571290399999999,-0.014708945443290183,0.014709975000000597,1.0899798804766487,0.5796017672449961,0.5103781132316525,0.18632634999999997,0.13723539292759246,1.3458194660533744,0.3285227749999997,0.3285227749999997,0.0,9.741532471240072,0.9933598600174445,43.662430617591475,-79.39473305863825,108.7,-13.211930142140451,5.374188561949008,1.0,2.669599578687992,526.0,2.669599578687992,2.669599578687992,9.610558483276773,0.5965882723478472,1.9209368716010469,0.0,2.669599578687992,9.610558483276773,-0.18364963122337816,-0.14122698227898223,0.14122698227898223,0.0,0.0,0.0,0.0,4.3768400206077445,0.0007253017591459029,2.6110863329252507,19094.068564246434,5.303907934512905,0.272014720713161,273926.49632550514,1783556879926496.2,1783556879735288.0
527.0,180.76385634422044,24288.0,137.95901677137095,-980.1108507537634,109.22170150752689,996.5831380653226,0.13795901677137098,-0.9801108507537635,0.10922170150752689,0.9965831380653226,0.9959319747101307,0.9959319747101307,9.766756299791103,-0.004068025289869319,-0.039893700208896946,1.352915791820965,1.06892485,0.28399094182096507,0.3285227749999997,-9.611604074544394,-9.571290399999999,-0.040313674544394815,0.016446808636463497,1.0710989990887885,0.581469369090793,0.4896296299979954,0.18632634999999997,0.13795901677137098,1.352915791820965,0.3285227749999997,0.3285227749999997,0.0,9.766756299791103,0.9959319747101307,43.66243382650279,-79.39474466022666,108.7,-14.146226422756078,5.728901618843758,1.0,2.61247468321531,527.0,2.61247468321531,2.61247468321531,9.404908859575116,0.5948819281721102,2.61247468321531,0.0,2.61247468321531,9.404908859575116,-0.1902703037719508,-0.13723928893210655,0.13723928893210655,0.0,0.0,0.0,0.0,4.390392542888426,0.0007254917332242019,2.6117702396071274,19095.065884666405,5.304184967962897,0.27480928730071547,274154.13466576656,1783556880154134.8,1783556880118071.8
528.0,179.99825183333783,24288.0,154.03671149990575,-973.9860146667025,96.97202933340515,991.9895110000269,0.15403671149990575,-0.9739860146667025,0.09697202933340515,0.991989511000027,0.9912127124888286,0.9912127124888286,9.72047614692857,-0.008787287511171447,-0.08617385307142947,1.5105841168305505,1.06892485,0.4416592668305507,0.3285227749999997,-9.551539950731218,-9.571290399999999,0.019750449268780834,0.02207782024394825,0.9509707514624375,0.574899855548727,0.37607089591371057,0.18632634999999997,0.15403671149990575,1.5105841168305505,0.3285227749999997,0.3285227749999997,0.0,9.72047614692857,0.9912127124888286,43.66243650611858,-79.39475652709659,108.7,-15.101886289712048,6.025106347912617,1.0,2.6124052886545353,528.0,2.6124052886545353,2.6124052886545353,9.404659039156327,0.5944991259166689,2.6124052886545353,0.0,2.6124052886545353,9.404659039156327,-0.10776187602491609,-0.12431073489449804,0.12431073489449804,0.0,0.0,0.0,0.0,4.371797540528109,0.0007219561001365251,2.5990419604914905,19096.054450776886,5.304459569660253,0.2754823174423792,274381.5192054987,1783556880381519.2,1783556880500874.0
529.0,179.23264732245522,24288.0,170.11440622844054,-967.8611785796417,84.7223571592834,987.3958839347313,0.17011440622844054,-0.9678611785796417,0.0847223571592834,0.9873958839347312,0.9864934502675264,0.9864934502675264,9.674195994066038,-0.013506549732473578,-0.13245400593396198,1.668252441840136,1.06892485,0.5993275918401362,0.3285227749999997,-9.491475826918043,-9.571290399999999,0.0798145730819565,0.027708831851432997,0.8308425038360865,0.5683303420066609,0.26251216182942566,0.18632634999999997,0.17011440622844054,1.668252441840136,0.3285227749999997,0.3285227749999997,0.0,9.674195994066038,0.9864934502675264,43.66243918573437,-79.3947683939665,108.7,-16.05754615666802,6.321311076981476,1.0,2.61233589409376,529.0,2.61233589409376,2.61233589409376,9.404409218737538,0.5941163236612276,2.61233589409376,0.0,2.61233589409376,9.404409218737538,-0.02525344827788137,-0.11138218085688954,0.11138218085688954,0.0,0.0,0.0,0.0,4.353202538167793,0.0007184204670488483,2.5863136813758536,19097.043016887368,5.304734171357609,0.276155347584043,274608.9037452308,1783556880608903.8,1783556880883676.2
530.0,179.99977397488527,24288.0,143.7142534249836,-965.0004520502295,97.71402739986888,980.4289589001967,0.1437142534249836,-0.9650004520502294,0.0977140273998689,0.9804289589001967,0.9805341556686317,0.9805341556686317,9.615755277687787,-0.019465844331368307,-0.190894722312213,1.4093553833501153,1.073828175,0.33552720835011524,0.22415073340046215,-9.463421683098382,-9.576193725,0.11277204190161734,0.029419949999999417,0.9582472668009242,0.5285079916876443,0.4297392751132799,0.18632634999999997,0.1437142534249836,1.4093553833501153,0.22415073340046215,0.22415073340046215,-0.13054812251667997,9.615755277687787,0.9805341556686317,43.66244085723972,-79.39478057239725,108.7,-17.038296563937504,6.506079278938213,1.0,2.5619807753396953,530.0,2.5619807753396953,2.5619807753396953,9.223130791222903,0.5961429863000656,0.6961259773835193,0.0,2.5619807753396953,9.223130791222903,-0.05046351172390838,-0.09028649720918053,0.09028649720918053,0.0,0.0,0.0,0.0,4.371834510302014,0.0007239165784998602,2.606099682599497,19100.701071776213,5.305750297715621,0.281599040402002,275444.1621984348,1783556881444162.2,1783556881285746.5
531.0,177.12640609306482,24288.0,143.30377229900927,-970.7471878138704,94.43017839207407,985.3547324118889,0.14330377229900926,-0.9707471878138704,0.09443017839207406,0.9853547324118889,0.9858110270161835,0.9858110270161835,9.667503708088255,-0.014188972983816484,-0.1391462919117439,1.405329938616079,1.073828175,0.33150176361607886,0.20804895446431662,-9.519777909374891,-9.576193725,0.05641581562510825,0.029419949999999417,0.9260437089286331,0.5234761857700988,0.4025675231585342,0.18632634999999997,0.14330377229900926,1.405329938616079,0.20804895446431662,0.20804895446431662,-0.0931574158991313,9.667503708088255,0.9858110270161835,43.66244208868311,-79.39479288683103,108.7,-18.029999533907414,6.64220303023496,1.0,2.4896748520082306,531.0,2.4896748520082306,2.4896748520082306,8.96282946722963,0.5977849108039629,1.696125977383503,0.0,2.4896748520082306,8.96282946722963,-0.12269502285680743,-0.06562568510989529,0.06562568510989529,0.0,0.0,0.0,0.0,4.302046151188358,0.0007143206791217325,2.5715544448382373,19101.74615245394,5.306040597903879,0.2865995862083834,275690.0403928935,1783556881690040.5,1783556881696227.8
532.0,175.21341766447514,24288.0,106.14632934209936,-977.4664558388121,50.67987350328726,984.4664558388121,0.10614632934209937,-0.9774664558388121,0.05067987350328726,0.9844664558388121,0.984521266935679,0.984521266935679,9.654855482394776,-0.015478733064321019,-0.1517945176052237,1.0409399006426987,1.10815145,-0.06721154935730136,-0.06093281233932545,-9.585671419151685,-9.57671695308483,-0.00895446606685445,0.029419949999999417,0.49699978149101204,0.5039960188303373,-0.00699623733932531,0.09316317499999993,0.10614632934209937,1.0409399006426987,-0.06093281233932545,-0.06093281233932545,-0.3856677045773433,9.654855482394776,0.984521266935679,43.6624433201265,-79.39480520126496,108.7,-19.02170251661539,6.778326783196356,1.0,2.436165590692668,532.0,2.436165590692668,2.436165590692668,8.770196126493605,0.596,0.2599603738461834,0.0,2.436165590692668,8.770196126493605,-0.15735254040747704,-0.0423299791132186,0.0423299791132186,0.0,0.0,0.0,0.0,4.255583488234772,0.0007045354886077567,2.536327758987924,19105.326200238414,5.307035055621788,0.2903001882575029,276531.5984640136,1783556882531598.5,1783556882106708.8
533.0,176.0343799569876,24288.0,102.86248017204956,-975.414050107531,49.44843006451858,982.414050107531,0.10286248017204956,-0.9754140501075309,0.049448430064518586,0.9824140501075309,0.9820763813554118,0.9820763813554118,9.630879345219048,-0.017923618644588246,-0.1757706547809513,1.0087363411792298,1.10815145,-0.09941510882077031,-0.06898370220519263,-9.565544194487018,-9.578729675551298,0.013185481064279678,0.029419949999999417,0.48492344669221116,0.4999705738974037,-0.015047127205192535,0.09316317499999993,0.10286248017204956,1.0087363411792298,-0.06898370220519263,-0.06898370220519263,-0.22356925090216354,9.630879345219048,0.9820763813554118,43.66244455156994,-79.39481751569934,108.7,-20.013405535585346,6.9144505408965715,1.0,2.4361655412826813,533.0,2.4361655412826813,2.4361655412826813,8.770195948617651,0.596,1.2599603738461822,0.0,2.4361655412826813,8.770195948617651,-0.08504666291336314,-0.02292037542855221,0.02292037542855221,0.0,0.0,0.0,0.0,4.2755230203953145,0.0007078365889321132,2.5482117201556074,19106.377930801755,5.307327203000494,0.2903001882575029,276776.2452271823,1783556882776245.2,1783556882517190.0
534.0,176.85534224950007,24288.0,99.57863100199975,-973.3616443762498,48.216986625749904,980.3616443762498,0.09957863100199975,-0.9733616443762498,0.04821698662574991,0.9803616443762498,0.9796314957751445,0.9796314957751445,9.60690320804332,-0.020368504224855474,-0.1997467919566789,0.9765327817157607,1.10815145,-0.13161866828423924,-0.07703459207105981,-9.54541696982235,-9.580742398017764,0.03532542819541381,0.029419949999999417,0.47284711189341033,0.49594512896447007,-0.02309801707105976,0.09316317499999993,0.09957863100199975,0.9765327817157607,-0.07703459207105981,-0.07703459207105981,-0.06147079722698373,9.60690320804332,0.9796314957751445,43.662445783013375,-79.39482983013373,108.7,-21.0051085545553,7.050574298596787,1.0,2.4361654918726945,534.0,2.4361654918726945,2.4361654918726945,8.770195770741699,0.596,2.259960373846181,0.0,2.4361654918726945,8.770195770741699,-0.012740785419249251,-0.003510771743885817,0.003510771743885817,0.0,0.0,0.0,0.0,4.295462552555858,0.0007111376892564697,2.560095681323291,19107.429661365095,5.307619350379199,0.2903001882575029,277020.891990351,1783556883020892.0,1783556882927671.0
535.0,176.31798815485368,24288.0,100.36402369029264,-975.3870414580122,42.54390523882942,982.0460355354389,0.10036402369029265,-0.9753870414580121,0.04254390523882942,0.9820460355354389,0.9814911101315392,0.9814911101315392,9.625139795171458,-0.018508889868460766,-0.18151020482854077,0.9842348529224083,1.101463198538796,-0.11722834561638748,-0.09015764005710736,-9.565279330114214,-9.581097049999999,0.015817719885784426,0.02440376140409668,0.4172131883103665,0.4985799507306021,-0.08136676242023556,0.06306604342458108,0.10036402369029265,0.9842348529224083,-0.09015764005710736,-0.09015764005710736,-0.041390767592255434,9.625139795171458,0.9814911101315392,43.662446341005925,-79.39484223017767,108.7,-22.003705861021743,7.112254794789501,1.0,2.4292135157181454,535.0,2.4292135157181454,2.4361654831664024,8.770195739399048,0.5953179881548537,2.4292135157181454,0.0,2.4361654831664024,8.770195739399048,-7.93237130645412e-08,-5.979155315731319e-05,5.979155315731319e-05,0.0,0.0,0.0,0.0,4.282411296305086,0.0007081717526253393,2.5494183094512213,19108.475932138528,5.307909981149597,0.29030124335106744,277266.55751800846,1783556883266557.5,1783556883341006.0
536.0,175.49009779905947,24288.0,102.01980440188103,-978.2846577032918,35.92078239247584,984.5297066028215,0.10201980440188103,-0.9782846577032918,0.03592078239247584,0.9845297066028216,0.9842714328954388,0.9842714328954388,9.652405447404055,-0.01572856710456122,-0.15424455259594527,1.0004725148377067,1.0933443675811467,-0.09287185274343998,-0.10436559423299344,-9.593695238465987,-9.581097049999999,-0.012598188465987793,0.0183146381858603,0.3522625406491733,0.5026393662094266,-0.15037682556025342,0.02653130411515986,0.10201980440188103,1.0004725148377067,-0.10436559423299344,-0.10436559423299344,-0.05168768277310344,9.652405447404055,0.9842714328954388,43.6624467549511,-79.39485464853301,108.7,-23.003777816937642,7.158012294638719,1.0,2.4207745614020766,536.0,2.4207745614020766,2.4361654831664024,8.770195739399048,0.5944900977990595,2.4207745614020766,0.0,2.4361654831664024,8.770195739399048,-2.949675764762352e-08,-2.227147144840834e-05,2.227147144840834e-05,0.0,0.0,0.0,0.0,4.262303495343557,0.0007038653319194117,2.533915194909882,19109.521035093505,5.308200287525979,0.2903025241232311,277512.4409536793,1783556883512441.0,1783556883754951.0
537.0,182.44608047278533,24288.0,98.0,-974.0,57.1339692358605,980.0,0.098,-0.974,0.0571339692358605,0.98,0.9806271747397489,0.9806271747397489,9.616667483161558,-0.01937282526025109,-0.18998251683844133,0.9610517,1.073828175,-0.1127764750000001,-0.1127764750000001,-9.5516771,-9.581097049999999,0.029419949999999417,0.014709975000000597,0.5602928394068513,0.505042475,0.055250364406851285,0.004903324999999903,0.098,0.9610517,-0.1127764750000001,-0.1127764750000001,0.0,9.616667483161558,0.9806271747397489,43.66244729738698,-79.3948670555787,108.7,-24.0029389859873,7.217973156932599,1.0,2.464584302254003,537.0,2.464584302254003,2.4819395877425863,8.93498251587331,0.5987026130181431,0.408016054747572,0.0,2.4819395877425863,8.93498251587331,0.04577410457618393,0.0017471074088824619,0.0017472098814168423,0.0,0.0,0.0,0.0,4.43125040252301,0.0007369396522592903,2.652982748133445,19113.18641697687,5.309218449160247,0.2875121769572358,278345.7700140843,1783556884345770.0,1783556884148693.5
538.0,183.5393719440273,24288.0,98.0,-974.0,47.65877648509666,980.0,0.098,-0.974,0.04765877648509666,0.98,0.9801631688344105,0.9801631688344105,9.612117139649971,-0.019836831165589555,-0.19453286035002879,0.9610517,1.073828175,-0.1127764750000001,-0.1127764750000001,-9.5516771,-9.581097049999999,0.029419949999999417,0.014709975000000597,0.4673729404175731,0.505042475,-0.03766953458242689,0.004903324999999903,0.098,0.9610517,-0.1127764750000001,-0.1127764750000001,0.0,9.612117139649971,0.9801631688344105,43.662448026247965,-79.39487944621537,108.7,-25.000778708990683,7.298541449836145,1.0,2.5842008363434554,538.0,2.5842008363434554,2.5941266059825976,9.338855781537351,0.5979737520373151,1.4080160547475595,0.0,2.5941266059825976,9.338855781537351,0.15796112281619537,0.006029212424126387,0.006029271029833061,0.0,0.0,0.0,0.0,4.457804265776535,0.0007404482043762144,2.665613535754372,19114.16399745255,5.3094899992923805,0.28067908480846737,278563.33501686144,1783556884563335.0,1783556884513124.0
539.0,184.6326634152693,24288.0,98.0,-974.0,38.18358373433282,980.0,0.098,-0.974,0.038183583734332824,0.98,0.979699162929072,0.979699162929072,9.607566796138382,-0.02030083707092802,-0.19908320386161626,0.9610517,1.073828175,-0.1127764750000001,-0.1127764750000001,-9.5516771,-9.581097049999999,0.029419949999999417,0.014709975000000597,0.37445304142829494,0.505042475,-0.13058943357170505,0.004903324999999903,0.098,0.9610517,-0.1127764750000001,-0.1127764750000001,0.0,9.607566796138382,0.979699162929072,43.66244875510895,-79.39489183685204,108.7,-25.998618431994068,7.379109742739692,1.0,2.7038173704329074,539.0,2.7038173704329074,2.7063136242226093,9.742729047201392,0.5972448910564871,2.4080160547475473,0.0,2.7063136242226093,9.742729047201392,0.27014814105620677,0.010311317439370311,0.01031133217824928,0.0,0.0,0.0,0.0,4.484358129030061,0.0007439567564931386,2.678244323375299,19115.141577928225,5.309761549424513,0.273845992659699,278780.9000196386,1783556884780900.0,1783556884877554.5
540.0,180.14563401182482,24288.0,89.04270313851084,-964.8116628496643,38.12428244256942,969.5825360472993,0.08904270313851084,-0.9648116628496642,0.03812428244256942,0.9695825360472994,0.9697581666237358,0.9697581666237358,9.51007892472066,-0.030241833376264172,-0.296571075279341,0.8732106247332774,1.0704577254653813,-0.19724710073210405,-0.13729310000000006,-9.461570293484659,-9.576193725,0.11462343151534034,0.014709975000000597,0.37387149441542333,0.505042475,-0.13117098058457663,-0.007150291356412418,0.08904270313851084,0.8732106247332774,-0.13729310000000006,-0.13729310000000006,-0.03176337665372932,9.51007892472066,0.9697581666237358,43.66244922912681,-79.39490424856488,108.7,-26.998155455982285,7.431507676821085,1.0,2.7792903899309804,540.0,2.7792903899309804,2.7792903899309804,10.005445403751528,0.5954582536047299,0.6640085517968844,0.0,2.7792903899309804,10.005445403751528,0.2725900491378378,0.029391511594960017,0.029391511594960017,0.0,0.0,0.0,0.0,4.375377158879202,0.0007237214836740651,2.6053973412266345,19118.6681376585,5.310741149349588,0.26792557900403297,279585.78870101186,1783556885585788.8,1783556885229126.8
541.0,181.87096421837808,24288.0,80.07098606443395,-972.0580497171879,44.33547118616111,976.4838568735123,0.08007098606443397,-0.9720580497171879,0.04433547118616111,0.9764838568735124,0.9764901984600177,0.9764901984600177,9.576097604727932,-0.023509801539982285,-0.23055239527206725,0.7852281354887813,1.0653818126243528,-0.2801536771355715,-0.13729310000000006,-9.53263307325906,-9.576193725,0.04356065174093922,0.014709975000000597,0.43478244850776676,0.505042475,-0.07026002649223323,-0.010534233250431489,0.08007098606443397,0.7852281354887813,-0.13729310000000006,-0.13729310000000006,-0.01754513340154833,9.576097604727932,0.9764901984600177,43.66244957419284,-79.39491667094237,108.7,-27.99855132224653,7.469651276931261,1.0,2.8324265835610785,541.0,2.8324265835610785,2.8324265835610785,10.196735700819882,0.5961483856873512,1.6640085517968868,0.0,2.8324265835610785,10.196735700819882,0.2195004156519074,0.055959608410009035,0.055959608410009035,0.0,0.0,0.0,0.0,4.417281978935967,0.0007315041399768299,2.6334149039165875,19119.588769793216,5.310996880498121,0.2624669849556769,279791.7931276743,1783556885791793.2,1783556885574192.8
542.0,183.59629442493133,24288.0,71.09926899035707,-979.3044365847115,50.54665992975279,983.3851776997253,0.07109926899035708,-0.9793044365847116,0.050546659929752796,0.9833851776997253,0.9832222302962996,0.9832222302962996,9.642116284735206,-0.016777769703700394,-0.1645337152647935,0.6972456462442852,1.0603058997833241,-0.36306025353903887,-0.13729310000000006,-9.60369585303346,-9.576193725,-0.027502128033461914,0.014709975000000597,0.4956934026001102,0.505042475,-0.00934907239988983,-0.013918175144450559,0.07109926899035708,0.6972456462442852,-0.13729310000000006,-0.13729310000000006,-0.003326890149367344,9.642116284735206,0.9832222302962996,43.66244991925888,-79.39492909331986,108.7,-28.998947188510776,7.507794877041436,1.0,2.8855627771911765,542.0,2.8855627771911765,2.8855627771911765,10.388025997888235,0.5968385177699725,2.6640085517968894,0.0,2.8855627771911765,10.388025997888235,0.166410782165977,0.08252770522505805,0.08252770522505805,0.0,0.0,0.0,0.0,4.459186798992732,0.0007392867962795947,2.661432466606541,19120.509401927935,5.311252611646654,0.25700839090732086,279997.7975543368,1783556885997797.5,1783556885919259.0
543.0,183.2693174481629,24288.0,75.08902126530917,-982.948486804899,59.793947219595736,987.9227302073484,0.07508902126530917,-0.9829484868048989,0.05979394721959574,0.9879227302073484,0.9877699953134144,0.9877699953134144,9.686714624540294,-0.012230004686585664,-0.11993537545970531,0.7363717503914442,1.0627009740234865,-0.32632922363204236,-0.13729310000000006,-9.639431778125262,-9.576193725,-0.0632380531252622,0.014709975000000597,0.5863783125010484,0.5026539589843422,0.08372435351670625,-0.014709974999999986,0.07508902126530917,0.7363717503914442,-0.13729310000000006,-0.13729310000000006,0.0,9.686714624540294,0.9877699953134144,43.6624504871217,-79.39494149887317,108.7,-29.99798817474379,7.570566432781255,1.0,2.958170186227046,543.0,2.958170186227046,2.958170186227046,10.649412670417366,0.597730682551837,2.958170186227046,0.0,2.958170186227046,10.649412670417366,0.17665711921191468,0.09008309281240409,0.09008309281240409,0.0,0.0,0.0,0.0,4.451245182180981,0.00073905709660758,2.660605547787288,19121.367253077035,5.311490903632515,0.2529586762251846,280192.13651036745,1783556886192136.5,1783556886243560.8
544.0,182.31543943465323,24288.0,83.03800471122308,-985.4921615075914,69.96864603036553,991.7382422613871,0.08303800471122308,-0.9854921615075913,0.06996864603036554,0.9917382422613871,0.9916505506922335,0.9916505506922335,9.724769872945991,-0.008349449307766462,-0.08188012705400798,0.8143246489013158,1.067378147934079,-0.2530534990327632,-0.13729310000000006,-9.66437670564842,-9.576193725,-0.08818298064842119,0.014709975000000597,0.6861580225936841,0.4995358430439473,0.18662217954973678,-0.014709974999999986,0.08303800471122308,0.8143246489013158,-0.13729310000000006,-0.13729310000000006,0.0,9.724769872945991,0.9916505506922335,43.66245112304038,-79.39495389928734,108.7,-30.996615297154108,7.6408608832624205,1.0,3.036725303882604,544.0,3.036725303882604,3.036725303882604,10.932211093977376,0.5986845605653467,3.036725303882604,0.0,3.036725303882604,10.932211093977376,0.20625016317975525,0.09183082781101072,0.09183082781101072,0.0,0.0,0.0,0.0,4.4280773929888575,0.0007363799298564902,2.6509677474833646,19122.20592704579,5.311723868623835,0.24933932008903212,280382.9121130694,1783556886382912.0,1783556886561520.2
545.0,181.36156142114356,24288.0,90.98698815713698,-988.0358362102838,80.14334484113533,995.5537543154257,0.09098698815713699,-0.9880358362102838,0.08014334484113533,0.9955537543154257,0.9955311060710528,0.9955311060710528,9.762825121351689,-0.004468893928947259,-0.04382487864831064,0.8922775474111874,1.0720553218446713,-0.17977777443348394,-0.13729310000000006,-9.68932163317158,-9.576193725,-0.11312790817158017,0.014709975000000597,0.7859377326863198,0.4964177271035525,0.2895200055827673,-0.014709974999999986,0.09098698815713699,0.8922775474111874,-0.13729310000000006,-0.13729310000000006,0.0,9.762825121351689,0.9955311060710528,43.66245175895905,-79.39496629970152,108.7,-31.995242419564423,7.711155333743585,1.0,3.1152804215381624,545.0,3.1152804215381624,3.1152804215381624,11.215009517537384,0.5996384385788565,3.1152804215381624,0.0,3.1152804215381624,11.215009517537384,0.2358432071475958,0.09357856280961735,0.09357856280961735,0.0,0.0,0.0,0.0,4.404909603796735,0.0007337027631054005,2.641329947179442,19123.044601014542,5.311956833615156,0.24571996395287965,280573.68771577126,1783556886573687.8,1783556886879479.5
546.0,179.6281783230906,24288.0,51.31143955600099,-976.7637707274549,57.818853637274756,979.7436433538188,0.051311439556000996,-0.9767637707274549,0.05781885363727476,0.9797436433538188,0.9800115469082884,0.9800115469082884,9.610630236488165,-0.019988453091711614,-0.1960197635118337,0.5031933287218571,1.0709453946326006,-0.5677520659107436,-0.1185420357347988,-9.578780432204395,-9.575232798210866,-0.0035476339935287815,-0.009806649999999806,0.5670092610219805,0.4933139714217337,0.07369528960024674,0.004903324999999903,0.051311439556000996,0.5031933287218571,-0.1185420357347988,-0.1185420357347988,0.023439378688295275,9.610630236488165,0.9800115469082884,43.662452783898104,-79.39497864300648,108.7,-32.989270436626164,7.82445209612954,1.0,3.149661669518467,546.0,3.149661669518467,3.149661669518467,11.338782010266481,0.595,0.6209563319179199,0.0,3.149661669518467,11.338782010266481,0.2032481733489687,0.09530313914977273,0.09530313914977273,0.0,0.0,0.0,0.0,4.3628091951112244,0.0007210754086364383,2.5958714710911783,19126.47097635629,5.31290860454342,0.2305107728068897,281357.6048425373,1783556887357604.8,1783556887195974.5
547.0,177.41897035403366,24288.0,58.25466460160849,-979.6041809733853,72.02090486692646,984.1620592919327,0.0582546646016085,-0.9796041809733853,0.07202090486692646,0.9841620592919327,0.9842796466496379,0.9842796466496379,9.652485996816669,-0.0157203533503622,-0.15416400318332946,0.5712831066153639,1.066302909776225,-0.49501980316086125,-0.1278270054475497,-9.606635341342647,-9.57368530325874,-0.03295003808390696,-0.009806649999999806,0.7062838067132443,0.49021898151748344,0.21606482519576087,0.004903324999999903,0.0582546646016085,0.5712831066153639,-0.1278270054475497,-0.1278270054475497,-0.005169771687127699,9.652485996816669,0.9842796466496379,43.662454046302656,-79.39499095145088,108.7,-33.980491071475,7.963998295396277,1.0,3.1570783392596344,547.0,3.1570783392596344,3.1570783392596344,11.365482021334685,0.595,1.6209563319179363,0.0,3.1570783392596344,11.365482021334685,0.1326923427987072,0.09701357900013645,0.09701357900013645,0.0,0.0,0.0,0.0,4.3091519519587695,0.0007122070587265187,2.563945411415468,19127.264566982514,5.313129046384037,0.22655845218827458,281545.38751990715,1783556887545387.5,1783556887511575.8
548.0,175.20976238497673,24288.0,65.19788964721599,-982.4445912193156,86.22295609657816,988.5804752300465,0.065197889647216,-0.9824445912193156,0.08622295609657815,0.9885804752300466,0.9885477463909872,0.9885477463909872,9.694341757145173,-0.011452253609012787,-0.11230824285482524,0.6393728845088706,1.0616604249198496,-0.42228754041097893,-0.13711197516030063,-9.634490250480901,-9.572137808306616,-0.062352442174285136,-0.009806649999999806,0.845558352404508,0.48712399161323316,0.358434360791275,0.004903324999999903,0.065197889647216,0.6393728845088706,-0.13711197516030063,-0.13711197516030063,-0.03377892206255068,9.694341757145173,0.9885477463909872,43.66245530870721,-79.39500325989528,108.7,-34.97171170632383,8.103544494663014,1.0,3.164495009000802,548.0,3.164495009000802,3.164495009000802,11.392182032402888,0.595,2.6209563319179527,0.0,3.164495009000802,11.392182032402888,0.06213651224844571,0.09872401885050017,0.09872401885050017,0.0,0.0,0.0,0.0,4.255494708806315,0.0007033387088165992,2.532019351739757,19128.05815760874,5.313349488224655,0.22260613156965947,281733.170197277,1783556887733170.2,1783556887827176.8
549.0,171.01457043389635,24288.0,170.19104827205865,-952.5509965186372,190.45494871359904,988.1122508703407,0.17019104827205866,-0.9525509965186372,0.19045494871359903,0.9881122508703407,0.9882852605527026,0.9882852605527026,9.69176765039916,-0.011714739447297413,-0.11488234960083915,1.6690040435371838,1.0591182,0.609885843537184,-0.14344011714319627,-9.341334230009492,-9.571290399999999,0.22995616999050658,-0.04723915535799056,1.867725022802216,0.49523582499999996,1.372489197802216,0.004903324999999903,0.17019104827205866,1.6690040435371838,-0.14344011714319627,-0.14344011714319627,-0.002055689492886282,9.69176765039916,0.9882852605527026,43.66245650728521,-79.39501558013738,108.7,-35.963882430977094,8.236035307707963,1.0,3.219115879550653,549.0,3.219115879550653,3.219115879550653,11.588817166382352,0.5953950343466075,0.4523999542274234,0.0,3.219115879550653,11.588817166382352,0.07107932014585834,0.10184956653892344,0.10184956653892344,0.0,0.0,0.0,0.0,4.153601886698475,0.0006870196173523182,2.4732706224683456,19131.2770407093,5.314243622419257,0.21831524391781984,282506.72688906343,1783556888506727.0,1783556888126821.2
550.0,173.25721087719384,24288.0,141.87771267542772,-960.4002380701785,145.04147973682464,986.1499404824553,0.1418777126754277,-0.9604002380701784,0.14504147973682463,0.9861499404824554,0.9861578655437356,0.9861578655437356,9.670905032134474,-0.01384213445626438,-0.13574496786552506,1.391345071008483,1.0591182,0.33222687100848314,-0.1461892158811042,-9.418308994670914,-9.571290399999999,0.15298140532908455,-0.05411190220276049,1.4223710272611314,0.49523582499999996,0.9271352022611314,0.004903324999999903,0.1418777126754277,1.391345071008483,-0.1461892158811042,-0.1461892158811042,-0.00659965434893246,9.670905032134474,0.9861578655437356,43.66245762860544,-79.39502791465982,108.7,-36.95720317612777,8.35998604513643,1.0,3.3308742946160366,550.0,3.3308742946160366,3.3308742946160366,11.991147460617732,0.5984786649561415,1.4523999542274377,0.0,3.3308742946160366,11.991147460617732,0.17624994072541053,0.10668800811615776,0.10668800811615776,0.0,0.0,0.0,0.0,4.208071137785284,0.0006997101963381687,2.518956706817407,19132.010264915494,5.314447295809866,0.2136145433976137,282676.3265725878,1783556888676326.5,1783556888407151.2
551.0,175.49985132049136,24288.0,113.56437707879675,-968.2494796217197,99.62801076005023,984.1876300945701,0.11356437707879675,-0.9682494796217197,0.09962801076005025,0.9841876300945701,0.9840304705347687,0.9840304705347687,9.65004241386979,-0.015969529465231346,-0.15660758613021097,1.113686098479782,1.0591182,0.05456789847978227,-0.14893831461901214,-9.495283759332336,-9.571290399999999,0.07600664066766255,-0.06098464904753043,0.9770170317200468,0.49523582499999996,0.4817812067200469,0.004903324999999903,0.11356437707879675,1.113686098479782,-0.14893831461901214,-0.14893831461901214,-0.011143619204978639,9.65004241386979,0.9840304705347687,43.66245874992566,-79.39504024918226,108.7,-37.95052392127844,8.4839367825649,1.0,3.44263270968142,551.0,3.44263270968142,3.44263270968142,12.393477754853112,0.6015622955656755,2.4523999542274524,0.0,3.44263270968142,12.393477754853112,0.28142056130496274,0.11152644969339211,0.11152644969339211,0.0,0.0,0.0,0.0,4.262540388872094,0.0007124007753240191,2.564642791166469,19132.743489121687,5.314650969200475,0.20891384287740755,282845.9262561122,1783556888845926.2,1783556888687481.5
552.0,177.74249176378885,24288.0,85.2510414821658,-976.098721173261,54.21454178327582,982.2253197066848,0.0852510414821658,-0.9760987211732609,0.054214541783275866,0.9822253197066847,0.9819030755258017,0.9819030755258017,9.629179795605102,-0.018096924474198313,-0.17747020439489689,0.8360271259510813,1.0591182,-0.2230910740489186,-0.1516874133569201,-9.572258523993758,-9.571290399999999,-0.000968123993759451,-0.06785739589230037,0.531663036178962,0.49523582499999996,0.03642721117896208,0.004903324999999903,0.0852510414821658,0.8360271259510813,-0.1516874133569201,-0.1516874133569201,-0.015687584061024818,9.629179795605102,0.9819030755258017,43.662459871245886,-79.3950525837047,108.7,-38.943844666429115,8.607887519993369,1.0,3.554391124746803,552.0,3.554391124746803,3.554391124746803,12.79580804908849,0.6046459261752096,3.4523999542274666,0.0,3.554391124746803,12.79580804908849,0.38659118188451497,0.11636489127062644,0.11636489127062644,0.0,0.0,0.0,0.0,4.317009639958903,0.0007250913543098696,2.6103288755155303,19133.47671332788,5.314854642591084,0.2042131423572014,283015.5259396365,1783556889015526.0,1783556888967811.5
553.0,178.7281306552908,24288.0,90.00943720819907,-972.8739262866853,43.174954757673405,978.3593467235459,0.09000943720819907,-0.9728739262866853,0.043174954757673405,0.9783593467235459,0.9781462594601001,0.9781462594601001,9.59233801533439,-0.021853740539899906,-0.21431198466560938,0.8826910473977854,1.0591182,-0.17642715260221453,-0.1520030750000001,-9.54063408921932,-9.571290399999999,0.030656310780677577,-0.06864655000000042,0.4234016700743379,0.49523582499999996,-0.07183415492566207,0.004903324999999903,0.09000943720819907,0.8826910473977854,-0.1520030750000001,-0.1520030750000001,-0.012275166671786391,9.59233801533439,0.9781462594601001,43.662460970840876,-79.39506492195983,108.7,-39.93746601163892,8.729436750324204,1.0,3.5865983259525196,553.0,3.5865983259525196,3.575595583392301,12.872144100212282,0.6025728978156972,3.5865983259525196,0.0,3.575595583392301,12.872144100212282,0.3102785879647207,0.10373454197869252,0.10373454197869252,0.0,0.0,0.0,0.0,4.340948837355704,0.000726556720758035,2.615604194728926,19134.195761018324,5.315054378060652,0.2031335130398792,283179.412579966,1783556889179412.5,1783556889242710.2
554.0,179.55071327710857,24288.0,99.05784604819415,-968.2126247630515,36.594293783131526,974.2464336144573,0.09905784604819415,-0.9682126247630515,0.03659429378313153,0.9742464336144572,0.9741780774506759,0.9741780774506759,9.553423443231669,-0.025821922549324153,-0.2532265567683297,0.9714256259485232,1.0591182,-0.08769257405147673,-0.1520030750000001,-9.494922336632577,-9.571290399999999,0.07636806336742133,-0.06864655000000042,0.3588674311283468,0.49523582499999996,-0.13636839387165314,0.004903324999999903,0.09905784604819415,0.9714256259485232,-0.1520030750000001,-0.1520030750000001,-0.007830659857324182,9.553423443231669,0.9741780774506759,43.6624620676177,-79.39507726069915,108.7,-40.93112635021689,8.850674460921113,1.0,3.608486268472929,554.0,3.608486268472929,3.5850535248454487,12.906192689443616,0.5998309557429714,3.608486268472929,0.0,3.5850535248454487,12.906192689443616,0.21042427611761044,0.08883816853511611,0.08883816853511611,0.0,0.0,0.0,0.0,4.360927724074413,0.000726565970242627,2.615637492873457,19134.91296975338,5.315253602709279,0.20252360339932265,283342.5581332932,1783556889342558.2,1783556889516904.5
555.0,180.3732958989263,24288.0,108.10625488818923,-963.5513232394177,30.01363280858965,970.1335205053686,0.10810625488818923,-0.9635513232394176,0.030013632808589655,0.9701335205053685,0.9702098954412516,0.9702098954412516,9.51450887112895,-0.0297901045587484,-0.29214112887105004,1.0601602044992608,1.0591182,0.0010420044992610622,-0.1520030750000001,-9.449210584045833,-9.571290399999999,0.12207981595416509,-0.06864655000000042,0.2943331921823557,0.49523582499999996,-0.2009026328176442,0.004903324999999903,0.10810625488818923,1.0601602044992608,-0.1520030750000001,-0.1520030750000001,-0.0033861530428619738,9.51450887112895,0.9702098954412516,43.66246316439453,-79.39508959943849,108.7,-41.92478668879487,8.971912171518023,1.0,3.630374210993338,555.0,3.630374210993338,3.594511466298597,12.94024127867495,0.5970890136702457,3.630374210993338,0.0,3.594511466298597,12.94024127867495,0.1105699642705002,0.0739417950915397,0.0739417950915397,0.0,0.0,0.0,0.0,4.380906610793122,0.000726575219727219,2.615670791017988,19135.630178488438,5.315452827357906,0.20191369375876608,283505.7036866204,1783556889505703.8,1783556889791098.8
556.0,177.6033121278376,24288.0,108.12394897112682,-987.9338853546396,68.79337574432482,997.0661146453604,0.10812394897112682,-0.9879338853546396,0.06879337574432481,0.9970661146453604,0.9962245026061266,0.9962245026061266,9.76962501848237,-0.0037754973938733762,-0.03702498151762834,1.0603337241777007,1.058794018406538,0.0015397057711625736,-0.08825984999999992,-9.688321836813076,-9.571290399999999,-0.11703143681307766,-0.07780483681307666,0.674632558243083,0.49523582499999996,0.17939673324308297,0.04903324999999997,0.10812394897112682,1.0603337241777007,-0.08825984999999992,-0.08825984999999992,0.10004851140335616,9.76962501848237,0.9962245026061266,43.662464396687874,-79.3951019090444,108.7,-42.9161008623085,9.108129877274457,1.0,3.644052895305399,556.0,3.644052895305399,3.6047143879395027,12.976971796582209,0.595,0.23812625692380734,0.0,3.6047143879395027,12.976971796582209,0.035210219123731026,0.06109319694143142,0.06109319694143142,0.0,0.0,0.0,0.0,4.31362924496092,0.0007129470557643741,2.566609400751747,19138.913279877095,5.316364799965868,0.19892098726915045,284264.33821398945,1783556890264338.2,1783556890066114.8
557.0,175.93744009303154,24288.0,112.8439197364106,-987.6562400155052,72.12511981393689,997.3437599844948,0.1128439197364106,-0.9876562400155052,0.07212511981393689,0.9973437599844948,0.9967435722121514,0.9967435722121514,9.774715352434294,-0.003256427787848668,-0.03193464756570614,1.106620825483071,1.0574326330740274,0.04918819240904362,-0.08825984999999992,-9.685599066148054,-9.571290399999999,-0.11430866614805593,-0.07508206614805493,0.7073058062233443,0.49523582499999996,0.21206998122334428,0.04903324999999997,0.1128439197364106,1.106620825483071,-0.08825984999999992,-0.08825984999999992,0.07030395791992491,9.774715352434294,0.9967435722121514,43.66246606255991,-79.39511412543932,108.7,-43.89990859120514,9.292275371973139,1.0,3.6314664446429705,557.0,3.6314664446429705,3.617300838601931,13.022283018966952,0.595,1.2381262569238127,0.0,3.617300838601931,13.022283018966952,0.038219686419542875,0.054796359390796724,0.054796359390796724,0.0,0.0,0.0,0.0,4.2731685449795505,0.00070625980118412,2.5425352842628324,19139.60340454978,5.316556501263835,0.1976457756996567,284429.5371907744,1783556890429537.2,1783556890343760.0
558.0,174.2715680582255,24288.0,117.56389050169437,-987.3785946763709,75.45686388354898,997.6214053236291,0.11756389050169437,-0.9873785946763709,0.07545686388354897,0.9976214053236291,0.997262641818176,0.997262641818176,9.779805686386217,-0.00273735818182396,-0.026844313613783935,1.152907926788441,1.0560712477415164,0.09683667904692467,-0.08825984999999992,-9.682876295483034,-9.571290399999999,-0.11158589548303421,-0.07235929548303321,0.7399790542036055,0.49523582499999996,0.24474322920360558,0.04903324999999997,0.11756389050169437,1.152907926788441,-0.08825984999999992,-0.08825984999999992,0.04055940443649368,9.779805686386217,0.997262641818176,43.66246772843194,-79.39512634183424,108.7,-44.88371632010178,9.47642086667182,1.0,3.6188799939805425,558.0,3.6188799939805425,3.629887289264359,13.067594241351694,0.595,2.238126256923818,0.0,3.629887289264359,13.067594241351694,0.041229153715354724,0.04849952184016203,0.04849952184016203,0.0,0.0,0.0,0.0,4.232707844998181,0.000699572546603866,2.5184611677739177,19140.29352922246,5.3167482025618025,0.1963705641301629,284594.7361675593,1783556890594736.2,1783556890621405.2
559.0,172.60569602341948,24288.0,122.28386126697816,-987.1009493372366,78.78860795316105,997.8990506627634,0.12228386126697816,-0.9871009493372366,0.07878860795316106,0.9978990506627634,0.9977817114242008,0.9977817114242008,9.784896020338138,-0.0022182885757992517,-0.021753979661861732,1.1991950280938113,1.0547098624090054,0.1444851656848057,-0.08825984999999992,-9.680153524818012,-9.571290399999999,-0.1088631248180125,-0.0696365248180115,0.7726523021838668,0.49523582499999996,0.27741647718386686,0.04903324999999997,0.12228386126697816,1.1991950280938113,-0.08825984999999992,-0.08825984999999992,0.010814850953062435,9.784896020338138,0.9977817114242008,43.662469394303976,-79.39513855822916,108.7,-45.867524048998426,9.6605663613705,1.0,3.606293543318114,559.0,3.606293543318114,3.6424737399267877,13.112905463736436,0.595,3.2381262569238234,0.0,3.6424737399267877,13.112905463736436,0.04423862101116657,0.04220268428952734,0.04220268428952734,0.0,0.0,0.0,0.0,4.192247145016812,0.0006928852920236119,2.494387051285003,19140.983653895146,5.316939903859769,0.19509535256066912,284759.9351443442,1783556890759935.2,1783556890899050.8
560.0,169.8783693329819,24288.0,70.6351079989457,-987.1461957577355,-4.046740608296995,989.8292391515471,0.0706351079989457,-0.9871461957577354,-0.004046740608296994,0.9898292391515471,0.9901084683694042,0.9901084683694042,9.709647211334818,-0.009891531630595734,-0.09700278866518164,0.6926937818578609,1.0533775790627598,-0.36068379720489874,-0.07079708594139508,-9.680597240627597,-9.571290399999999,-0.10930684062759792,-0.08180238374896143,-0.039684968786355745,0.48865790812551935,-0.528342876911875,0.038148402815875865,0.0706351079989457,0.6926937818578609,-0.07079708594139508,-0.07079708594139508,0.027860912811926618,9.709647211334818,0.9901084683694042,43.662470683043395,-79.39515085499903,108.7,-46.8578045132695,9.803023616618374,1.0,3.6230939679421073,560.0,3.6230939679421073,3.660685730515335,13.178468629855207,0.5984877174546412,0.6364090333685316,0.0,3.660685730515335,13.178468629855207,0.05122743339896368,0.03804912585619129,0.03804912585619129,0.0,0.0,0.0,0.0,4.126005834359465,0.0006859028666046334,2.46925031977668,19144.121192442235,5.317811442345073,0.19463169715345724,285520.7734656779,1783556891520773.5,1783556891170760.8
561.0,172.82988201506888,24288.0,79.4896460452066,-985.8045990840596,14.73561282316551,989.560919816812,0.0794896460452066,-0.9858045990840596,0.014735612823165507,0.9895609198168119,0.9898623253398425,0.9898623253398425,9.707233372793967,-0.010137674660157426,-0.09941662720603282,0.7795271373892253,1.0520619221607692,-0.27253478477154397,-0.05106223241153961,-9.667440671607693,-9.571290399999999,-0.09615027160769402,-0.0870650113569228,0.144506997492296,0.4860265943215386,-0.34151959682924254,0.021044863090001073,0.0794896460452066,0.7795271373892253,-0.05106223241153961,-0.05106223241153961,0.058776660957037465,9.707233372793967,0.9898623253398425,43.662471756320734,-79.39516319768843,108.7,-47.85178295790877,9.921663693786837,1.0,3.656683598613528,561.0,3.656683598613528,3.6821116847535427,13.255602065112754,0.5976827594504357,1.636409033368546,0.0,3.6821116847535427,13.255602065112754,0.06048971120395784,0.035120058096557584,0.035120058096557584,0.0,0.0,0.0,0.0,4.197692174381993,0.0006968585668525207,2.5086908406690744,19144.816445669414,5.318004568241512,0.19463169715345724,285680.6917891801,1783556891680691.8,1783556891439080.2
562.0,175.78139469715583,24288.0,88.3441840914675,-984.4630024103838,33.517966254628014,989.2926004820768,0.08834418409146749,-0.9844630024103836,0.03351796625462801,0.9892926004820767,0.9896161823102809,0.9896161823102809,9.704819534253115,-0.01038381768971912,-0.101830465746884,0.8663604929205897,1.050746265258779,-0.1843857723381892,-0.031327378881684124,-9.65428410258779,-9.571290399999999,-0.0829937025877901,-0.09232763896488418,0.3286989637709477,0.48339528051755787,-0.15469631674661005,0.003941323364126274,0.08834418409146749,0.8663604929205897,-0.031327378881684124,-0.031327378881684124,0.08969240910214832,9.704819534253115,0.9896161823102809,43.66247282959807,-79.39517554037782,108.7,-48.845761402548035,10.040303770955301,1.0,3.6902732292849487,562.0,3.6902732292849487,3.70353763899175,13.332735500370301,0.5968778014462301,2.63640903336856,0.0,3.70353763899175,13.332735500370301,0.069751989008952,0.03219099033692388,0.03219099033692388,0.0,0.0,0.0,0.0,4.269378514404521,0.0007078142671004082,2.5481313615614694,19145.511698896593,5.31819769413795,0.19463169715345724,285840.6101126823,1783556891840610.0,1783556891707399.5
563.0,178.7329073792428,24288.0,97.19872213772838,-983.1214057367079,52.30031968609052,989.0242811473415,0.0971987221377284,-0.9831214057367078,0.052300319686090516,0.9890242811473415,0.9893700392807192,0.9893700392807192,9.702405695712264,-0.010629960719280813,-0.10424430428773518,0.953193848451954,1.0494306083567884,-0.09623675990483443,-0.011592525351828642,-9.641127533567884,-9.571290399999999,-0.06983713356788618,-0.09759026657284554,0.5128909300495994,0.48076396671357713,0.032126963336022385,-0.013162216361748517,0.0971987221377284,0.953193848451954,-0.011592525351828642,-0.011592525351828642,0.12060815724725917,9.702405695712264,0.9893700392807192,43.66247390287541,-79.39518788306722,108.7,-49.8397398471873,10.158943848123764,1.0,3.7238628599563697,563.0,3.7238628599563697,3.7249635932299574,13.409868935627847,0.5960728434420247,3.636409033368574,0.0,3.7249635932299574,13.409868935627847,0.07901426681394616,0.029261922577290177,0.029261922577290177,0.0,0.0,0.0,0.0,4.341064854427049,0.0007187699673482956,2.587571882453864,19146.20695212377,5.318390820034389,0.19463169715345724,286000.52843618445,1783556892000528.5,1783556891975718.8
564.0,179.96226076901715,24288.0,81.16043654220007,-997.6744767275113,37.88213211896293,1002.2310855739856,0.08116043654220008,-0.9976744767275114,0.03788213211896293,1.0022310855739855,1.002604964580694,1.002604964580694,9.832195975905261,0.0026049645806940185,0.02554597590526296,0.7959119950165663,1.0493115499999999,-0.25339955498343353,-0.009806650000000028,-9.78384440719985,-9.571290399999999,-0.21255400719984988,-0.09806649999999983,0.37149681094442777,0.48052585,-0.10902903905557218,-0.030044376177033115,0.08116043654220008,0.7959119950165663,-0.009806650000000028,-0.009806650000000028,0.09371868318850037,9.832195975905261,1.002604964580694,43.662474,-79.39520030656404,108.7,-50.84022585483308,10.169680000243346,1.0,3.7398460164256457,564.0,3.7398460164256457,3.726902502150945,13.416849007743403,0.596,3.7398460164256457,0.0,3.726902502150945,13.416849007743403,0.06064272428865813,0.02617020368279018,0.02617020368279018,0.0,0.0,0.0,0.0,4.3709233895578885,0.0007236306500490282,2.6050703401765016,19146.907135679056,5.318585315466412,0.1944505755342081,286158.37685458356,1783556892158376.8,1783556892240565.2
565.0,181.02026391246778,24288.0,62.64538153181391,-1013.8090246651336,20.160579466164748,1016.7786287964319,0.06264538153181391,-1.0138090246651337,0.020160579466164744,1.016778628796432,1.0171812201451131,1.0171812201451131,9.975140212536072,0.01718122014511309,0.16849021253607321,0.6143413307989629,1.0493115499999999,-0.434970219201037,-0.009806650000000028,-9.942070271732332,-9.571290399999999,-0.37077987173233307,-0.09806649999999983,0.19770774662186452,0.48052585,-0.28281810337813545,-0.04690450928295344,0.06264538153181391,0.6143413307989629,-0.009806650000000028,-0.009806650000000028,0.061077744031452864,9.975140212536072,1.0171812201451131,43.662474,-79.39521273810097,108.7,-51.84135934760356,10.169680000243346,1.0,3.754077375773194,565.0,3.754077375773194,3.726902502150945,13.416849007743403,0.596,3.754077375773194,0.0,3.726902502150945,13.416849007743403,0.0395216905045793,0.023062301435130828,0.023062301435130828,0.0,0.0,0.0,0.0,4.396620169906018,0.0007278848947955517,2.620385621263986,19147.60780978881,5.3187799471635655,0.19425143279797435,286316.0193229577,1783556892316019.2,1783556892505066.0
566.0,182.07826705591842,24288.0,44.13032652142775,-1029.943572602756,2.43902681336656,1031.3261720188782,0.044130326521427746,-1.029943572602756,0.0024390268133665585,1.0313261720188782,1.0317574757095322,1.0317574757095322,10.118084449166883,0.031757475709532156,0.31143444916688345,0.43277066658135943,1.0493115499999999,-0.6165408834186404,-0.009806650000000028,-10.100296136264815,-9.571290399999999,-0.5290057362648162,-0.09806649999999983,0.023918682299301275,0.48052585,-0.4566071677006987,-0.06376464238887378,0.044130326521427746,0.43277066658135943,-0.009806650000000028,-0.009806650000000028,0.028436804874405364,10.118084449166883,1.0317574757095322,43.662474,-79.39522516963791,108.7,-52.842492840374035,10.169680000243346,1.0,3.7683087351207427,566.0,3.7683087351207427,3.726902502150945,13.416849007743403,0.596,3.7683087351207427,0.0,3.726902502150945,13.416849007743403,0.018400656720500473,0.01995439918747147,0.01995439918747147,0.0,0.0,0.0,0.0,4.422316950254146,0.0007321391395420753,2.6357009023514713,19148.30848389856,5.318974578860719,0.1940522900617406,286473.66179133183,1783556892473661.8,1783556892769566.8
567.0,185.58621014766817,24288.0,99.2037522976926,-976.6394934081492,22.250750301227026,982.0909005197839,0.09920375229769261,-0.9766394934081492,0.022250750301227026,0.9820909005197839,0.9821612272224528,0.9821612272224528,9.631711398941066,-0.017838772777547158,-0.17493860105893283,0.9728564774701672,1.0444082249999997,-0.07155174752983257,0.028313252112171904,-9.577561688031025,-9.571290399999999,-0.006271288031026349,-0.09806649999999983,0.218205320441528,0.48052585,-0.26232052955847196,-0.11749535035202859,0.09920375229769261,0.9728564774701672,0.028313252112171904,0.028313252112171904,0.06160563612269743,9.631711398941066,0.9821612272224528,43.662473811913706,-79.39523757992488,108.7,-53.84191503725355,10.148888941020038,1.0,3.767286691755828,567.0,3.767286691755828,3.7155060720194064,13.375821859269863,0.5952257035558174,0.12879942768847774,0.0,3.7155060720194064,13.375821859269863,-0.011396430131538985,0.012801562467036141,0.020394469307570138,0.0,0.0,0.0,0.0,4.507517872066564,0.000745259017853681,2.6829324642732515,19151.702957471745,5.319917488186603,0.19510601222599042,287228.607972841,1783556893228608.0,1783556893037617.2
568.0,182.37354173944624,24288.0,108.54969675797454,-981.604526402674,55.253616676597616,990.5606626869144,0.10854969675797455,-0.9816045264026739,0.05525361667659762,0.9905606626869145,0.9906111492283816,0.9906111492283816,9.714576826580508,-0.00938885077161841,-0.09207317341949169,1.064508883711591,1.0444082249999997,0.02010065871159132,0.01972083902703839,-9.626252028846782,-9.571290399999999,-0.054961628846782844,-0.09806649999999983,0.541852879981556,0.48052585,0.06132702998155598,-0.11606328150450633,0.10854969675797455,1.064508883711591,0.01972083902703839,0.01972083902703839,0.028054068554522735,9.714576826580508,0.9906111492283816,43.662472351609885,-79.395249846477,108.7,-54.82976201220578,9.987466956493869,1.0,3.66309048518782,568.0,3.66309048518782,3.627024078457268,13.057286682446165,0.5969780681421202,1.1287994276884805,0.0,3.627024078457268,13.057286682446165,-0.09987842369367751,-0.02171125007695863,0.04483305877522631,0.0,0.0,0.0,0.0,4.429488581767671,0.0007344314686063976,2.6439532869830313,19152.449023890582,5.320124728858502,0.19878859902816465,287404.1364922357,1783556893404136.5,1783556893329678.0
569.0,179.16087333122434,24288.0,117.89564121825649,-986.5695593971988,88.2564830519682,999.0304248540449,0.11789564121825649,-0.9865695593971987,0.0882564830519682,0.9990304248540449,0.9990610712343103,0.9990610712343103,9.797442254219948,-0.000938928765689663,-0.009207745780050541,1.156161289953015,1.0444082249999997,0.11175306495301521,0.011128425941904881,-9.674942369662539,-9.571290399999999,-0.10365196966253934,-0.09806649999999983,0.8655004395215838,0.48052585,0.3849745895215839,-0.11463121265698407,0.11789564121825649,1.156161289953015,0.011128425941904881,0.011128425941904881,-0.005497499013651944,9.797442254219948,0.9990610712343103,43.662470891306064,-79.3952621130291,108.7,-55.817608987158,9.826044971967699,1.0,3.558894278619812,569.0,3.558894278619812,3.5385420848951292,12.738751505622465,0.5987304327284231,2.128799427688483,0.0,3.5385420848951292,12.738751505622465,-0.18836041725581604,-0.056224062620953405,0.06927164824288248,0.0,0.0,0.0,0.0,4.351459291468776,0.0007236039193591142,2.604974109692811,19153.195090309415,5.320331969530401,0.20247118583033888,287579.6650116304,1783556893579665.0,1783556893621738.8
570.0,175.9482049230024,24288.0,127.24158567853841,-991.5345923917235,121.25934942733879,1007.5001870211754,0.12724158567853844,-0.9915345923917235,0.12125934942733879,1.0075001870211755,1.007510993240239,1.007510993240239,9.88030768185939,0.007510993240239086,0.07365768185939059,1.2478136961944388,1.0444082249999997,0.20340547119443908,0.00253601285677137,-9.723632710478295,-9.571290399999999,-0.15234231047829583,-0.09806649999999983,1.1891479990616118,0.48052585,0.7086221490616118,-0.11319914380946183,0.12724158567853844,1.2478136961944388,0.00253601285677137,0.00253601285677137,-0.039049066581826636,9.88030768185939,1.007510993240239,43.662469431002236,-79.39527437958121,108.7,-56.80545596211023,9.664622987441529,1.0,3.454698072051804,570.0,3.454698072051804,3.4500600913329906,12.420216328798766,0.600482797314726,3.128799427688486,0.0,3.4500600913329906,12.420216328798766,-0.2768424108179546,-0.09073687516494817,0.09371023771053864,0.0,0.0,0.0,0.0,4.273430001169883,0.0007127763701118309,2.565994932402591,19153.94115672825,5.320539210202299,0.20615377263251314,287755.193531025,1783556893755193.5,1783556893913799.5
571.0,174.55753952333427,24288.0,92.48611668330058,-978.9910721449958,65.69940213501543,986.0972233366601,0.09248611668330059,-0.9789910721449958,0.06569940213501543,0.9860972233366601,0.9860531748290305,0.9860531748290305,9.669878366937112,-0.013946825170969467,-0.13677163306288773,0.9069789761722896,1.0373353724832528,-0.13035639631096324,0.02291136744975908,-9.600622797650722,-9.571290399999999,-0.029332397650722774,-0.0643074949665065,0.6442910419473491,0.4745377612416265,0.16975328070572257,-0.11277647499999993,0.09248611668330059,0.9069789761722896,0.02291136744975908,0.02291136744975908,0.02761411599245467,9.669878366937112,0.9860531748290305,43.662467893848806,-79.3952866279793,108.72212302383329,-57.79184096248039,9.494706047302525,1.0,3.3713192546853796,571.0,3.3713192546853796,3.3713192546853796,12.136749316867366,0.594,0.7048544068302283,0.022123023833285294,3.3713192546853796,12.136749316867366,-0.2885598916744581,-0.127214158116821,0.127214158116821,0.6943677712523983,0.0,0.0,0.0,4.239653519942743,0.0006995428307905525,2.518354190845989,19157.238257435805,5.321455071509953,0.20953335290247824,288532.41076156974,1783556894532410.8,1783556894221230.2
572.0,173.9298063739375,24288.0,114.45677691218727,-981.8158713172812,55.341805169968865,990.4913553824374,0.11445677691218725,-0.9818158713172812,0.05534180516996885,0.9904913553824375,0.9907471212132933,0.9907471212132933,9.715910256246342,-0.009252878786706695,-0.0907397437536572,1.122437551305901,1.034257392838487,0.08818015846741423,0.013677428515461412,-9.628324614453614,-9.571290399999999,-0.0570342144536157,-0.05815153567697487,0.542717713670075,0.47299877141924357,0.0697189422508315,-0.11277647499999993,0.11445677691218725,1.122437551305901,0.013677428515461412,0.013677428515461412,-0.0034765874900290553,9.715910256246342,0.9907471212132933,43.66246632451593,-79.39529886877571,108.75350968130313,-58.777613786277584,9.321231991411667,1.0,3.296657359033012,572.0,3.296657359033012,3.296657359033012,11.867966492518843,0.594,1.704854406830217,0.05350968130312163,3.296657359033012,11.867966492518843,-0.2681335603942386,-0.16451402907861354,0.16451402907861354,1.6794900383812985,0.0,0.0,0.0,4.224407137210194,0.000697027177639682,2.509297839502855,19158.021631826985,5.321672675507503,0.21278605442724918,288718.84750694054,1783556894718847.5,1783556894535096.8
573.0,173.30207322454075,24288.0,136.42743714107394,-984.6406704895667,44.98420820492228,994.8854874282148,0.13642743714107394,-0.9846406704895666,0.04498420820492228,0.9948854874282148,0.9954410675975561,0.9954410675975561,9.761942145555572,-0.004558932402443924,-0.044707854444426695,1.3378961264395128,1.031179413193721,0.30671671324579175,0.0044434895811637475,-9.656026431256507,-9.571290399999999,-0.08473603125650864,-0.05199557638744323,0.44114438539280104,0.47145978159686064,-0.030315396204059597,-0.11277647499999993,0.13642743714107394,1.3378961264395128,0.0044434895811637475,0.0044434895811637475,-0.034567290972512786,9.761942145555572,0.9954410675975561,43.66246475518306,-79.39531110957213,108.78489633877297,-59.763386610074775,9.14775793552081,1.0,3.2219954633806442,573.0,3.2219954633806442,3.2219954633806442,11.599183668170319,0.594,2.7048544068302056,0.08489633877295796,3.2219954633806442,11.599183668170319,-0.24770722911401905,-0.20181390004040606,0.20181390004040606,2.6646123055101985,0.0,0.0,0.0,4.209160754477645,0.0006945115244888114,2.500241488159721,19158.805006218165,5.3218902795050536,0.21603875595202016,288905.2842523114,1783556894905284.2,1783556894848963.5
574.0,172.28279687657746,24288.0,140.00726954663023,-987.4344062468451,38.744894534010555,997.5379023425669,0.14000726954663023,-0.9874344062468451,0.03874489453401055,0.9975379023425669,0.9981829927314747,0.9981829927314747,9.788831245670115,-0.0018170072685252904,-0.017818754329883536,1.3730022898994614,1.0296982499999998,0.34330403989946146,0.005275020007733753,-9.683423620020623,-9.571290399999999,-0.11213322002062318,-0.041999889989688975,0.3799576199819546,0.4707192,-0.09076158001804539,-0.11277647499999993,0.14000726954663023,1.3730022898994614,0.005275020007733753,0.005275020007733753,-0.03178245044507999,9.788831245670115,0.9981829927314747,43.66246292419532,-79.39532327552733,108.8,-60.74313234021272,8.945360550016371,1.0,3.1335900693392214,574.0,3.1335900693392214,3.1335900693392214,11.280924249621197,0.5941793007808556,3.1335900693392214,0.08206992191443184,3.1335900693392214,11.280924249621197,-0.24770327316335788,-0.21976307527069294,0.21976307527069294,2.575900527704662,0.0,0.0,0.0,4.184404570538312,0.0006906311904984761,2.486272285794514,19159.619878682362,5.32211663296733,0.219115971870589,289101.6839646091,1783556895101684.0,1783556895179300.8
575.0,170.90033578431297,24288.0,126.52827389705136,-990.199328431374,36.32558762254768,998.5747481617652,0.12652827389705135,-0.990199328431374,0.03632558762254768,0.9985747481617653,0.9991142764310068,0.9991142764310068,9.797964018962132,-0.0008857235689931832,-0.008685981037867,1.2408184972125187,1.0296982499999998,0.21112024721251885,0.015443004060575524,-9.710538244161533,-9.571290399999999,-0.13924784416153457,-0.028442577919232975,0.3562323238586572,0.4707192,-0.1144868761413428,-0.11277647499999993,0.12652827389705135,1.2408184972125187,0.015443004060575524,0.015443004060575524,0.002424416654002892,9.797964018962132,0.9991142764310068,43.66246085050368,-79.3953353720619,108.8,-61.717287503390146,8.716134676343819,1.0,3.0324365827079967,575.0,3.0324365827079967,3.0324365827079967,10.91677169774879,0.5945249160539218,3.0324365827079967,0.047508394607821317,3.0324365827079967,10.91677169774879,-0.2666425530784807,-0.21976307527069294,0.21976307527069294,1.4911297084976087,0.0,0.0,0.0,4.150827355529393,0.0006854850159481507,2.4677460574133425,19160.46396789617,5.322351102193387,0.22203041214843572,289307.32505208347,1783556895307325.0,1783556895524916.0
576.0,169.51787469204845,24288.0,113.0492782474725,-992.9642506159031,33.906280711084804,999.6115939809637,0.11304927824747249,-0.9929642506159031,0.033906280711084806,0.9996115939809637,1.000045560130539,1.000045560130539,9.807096792254148,4.55601305389239e-05,0.00044679225414953963,1.108634704525576,1.0296982499999998,0.07893645452557618,0.025610988113417294,-9.737652868302444,-9.571290399999999,-0.16636246830244594,-0.014885265848776974,0.3325070277353598,0.4707192,-0.13821217226464022,-0.11277647499999993,0.11304927824747249,1.108634704525576,0.025610988113417294,0.025610988113417294,0.03663128375308578,9.807096792254148,1.000045560130539,43.66245877681204,-79.39534746859644,108.8,-62.69144266656758,8.486908802671264,1.0,2.931283096076772,576.0,2.931283096076772,2.931283096076772,10.55261914587638,0.5948705313269879,2.931283096076772,0.012946867301210793,2.931283096076772,10.55261914587638,-0.2855818329936035,-0.21976307527069294,0.21976307527069294,0.40635888929055497,0.0,0.0,0.0,4.117250140520473,0.0006803388413978252,2.4492198290321707,19161.308057109974,5.322585571419444,0.22494485242628243,289512.9661395578,1783556895512966.2,1783556895870531.2
577.0,173.1617801605348,24288.0,111.48534048160434,-975.6058638073582,7.364817155850419,982.0705758715721,0.11148534048160434,-0.9756058638073583,0.0073648171558504194,0.9820705758715722,0.9821229409341515,0.9821229409341515,9.631335938711896,-0.017877059065848466,-0.17531406128810284,1.093297714233925,1.013848957858869,0.07944875637505604,0.029419950000000084,-9.56742524430643,-9.571290399999999,0.003865155693570009,-0.009806649999999806,0.0722241841614205,0.46844056571773834,-0.39621638155631783,-0.1165404828588691,0.11148534048160434,1.093297714233925,0.029419950000000084,0.029419950000000084,0.0,9.631335938711896,0.9821229409341515,43.66245707057587,-79.39535966774906,108.8,-63.67386184216227,8.298301456734107,1.0,2.846490432032573,577.0,2.846490432032573,2.846490432032573,10.247365555317263,0.5976058638073583,0.6253965518840199,0.0,2.846490432032573,10.247365555317263,-0.2715716092754916,-0.21976307527069294,0.21976307527069294,0.0,0.0,0.0,0.0,4.205753316539068,0.00069812579960389,2.513252878574004,19164.718943456235,5.323533039848962,0.24112103192960466,290326.78712703945,1783556896326787.2,1783556896232356.0
578.0,175.01944975758465,24288.0,117.05834927275399,-973.3766602908984,20.740038254609583,980.5844401939323,0.11705834927275399,-0.9733766602908984,0.020740038254609586,0.9805844401939322,0.9807978034502339,0.9807978034502339,9.618340779205235,-0.01920219654976608,-0.18830922079476353,1.1479502608956529,1.012027206303478,0.13592305459217466,0.029419950000000084,-9.545564225641739,-9.571290399999999,0.02572617435826067,-0.009806649999999806,0.20339029614956708,0.46479706260695647,-0.26140676645738936,-0.11471873130347818,0.11705834927275399,1.1479502608956529,0.029419950000000084,0.029419950000000084,0.0,9.618340779205235,0.9807978034502339,43.662455584440195,-79.3953719283684,108.8,-64.66123104112604,8.134024018758922,1.0,2.771497663009621,578.0,2.771497663009621,2.771497663009621,9.977391586834637,0.5953766602908984,1.6253965518840146,0.0,2.771497663009621,9.977391586834637,-0.23782511160841718,-0.21976307527069294,0.21976307527069294,0.0,0.0,0.0,0.0,4.250872395712216,0.0007029710873839841,2.5306959145823424,19165.66609219005,5.323796136719467,0.25175717287487204,290547.10674124956,1783556896547106.8,1783556896603890.0
579.0,176.87711935463454,24288.0,122.63135806390365,-971.1474567744385,34.11525935336875,979.0983045162924,0.12263135806390364,-0.9711474567744385,0.03411525935336875,0.9790983045162923,0.9794726659663163,0.9794726659663163,9.605345619698575,-0.020527334033683696,-0.20130438030142422,1.2026028075573805,1.0102054547480872,0.1923973528092933,0.029419950000000084,-9.523703206977048,-9.571290399999999,0.047587193022951335,-0.009806649999999806,0.3345564081377136,0.4611535594961746,-0.12659715135846095,-0.11289697974808724,0.12263135806390364,1.2026028075573805,0.029419950000000084,0.029419950000000084,0.0,9.605345619698575,0.9794726659663163,43.662454098304515,-79.39538418898775,108.8,-65.6486002400898,7.969746580783736,1.0,2.696504893986669,579.0,2.696504893986669,2.696504893986669,9.70741761835201,0.5931474567744385,2.625396551884009,0.0,2.696504893986669,9.70741761835201,-0.20407861394134275,-0.21976307527069294,0.21976307527069294,0.0,0.0,0.0,0.0,4.295991474885364,0.0007078163751640782,2.548138950590681,19166.61324092387,5.3240592335899715,0.26239331382013936,290767.42635545967,1783556896767426.2,1783556896975423.8
580.0,171.23887218725434,24288.0,106.04451125098265,-975.4777443745087,41.61127812745663,982.2388721872543,0.10604451125098265,-0.9754777443745086,0.04161127812745663,0.9822388721872544,0.9821638225969634,0.9821638225969634,9.631736850870512,-0.01783617740303654,-0.17491314912948827,1.039941406259449,1.01008495,0.029856456259449014,0.03853183945135335,-9.566168821870274,-9.571290399999999,0.005121578129724403,0.0013895210972933517,0.40806724064862254,0.4443365464837844,-0.036269305835161886,-0.11277647499999993,0.10604451125098265,1.039941406259449,0.03853183945135335,0.03853183945135335,0.00589960205982356,9.631736850870512,0.9821638225969634,43.662452477744374,-79.3953964169172,108.8,-66.6333368646324,7.790609862825731,1.0,2.6010919420190612,580.0,2.6010919420190612,2.6010919420190612,9.36393099126862,0.5936194360936271,0.9338522600786464,0.0,2.6010919420190612,9.36393099126862,-0.21548327015995397,-0.21976307527069294,0.21976307527069294,0.0,0.0,0.0,0.0,4.1590497276840335,0.000685806723638183,2.468904205097459,19170.089149612068,5.325024763781138,0.268451640769522,291601.6743964791,1783556897601674.5,1783556897380564.0
581.0,170.4238312591727,24288.0,109.3046749633093,-973.8476625183454,49.761687408273254,981.4238312591726,0.1093046749633093,-0.9738476625183453,0.049761687408273254,0.9814238312591727,0.9812656926993383,0.9812656926993383,9.622929205309966,-0.018734307300661772,-0.18372079469003477,1.0719126907289371,1.01008495,0.06182774072893717,0.032537223613324354,-9.55018317963553,-9.571290399999999,0.02110722036446816,0.013378752773351169,0.48799545182234283,0.4423383412044414,0.04565711061790145,-0.11277647499999993,0.1093046749633093,1.0719126907289371,0.032537223613324354,0.032537223613324354,-0.014301308109152384,9.622929205309966,0.9812656926993383,43.66245084766252,-79.39540864253111,108.8,-67.61788701551572,7.61042061458029,1.0,2.5042325632360853,581.0,2.5042325632360853,2.5042325632360853,9.015237227649907,0.5932119156295863,1.9338522600786408,0.0,2.5042325632360853,9.015237227649907,-0.23008612689919955,-0.21976307527069294,0.21976307527069294,0.0,0.0,0.0,0.0,4.139254013622786,0.0006820730320138532,2.4554629152498717,19171.086952579328,5.325301931272042,0.27418570652411717,291843.3340316553,1783556897843334.0,1783556897788084.2
582.0,169.57748644305238,24288.0,109.09868899373566,-974.6900542277905,54.84502711389526,982.4787974493167,0.10909868899373566,-0.9746900542277905,0.05484502711389526,0.9824787974493167,0.9823183836059651,0.9823183836059651,9.633252576589436,-0.01768161639403492,-0.17339742341056255,1.0698926584204178,1.01112081064331,0.05877184777710774,0.029419950000000084,-9.55844422029296,-9.571290399999999,0.012846179707037452,0.01961329999999961,0.5378459851464809,0.44129925,0.09654673514648093,-0.11277647499999993,0.10909868899373566,1.0698926584204178,0.029419950000000084,0.029419950000000084,-0.019565586964704194,9.633252576589436,0.9823183836059651,43.66244873245933,-79.39542070393301,108.8,-68.58921288469399,7.376606054139445,1.0,2.4154567508591436,582.0,2.4154567508591436,2.415456794693404,8.695644460896254,0.5944787974493166,2.4154567508591436,0.0,2.415456794693404,8.695644460896254,-0.22587603012506766,-0.2138611947577362,0.2138611947577362,0.0,0.0,0.0,0.0,4.118697990728856,0.0006801172138760123,2.4484219699536443,19172.123027603247,5.325589729889799,0.2795070272430168,292095.7540670843,1783556898095754.0,1783556898211256.8
583.0,168.69722741841719,24288.0,105.1375233828773,-978.2110903263313,56.60554516316564,985.5597040355399,0.10513752338287731,-0.9782110903263312,0.05660554516316564,0.9855597040355398,0.9854845673620715,0.9854845673620715,9.664302232521258,-0.014515432637928509,-0.14234776747874162,1.0310468936826938,1.0132789086842946,0.017767984998399045,0.029419950000000084,-9.592973788948717,-9.571290399999999,-0.021683388948717353,0.01961329999999961,0.5551107694743582,0.44129925,0.11381151947435829,-0.11277647499999993,0.10513752338287731,1.0310468936826938,0.029419950000000084,0.029419950000000084,-0.008647721664613167,9.664302232521258,0.9854845673620715,43.662446091682256,-79.39543258742985,108.8,-69.54621174610088,7.084694556435544,1.0,2.3354385648926885,583.0,2.3354385648926885,2.3354387000506542,8.407579320182355,0.5975597040355398,2.3354385648926885,0.0,2.3354387000506542,8.407579320182355,-0.2012842342007884,-0.20156529679559657,0.20156529679559657,0.0,0.0,0.0,0.0,4.0973182595385165,0.0006800875198049146,2.4483150712976927,19173.200566055242,5.325889046126464,0.28438118557790915,292359.8317744748,1783556898359831.8,1783556898651386.2
584.0,168.1830315895029,24288.0,122.0781683102197,-969.4575789737572,29.908484205248556,978.1830315895029,0.1220781683102197,-0.9694575789737572,0.029908484205248557,0.9781830315895028,0.9775908663406174,0.9775908663406174,9.586891469399216,-0.022409133659382536,-0.21975853060078374,1.197177869259416,1.0252436566842993,0.17193421257511662,0.019613300000000056,-9.507131166842994,-9.571290399999999,0.06415923315700416,0.029419949999999417,0.2933020366314007,0.44575384331570034,-0.1524518066842996,-0.09886579278671177,0.1220781683102197,1.197177869259416,0.019613300000000056,0.019613300000000056,-0.014948299717115417,9.586891469399216,0.9775908663406174,43.66244345090523,-79.39544447092646,108.8,-70.50321058933542,6.792783064274712,1.0,2.272058519983957,584.0,2.272058519983957,2.272058708487889,8.179411350556402,0.5957254526157456,0.20792925842920593,0.0,2.272058708487889,8.179411350556402,-0.16516769060595515,-0.18259001077979667,0.18259001077979667,0.0,0.0,0.0,0.0,4.084829471245847,0.0006759513249152315,2.4334247696948337,19176.710035578133,5.32686389877171,0.27811776357834894,293219.2688662876,1783556899219268.8,1783556899091515.8
585.0,169.06329053374955,24288.0,112.83544939562957,-971.6582263343739,29.468354733125217,979.0632905337495,0.11283544939562956,-0.9716582263343739,0.02946835473312522,0.9790632905337495,0.9786902778957703,0.9786902778957703,9.597673013726556,-0.02130972210422965,-0.20897698627344366,1.1065377598156505,1.0274017545281986,0.07913600528745203,0.019613300000000056,-9.528712145281986,-9.571290399999999,0.04257825471801205,0.029419949999999417,0.28898584094360236,0.44359574547180114,-0.15460990452819878,-0.03196475962583735,0.11283544939562956,1.1065377598156505,0.019613300000000056,0.019613300000000056,-0.0077063606436282295,9.597673013726556,0.9786902778957703,43.6624408101284,-79.39545635442221,108.8,-71.46020936334563,6.500871593229248,1.0,2.2720586113076537,585.0,2.2720586113076537,2.272058708487889,8.179411350556402,0.5944050641993757,1.207929258429218,0.0,2.272058708487889,8.179411350556402,-0.08514960327075366,-0.13817074497553827,0.13817074497553827,0.0,0.0,0.0,0.0,4.106209200483709,0.0006779764603791513,2.440715257364945,19177.787680830366,5.327163244675108,0.27811776357834894,293480.2656432568,1783556899480265.8,1783556899531645.2
586.0,169.94354947799624,24288.0,103.59273048103942,-973.8588736949906,29.02822526100188,979.9435494779963,0.10359273048103942,-0.9738588736949906,0.029028225261001878,0.9799435494779962,0.9797896894509233,0.9797896894509233,9.608454558053896,-0.02021031054907676,-0.19819544194610358,1.0158976503718853,1.0295598523720977,-0.013662202000212537,0.019613300000000056,-9.550293123720978,-9.571290399999999,0.02099727627901994,0.029419949999999417,0.284669645255804,0.441437647627902,-0.15676800237209798,0.03493627353503709,0.10359273048103942,1.0158976503718853,0.019613300000000056,0.019613300000000056,-0.0004644215701410416,9.608454558053896,0.9797896894509233,43.66243816935157,-79.39546823791795,108.8,-72.41720813735583,6.208960122183784,1.0,2.272058702631351,586.0,2.272058702631351,2.272058708487889,8.179411350556402,0.5930846757830056,2.2079292584292305,0.0,2.272058708487889,8.179411350556402,-0.005131515935552139,-0.09375147917127988,0.09375147917127988,0.0,0.0,0.0,0.0,4.127588929721573,0.0006800015958430711,2.448005745035056,19178.865326082603,5.327462590578507,0.27811776357834894,293741.2624202259,1783556899741262.5,1783556899971774.8
587.0,165.8218357502547,24288.0,101.2835426653083,-961.9272141658176,64.00760067142092,969.7490499160724,0.10128354266530831,-0.9619272141658176,0.06400760067142092,0.9697490499160724,0.9697813075101092,0.9697813075101092,9.510305859294013,-0.030218692489890786,-0.29634414070598747,0.9932522536787457,1.0365272157399608,-0.043274962061215005,0.0,-9.433283514799214,-9.571290399999999,0.13800688520078405,0.0274943092600383,0.6277001371243899,0.44129925,0.18640088712438987,0.0392266,0.10128354266530831,0.9932522536787457,0.0,0.0,-0.020085559932810824,9.510305859294013,0.9697813075101092,43.66243525095008,-79.39547999619967,108.8,-73.36412320515127,5.886360022199037,1.0,2.3156431438749165,587.0,2.3156431438749165,2.3156431438749165,8.336315317949701,0.5953563284994906,0.9358705499413366,0.0,2.3156431438749165,8.336315317949701,0.043584435387027554,-0.0552033819620467,0.0552033819620467,0.0,0.0,0.0,0.0,4.027480746702186,0.0006660227460766887,2.397681885876079,19182.27671581564,5.328410198837685,0.27811776357834894,294586.24012853246,1783556900586240.2,1783556900392721.5
588.0,164.56293915411845,24288.0,107.99765784470159,-966.1235361529385,40.50819754354441,972.686475307057,0.1079976578447016,-0.9661235361529384,0.04050819754354441,0.9726864753070569,0.9732527764669336,0.9732527764669336,9.544349340339455,-0.026747223533066324,-0.26230065966054483,1.0590952313027429,1.0385848087907106,0.02051042251203232,0.0,-9.474435375814213,-9.571290399999999,0.09685502418578587,0.025436716209288057,0.3972497154403997,0.44129925,-0.044049534559600256,0.0392266,0.1079976578447016,1.0590952313027429,0.0,0.0,-0.006206348797904125,9.544349340339455,0.9732527764669336,43.66243231352469,-79.39549174590124,108.8,-74.31034729860828,5.561657019310619,1.0,2.362214152429208,588.0,2.362214152429208,2.362214152429208,8.503970948745149,0.5978741216917631,1.9358705499413311,0.0,2.362214152429208,8.503970948745149,0.09015544394131889,-0.017057599809339477,0.017057599809339477,0.0,0.0,0.0,0.0,3.996904666175229,0.0006637720068156766,2.3895792245364356,19183.27793976452,5.328688316601263,0.27811776357834894,294837.599815561,1783556900837599.8,1783556900812353.5
589.0,164.77948182119263,24288.0,108.27181362582579,-968.5846113658945,34.67689092715578,974.7794818211926,0.10827181362582579,-0.9685846113658945,0.034676890927155785,0.9747794818211926,0.9752963449629736,0.9752963449629736,9.564389901331143,-0.02470365503702647,-0.24226009866885564,1.0617837810937045,1.0395048999999998,0.022278881093704638,0.0,-9.498570279051348,-9.571290399999999,0.07272012094865096,0.02547213817522362,0.3400641324107922,0.44129925,-0.10123511758920777,0.0392266,0.10827181362582579,1.0617837810937045,0.0,0.0,0.0,9.564389901331143,0.9752963449629736,43.6624292461659,-79.39550343072503,108.8,-75.25134667137091,5.222591178549503,1.0,2.4714866063444125,589.0,2.4714866063444125,2.456847306359591,8.844650302894525,0.5980256477235092,2.4714866063444125,0.0,2.456847306359591,8.844650302894525,0.1631617692619743,0.0,0.0,0.0,0.0,0.0,0.0,4.002164054473127,0.0006648112603305684,2.393320537190046,19184.19797267098,5.328943881297502,0.2750338792722815,295065.7530504471,1783556901065753.0,1783556901194870.5
590.0,166.18946316804687,24288.0,103.33687891183592,-969.6420973760352,43.13677900828126,976.1894631680469,0.10333687891183593,-0.9696420973760351,0.04313677900828126,0.9761894631680469,0.9761849274943128,0.9761849274943128,9.573103919212102,-0.023815072505687155,-0.2335460807878969,1.0133886035807558,1.0395048999999998,-0.026116296419244053,0.0,-9.508940674232694,-9.571290399999999,0.062349725767304395,0.027200537372114923,0.42302729386156135,0.44129925,-0.0182719561384386,0.0392266,0.10333687891183593,1.0133886035807558,0.0,0.0,0.0,9.573103919212102,0.9761849274943128,43.66242607370787,-79.39551506307113,108.8,-76.1881199238701,4.871907667921454,1.0,2.631476383593555,590.0,2.631476383593555,2.5903564918253084,9.32528337057111,0.5962631710399414,2.631476383593555,0.0,2.5903564918253084,9.32528337057111,0.2575508314582702,0.0,0.0,0.0,0.0,0.0,0.0,4.036409681425523,0.0006685116905762579,2.406642086074528,19185.052332572188,5.329181203492283,0.26945553321058796,295275.13528045494,1783556901275135.2,1783556901547365.8
591.0,167.5994445149011,24288.0,98.40194419784606,-970.6995833861758,51.596667089406736,977.5994445149012,0.09840194419784608,-0.9706995833861758,0.05159666708940673,0.9775994445149011,0.9770735100256521,0.9770735100256521,9.581817937093062,-0.022926489974347836,-0.2248320629069382,0.9649934260678071,1.0395048999999998,-0.07451147393219275,0.0,-9.51931106941404,-9.571290399999999,0.05197933058595783,0.028928936569006226,0.5059904553123306,0.44129925,0.06469120531233055,0.0392266,0.09840194419784608,0.9649934260678071,0.0,0.0,0.0,9.581817937093062,0.9770735100256521,43.66242290124984,-79.39552669541725,108.8,-77.12489317636928,4.521224157293406,1.0,2.791466160842697,591.0,2.791466160842697,2.723865677291026,9.805916438247694,0.5945006943563735,2.791466160842697,0.0,2.723865677291026,9.805916438247694,0.3519398936545661,0.0,0.0,0.0,0.0,0.0,0.0,4.070655308377919,0.0006722121208219473,2.4199636349590103,19185.906692473396,5.329418525687062,0.2638771871488944,295484.51751046284,1783556901484517.5,1783556901899861.2
592.0,170.48155842953116,24288.0,108.0,-974.9631168590623,49.51844157046883,982.2223376442968,0.108,-0.9749631168590623,0.049518441570468835,0.9822223376442968,0.9821762173866366,0.9821762173866366,9.631858402234661,-0.017823782613363322,-0.17479159776533942,1.0591182,1.0395048999999998,0.019613300000000056,0.0025420875135190976,-9.561122049945922,-9.571290399999999,0.010168350054076162,0.024516624999998626,0.48561002502703815,0.44129925,0.04431077502703818,0.024335774972961834,0.108,1.0591182,0.0025420875135190976,0.0025420875135190976,0.004258103037720432,9.631858402234661,0.9821762173866366,43.662419667012934,-79.39553829506512,108.8,-78.05903318318822,4.1637116094746,1.0,2.817443457447595,592.0,2.817443457447595,2.7617937227000584,9.94245740172021,0.5955184415704688,0.7159143374537915,0.0,2.7617937227000584,9.94245740172021,0.2805734410428642,0.011422922655481813,0.011422922655481813,0.0,0.0,0.0,0.0,4.140656091136453,0.000684949557451147,2.465818406824129,19189.255804162465,5.330348834489583,0.24409659082028035,296293.7548087849,1783556902293754.8,1783556902259220.8
593.0,169.75739138419343,24288.0,108.0,-973.5147827683869,50.24260861580656,981.1360870762902,0.108,-0.9735147827683869,0.05024260861580656,0.9811360870762902,0.9807754770997247,0.9807754770997247,9.618121832500014,-0.019224522900275282,-0.18852816749998458,1.0591182,1.0395048999999998,0.019613300000000056,0.0060929138910997245,-9.546918744435601,-9.571290399999999,0.024371655564398347,0.024516624999998626,0.4927116777821994,0.44129925,0.05141242778219941,0.01723412221780058,0.108,1.0591182,0.0060929138910997245,0.0060929138910997245,0.010205885914739908,9.618121832500014,0.9807754770997247,43.66241640826123,-79.39554988173785,108.8,-78.99212827820052,3.8034891961685497,1.0,2.7902425700693603,593.0,2.7902425700693603,2.7617937227000584,9.94245740172021,0.5962426086158066,1.7159143374537849,0.0,2.7617937227000584,9.94245740172021,0.14343268725933206,0.027378634195089062,0.027378634195089062,0.0,0.0,0.0,0.0,4.123067521939291,0.0006828682434294826,2.4583256763461376,19190.143085918473,5.330595301644029,0.2407853516098824,296509.9186718183,1783556902509918.8,1783556902621304.2
594.0,169.03322433885572,24288.0,108.0,-972.0664486777114,50.96677566114429,980.0498365082835,0.108,-0.9720664486777114,0.050966775661144284,0.9800498365082836,0.9793747368128127,0.9793747368128127,9.60438526276537,-0.020625263187187243,-0.20226473723462976,1.0591182,1.0395048999999998,0.019613300000000056,0.009643740268680352,-9.532715438925278,-9.571290399999999,0.03857496107472053,0.024516624999998626,0.4998133305373606,0.44129925,0.05851408053736065,0.010132469462639324,0.108,1.0591182,0.009643740268680352,0.009643740268680352,0.016153668791759387,9.60438526276537,0.9793747368128127,43.662413149509526,-79.39556146841058,108.8,-79.92522337321284,3.4432667828624997,1.0,2.7630416826911253,594.0,2.7630416826911253,2.7617937227000584,9.94245740172021,0.5969667756611443,2.7159143374537784,0.0,2.7617937227000584,9.94245740172021,0.006291933475799927,0.043334345734696314,0.043334345734696314,0.0,0.0,0.0,0.0,4.105478952742128,0.0006807869294078183,2.450832945868146,19191.030367674477,5.330841768798474,0.23747411239948446,296726.08253485156,1783556902726082.5,1783556902983387.8
595.0,164.79601441674,24288.0,102.35033213193833,-976.0,51.248339340308334,982.6496678680617,0.10235033213193832,-0.976,0.051248339340308334,0.9826496678680616,0.9826921669867962,0.9826921669867962,9.636918139381065,-0.017307833013203877,-0.16973186061893578,1.003713884601673,1.0395048999999998,-0.035791015398326825,0.0,-9.571290399999999,-9.571290399999999,0.0,0.014459923097489818,0.5025745269916346,0.44129925,0.061275276991634695,0.029419950000000028,0.10235033213193832,1.003713884601673,0.0,0.0,-0.010636169279343844,9.636918139381065,0.9826921669867962,43.66241019734294,-79.39557321062823,108.8,-80.87084477355654,3.116934289029076,1.0,2.748369254606353,595.0,2.748369254606353,2.7617937227000584,9.94245740172021,0.5975986714722467,0.9541206147537122,0.0,2.7617937227000584,9.94245740172021,0.0,0.06350640878757721,0.06350640878757721,0.0,0.0,0.0,0.0,4.002565598153781,0.0006644981180363415,2.3921932249308293,19194.324629938023,5.331756841649459,0.23525104546920234,297543.4476185033,1783556903543447.5,1783556903350332.2
596.0,160.3898780035307,24288.0,102.71751016637243,-976.0,49.4124491681378,982.2824898336276,0.10271751016637244,-0.976,0.04941244916813779,0.9822824898336275,0.9826361189307558,0.9826361189307558,9.636368495712297,-0.0173638810692442,-0.1702815042877036,1.0073146710730563,1.0395048999999998,-0.03219022892694357,0.0,-9.571290399999999,-9.571290399999999,0.0,0.009058743390414736,0.4845705946347185,0.44129925,0.04327134463471852,0.029419950000000028,0.10271751016637244,1.0073146710730563,0.0,0.0,-0.004624839610924391,9.636368495712297,0.9826361189307558,43.662407259918666,-79.39558496032532,108.8,-81.81706850779716,2.7922314095729193,1.0,2.734299263992881,596.0,2.734299263992881,2.7617937227000584,9.94245740172021,0.5961299593345102,1.9541206147537047,0.0,2.7617937227000584,9.94245740172021,0.0,0.08388121729257388,0.08388121729257388,0.0,0.0,0.0,0.0,3.895549356949754,0.0006451361055073906,2.322489979826606,19195.157706785692,5.331988251884924,0.23308030386811,297761.9185489916,1783556903761918.5,1783556903717510.2
597.0,157.08093056187076,24288.0,103.48558337122464,-975.7572083143876,47.51441662877537,981.8381388762584,0.10348558337122463,-0.9757572083143876,0.04751441662877537,0.9818381388762585,0.982382071770577,0.982382071770577,9.63387714412893,-0.017617928229422944,-0.1727728558710705,1.01484689616742,1.039901728847285,-0.025054832679864844,0.00039682884728501147,-9.568909426916289,-9.570893571152714,0.0019841442364248955,0.004903324999999015,0.46595725383257997,0.44129925,0.024658003832580013,0.027832634610860017,0.10348558337122463,1.01484689616742,0.00039682884728501147,0.00039682884728501147,0.0006680620324663492,9.63387714412893,0.982382071770577,43.66240410976382,-79.39559658977798,108.80809305618708,-82.75360874562375,2.4440132924575226,1.0,2.733708296256755,597.0,2.733708296256755,2.7689263571288794,9.968134885663966,0.5949190694381292,2.733708296256755,0.008093056187077853,2.7689263571288794,9.968134885663966,0.007132634428821024,0.10089109239909431,0.10089109239909431,0.28397420823485403,0.0,0.0,0.0,3.8151816414867175,0.0006304784737026932,2.2697225053296957,19195.983117048792,5.332217532513563,0.23103661059526384,297978.07275375124,1783556903978072.8,1783556904080930.5
598.0,157.43181680517682,24288.0,105.5909008310609,-974.7045495844695,45.40909916893909,981.1363663896464,0.1055909008310609,-0.9747045495844695,0.0454090991689391,0.9811363663896463,0.9814675697482832,0.9814675697482832,9.624908942872,-0.018532430251716827,-0.18174105712799882,1.0354930076349234,1.0416222381362434,-0.006129230501320047,0.002117338136243672,-9.558586371182537,-9.569173061863754,0.010586690681217497,0.004903324999999015,0.4453111423650766,0.44129925,0.004011892365076614,0.020950597455025533,0.1055909008310609,1.0354930076349234,0.002117338136243672,0.002117338136243672,0.0035645423169085384,9.624908942872,0.9814675697482832,43.66240025001514,-79.39560781813776,108.84318168051769,-83.65784827018835,2.017356673746782,1.0,2.7780785733436404,598.0,2.7780785733436404,2.7998509329844223,10.07946335874392,0.5945681831948232,2.7780785733436404,0.043181680517685415,2.7998509329844223,10.07946335874392,0.03805721028436376,0.10667674185374729,0.10667674185374729,1.5151857656492722,0.0,0.0,0.0,3.8237039665641346,0.0006315129892745908,2.2734467613885267,19196.782954301958,5.332439709528331,0.22941670553337404,298186.49918227503,1783556904186499.2,1783556904431816.8
599.0,157.78270304848286,24288.0,107.69621829089718,-973.6518908545514,43.30378170910282,980.4345939030343,0.10769621829089718,-0.9736518908545514,0.043303781709102825,0.9804345939030342,0.9805530677259893,0.9805530677259893,9.615940741615072,-0.019446932274010714,-0.19070925838492714,1.0561391191024267,1.043342747425202,0.01279637167722475,0.0038378474252023322,-9.548263315448786,-9.567452552574796,0.0191892371260101,0.004903324999999015,0.4246650308975732,0.44129925,-0.016634219102426788,0.014068560299191048,0.10769621829089718,1.0561391191024267,0.0038378474252023322,0.0038378474252023322,0.006461022601350728,9.615940741615072,0.9805530677259893,43.662396390266466,-79.39561904649754,108.87827030484829,-84.56208779475296,1.5907000550360413,1.0,2.8224488504305256,599.0,2.8224488504305256,2.830775508839965,10.190791831823875,0.5942172969515171,2.8224488504305256,0.07827030484829298,2.830775508839965,10.190791831823875,0.0689817861399065,0.11246239130840027,0.11246239130840027,2.7463973230636904,0.0,0.0,0.0,3.8322262916415517,0.0006325475048464884,2.2771710174473583,19197.582791555124,5.332661886543099,0.22779680047148426,298394.9256107988,1783556904394925.5,1783556904782703.0
600.0,160.12814371262527,24288.0,106.51257485050112,-973.2562874252505,45.87185628737472,980.2562874252505,0.10651257485050113,-0.9732562874252505,0.04587185628737472,0.9802562874252505,0.9801421684315601,0.9801421684315601,9.611911196049359,-0.019857831568439895,-0.19473880395064108,1.0445315421576669,1.0395048999999998,0.005026642157666918,0.0,-9.544383771078833,-9.57066206973029,0.02627829865145755,0.0,0.44984923946058325,0.44129925,0.00854998946058325,0.00854998946058325,0.10651257485050113,1.0445315421576669,0.0,0.0,-0.007172809950153937,9.611911196049359,0.9801421684315601,43.66239246227545,-79.3956302287425,108.9,-85.46261361198447,1.1564999278960757,1.0,2.865445990957971,600.0,2.865445990957971,2.865445990957971,10.315605567448697,0.5966407185631264,0.38071966153540443,0.0,2.865445990957971,10.315605567448697,0.09235860816980541,0.11458143101016412,0.11458143101016412,0.0,0.0,0.0,0.0,3.889192354492243,0.0006445733579565645,2.3204640886436323,19200.695373253006,5.3335264925702885,0.2218629422626228,299197.0143712878,1783556905197014.2,1783556905128143.8
601.0,160.464726572855,24288.0,107.85890629142006,-973.92945314571,45.535273427144986,980.92945314571,0.10785890629142005,-0.97392945314571,0.04553527342714499,0.98092945314571,0.9809431174803325,0.9809431174803325,9.619765823038502,-0.019056882519667487,-0.18688417696149712,1.0577345433827543,1.0395048999999998,0.018229643382754467,0.0,-9.550985271691376,-9.569011694577155,0.018026422885777722,0.0,0.44654848915431133,0.44129925,0.0052492391543113815,0.0052492391543113815,0.10785890629142005,1.0577345433827543,0.0,0.0,-0.004403724122744573,9.619765823038502,0.9809431174803325,43.66238842328112,-79.3956413359769,108.9,-86.35709869592439,0.7100294955283191,1.0,2.906209581292978,601.0,2.906209581292978,2.906209581292978,10.462354492654722,0.598323632864275,1.3807196615353932,0.0,2.906209581292978,10.462354492654722,0.10345821939072854,0.11073634655918688,0.11073634655918688,0.0,0.0,0.0,0.0,3.897367279001503,0.0006477547660780847,2.331917157881105,19201.48638712345,5.333746218645412,0.2210379979863506,299399.3006702859,1783556905399300.8,1783556905464726.5
602.0,160.80130943308475,24288.0,109.20523773233897,-974.6026188661695,45.19869056691526,981.6026188661695,0.10920523773233896,-0.9746026188661695,0.04519869056691526,0.9816026188661695,0.981744066529105,0.981744066529105,9.627620450027647,-0.018255933470895075,-0.17902954997235315,1.070937544607842,1.0395048999999998,0.031432644607842015,0.0,-9.55758677230392,-9.567361319424018,0.009774547120097888,0.0,0.4432477388480395,0.44129925,0.0019484888480395136,0.0019484888480395136,0.10920523773233896,1.070937544607842,0.0,0.0,-0.0016346382953352084,9.627620450027647,0.981744066529105,43.6623843842868,-79.39565244321129,108.9,-87.25158377986432,0.26355906316056243,1.0,2.9469731716279846,602.0,2.9469731716279846,2.9469731716279846,10.609103417860746,0.6000065471654237,2.380719661535382,0.0,2.9469731716279846,10.609103417860746,0.11455783061165166,0.10689126210820965,0.10689126210820965,0.0,0.0,0.0,0.0,3.905542203510762,0.000650936174199605,2.343370227118578,19202.277400993888,5.333965944720534,0.22021305371007843,299601.58696928393,1783556905601587.0,1783556905801309.5
603.0,168.86756624753014,24288.0,106.47026499012053,-976.1324337524699,42.7946025148192,983.1324337524699,0.10647026499012054,-0.9761324337524698,0.0427946025148192,0.9831324337524698,0.9828569742322983,0.9828569742322983,9.638534346355167,-0.017143025767701693,-0.1681156536448318,1.0441166241653654,1.0395048999999998,0.0046117241653655565,0.0,-9.572589131458658,-9.561483749999999,-0.0111053814586584,0.0,0.4196716887519517,0.44129925,-0.021627561248048245,0.0,0.10647026499012054,1.0441166241653654,0.0,0.0,0.0,9.638534346355167,0.9828569742322983,43.66238027836122,-79.39566350274758,108.9,-88.14222765242015,-0.1903099510138517,1.0,2.9872541345638677,603.0,2.9872541345638677,2.9872541345638677,10.754114884429924,0.5951324337524698,0.4096830516573322,0.0,2.9872541345638677,10.754114884429924,0.12128857636879446,0.09686094169946428,0.09686094169946428,0.0,0.0,0.0,0.0,4.101455449020012,0.0006780295479809847,2.4409063727315448,19205.508696544508,5.334863526817928,0.2195466520007847,300394.930516472,1783556906394930.5,1783556906132433.8
604.0,168.54430720145996,24288.0,105.17722880583986,-976.45569279854,44.73415679124021,983.45569279854,0.10517722880583985,-0.97645569279854,0.044734156791240216,0.9834556927985401,0.9831287224517249,0.9831287224517249,9.641199286031206,-0.016871277548275113,-0.16545071396879213,1.0314362708687894,1.0395048999999998,-0.00806862913121048,0.0,-9.575759219782801,-9.561483749999999,-0.014275469782802357,0.0,0.43869221869681585,0.44129925,-0.0026070313031841368,0.0,0.10517722880583985,1.0314362708687894,0.0,0.0,0.0,9.641199286031206,0.9831287224517249,43.66237607599362,-79.39567449355515,108.9,-89.0273366799951,-0.6548396654942736,1.0,3.0268396742151293,604.0,3.0268396742151293,3.0268396742151293,10.896622827174467,0.59545569279854,1.4096830516573156,0.0,3.0268396742151293,10.896622827174467,0.12172417440658385,0.07791824475818201,0.07791824475818201,0.0,0.0,0.0,0.0,4.09360413330906,0.0006770982947008245,2.4375538609229683,19206.294833084015,5.335081898078902,0.21910869607157019,300587.59290792985,1783556906587593.0,1783556906455692.8
605.0,168.2210481553898,24288.0,103.88419262155918,-976.7789518446102,46.67371106766122,983.7789518446102,0.10388419262155918,-0.9767789518446102,0.046673711067661224,0.9837789518446102,0.9834004706711514,0.9834004706711514,9.643864225707247,-0.016599529328848533,-0.16278577429275248,1.0187559175722134,1.0395048999999998,-0.02074898242778652,0.0,-9.578929308106945,-9.561483749999999,-0.017445558106946313,0.0,0.45771274864167993,0.44129925,0.01641349864167997,0.0,0.10388419262155918,1.0187559175722134,0.0,0.0,0.0,9.643864225707247,0.9834004706711514,43.66237187362602,-79.39568548436272,108.9,-89.91244570757006,-1.1193693799746955,1.0,3.0664252138663914,605.0,3.0664252138663914,3.0664252138663914,11.039130769919009,0.5957789518446102,2.4096830516572987,0.0,3.0664252138663914,11.039130769919009,0.12215977244437323,0.05897554781689976,0.05897554781689976,0.0,0.0,0.0,0.0,4.085752817598108,0.0006761670414206643,2.434201349114392,19207.080969623523,5.335300269339876,0.2186707401423557,300780.2552993877,1783556906780255.2,1783556906778951.8
606.0,168.7752742692998,24288.0,103.29072785098744,-976.9030907163375,47.70927214901257,983.9030907163375,0.10329072785098743,-0.9769030907163375,0.04770927214901257,0.9839030907163375,0.9835071948351448,0.9835071948351448,9.644910832230073,-0.016492805164855153,-0.1617391677699268,1.012936016279886,1.0395048999999998,-0.026568883720113963,0.0,-9.58014669457337,-9.561483749999999,-0.018662944573370994,0.0,0.4678681337201141,0.44129925,0.026568883720114112,0.0,0.10329072785098743,1.012936016279886,0.0,0.0,0.0,9.644910832230073,0.9835071948351448,43.66236744945146,-79.39569629491564,108.9,-90.78303851266266,-1.6084176357036895,1.0,3.1098947399593073,606.0,3.1098947399593073,3.109515643329997,11.194256315987989,0.5961938185673249,3.1098947399593073,0.0,3.109515643329997,11.194256315987989,0.12661175135225516,0.048011179652474464,0.048011179652474464,0.0,0.0,0.0,0.0,4.099213861452754,0.000678877770924934,2.4439599753297627,19207.866264249256,5.335518406735914,0.21833542212820053,300969.9517516302,1783556906969951.8,1783556907096909.2
607.0,171.22720888280702,24288.0,104.21020333105264,-976.5965988896492,46.78979666894736,983.5965988896492,0.10421020333105263,-0.9765965988896491,0.046789796668947364,0.9835965988896491,0.9832570268636169,0.9832570268636169,9.642457522492089,-0.016742973136383073,-0.16419247750791105,1.0219529904964673,1.0395048999999998,-0.017551909503532567,0.0,-9.577141036501176,-9.561483749999999,-0.015657286501177238,0.0,0.45885115950353267,0.44129925,0.017551909503532668,0.0,0.10421020333105263,1.0219529904964673,0.0,0.0,0.0,9.642457522492089,0.9832570268636169,43.66236254558223,-79.39570671563774,108.9,-91.62223755744657,-2.1504913398929046,1.0,3.161764036690868,607.0,3.161764036690868,3.160185983532135,11.376669540715687,0.5968068022207017,3.161764036690868,0.0,3.160185983532135,11.376669540715687,0.13974982600558108,0.0543012825867559,0.0543012825867559,0.0,0.0,0.0,0.0,4.158766449345618,0.000689464897661443,2.4820736315811947,19208.649738095577,5.33573603835989,0.21822207578111433,301153.2338639898,1783556907153233.8,1783556907403401.0
608.0,173.67914349631425,24288.0,105.12967881111784,-976.2901070629607,45.87032118888216,983.2901070629607,0.10512967881111784,-0.9762901070629607,0.04587032118888216,0.9832901070629607,0.983006858892089,0.983006858892089,9.640004212754103,-0.016993141107910992,-0.16664578724589532,1.0309699647130486,1.0395048999999998,-0.008534935286951172,0.0,-9.574135378428982,-9.561483749999999,-0.012651628428983486,0.0,0.4498341852869512,0.44129925,0.00853493528695122,0.0,0.10512967881111784,1.0309699647130486,0.0,0.0,0.0,9.640004212754103,0.983006858892089,43.66235764171301,-79.39571713635985,108.9,-92.46143660223048,-2.6925650440821203,1.0,3.213633333422428,608.0,3.213633333422428,3.2108563237342738,11.559082765443385,0.5974197858740785,3.213633333422428,0.0,3.2108563237342738,11.559082765443385,0.15288790065890698,0.06059138552103733,0.06059138552103733,0.0,0.0,0.0,0.0,4.21831903723848,0.000700052024397952,2.520187287832627,19209.433211941894,5.335953669983867,0.2181087294340281,301336.5159763495,1783556907336516.0,1783556907709893.0
609.0,179.86876454457237,24288.0,106.95078670421464,-974.0164044319284,44.01640443192846,981.0,0.10695078670421464,-0.9740164044319284,0.04401640443192845,0.981,0.9808588277402595,0.9808588277402595,9.618939223059016,-0.019141172259740498,-0.18771077694098412,1.0488289324328863,1.0444886612611852,0.004340271171701016,0.0,-9.551837972522371,-9.561483749999999,0.009645777477628636,0.0,0.43165347252237113,0.44129925,-0.009645777477628854,-0.009806650000000028,0.10695078670421464,1.0488289324328863,0.0,0.0,0.0,9.618939223059016,0.9808588277402595,43.66235272112466,-79.39572754134625,108.9,-93.29936842241769,-3.2364868801516153,1.0,3.2626655744914124,609.0,3.2626655744914124,3.258882047405527,11.731975370659898,0.6018851689765008,0.05345905600392981,0.0,3.258882047405527,11.731975370659898,0.1626757580943988,0.06654522549028452,0.06654522549028452,0.0,0.0,0.0,0.0,4.368652553258573,0.0007304025350908546,2.6294491263270765,19212.847425108426,5.336902062530126,0.2175843863392464,302121.7606369974,1783556908121760.8,1783556908016404.5
610.0,177.4138866391716,24288.0,106.03020748968935,-974.3232641701036,44.32326417010355,981.0,0.10603020748968935,-0.9743232641701035,0.04432326417010355,0.981,0.9810785259202046,0.9810785259202046,9.621093726215374,-0.018921474079795424,-0.18555627378462577,1.0398011342787619,1.0459932942868728,-0.0061921600081108925,0.0,-9.554847238573744,-9.561483749999999,0.006636511426253882,0.0,0.43466273857374593,0.44129925,-0.006636511426254033,-0.009806650000000028,0.10603020748968935,1.0398011342787619,0.0,0.0,0.0,9.621093726215374,0.9810785259202046,43.662347504509114,-79.39573766771761,108.9,-94.1148628848273,-3.8131315629257143,1.0,3.2614651787396656,610.0,3.2614651787396656,3.2600824431572737,11.736296795366185,0.5997371508092751,1.0534590560039165,0.0,3.2600824431572737,11.736296795366185,0.11314498918288994,0.06654522549028452,0.06654522549028452,0.0,0.0,0.0,0.0,4.309028478692199,0.0007179394472821888,2.5845820102158803,19213.61016608232,5.337113935022874,0.216700763588563,302304.3421812116,1783556908304342.2,1783556908323264.2
611.0,174.95900873377082,24288.0,105.10962827516406,-974.6301239082786,44.63012390827865,981.0,0.10510962827516405,-0.9746301239082786,0.04463012390827865,0.981,0.9812982241001497,0.9812982241001497,9.623248229371733,-0.01870177589985035,-0.18340177062826743,1.0307733361246374,1.0474979273125602,-0.0167245911879228,0.0,-9.55785650462512,-9.561483749999999,0.003627245374879129,0.0,0.4376720046251208,0.44129925,-0.0036272453748792113,-0.009806650000000028,0.10510962827516405,1.0307733361246374,0.0,0.0,0.0,9.623248229371733,0.9812982241001497,43.662342287893566,-79.39574779408896,108.9,-94.93035734723694,-4.389776245699813,1.0,3.260264782987919,611.0,3.260264782987919,3.26128283890902,11.740618220072472,0.5975891326420495,2.053459056003903,0.0,3.26128283890902,11.740618220072472,0.06361422027138107,0.06654522549028452,0.06654522549028452,0.0,0.0,0.0,0.0,4.249404404125825,0.0007054763594735231,2.5397148941046837,19214.372907056208,5.337325807515621,0.21581714083787962,302486.9237254258,1783556908486923.8,1783556908630124.0
612.0,172.50413082837005,24288.0,104.18904906063877,-974.9369836464538,44.93698364645375,981.0,0.10418904906063876,-0.9749369836464538,0.044936983646453744,0.981,0.9815179222800947,0.9815179222800947,9.62540273252809,-0.018482077719905277,-0.18124726747190908,1.021745537970513,1.0490025603382476,-0.02725702236773471,0.0,-9.560865770676495,-9.561483749999999,0.0006179793235043755,0.0,0.4406812706764956,0.44129925,-0.0006179793235043893,-0.009806650000000028,0.10418904906063876,1.021745537970513,0.0,0.0,0.0,9.62540273252809,0.9815179222800947,43.66233707127801,-79.39575792046033,108.9,-95.74585180964655,-4.966420928473912,1.0,3.2590643872361724,612.0,3.2590643872361724,3.262483234660767,11.74493964477876,0.5954411144748237,3.0534590560038897,0.0,3.262483234660767,11.74493964477876,0.014083451359872212,0.06654522549028452,0.06654522549028452,0.0,0.0,0.0,0.0,4.189780329559452,0.0006930132716648575,2.494847777993487,19215.1356480301,5.337537680008368,0.2149335180871962,302669.50526963995,1783556908669505.2,1783556908936983.8
613.0,170.76336030195156,24288.0,104.1831984902422,-975.2900809058547,42.52672060390312,981.5267206039031,0.1041831984902422,-0.9752900809058547,0.04252672060390312,0.9815267206039031,0.9817632672175072,0.9817632672175072,9.627808744458566,-0.018236732782492878,-0.1788412555414338,1.0216881634743336,1.0455685463474331,-0.02388038287309953,-0.009806650000000028,-9.564328471915399,-9.561483749999999,-0.002844721915399753,0.0,0.41704466461026646,0.44129925,-0.024254585389733505,-0.009806650000000028,0.1041831984902422,1.0216881634743336,-0.009806650000000028,-0.009806650000000028,-0.01258152488257696,9.627808744458566,0.9817632672175072,43.66233103056634,-79.39576709919093,108.9,-96.48503109892206,-5.634161196496737,1.0,3.2822933779786703,613.0,3.2822933779786703,3.2618040425113373,11.742494553040816,0.5947633603019515,0.794641180622071,0.0,3.2618040425113373,11.742494553040816,0.0020604631257356773,0.05995829346064035,0.05995829346064035,0.0,0.0,0.0,0.0,4.1475004950138,0.0006852182551904324,2.466785718685557,19218.343849229495,5.338428847008201,0.21123323256611595,303442.5639806408,1783556909442564.0,1783556909236639.8
614.0,170.46556589635182,24288.0,105.67217051824097,-974.3966976890554,41.93113179270361,980.9311317927036,0.10567217051824097,-0.9743966976890553,0.04193113179270361,0.9809311317927036,0.9810105081000259,0.9810105081000259,9.620426699259118,-0.01898949189997412,-0.1862233007408812,1.0362899910127077,1.0470287291012705,-0.010738738088562828,-0.009806650000000028,-9.555567375392375,-9.561483749999999,0.005916374607624581,0.0,0.4112039335949168,0.44129925,-0.03009531640508316,-0.009806650000000028,0.10567217051824097,1.0362899910127077,-0.009806650000000028,-0.009806650000000028,-0.007673347558753691,9.620426699259118,0.9810105081000259,43.66232477688382,-79.39577603302311,108.9,-97.20448828690503,-6.325443262117535,1.0,3.311835645821478,614.0,3.311835645821478,3.2606391091724065,11.738300793020663,0.5944655658963518,1.7946411806220604,0.0,3.2606391091724065,11.738300793020663,-0.00026940355212652645,0.051669103081043305,0.051669103081043305,0.0,0.0,0.0,0.0,4.140267664490593,0.000683681278704251,2.4612526033353035,19219.07422045573,5.338631727904376,0.21042876861837176,303619.45385756704,1783556909619453.8,1783556909534434.0
615.0,170.16777149075205,24288.0,107.16114254623974,-973.5033144722562,41.335542981504105,980.3355429815041,0.10716114254623975,-0.9735033144722561,0.0413355429815041,0.980335542981504,0.9802577489825446,0.9802577489825446,9.61304465405967,-0.01974225101745536,-0.1936053459403286,1.0508918185510818,1.048488911855108,0.002402906695973872,-0.009806650000000028,-9.54680627886935,-9.561483749999999,0.014677471130648916,0.0,0.40536320257956715,0.44129925,-0.03593604742043281,-0.009806650000000028,0.10716114254623975,1.0508918185510818,-0.009806650000000028,-0.009806650000000028,-0.002765170234930423,9.61304465405967,0.9802577489825446,43.66231852320131,-79.39578496685527,108.9,-97.923945474888,-7.0167253277383335,1.0,3.341377913664286,615.0,3.341377913664286,3.2594741758334753,11.73410703300051,0.5941677714907521,2.7946411806220497,0.0,3.2594741758334753,11.73410703300051,-0.00259927022998873,0.04337991270144627,0.04337991270144627,0.0,0.0,0.0,0.0,4.133034833967386,0.0006821443022180696,2.4557194879850504,19219.80459168196,5.3388346088005525,0.20962430467062756,303796.3437344933,1783556909796343.8,1783556909832228.5
616.0,169.457357040848,24288.0,101.271321479576,-976.864339260212,50.91471408169601,983.0,0.101271321479576,-0.976864339260212,0.050914714081696004,0.983,0.9834226224799455,0.9834226224799455,9.644081460742957,-0.016577377520054462,-0.16256853925704207,0.9931324047876839,1.0437430363030789,-0.05061063151539478,-0.008476272606158044,-9.579766672606157,-9.555915236303079,-0.02385143630307777,0.0,0.49930278084926405,0.44129925,0.05800353084926409,-0.009806650000000028,0.101271321479576,0.9931324047876839,-0.008476272606158044,-0.008476272606158044,0.0022359283930117367,9.644081460742957,0.9834226224799455,43.662312015463726,-79.39579352717924,108.9,-98.6133233907574,-7.736090640046722,1.0,3.3390895072627753,616.0,3.3390895072627753,3.2649168679218925,11.753700724518813,0.59932169630106,0.43661973631049195,0.0,3.2649168679218925,11.753700724518813,0.002717808738663053,0.03744594702080527,0.03744594702080527,0.0,0.0,0.0,0.0,4.115780287808117,0.0006852037173347372,2.466733382405054,19223.018884459285,5.339727467905365,0.20796393199008292,304576.7181401739,1783556910576718.2,1783556910135660.8
617.0,168.21452966951244,24288.0,101.89273516524378,-976.5536324173781,48.429059339024874,983.0,0.10189273516524379,-0.9765536324173781,0.04842905933902487,0.983,0.9830570734806141,0.9830570734806141,9.640496649648663,-0.016942926519385906,-0.1661533503513358,0.999226391308238,1.0422195396729403,-0.04299314836470236,-0.005429279345881047,-9.57671967934588,-9.55439173967294,-0.022327939672939584,0.0,0.47492683476704817,0.44129925,0.0336275847670482,-0.009806650000000028,0.10189273516524379,0.999226391308238,-0.005429279345881047,-0.005429279345881047,0.00735692546910753,9.640496649648663,0.9830570734806141,43.66230517991318,-79.39580160555715,108.9,-99.26388934544947,-8.491692397042215,1.0,3.29572926613223,617.0,3.29572926613223,3.2788855276797464,11.803987899647087,0.5977681620868905,1.436619736310496,0.0,3.2788855276797464,11.803987899647087,0.01790191362592513,0.03455098072933141,0.03455098072933141,0.0,0.0,0.0,0.0,4.085594496613118,0.0006784328766708591,2.4423583560150925,19223.764247108367,5.339934513085666,0.20763366533450042,304761.58871166,1783556910761588.8,1783556910446367.5
618.0,166.97170229817687,24288.0,102.51414885091157,-976.2429255745442,45.94340459635373,983.0,0.10251414885091156,-0.9762429255745442,0.04594340459635373,0.983,0.9826915244812826,0.9826915244812826,9.63691183855437,-0.017308475518717354,-0.16973816144562953,1.0053203778287918,1.0406960430428018,-0.035375665214009935,-0.0023822860856040507,-9.573672686085603,-9.552868243042802,-0.020804443042801393,0.0,0.4505508886848323,0.44129925,0.009251638684832308,-0.009806650000000028,0.10251414885091156,1.0053203778287918,-0.0023822860856040507,-0.0023822860856040507,0.012477922545203322,9.63691183855437,0.9826915244812826,43.66229834436264,-79.39580968393506,108.9,-99.91445530014154,-9.247294154037707,1.0,3.2523690250016846,618.0,3.2523690250016846,3.2928541874376003,11.85427507477536,0.5962146278727211,2.4366197363105,0.0,3.2928541874376003,11.85427507477536,0.03308601851318721,0.03165601443785755,0.03165601443785755,0.0,0.0,0.0,0.0,4.055408705418119,0.000671662036006981,2.417983329625131,19224.50960975745,5.340141558265967,0.20730339867891792,304946.4592831462,1783556910946459.2,1783556910757074.5
619.0,166.33015535159754,24288.0,103.13206214063901,-975.867937859361,43.933968929680496,982.867937859361,0.10313206214063901,-0.975867937859361,0.04393396892968049,0.982867937859361,0.9822855994857898,0.9822855994857898,9.63293107419732,-0.01771440051421028,-0.17371892580268022,1.0113800371914976,1.0395048999999998,-0.028124862808502307,0.0,-9.569995312808501,-9.5516771,-0.01831821280850207,0.0,0.43084505640425114,0.44129925,-0.010454193595748814,-0.009806650000000028,0.10313206214063901,1.0113800371914976,0.0,0.0,0.015393456141598727,9.63293107419732,0.9822855994857898,43.66229148128538,-79.39581771680783,108.9,-100.56135664552053,-10.005938714087943,1.0,3.2241008560784112,619.0,3.2241008560784112,3.3016320439590205,11.885875358252473,0.595264124281278,3.2241008560784112,0.0,3.3016320439590205,11.885875358252473,0.03984556464713086,0.028449985647222734,0.028449985647222734,0.0,0.0,0.0,0.0,4.039826813179601,0.000667998313190231,2.4047939274848313,19225.25664197902,5.340349067216403,0.20699126989428782,305130.5526111214,1783556911130552.5,1783556911066031.0
620.0,167.8435753498953,24288.0,103.73743013995812,-975.2625698600418,43.63128493002094,982.2625698600418,0.10373743013995812,-0.9752625698600419,0.043631284930020935,0.9822625698600419,0.9817349684038983,0.9817349684038983,9.62753122789809,-0.018265031596101662,-0.17911877210191032,1.0173166692820204,1.0395048999999998,-0.022188230717979568,0.0,-9.564058680717979,-9.5516771,-0.012381580717979401,0.0,0.42787674035898976,0.44129925,-0.013422509641010215,-0.009806650000000028,0.10373743013995812,1.0173166692820204,0.0,0.0,0.010404689678974524,9.62753122789809,0.9817349684038983,43.66228451955339,-79.39582558659181,108.9,-101.19512416579826,-10.775488568461373,1.0,3.249922119302466,620.0,3.249922119302466,3.2918062524464786,11.850502508807324,0.5964748602799163,3.249922119302466,0.0,3.2918062524464786,11.850502508807324,0.016411801817230273,0.024129120291345497,0.024129120291345497,0.0,0.0,0.0,0.0,4.0765847580982575,0.0006754703865489734,2.4316933915763044,19226.009657887036,5.340558238301963,0.20674414657257253,305311.86032691743,1783556911311860.2,1783556911368715.0
621.0,169.3569953481931,24288.0,104.34279813927724,-974.6572018607228,43.32860093036138,981.6572018607228,0.10434279813927723,-0.9746572018607227,0.04332860093036138,0.9816572018607227,0.9811843373220069,0.9811843373220069,9.622131381598859,-0.01881566267799304,-0.18451861840114045,1.0232533013725431,1.0395048999999998,-0.016251598627456832,0.0,-9.558122048627457,-9.5516771,-0.006444948627456733,0.0,0.4249084243137284,0.44129925,-0.016390825686271617,-0.009806650000000028,0.10434279813927723,1.0232533013725431,0.0,0.0,0.0054159232163503174,9.622131381598859,0.9811843373220069,43.6622775578214,-79.39583345637581,108.9,-101.828891686076,-11.545038422834804,1.0,3.275743382526521,621.0,3.275743382526521,3.281980460933937,11.815129659362174,0.5976855962785544,3.275743382526521,0.0,3.281980460933937,11.815129659362174,-0.007021961012670323,0.01980825493546826,0.01980825493546826,0.0,0.0,0.0,0.0,4.113342703016914,0.0006829424599077159,2.4585928556677774,19226.76267379505,5.340767409387523,0.20649702325085725,305493.16804271354,1783556911493168.0,1783556911671399.0
622.0,170.8704153464909,24288.0,104.94816613859635,-974.0518338614037,43.025916930701825,981.0518338614037,0.10494816613859635,-0.9740518338614036,0.04302591693070182,0.9810518338614036,0.9806337062401156,0.9806337062401156,9.616731535299628,-0.01936629375988442,-0.18991846470037055,1.0291899334630656,1.0395048999999998,-0.010314966536934096,0.0,-9.552185416536933,-9.5516771,-0.0005083165369340649,0.0,0.42194010826846695,0.44129925,-0.019359141731533018,-0.009806650000000028,0.10494816613859635,1.0291899334630656,0.0,0.0,0.0004271567537261142,9.616731535299628,0.9806337062401156,43.66227059608941,-79.3958413261598,108.9,-102.46265920635375,-12.314588277208234,1.0,3.301564645750576,622.0,3.301564645750576,3.272154669421395,11.779756809917023,0.5988963322771926,3.301564645750576,0.0,3.272154669421395,11.779756809917023,-0.03045572384257092,0.01548738957959102,0.01548738957959102,0.0,0.0,0.0,0.0,4.150100647935571,0.0006904145332664585,2.4854923197592504,19227.515689703065,5.3409765804730815,0.20624989992914197,305674.4757585096,1783556911674475.8,1783556911974083.0
623.0,167.44097297912754,24288.0,107.8819459582551,-974.0,44.55902702087245,981.0,0.1078819459582551,-0.974,0.04455902702087245,0.981,0.9809709603015186,0.9809709603015186,9.620038867840888,-0.019029039698481336,-0.18661113215911201,1.0579604853315223,1.0395048999999998,0.01845558533152238,0.0,-9.5516771,-9.5516771,0.0,-0.0013705455835594338,0.4369747823342388,0.44129925,-0.004324467665761191,-0.009806650000000028,0.1078819459582551,1.0579604853315223,0.0,0.0,0.0,9.620038867840888,0.9809709603015186,43.66226385070277,-79.39584954686478,108.9,-103.12468700984891,-13.060223315959428,1.0,3.2947019321905264,623.0,3.2947019321905264,3.2803869748077603,11.809393109307939,0.5956770810626173,0.9143762777980659,0.0,3.2803869748077603,11.809393109307939,-0.01431495738276603,0.011438608007349653,0.011438608007349653,0.0,0.0,0.0,0.0,4.06680635171705,0.0006729012893791214,2.422444641764837,19230.680080708476,5.341855577974585,0.2054123003202953,306451.70810626174,1783556912451708.0,1783556912279513.5
624.0,166.829597734115,24288.0,106.65919546823,-974.0,45.170402265885,981.0,0.10665919546822998,-0.974,0.04517040226588501,0.981,0.980865625461341,0.980865625461341,9.619005885930461,-0.019134374538658957,-0.18764411406953985,1.0459693992385175,1.0395048999999998,0.006464499238517635,0.0,-9.5516771,-9.5516771,0.0,-0.002869431345184721,0.44297032538074116,0.44129925,0.0016710753807411619,-0.009806650000000028,0.10665919546822998,1.0459693992385175,0.0,0.0,0.0,9.619005885930461,0.980865625461341,43.662257125575074,-79.39585780043059,108.9,-103.78936115347595,-13.803618931423879,1.0,3.28477863644285,624.0,3.28477863644285,3.2903102705554366,11.845116973999572,0.597511206797655,1.9143762777980773,0.0,3.2903102705554366,11.845116973999572,0.0055316341125860105,0.007415304815148716,0.007415304815148716,0.0,0.0,0.0,0.0,4.051957269766185,0.0006725053138604317,2.421019129897554,19231.41956498963,5.342060990274906,0.2054123003202953,306635.1206797655,1783556912635120.8,1783556912585201.2
625.0,166.21822248910243,24288.0,105.43644497820489,-974.0,45.781777510897555,981.0,0.10543644497820488,-0.974,0.045781777510897556,0.981,0.9807602906211634,0.9807602906211634,9.617972904020032,-0.019239709378836577,-0.1886770959799677,1.0339783131455127,1.0395048999999998,-0.005526586854487106,0.0,-9.5516771,-9.5516771,0.0,-0.004368317106810008,0.4489658684272435,0.44129925,0.007666618427243515,-0.009806650000000028,0.10543644497820488,1.0339783131455127,0.0,0.0,0.0,9.617972904020032,0.9807602906211634,43.66225040044738,-79.3958660539964,108.9,-104.45403529710299,-14.547014546888327,1.0,3.2748553406951744,625.0,3.2748553406951744,3.3002335663031124,11.880840838691205,0.5993453325326926,2.9143762777980884,0.0,3.3002335663031124,11.880840838691205,0.02537822560793806,0.003392001622947779,0.003392001622947779,0.0,0.0,0.0,0.0,4.03710818781532,0.0006721093383417418,2.4195936180302704,19232.15904927078,5.342266402575226,0.2054123003202953,306818.53325326927,1783556912818533.2,1783556912890888.8
626.0,170.61951964776978,24288.0,106.80975982388489,-972.5707205283453,45.23903929553957,979.5707205283453,0.1068097598238849,-0.9725707205283453,0.045239039295539574,0.9795707205283453,0.9794649517023282,0.9794649517023282,9.605269968611635,-0.020535048297671863,-0.20138003138836374,1.0474459311769007,1.0395048999999998,0.00794103117690081,0.0,-9.537660656469297,-9.5516771,0.014016443530702081,-0.0009328094115494193,0.4436434247076031,0.44129925,0.002344174707603129,-0.009806650000000028,0.1068097598238849,1.0474459311769007,0.0,0.0,0.0,9.605269968611635,0.9794649517023282,43.66224381471612,-79.39587451696511,108.9,-105.13557302399867,-15.275001279821334,1.0,3.2920410502368136,626.0,3.2920410502368136,3.3087832450351082,11.911619682126389,0.5948097598238848,0.6430629292195789,0.0,3.3087832450351082,11.911619682126389,0.03129427993930955,0.0015838380399904766,0.0015838380399904766,0.0,0.0,0.0,0.0,4.144006893205033,0.0006846953410924499,2.46490322793282,19235.35802005734,5.343155005571493,0.20538539712613776,307592.0026646124,1783556913592002.8,1783556913190240.2
627.0,170.02785072247198,24288.0,106.51392536123599,-973.458223916292,44.05570144494394,980.458223916292,0.10651392536123598,-0.973458223916292,0.044055701444943945,0.980458223916292,0.9802610472752796,0.9802610472752796,9.61307699926212,-0.019738952724720347,-0.19357300073787875,1.0445447861437647,1.0395048999999998,0.0050398861437649,0.0,-9.546364091568705,-9.5516771,0.005313008431294548,-0.002383381928117079,0.43203884457505953,0.44129925,-0.00926040542494046,-0.009806650000000028,0.10651392536123598,1.0445447861437647,0.0,0.0,0.0,9.61307699926212,0.9802610472752796,43.662237306357945,-79.39588309616452,108.9,-105.8264710136949,-15.994435192890428,1.0,3.32427382360389,627.0,3.32427382360389,3.316570486979548,11.939653753126372,0.5945139253612359,1.6430629292195744,0.0,3.316570486979548,11.939653753126372,0.029478081478962248,0.001005204892651118,0.001005204892651118,0.0,0.0,0.0,0.0,4.1296364383474,0.0006819829177380717,2.455138503857058,19236.07931629801,5.343355365638346,0.20534356110522115,307767.72833542584,1783556913767728.2,1783556913486074.8
628.0,169.43618179717416,24288.0,106.21809089858708,-974.3457273042387,42.872363594348315,981.3457273042387,0.10621809089858708,-0.9743457273042387,0.04287236359434832,0.9813457273042387,0.9810571428482312,0.9810571428482312,9.620884029912606,-0.01894285715176883,-0.18576597008739376,1.041643641110629,1.0395048999999998,0.00213874111062899,0.0,-9.555067526668113,-9.5516771,-0.0033904266681129835,-0.003833954444684738,0.4204342644425159,0.44129925,-0.02086498555748405,-0.009806650000000028,0.10621809089858708,1.041643641110629,0.0,0.0,0.0,9.620884029912606,0.9810571428482312,43.66223079799977,-79.39589167536394,108.9,-106.51736900339112,-16.713869105959525,1.0,3.3565065969709655,628.0,3.3565065969709655,3.324357728923987,11.967687824126353,0.594218090898587,2.64306292921957,0.0,3.324357728923987,11.967687824126353,0.027661883018614945,0.0004265717453117595,0.0004265717453117595,0.0,0.0,0.0,0.0,4.115265983489766,0.0006792704943836933,2.445373779781296,19236.800612538682,5.343555725705198,0.2053017250843045,307943.45400623925,1783556913943454.0,1783556913781909.0
629.0,169.0789148250783,24288.0,106.1578296501566,-974.9210851749217,42.15782965015659,982.0,0.10615782965015659,-0.9749210851749217,0.042157829650156596,0.982,0.9815897868048232,0.9815897868048232,9.626107482769518,-0.018410213195176824,-0.1805425172304808,1.041052680138708,1.0395048999999998,0.0015477801387081833,0.0,-9.560709859930645,-9.5516771,-0.009032759930645732,-0.004516379965322048,0.41342708013870816,0.44129925,-0.027872169861291797,-0.009806650000000028,0.10615782965015659,1.041052680138708,0.0,0.0,0.0,9.626107482769518,0.9815897868048232,43.66222450061832,-79.3959005252744,108.9,-107.23006782879095,-17.409981650919164,1.0,3.3763096092321234,629.0,3.3763096092321234,3.3300985292958263,11.988354705464975,0.5941578296501566,3.3763096092321234,0.0,3.3300985292958263,11.988354705464975,0.024245698233825958,0.0010386363211123315,0.0010386363211123315,0.0,0.0,0.0,0.0,4.106588683271502,0.0006777681528265507,2.4399653501755827,19237.526554701053,5.343757376305857,0.20517519946536072,308120.03323574667,1783556914120033.2,1783556914078914.8
630.0,169.37920624024295,24288.0,106.75841248048592,-974.620793759757,42.75841248048592,982.0,0.10675841248048591,-0.974620793759757,0.042758412480485924,0.982,0.9813833805205442,0.9813833805205442,9.624083328581793,-0.018616619479455834,-0.18256667141820554,1.046942385751757,1.0395048999999998,0.007437485751757274,0.0,-9.55776500712412,-9.5516771,-0.006087907124121253,-0.003043953562060075,0.41931678575175724,0.44129925,-0.02198246424824274,-0.009806650000000028,0.10675841248048591,1.046942385751757,0.0,0.0,0.0,9.624083328581793,0.9813833805205442,43.662218795081436,-79.39591013459969,108.9,-108.00392366321041,-18.040671698355712,1.0,3.361243911761162,630.0,3.361243911761162,3.3300985292958263,11.988354705464975,0.5947584124804859,3.361243911761162,0.0,3.3300985292958263,11.988354705464975,0.016341136058118523,0.004990917408966049,0.004990917408966049,0.0,0.0,0.0,0.0,4.113882161163021,0.0006796604051461838,2.446777458526262,19238.26552988102,5.343962647189182,0.20481109751765453,308299.0069191848,1783556914299007.0,1783556914379206.2
631.0,169.67949765540763,24288.0,107.35899531081525,-974.3205023445923,43.358995310815246,982.0,0.10735899531081525,-0.9743205023445923,0.043358995310815246,0.982,0.9811769742362652,0.9811769742362652,9.622059174394069,-0.018823025763734843,-0.18459082560593026,1.0528320913648062,1.0395048999999998,0.013327191364806364,0.0,-9.554820154317596,-9.5516771,-0.0031430543175967746,-0.0015715271587981024,0.4252064913648063,0.44129925,-0.016092758635193685,-0.009806650000000028,0.10735899531081525,1.0528320913648062,0.0,0.0,0.0,9.622059174394069,0.9811769742362652,43.66221308954455,-79.39591974392498,108.9,-108.77777949762988,-18.67136174579226,1.0,3.3461782142902003,631.0,3.3461782142902003,3.3300985292958263,11.988354705464975,0.5953589953108153,3.3461782142902003,0.0,3.3300985292958263,11.988354705464975,0.008436573882411088,0.008943198496819767,0.008943198496819767,0.0,0.0,0.0,0.0,4.12117563905454,0.0006815526574658169,2.453589566876941,19239.00450506099,5.344167918072506,0.20444699556994833,308477.98060262296,1783556914477980.5,1783556914679497.8
632.0,169.97978907057228,24288.0,107.95957814114458,-974.0202109294277,43.95957814114457,982.0,0.10795957814114457,-0.9740202109294277,0.04395957814114457,0.982,0.9809705679519861,0.9809705679519861,9.620035020206345,-0.019029432048013852,-0.18661497979365502,1.0587217969778553,1.0395048999999998,0.019216896977855457,0.0,-9.551875301511071,-9.5516771,-0.00019820151107229587,-9.910075553612972e-05,0.43109619697785534,0.44129925,-0.010203053022144627,-0.009806650000000028,0.10795957814114457,1.0587217969778553,0.0,0.0,0.0,9.620035020206345,0.9809705679519861,43.66220738400766,-79.39592935325027,108.9,-109.55163533204934,-19.30205179322881,1.0,3.331112516819239,632.0,3.331112516819239,3.3300985292958263,11.988354705464975,0.5959595781411445,3.331112516819239,0.0,3.3300985292958263,11.988354705464975,0.0005320117067036528,0.012895479584673485,0.012895479584673485,0.0,0.0,0.0,0.0,4.12846911694606,0.00068344490978545,2.46040167522762,19239.74348024096,5.344373188955831,0.20408289362224213,308656.9542860611,1783556914656954.2,1783556914979789.0
633.0,168.7194626749777,24288.0,109.59731337488857,-975.2805373250222,42.40268662511143,982.2805373250222,0.10959731337488857,-0.9752805373250223,0.04240268662511143,0.9822805373250223,0.9823400076249634,0.9823400076249634,9.633464635775347,-0.01765999237503661,-0.17318536422465275,1.074782493207851,1.0395048999999998,0.0352775932078511,0.011182215679214931,-9.564234881358429,-9.557955990679215,-0.006278890679214137,0.0,0.415828306792149,0.44129925,-0.02547094320785101,0.0013755656792148962,0.10959731337488857,1.074782493207851,0.011182215679214931,0.011182215679214931,0.014071072827067854,9.633464635775347,0.9823400076249634,43.662202230865475,-79.39593953826906,108.87194626749778,-110.37185277511277,-19.871680130283174,1.0,3.328577209463604,633.0,3.328577209463604,3.328577209463604,11.982877954068973,0.5985973133748885,0.9326956136370769,-0.02805373250223098,3.328577209463604,11.982877954068973,-0.0015213198322225749,0.00946919751992192,0.00946919751992192,-0.8438035901527245,0.0,0.0,0.0,4.097858309449859,0.0006813865237799434,2.4529914856077966,19242.93711621938,5.345260310060946,0.20214852569686365,309435.9197083883,1783556915435919.8,1783556915280537.2
634.0,168.41868145448035,24288.0,108.09340727240179,-975.5813185455196,43.9065927275982,982.5813185455196,0.1080934072724018,-0.9755813185455197,0.043906592727598205,0.9825813185455197,0.982539153791659,0.982539153791659,9.635417592530972,-0.01746084620834098,-0.17123240746902704,1.060034212427899,1.0395048999999998,0.02052931242789913,0.012657043757210128,-9.56718453751442,-9.559430818757209,-0.007753718757209567,0.0,0.4305765875721009,0.44129925,-0.010722662427899089,0.0028503937572100847,0.1080934072724018,1.060034212427899,0.012657043757210128,0.012657043757210128,0.011633681885843298,9.635417592530972,0.982539153791659,43.662197117584725,-79.39594976483056,108.84186814544803,-111.19541572508643,-20.43690218420781,1.0,3.326946109445571,634.0,3.326946109445571,3.326946109445571,11.977005994004056,0.5970934072724018,1.932695613637089,-0.05813185455196904,3.326946109445571,11.977005994004056,-0.0031524198502554217,0.005510469866314504,0.005510469866314504,-1.7484970161915747,0.0,0.0,0.0,4.09055293516642,0.0006784643740665676,2.4424717466396433,19243.66736143275,5.34546315595355,0.20140083599354766,309614.8845345842,1783556915614884.5,1783556915581318.5
635.0,168.117900233983,24288.0,106.58950116991502,-975.882099766017,45.410498830084975,982.882099766017,0.10658950116991502,-0.9758820997660169,0.04541049883008498,0.9828820997660169,0.9827382999583546,0.9827382999583546,9.637370549286597,-0.017261700041645348,-0.16927945071340134,1.045285931647947,1.0395048999999998,0.00578103164794716,0.014131871835205326,-9.570134193670409,-9.560905646835204,-0.009228546835204998,0.0,0.4453248683520528,0.44129925,0.004025618352052826,0.004325221835205273,0.10658950116991502,1.045285931647947,0.014131871835205326,0.014131871835205326,0.009196290944618744,9.637370549286597,0.9827382999583546,43.66219200430398,-79.39595999139205,108.8117900233983,-112.01897867506011,-21.002124238132442,1.0,3.325315009427538,635.0,3.325315009427538,3.325315009427538,11.971134033939137,0.595589501169915,2.9326956136371014,-0.08820997660170708,3.325315009427538,11.971134033939137,-0.0047835198682882685,0.001551742212707088,0.001551742212707088,-2.653190442230425,0.0,0.0,0.0,4.083247560882979,0.0006755422243531917,2.43195200767149,19244.397606646122,5.345666001846154,0.20065314629023168,309793.8493607801,1783556915793849.2,1783556915882099.8
636.0,162.81353014698183,24288.0,108.44059044094548,-975.8811808818909,45.186469853018174,982.8811808818909,0.10844059044094548,-0.9758811808818909,0.04518646985301817,0.9828811808818909,0.9829274285374535,0.9829274285374535,9.639225267066818,-0.01707257146254651,-0.16742473293318172,1.0634389162476978,1.0395048999999998,0.023934016247698062,0.010720972292050365,-9.570125182495394,-9.561483749999999,-0.008641432495395817,-0.00045716114602507526,0.4431278945841006,0.44129925,0.0018286445841006634,0.00889232770794964,0.10844059044094548,1.0634389162476978,0.010720972292050365,0.010720972292050365,-0.005178816653233053,9.639225267066818,0.9829274285374535,43.66218664354265,-79.3959699670353,108.8,-112.82233473814888,-21.594702795860663,1.0,3.3127438337027035,636.0,3.3127438337027035,3.3246756507818827,11.968832342814778,0.5941864698530182,0.6080199628552182,0.0,3.3246756507818827,11.968832342814778,-0.004411675154513152,0.0,0.0,0.0,0.0,0.0,0.0,3.9544150202098947,0.0006526822824251873,2.3496562167306743,19247.472009289955,5.346520002580551,0.20082359841496247,310568.9495625458,1783556916568949.5,1783556916186469.8
637.0,162.50684637932636,24288.0,107.5205391379791,-974.0410782759582,45.49315362067363,981.0410782759582,0.1075205391379791,-0.9740410782759582,0.04549315362067363,0.9810410782759582,0.98101380297435,0.98101380297435,9.62045901093841,-0.018986197025649937,-0.18619098906158996,1.0544162951374627,1.0395048999999998,0.014911395137462766,0.01222474247708958,-9.552079940274925,-9.561483749999999,0.009403809725074364,-0.0012090462385445301,0.44613543495417907,0.44129925,0.004836184954179078,0.007388557522910433,0.1075205391379791,1.0544162951374627,0.01222474247708958,0.01222474247708958,-0.00011987216631448999,9.62045901093841,0.98101380297435,43.66218112323483,-79.39597978091587,108.8,-113.61266376798942,-22.2049176221856,1.0,3.2931197788885362,637.0,3.2931197788885362,3.3246756507818827,11.968832342814778,0.5944931536206736,1.6080199628552092,0.0,3.3246756507818827,11.968832342814778,-0.0027485663403190733,0.0,0.0,0.0,0.0,0.0,0.0,3.946966284861079,0.0006517884341833294,2.346438363059986,19248.189992890228,5.3467194424695155,0.20158596082200028,310751.4264043008,1783556916751426.5,1783556916493153.5
638.0,162.20016261167092,24288.0,106.60048783501271,-972.2009756700254,45.799837388329095,979.2009756700254,0.10660048783501272,-0.9722009756700254,0.045799837388329094,0.9792009756700254,0.9791001774112467,0.9791001774112467,9.601692754810001,-0.020899822588753364,-0.20495724518999817,1.0453936740272274,1.0395048999999998,0.00588877402722747,0.013728512662128796,-9.534034698054455,-9.561483749999999,0.027449051945544548,-0.0019609313310639848,0.44914297532425745,0.44129925,0.007843725324257493,0.005884787337871226,0.10660048783501272,1.0453936740272274,0.013728512662128796,0.013728512662128796,0.004939072320604074,9.601692754810001,0.9791001774112467,43.66217560292701,-79.39598959479642,108.8,-114.40299279782994,-22.81513244851054,1.0,3.273495724074369,638.0,3.273495724074369,3.3246756507818827,11.968832342814778,0.5947998373883291,2.6080199628552,0.0,3.3246756507818827,11.968832342814778,-0.0010854575261249957,0.0,0.0,0.0,0.0,0.0,0.0,3.939517549512263,0.0006508945859414715,2.3432205093892975,19248.9079764905,5.34691888235848,0.20234832322903812,310933.9032460558,1783556916933903.2,1783556916799837.5
639.0,161.89656655184214,24288.0,105.79313310368428,-971.5171672407893,45.68969965552642,978.5171672407893,0.10579313310368428,-0.9715171672407893,0.04568969965552642,0.9785171672407893,0.9783286207886414,0.9783286207886414,9.59412636905693,-0.021671379211358626,-0.21252363094307009,1.0374762287512453,1.0395048999999998,-0.0020286712487545757,0.015217142812188686,-9.527328828121886,-9.561483749999999,0.0341549218781129,-0.0027052464060937777,0.4480628931268681,0.44129925,0.006763643126868115,0.004396157187811345,0.10579313310368428,1.0374762287512453,0.015217142812188686,0.015217142812188686,0.008233779162294301,9.59412636905693,0.9783286207886414,43.662169827897586,-79.39599910300345,108.8,-115.16870540050463,-23.453504200808588,1.0,3.270755786962905,639.0,3.270755786962905,3.3278411632546634,11.980228187716788,0.5955171672407893,3.270755786962905,0.0,3.3278411632546634,11.980228187716788,0.0031655124727807495,0.0,0.0,0.0,0.0,0.0,0.0,3.9321438084111424,0.00065045774450935,2.34164788023366,19249.61925895547,5.347116460820972,0.2026697452531,311115.0600688947,1783556917115060.0,1783556917103433.5
640.0,161.59877256632393,24288.0,105.19754513264785,-973.0061371683804,44.79631769897176,980.0061371683804,0.10519754513264784,-0.9730061371683804,0.044796317698971765,0.9800061371683804,0.9797031120541334,0.9797031120541334,9.607605523825667,-0.020296887945866607,-0.19904447617433277,1.0316355059750808,1.0395048999999998,-0.00786939402491906,0.016677323506229805,-9.541930635062297,-9.561483749999999,0.01955311493770202,-0.0034353367531141893,0.4393018089626214,0.44129925,-0.001997441037378596,0.002935976493770232,0.10519754513264784,1.0316355059750808,0.016677323506229805,0.016677323506229805,0.008213328452293726,9.607605523825667,0.9797031120541334,43.66216357422389,-79.396008036823,108.8,-115.8881615735905,-24.144785291043416,1.0,3.2997425905528104,640.0,3.2997425905528104,3.3369549518043624,12.013037826495706,0.5970061371683804,3.2997425905528104,0.0,3.3369549518043624,12.013037826495706,0.012279301022479877,0.0,0.0,0.0,0.0,0.0,0.0,3.9249109880908755,0.0006508796590280323,2.343166772500916,19250.317949398406,5.347310541499566,0.2021626015539319,311293.73646020563,1783556917293736.5,1783556917401227.5
641.0,161.3009785808057,24288.0,104.60195716161141,-974.4951070959714,43.90293574241711,981.4951070959714,0.1046019571616114,-0.9744951070959714,0.043902935742417104,0.9814951070959714,0.9810776033196255,0.9810776033196255,9.621084678594404,-0.018922396680374588,-0.18556532140559545,1.0257947831989163,1.0395048999999998,-0.013710116801083545,0.018137504200270927,-9.556532442002707,-9.561483749999999,0.004951307997291141,-0.004165427100134601,0.4305407247983747,0.44129925,-0.010758525201625308,0.001475795799729119,0.1046019571616114,1.0257947831989163,0.018137504200270927,0.018137504200270927,0.00819287774229315,9.621084678594404,0.9810776033196255,43.6621573205502,-79.39601697064258,108.8,-116.60761774667637,-24.83606638127824,1.0,3.328729394142716,641.0,3.328729394142716,3.346068740354062,12.045847465274623,0.5984951070959714,3.328729394142716,0.0,3.346068740354062,12.045847465274623,0.021393089572179006,0.0,0.0,0.0,0.0,0.0,0.0,3.917678167770609,0.0006513015735467144,2.3446856647681718,19251.016639841346,5.3475046221781595,0.2016554578547638,311472.41285151656,1783556917472412.8,1783556917699021.5
642.0,161.00318459528748,24288.0,104.00636919057497,-975.9840770235626,43.00955378586245,982.9840770235626,0.10400636919057496,-0.9759840770235626,0.04300955378586245,0.9829840770235626,0.9824520945851174,0.9824520945851174,9.63456383336314,-0.01754790541488257,-0.17208616663685816,1.0199540604227517,1.0395048999999998,-0.01955083957724803,0.01959768489431205,-9.57113424894312,-9.561483749999999,-0.009650498943119742,-0.004895517447155013,0.421779640634128,0.44129925,-0.019519609365872017,1.5615105688006163e-05,0.10400636919057496,1.0199540604227517,0.01959768489431205,0.01959768489431205,0.008172427032292574,9.63456383336314,0.9824520945851174,43.662151066876504,-79.39602590446215,108.8,-117.32707391976223,-25.527347471513067,1.0,3.357716197732621,642.0,3.357716197732621,3.355182528903761,12.078657104053539,0.5999840770235626,3.357716197732621,0.0,3.355182528903761,12.078657104053539,0.030506878121878134,0.0,0.0,0.0,0.0,0.0,0.0,3.9104453474503424,0.0006517234880653967,2.3462045570354277,19251.71533028428,5.3476987028567535,0.2011483141555957,311651.0892428275,1783556917651089.2,1783556917996815.5
643.0,176.98588163736846,24288.0,117.43521659665231,-968.16694325761,51.717608298326155,976.9360463694823,0.11743521659665232,-0.96816694325761,0.05171760829832616,0.9769360463694823,0.9767810722301369,0.9767810722301369,9.578950101985672,-0.023218927769863108,-0.22769989801432805,1.1516460668375603,1.0395048999999998,0.11214116683756055,0.019613300000000056,-9.49447435409724,-9.561483749999999,0.06700939590275864,-0.003174536459667803,0.5071764834187802,0.44129925,0.06587723341878021,0.0063490729193368635,0.11743521659665232,1.1516460668375603,0.019613300000000056,0.019613300000000056,0.0,9.578950101985672,0.9767810722301369,43.66214421843807,-79.396033960964,108.8,-117.97587815756694,-26.284373855511003,1.0,3.3572164657575803,643.0,3.3572164657575803,3.3552799913424867,12.079007968832952,0.5954102989627093,0.9893060456478145,0.0,3.3552799913424867,12.079007968832952,0.021580634873509932,0.0,0.0,0.0,0.0,0.0,0.0,4.298633093208405,0.0007107873162826644,2.558834338617592,19254.960272605567,5.348600075723778,0.20064075981429874,312424.14120807534,1783556918424141.2,1783556918294850.5
644.0,195.1661825831601,24288.0,126.97242365018235,-964.2924528921134,56.486211825091175,974.8497823265226,0.12697242365018235,-0.9642924528921134,0.05648621182509117,0.9748497823265226,0.974426656005706,0.974426656005706,9.555861166118357,-0.025573343994293986,-0.25078883388164314,1.2451741183890608,1.0395048999999998,0.20566921838906088,0.019613300000000056,-9.456478583154443,-9.561483749999999,0.10500516684555594,-0.0039052243624137523,0.5539405091945303,0.44129925,0.11264125919453034,0.007810448724829052,0.12697242365018235,1.2451741183890608,0.019613300000000056,0.019613300000000056,0.0,9.555861166118357,0.974426656005706,43.6621373635705,-79.39604200798246,108.8,-118.6239186796599,-27.042110916627983,1.0,3.3563979975666616,644.0,3.3563979975666616,3.3552799913424867,12.079007968832952,0.5948142235218635,1.9893060456478064,0.0,3.3552799913424867,12.079007968832952,0.012459386977784061,0.0,0.0,0.0,0.0,0.0,0.0,4.740196242579792,0.0007830058138820393,2.8188209299753413,19255.906231168843,5.348862841991354,0.20013320103414464,312601.1756140065,1783556918601175.5,1783556918592888.2
645.0,213.34648352895172,24288.0,136.5096307037124,-960.4179625266169,61.25481535185619,972.7635182835629,0.1365096307037124,-0.9604179625266168,0.06125481535185619,0.9727635182835629,0.9720722397812751,0.9720722397812751,9.532772230251041,-0.027927760218724864,-0.2738777697489582,1.338702169940561,1.0395048999999998,0.29919726994056123,0.019613300000000056,-9.418482812211646,-9.561483749999999,0.14300093778835324,-0.004635912265159701,0.6007045349702804,0.44129925,0.15940528497028048,0.00927182453032124,0.1365096307037124,1.338702169940561,0.019613300000000056,0.019613300000000056,0.0,9.532772230251041,0.9720722397812751,43.66213050870294,-79.3960500550009,108.8,-119.27195920175286,-27.79984797774496,1.0,3.355579529375743,645.0,3.355579529375743,3.3552799913424867,12.079007968832952,0.5942181480810179,2.9893060456477984,0.0,3.3552799913424867,12.079007968832952,0.0033381390820581905,0.0,0.0,0.0,0.0,0.0,0.0,5.181759391951179,0.000855224311481414,3.0788075213330908,19256.85218973212,5.349125608258931,0.19962564225399057,312778.21001993766,1783556918778210.0,1783556918890926.0
