dist_m_grid,current_mA,voltage_mV,ax_x100,ay_x100,az_x100,amag_x100,imu_ax_g,imu_ay_g,imu_az_g,imu_total_g_reported,accel_total_g,imu_total_g,accel_total_m_s2,accel_dynamic_g,accel_dynamic_m_s2,imu_ax_m_s2,imu_ax_bias_m_s2,imu_ax_dynamic_m_s2,imu_ax_dynamic_smooth_m_s2,imu_ay_m_s2,imu_ay_bias_m_s2,imu_ay_dynamic_m_s2,imu_ay_dynamic_smooth_m_s2,imu_az_m_s2,imu_az_bias_m_s2,imu_az_dynamic_m_s2,imu_az_dynamic_smooth_m_s2,accel_longitudinal_raw_g,accel_longitudinal_m_s2,imu_forward_dynamic_m_s2,accel_longitudinal_smooth_m_s2,jerk_m_s3,accel_m_s2,accel_mag,lat,lon,elev,x,y,gps_dt_s,gps_dist_m,gps_cumdist_m,gps_speed_m_s_raw,gps_speed_m_s,gps_speed_kph,dt_s,dist_m,elev_diff_m,speed_m_s,speed_kph,gps_longitudinal_accel_raw_m_s2,gps_longitudinal_accel_m_s2,gps_longitudinal_accel_abs_m_s2,grade_raw_pct,grade_pct,uphill_grade_pct,downhill_grade_pct,power_w,energy_wh,energy_j,cum_energy_j,cum_energy_wh,efficiency_wh_per_km,timestamp_ms,time,gps_time
0.0,5.0,24288.0,110.0,-977.0,41.0,984.0,0.11,-0.977,0.041,0.984,0.9840274386418297,0.9840274386418297,9.650012681156898,-0.015972561358170267,-0.15663731884310045,1.0787315,1.0787315,0.0,-0.03432327500000021,-9.581097049999999,-9.561483749999999,-0.01961329999999961,0.0,0.40207265,0.45110589999999995,-0.04903324999999997,0.0,0.11,1.0787315,-0.03432327500000021,-0.03432327500000021,0.0,9.650012681156898,0.9840274386418297,43.661073,-79.394885,107.5,0.0,0.0,1.0,0.0,0.0,0.0,0.0,0.0,0.603,0.0,0.0,0.0,0.0,0.0,0.0,0.0,0.0,0.0,0.0,-0.0,0.12144,2.03412e-05,0.07322832,0.13122806399999998,3.645224e-05,0.09055628942832077,23311.0,1783556629311000.0,1783556629000000.0
1.0,7.409889247447589,24288.0,99.75385017857792,-985.6890032270283,60.6890032270283,992.6890032270283,0.09975385017857792,-0.9856890032270282,0.060689003227028304,0.9926890032270282,0.9926554936302567,0.9926554936302567,9.734624996609156,-0.007344506369743299,-0.07202500339084313,0.9782510948537511,1.08853815,-0.11028705514624891,0.0,-9.666307063496337,-9.561483749999999,-0.10482331349633753,0.0,0.5951558134963371,0.45600922499999996,0.1391465884963371,-0.04903324999999997,0.09975385017857792,0.9782510948537511,0.0,0.0,0.0,9.734624996609156,0.9926554936302567,43.66107260659283,-79.39488780329641,107.5,-0.22575527927901784,-0.043487228436131974,1.0,0.15676454107433554,1.0,0.15676454107433554,0.1372417587484034,0.4940703314942522,0.6044263713265269,0.15676454107433554,0.0,0.1372417587484034,0.4940703314942522,0.020923326519194554,0.0,0.0,0.0,0.0,0.0,0.0,0.17997139004200705,3.024210024981936e-05,0.1088715608993497,2.051683714591466,0.000569912142942074,0.16931534622093325,40195.62874334212,1783556646195628.8,1783556646196703.5
2.0,4.066687897763061,24288.0,110.6665605111847,-974.0,47.20006369328919,982.0,0.11066656051118469,-0.974,0.04720006369328918,0.982,0.9814036068919703,0.9814036068919703,9.62428168152714,-0.018596393108029706,-0.1823683184728595,1.0852682256370094,1.0787315,0.006536725637009383,0.00032699243629907143,-9.5516771,-9.561483749999999,0.009806649999999806,0.009806649999999806,0.46287450461779434,0.4118793,0.05099520461779436,0.04903324999999997,0.11066656051118469,1.0852682256370094,0.00032699243629907143,0.00032699243629907143,-0.007652730039633868,9.62428168152714,0.9814036068919703,43.66106620006369,-79.3948839333121,107.5,0.08590259064948366,-0.7516649597499648,1.0,0.3202631545781996,2.0,0.3202631545781996,0.005364538514592065,0.019312338652531402,0.5983334394888152,0.3202631545781996,0.0,0.005364538514592065,0.019312338652531402,-0.06971338246552024,0.0,0.0,0.0,0.0,0.0,0.0,0.09877171566086924,1.6418327460200426e-05,0.05910597885672154,2.979153512139201,0.000827542642260889,0.14848026375941273,52615.12063713769,1783556658615120.8,1783556658933312.0
3.0,26.98120356582625,24288.0,53.12030707936414,-1017.2763125326802,67.6466072362292,1022.6033803879557,0.05312030707936413,-1.0172763125326802,0.06764660723622921,1.0226033803879557,1.0218939950230654,1.0218939950230654,10.021356746292945,0.021893995023065497,0.21470674629294526,0.5209322594198463,1.093441475,-0.5725092155801538,-0.04903325000000014,-9.976072750298608,-9.5516771,-0.4243956502986081,0.04903324999999903,0.6633866008531671,0.4110774400042658,0.2523091608489014,-0.18293457996587334,0.05312030707936413,0.5209322594198463,-0.04903325000000014,-0.04903325000000014,0.0,10.021356746292945,1.0218939950230654,43.66107267293214,-79.39487749060177,107.41635339276378,0.604747428078925,-0.03615408075930929,1.0,0.31939119842651326,3.0,0.31939119842651326,0.31939119842651326,1.1498083143354478,0.6020187964341738,0.31939119842651326,-0.08364660723622445,0.31939119842651326,1.1498083143354478,0.051120660261891215,0.06706492551815432,0.06706492551815432,-25.488733234752694,0.0,0.0,0.0,0.6553194722067879,0.00010955417628613218,0.39439503463007586,5.265033995123664,0.0014625094430899064,0.38416856375215896,61546.389041634466,1783556667546389.0,1783556667836466.0
4.0,30.263414285770132,24288.0,115.26179047589262,-955.4487785717357,6.889438094083914,964.0536571430805,0.11526179047589262,-0.9554487785717357,0.0068894380940839155,0.9640536571430806,0.964204587278805,0.964204587278805,9.455616915837691,-0.03579541272119507,-0.3510330841623076,1.1303320375704122,1.0983448,0.0319872375704123,-0.04335655390184935,-9.369751764380512,-9.5516771,0.18192533561948748,-0.036643388294452114,0.06756230808534802,0.4006534759754623,-0.3330911678901143,-0.16942382987731155,0.11526179047589262,1.1303320375704122,-0.04335655390184935,-0.04335655390184935,0.00942972773779201,9.455616915837691,0.964204587278805,43.661079315447616,-79.39486923739761,107.4,1.26939509206879,0.698109579506156,1.0,0.7874448738745228,4.0,0.7874448738745228,0.784215631441366,2.823176273188918,0.5984471547618582,0.3973658982942375,0.0,0.784215631441366,2.823176273188918,0.3921394934050644,0.08949198695918971,0.08949198695918971,0.0,0.0,0.0,0.0,0.735037806172785,0.00012214761976428026,0.43973143115140895,6.700164752297262,0.0018611568756381283,0.17541255963187252,63612.23743332773,1783556669612237.5,1783556669289431.0
5.0,26.035901479121577,24288.0,136.59984231425852,-933.3642562066199,93.54599009557616,948.1308965923297,0.13659984231425853,-0.9333642562066199,0.09354599009557617,0.9481308965923296,0.9480686151322437,0.9480686151322437,9.297377084586618,-0.05193138486775629,-0.5092729154133822,1.3395868436311236,1.0983448,0.24124204363112345,-0.02994805986034149,-9.15317658312865,-9.5516771,0.39850051687134996,-0.07845320000000022,0.917372783770782,0.3970813066899431,0.5202914770808389,-0.152003075,0.13659984231425853,1.3395868436311236,-0.02994805986034149,-0.02994805986034149,0.03111078715743341,9.297377084586618,0.9480686151322437,43.66108507180296,-79.39485971278816,107.4,2.036431664339364,1.3344170987909536,1.0,1.372720946908875,5.0,1.372720946908875,1.361964295528456,4.903071463902442,0.601910246302196,1.372720946908875,0.0,1.361964295528456,4.903071463902442,0.7984069642040759,0.08870839607352145,0.08870839607352145,0.0,0.0,0.0,0.0,0.6323599751249048,0.00010572768521290258,0.3806196667664493,6.977579648093955,0.0019382165689149876,0.08276408183760801,64050.71659151779,1783556670050716.5,1783556670017950.8
6.0,27.50458472929691,24288.0,79.32119555742054,-989.1742197132826,34.06431846347516,994.3944189728527,0.07932119555742054,-0.9891742197132826,0.034064318463475164,0.9943944189728526,0.994289860841588,0.994289860841588,9.750652663822159,-0.005710139158412002,-0.055997336177841084,0.7778752024131779,1.0983448,-0.32046959758682214,-0.051552353753339455,-9.700485361751262,-9.5516771,-0.14880826175126305,-0.07845320000000022,0.33405684865983865,0.3934805910411101,-0.05942374238127135,-0.152003075,0.07932119555742054,0.7778752024131779,-0.051552353753339455,-0.051552353753339455,-0.02900233073824087,9.750652663822159,0.994289860841588,43.661088009169454,-79.39484796332216,107.4,2.9826405519449226,1.6591135914967134,1.0,1.364527741874185,6.0,1.364527741874185,1.3701575005631461,4.9325670020273265,0.5982385381767577,1.364527741874185,0.0,1.3701575005631461,4.9325670020273265,0.20972950592495898,0.056652702633320506,0.056652702633320506,0.0,0.0,0.0,0.0,0.6680313539051633,0.00011099912229931857,0.3995968402775469,7.275721031939355,0.0020210336199831544,0.0805971788687092,64489.11854169513,1783556670489118.5,1783556670752292.2
7.0,30.174995584569807,24288.0,136.2251457091964,-986.6501854480681,32.324739489618565,996.6501854480681,0.1362251457091964,-0.9866501854480682,0.03232473948961856,0.9966501854480682,0.9968610957545253,0.9968610957545253,9.775867864681114,-0.0031389042454746975,-0.030782135318884456,1.3359123251690905,1.0983448,0.2375675251690906,-0.05454959887644645,-9.675733041124296,-9.5516771,-0.12405594112429728,-0.07330483865173586,0.31699740651586783,0.392266,-0.07526859348413215,0.07354987499999999,0.1362251457091964,1.3359123251690905,-0.05454959887644645,-0.05454959887644645,0.007174416594571434,9.775867864681114,0.9968610957545253,43.66109074995585,-79.3948361251987,107.4,3.9359892101167206,1.9620801187066472,1.0,1.786141981274356,7.0,1.786141981274356,1.5695740756387302,5.650466672299429,0.598,0.6626806558569066,0.0,1.5695740756387302,5.650466672299429,0.20585759751454233,0.04349171182853921,0.04349171182853921,0.0,0.0,0.0,0.0,0.7328902927580314,0.0001217412208525841,0.43826839506930276,7.890808535148387,0.002191891259763441,0.07224135504289571,65339.647359572744,1783556671339647.2,1783556671174995.5
8.0,30.439067853804104,24288.0,127.51076082446457,-975.5591501402276,47.905003374442146,985.5591501402276,0.12751076082446455,-0.9755591501402276,0.047905003374442146,0.9855591501402277,0.9855864064959513,0.9855864064959513,9.66530093326352,-0.014413593504048711,-0.1413490667364793,1.2504534026392353,1.0983448,0.15210860263923523,-0.04807543807873014,-9.566967139722662,-9.5516771,-0.015290039722663379,-0.06553584569447643,0.46978760134197295,0.392266,0.07752160134197297,0.07354987499999999,0.12751076082446455,1.2504534026392353,-0.04807543807873014,-0.04807543807873014,0.018000772443595364,9.66530093326352,0.9855864064959513,43.66109339067854,-79.39482424194658,107.4,4.89297217193606,2.253985605210895,1.0,2.426537867585754,8.0,2.426537867585754,1.866327642818932,6.718779514148156,0.598,1.662680655856907,0.0,1.866327642818932,6.718779514148156,0.49966485445997544,0.03994854922566454,0.03994854922566454,0.0,0.0,0.0,0.0,0.739304080033194,0.00012280662218329167,0.44210383985985,8.009707323655352,0.0022249187010153757,0.06518807076718297,65497.562576574855,1783556671497562.5,1783556671439067.8
9.0,30.703140123038402,24288.0,118.79637593973273,-964.4681148323871,63.485267259265726,974.4681148323871,0.11879637593973272,-0.964468114832387,0.06348526725926573,0.974468114832387,0.9743117172373773,0.9743117172373773,9.554734001845924,-0.02568828276262272,-0.2519159981540741,1.16499448010938,1.0983448,0.06664968010937986,-0.04160127728101383,-9.45820123832103,-9.5516771,0.09347586167897054,-0.057766852737216996,0.6225777961680782,0.392266,0.23031179616807815,0.07354987499999999,0.11879637593973272,1.16499448010938,-0.04160127728101383,-0.04160127728101383,0.028827128292619294,9.554734001845924,0.9743117172373773,43.66109603140123,-79.39481235869447,107.4,5.849955133755399,2.5458910917151427,1.0,3.0669337538971524,9.0,3.0669337538971524,2.1630812099991337,7.787092355996883,0.598,2.662680655856907,0.0,2.1630812099991337,7.787092355996883,0.7934721114054086,0.036405386622789866,0.036405386622789866,0.0,0.0,0.0,0.0,0.7457178673083568,0.00012387202351399926,0.4459392846503973,8.128606112162316,0.0022579461422673106,0.05813478649147022,65655.47779357697,1783556671655477.8,1783556671703140.0
10.0,30.9672123922727,24288.0,110.0819910550009,-953.3770795245466,79.0655311440893,963.3770795245466,0.1100819910550009,-0.9533770795245465,0.0790655311440893,0.9633770795245465,0.9630370279788033,0.9630370279788033,9.44416707042833,-0.036962972021196736,-0.36248292957166894,1.0795355575795245,1.0983448,-0.018809242420475547,-0.03512711648329753,-9.349435336919395,-9.5516771,0.20224176308060443,-0.04999785977995756,0.7753679909941833,0.392266,0.3831019909941833,0.07354987499999999,0.1100819910550009,1.0795355575795245,-0.03512711648329753,-0.03512711648329753,0.03965348414164323,9.44416707042833,0.9630370279788033,43.66109867212392,-79.39480047544235,107.4,6.806938095574739,2.8377965782193906,1.0,3.7073296402085507,10.0,3.7073296402085507,2.459834777179336,8.85540519784561,0.598,3.6626806558569074,0.0,2.459834777179336,8.85540519784561,1.0872793683508417,0.0328622240199152,0.0328622240199152,0.0,0.0,0.0,0.0,0.7521316545835194,0.00012493742484470682,0.44977472944094454,8.24750490066928,0.002290973583519245,0.05108150221575748,65813.39301057908,1783556671813393.0,1783556671967212.5
11.0,28.5967950163938,24288.0,99.3871800655752,-978.1048074754093,49.705931475414715,984.7016024918031,0.09938718006557519,-0.9781048074754093,0.049705931475414716,0.984701602491803,0.9847801491145278,0.9847801491145278,9.657394249313985,-0.015219850885472149,-0.14925575068601543,0.9746552893900728,1.0983448,-0.12368951060992722,-0.03260318248093994,-9.591931510228722,-9.5516771,-0.040254410228722476,-0.03871269488563906,0.4874486729033758,0.39054590748093976,0.09690276542243595,0.042666785038120394,0.09938718006557519,0.9746552893900728,-0.03260318248093994,-0.03260318248093994,0.002881227000100946,9.657394249313985,0.9847801491145278,43.66110180640997,-79.39478882676387,107.4,7.745030355810554,3.1842605576316734,1.0,3.3342517113155834,11.0,3.3342517113155834,2.4966801437170414,8.98804851738135,0.6015443912786891,0.8758385050336006,0.0,2.4966801437170414,8.98804851738135,0.7295428885670956,0.02300549843826731,0.02300549843826731,0.0,0.0,0.0,0.0,0.6945589573581725,0.00011610081189003695,0.41796292280413305,8.83461759797161,0.0024540604438810032,0.04978319139639357,66646.42834380323,1783556672646428.2,1783556672350801.2
12.0,26.994667483130836,24288.0,92.97866993252335,-980.5079987753037,27.67667789304899,985.5026662584346,0.09297866993252334,-0.9805079987753037,0.027676677893048993,0.9855026662584345,0.9856093987944488,0.9856093987944488,9.66552641068758,-0.014390601205551226,-0.14112358931241895,0.9118092734937799,1.0983448,-0.18653552650622007,-0.03063924448418074,-9.615498766189832,-9.5516771,-0.06382166618983255,-0.026929066905083666,0.27141549325986897,0.3885819694841806,-0.1171664762243117,0.046594661031638715,0.09297866993252334,0.9118092734937799,-0.03063924448418074,-0.03063924448418074,0.006170905386632274,9.66552641068758,0.9856093987944488,43.66110501066503,-79.39477721133925,107.4,8.680444613496705,3.538458912734958,1.0,2.8175006928268953,12.0,2.8175006928268953,2.4966801437170414,8.98804851738135,0.598740668095479,1.8758385050336006,0.0,2.4966801437170414,8.98804851738135,0.2794416133063733,0.012253743221014492,0.012253743221014492,0.0,0.0,0.0,0.0,0.6556464838302817,0.00010908035312437999,0.3926892712477679,8.985617451496589,0.002496004847637942,0.04930072288554383,66885.54587814273,1783556672885546.0,1783556672751333.2
13.0,26.337584522947502,24288.0,93.38859879831752,-982.0,15.687922614737506,986.5063767844213,0.09338859879831751,-0.982,0.015687922614737507,0.9865063767844212,0.9866099803279506,0.9866099803279506,9.675338763583095,-0.013390019672049395,-0.13131123641690318,0.9158293024055204,1.0991724433154908,-0.18334314090997034,-0.029419950000000084,-9.6301303,-9.5516771,-0.07845320000000022,-0.01961329999999961,0.15384596630981556,0.387362675,-0.23351670869018443,0.04903324999999997,0.09338859879831751,0.9158293024055204,-0.029419950000000084,-0.029419950000000084,0.006826937494990496,9.675338763583095,0.9866099803279506,43.66110851913035,-79.39476578019345,107.4,9.601018514490653,3.9262846691597924,1.0,2.4544182173989926,13.0,2.4544182173989926,2.4544182173989926,8.835905582636373,0.597,2.4544182173989926,0.0,2.4544182173989926,8.835905582636373,-0.042261926318048815,0.005578605893212019,0.005578605893212019,0.0,0.0,0.0,0.0,0.6396872528933488,0.00010608146943814701,0.38189328997732924,9.147893803682608,0.0025410816121340584,0.04840562119880016,67134.76898009983,1783556673134769.0,1783556673168792.2
14.0,27.227936833194068,24288.0,104.9631788315229,-982.0,20.139684165970344,987.8419052497911,0.1049631788315229,-0.982,0.020139684165970343,0.9878419052497911,0.9878911041350462,0.9878911041350462,9.68790229636595,-0.012108895864953768,-0.11874770363404887,1.029337157688154,1.1013552866863106,-0.07201812899815663,-0.029419950000000084,-9.6301303,-9.5516771,-0.07845320000000022,-0.01961329999999961,0.19750283372621308,0.387362675,-0.1898598412737869,0.04903324999999997,0.1049631788315229,1.029337157688154,-0.029419950000000084,-0.029419950000000084,0.0031705834400157376,9.68790229636595,0.9878911041350462,43.66111252571575,-79.39475465078958,107.4,10.497292512574791,4.369172618776528,1.0,2.342955750446393,14.0,2.342955750446393,2.342955750446393,8.434640701607014,0.597,2.342955750446393,0.0,2.342955750446393,8.434640701607014,-0.15372439327064844,0.005578605893212019,0.005578605893212019,0.0,0.0,0.0,0.0,0.6613121298046175,0.00010966759485926573,0.3948033414933566,9.328634524906992,0.0025912873680297203,0.04683486552883004,67400.53914470843,1783556673400539.2,1783556673613968.5
15.0,26.0,24288.0,106.36928437174326,-985.5691682329661,49.81535781412837,992.5691682329661,0.10636928437174326,-0.9855691682329661,0.04981535781412837,0.9925691682329661,0.9925450203458704,0.9925450203458704,9.73354162377483,-0.007454979654129548,-0.07310837622516952,1.043126342584156,1.108453236882013,-0.06532689429785712,-0.028816376235974068,-9.665131883651817,-9.5516771,-0.11345478365181744,-0.01900972623597361,0.48852177870792196,0.387362675,0.10115910370792197,0.039226599999999945,0.10636928437174326,1.043126342584156,-0.028816376235974068,-0.028816376235974068,0.0010009515157977035,9.73354162377483,0.9925450203458704,43.66111661547395,-79.39474358440991,107.4,11.38849104091536,4.821254490556544,1.0,2.2409043362924663,15.0,2.2409043362924663,2.245171635443375,8.082617887596149,0.601123094790581,0.1328565581054963,0.0,2.245171635443375,8.082617887596149,-0.23609837357835486,0.005578605893212019,0.005578605893212019,0.0,0.0,0.0,0.0,0.6314879999999999,0.00010544500580086511,0.3796020208831144,9.88832340825901,0.0027467565022941697,0.048648184798149745,68269.11307936019,1783556674269113.0,1783556674061547.5
16.0,26.0,24288.0,109.14885639294548,-982.3263342082303,48.42557180352726,989.3263342082303,0.10914885639294548,-0.9823263342082302,0.04842557180352726,0.9893263342082302,0.989563868904052,0.989563868904052,9.704306514987922,-0.010436131095947977,-0.10234348501207821,1.0703846325458788,1.11072476104549,-0.040340128499611286,-0.024273327909020273,-9.63333054536314,-9.5516771,-0.08165344536314156,-0.014466677909019916,0.4748926337270606,0.387362675,0.08752995872706061,0.039226599999999945,0.10914885639294548,1.0703846325458788,-0.024273327909020273,-0.024273327909020273,0.008535028343250105,9.704306514987922,0.989563868904052,43.66112124809399,-79.39473292938384,107.4,12.246562410420655,5.333344309425244,1.0,2.20027806239554,16.0,2.20027806239554,2.236664958890824,8.051993852006966,0.6020496187976485,1.132856558105496,0.0,2.236664958890824,8.051993852006966,-0.1286142784666628,0.005578605893212019,0.005578605893212019,0.0,0.0,0.0,0.0,0.6314879999999999,0.00010560753046535816,0.3801871096752894,10.064727679099768,0.0027957576886388246,0.048648184798149745,68548.46006749102,1783556674548460.0,1783556674524809.5
17.0,26.0,24288.0,111.9284284141477,-979.0835001834944,47.03578579292615,986.0835001834944,0.1119284284141477,-0.9790835001834943,0.04703578579292615,0.9860835001834943,0.9865827174622336,0.9865827174622336,9.675071406201011,-0.013417282537766403,-0.1315785937989869,1.0976429225076014,1.112996285208967,-0.015353362701365447,-0.019730279582066475,-9.601529207074465,-9.5516771,-0.049852107074465704,-0.00992362958206622,0.4612634887461992,0.387362675,0.07390081374619924,0.039226599999999945,0.1119284284141477,1.0976429225076014,-0.019730279582066475,-0.019730279582066475,0.016069105170702508,9.675071406201011,0.9865827174622336,43.661125880714025,-79.39472227435775,107.4,13.104633779925948,5.8454341282939435,1.0,2.1596517884986133,17.0,2.1596517884986133,2.228158282338273,8.021369816417781,0.6029761428047159,2.1328565581054955,0.0,2.228158282338273,8.021369816417781,-0.021130183354970716,0.005578605893212019,0.005578605893212019,0.0,0.0,0.0,0.0,0.6314879999999999,0.00010577005512985122,0.3807721984674644,10.241131949940526,0.002844758874983479,0.048648184798149745,68827.80705562184,1783556674827807.0,1783556674988071.5
18.0,27.56271210521249,24288.0,110.87457578957502,-974.5627121052125,45.25084842084997,982.0,0.11087457578957502,-0.9745627121052125,0.04525084842084997,0.982,0.9818952266493084,0.9818952266493084,9.629102824420439,-0.018104773350691657,-0.17754717557956032,1.0873081586668358,1.115198939666709,-0.02789078099987327,-0.019613300000000056,-9.55719542066658,-9.5516771,-0.005518320666581976,0.0,0.4437592326663283,0.38245935,0.06129988266632832,0.02850577666645518,0.11087457578957502,1.0873081586668358,-0.019613300000000056,-0.019613300000000056,0.0,9.629102824420439,0.9818952266493084,43.66113037287895,-79.39471150509053,107.4,13.971905225457053,6.341998038839733,1.0,2.1889244172177644,18.0,2.1889244172177644,2.2279392427427687,8.020581273873967,0.5983762726312749,0.9742508611734599,0.0,2.2279392427427687,8.020581273873967,-0.01033283505820577,0.05316508806815856,0.05316508806815856,0.0,0.0,0.0,0.0,0.669443151611401,0.00011128187685541638,0.400614756679499,10.825016601362842,0.0030069490559341224,0.048648184798149745,69696.18629739857,1783556675696186.2,1783556675437288.0
19.0,27.11386683115155,24288.0,111.77226633769689,-974.1138668311515,43.45546732460621,982.0,0.1117722663376969,-0.9741138668311515,0.04345546732460621,0.982,0.9814689351295843,0.9814689351295843,9.624922332688538,-0.018531064870415625,-0.18172766731146137,1.0961114956805753,1.117399773920144,-0.02128827823956863,-0.019613300000000056,-9.552793752159712,-9.5516771,-0.0011166521597123485,0.0,0.42615255863884943,0.38245935,0.043693208638849436,0.017501605399280907,0.1117722663376969,1.0961114956805753,-0.019613300000000056,-0.019613300000000056,0.0,9.624922332688538,0.9814689351295843,43.66113486133169,-79.39470073280395,107.4,14.839419826056576,6.838151604591643,1.0,2.2200444515887994,19.0,2.2200444515887994,2.2279392427427687,8.020581273873967,0.5956832009869093,1.9742508611734606,0.0,2.2279392427427687,8.020581273873967,-0.0020908865723534772,0.10200926575523794,0.10200926575523794,0.0,0.0,0.0,0.0,0.658541597595009,0.00010897135304583105,0.3922968709649918,11.00015006663618,0.003055597240732272,0.048648184798149745,69963.24923546483,1783556675963249.2,1783556675886133.2
20.0,26.71121137376133,24288.0,112.0,-974.0,43.28878862623867,982.0,0.112,-0.974,0.04328878862623867,0.982,0.9813735905387655,0.9813735905387655,9.623987321656983,-0.018626409461234495,-0.18266267834301525,1.0983448,1.1179581,-0.019613300000000056,-0.019613300000000056,-9.5516771,-9.5516771,0.0,0.0,0.4245179989815034,0.38245935,0.04205864898150341,0.013293950509248269,0.112,1.0983448,-0.019613300000000056,-0.019613300000000056,0.0,9.623987321656983,0.9813735905387655,43.66113888788626,-79.39468962512984,107.4,15.733943881162,7.28324694724264,1.0,2.330847347918553,20.0,2.330847347918553,2.330847347918553,8.391050452506791,0.5955775772524773,2.330847347918553,0.0,2.330847347918553,8.391050452506791,0.10290810517578428,0.08136291268361533,0.08136291268361533,0.0,0.0,0.0,0.0,0.6487619018459152,0.00010732724019509221,0.38637806470233194,11.153452223547704,0.003098181173207695,0.04747488998791521,70203.4068098645,1783556676203406.8,1783556676288788.8
21.0,26.324256891066927,24288.0,112.0,-974.0,43.67574310893307,982.0,0.112,-0.974,0.04367574310893307,0.982,0.9813907423753181,0.9813907423753181,9.624155523714913,-0.018609257624681904,-0.1824944762850868,1.0983448,1.1179581,-0.019613300000000056,-0.019613300000000056,-9.5516771,-9.5516771,0.0,0.0,0.42831272615921845,0.38245935,0.04585337615921848,0.011396586920390757,0.112,1.0983448,-0.019613300000000056,-0.019613300000000056,0.0,9.624155523714913,0.9813907423753181,43.661142757431094,-79.39467840344984,107.4,16.637649067354573,7.710986432548802,1.0,2.468736270768467,21.0,2.468736270768467,2.468736270768467,8.887450574766483,0.5963514862178662,2.468736270768467,0.0,2.468736270768467,8.887450574766483,0.24079702802569847,0.03709513948773335,0.03709513948773335,0.0,0.0,0.0,0.0,0.6393635513702335,0.00010590965566501022,0.38127476039403674,11.299333419631234,0.0031387037276753424,0.04590276544736246,70434.41863603305,1783556676434418.8,1783556676675743.0
22.0,26.59681322043445,24288.0,111.0575981113665,-974.0,39.0,981.9424018886335,0.1110575981113665,-0.974,0.039,0.9819424018886335,0.9810865627852658,0.9810865627852658,9.621172540938126,-0.01891343721473419,-0.18547745906187302,1.0891029945188324,1.1179581,-0.028855105481167723,-0.019613300000000056,-9.5516771,-9.5516771,0.0,0.0,0.38245935,0.38245935,0.0,0.010089072259416205,0.1110575981113665,1.0891029945188324,-0.019613300000000056,-0.019613300000000056,0.0,9.621172540938126,0.9810865627852658,43.66114674877545,-79.39466727205665,107.4,17.53408326872558,8.15218963801584,1.0,2.5974617822291686,22.0,2.5974617822291686,2.5974617822291686,9.350862416025006,0.6010575981113665,0.16202833777995088,0.0,2.5974617822291686,9.350862416025006,0.34899779590618535,0.0,0.0,0.0,0.0,0.0,0.0,0.645983399497912,0.0001078511116546729,0.3882640019568225,11.83254237686359,0.003286817326906552,0.040369841039349284,71263.67406304264,1783556677263674.0,1783556677057598.0
23.0,24.108441216562415,24288.0,111.41307982620538,-974.0,39.0,981.5869201737946,0.11141307982620537,-0.974,0.039,0.9815869201737946,0.9811269610351637,0.9811269610351637,9.621568712435488,-0.018873038964836233,-0.18508128756451123,1.092589079277657,1.1179581,-0.025369020722343188,-0.019613300000000056,-9.5516771,-9.5516771,0.0,0.0,0.38245935,0.38245935,0.0,0.011832114638828453,0.11141307982620537,1.092589079277657,-0.019613300000000056,-0.019613300000000056,0.0,9.621568712435488,0.9811269610351637,43.66115137003774,-79.39465660760521,107.4,18.39291368226303,8.663023971700676,1.0,2.678796329994042,23.0,2.678796329994042,2.678796329994042,9.643666787978551,0.6014130798262054,1.1620283377799505,0.0,2.678796329994042,9.643666787978551,0.30365855400292835,0.0,0.0,0.0,0.0,0.0,0.0,0.585545820267868,9.780935989926837e-05,0.35211369563736616,11.936495013139266,0.0033156930592053513,0.039427330424289884,71477.67405537564,1783556677477674.0,1783556677413079.8
24.0,21.62006921269038,24288.0,111.76856154104424,-974.0,39.0,981.2314384589557,0.11176856154104424,-0.974,0.039,0.9812314384589558,0.9811673592850617,0.9811673592850617,9.62196488393285,-0.018832640714938273,-0.18468511606714944,1.0960751640364814,1.1179581,-0.021882935963518653,-0.019613300000000056,-9.5516771,-9.5516771,0.0,0.0,0.38245935,0.38245935,0.0,0.013575157018240702,0.11176856154104424,1.0960751640364814,-0.019613300000000056,-0.019613300000000056,0.0,9.62196488393285,0.9811673592850617,43.661155991300035,-79.39464594315376,107.4,19.251744095800476,9.173858305385515,1.0,2.760130877758916,24.0,2.760130877758916,2.760130877758916,9.936471159932097,0.6017685615410442,2.16202833777995,0.0,2.760130877758916,9.936471159932097,0.25831931209967135,0.0,0.0,0.0,0.0,0.0,0.0,0.525108241037824,8.776760814386384e-05,0.31596338931790985,12.040447649414942,0.00334456879150415,0.038484819809230485,71691.67404770863,1783556677691674.0,1783556677768561.5
25.0,22.20990924007254,24288.0,115.89504537996373,-973.0,39.475226899818644,981.0,0.11589504537996373,-0.973,0.039475226899818645,0.981,0.9806739460851877,0.9806739460851877,9.617126153376304,-0.019326053914812347,-0.18952384662369448,1.1365421467754213,1.1179581,0.01858404677542116,-0.014195348387710792,-9.54187045,-9.5516771,0.009806649999999806,0.009806649999999806,0.3871197338771065,0.3829739766122893,0.004145757264817217,0.014195348387710645,0.11589504537996373,1.1365421467754213,-0.014195348387710792,-0.014195348387710792,0.008203879190682736,9.617126153376304,0.9806739460851877,43.661160784228535,-79.39463543154292,107.4,20.09826593895528,9.703668622437979,1.0,2.8667821530814033,25.0,2.8667821530814033,2.8667693985553013,10.320369834799084,0.5976851361398912,0.348944124845694,0.0,2.8667693985553013,10.320369834799084,0.25847240299279883,0.0,0.0,0.0,0.0,0.0,0.0,0.5394342756228818,8.955504413890544e-05,0.3223981589000596,12.464061239947375,0.003462239233318715,0.03756312206355648,72491.44799892158,1783556678491448.0,1783556678104954.5
26.0,22.811464690147435,24288.0,115.59426765492628,-973.0,37.971338274631414,981.0,0.1155942676549263,-0.973,0.037971338274631415,0.981,0.980581002862934,0.980581002862934,9.616214691725792,-0.019418997137065918,-0.1904353082742075,1.1335925248981829,1.1179581,0.015634424898182744,-0.012720537449091518,-9.54187045,-9.5516771,0.009806649999999806,0.009806649999999806,0.37237162449091415,0.38444878755090856,-0.012077163059994393,0.012720537449091419,0.1155942676549263,1.1335925248981829,-0.012720537449091518,-0.012720537449091518,0.008216314009310367,9.616214691725792,0.980581002862934,43.66116589744986,-79.39462520510027,107.4,20.921822595159547,10.268884107764261,1.0,3.0206690831762812,26.0,3.0206690831762812,3.0206197768781515,10.874231196761345,0.5967828029647788,1.3489441248456935,0.0,3.0206197768781515,10.874231196761345,0.3435045574169667,0.0,0.0,0.0,0.0,0.0,0.0,0.5540448543943008,9.183591782488808e-05,0.33060930416959705,12.568380772375306,0.0034912168812153625,0.036680256726647556,72670.41074531886,1783556678670410.8,1783556678405732.2
27.0,23.41302014022233,24288.0,115.29348992988884,-973.0,36.467449649444184,981.0,0.11529348992988885,-0.973,0.036467449649444185,0.981,0.9804880596406805,0.9804880596406805,9.615303230075279,-0.019511940359319493,-0.1913467699247205,1.1306429030209444,1.1179581,0.012684803020944326,-0.011245726510472242,-9.54187045,-9.5516771,0.009806649999999806,0.009806649999999806,0.3576235151047218,0.3859235984895278,-0.028300083384806003,0.011245726510472193,0.11529348992988885,1.1306429030209444,-0.011245726510472242,-0.011245726510472242,0.008228748827938,9.615303230075279,0.9804880596406805,43.66117101067119,-79.39461497865761,107.4,21.745379251363815,10.834099593090546,1.0,3.1745560132711597,27.0,3.1745560132711597,3.1744701552010013,11.428092558723604,0.5958804697896665,2.348944124845693,0.0,3.1744701552010013,11.428092558723604,0.4285367118411346,0.0,0.0,0.0,0.0,0.0,0.0,0.5686554331657199,9.411679151087071e-05,0.33882044943913453,12.672700304803238,0.00352019452911201,0.03579739138973863,72849.37349171615,1783556678849373.5,1783556678706510.0
28.0,24.05101643078122,24288.0,114.98542387691965,-972.9416955076786,35.043728369241045,980.9416955076786,0.11498542387691965,-0.9729416955076786,0.03504372836924105,0.9809416955076786,0.9803395074540778,0.9803395074540778,9.613846430774531,-0.01966049254592218,-0.19280356922546774,1.1276218070625943,1.1179581,0.009663707062594127,-0.009663707062594127,-9.541298678250376,-9.5516771,0.01037842174962341,0.009806649999999806,0.34366157881221776,0.387362675,-0.04370109618778226,0.009735178531297076,0.11498542387691965,1.1276218070625943,-0.009663707062594127,-0.009663707062594127,0.008418269035084726,9.613846430774531,0.9803395074540778,43.66117613118511,-79.39460475949397,107.39927119384599,22.56834971424837,11.400121201340868,1.0,3.324713402509898,28.0,3.324713402509898,3.3245927639870163,11.968533950353258,0.5950510164307812,3.324713402509898,-0.0007288061540174934,3.3245927639870163,11.968533950353258,0.507780645254363,0.0,0.0,-0.021921666975641043,0.0,0.0,0.0,0.5841510870708143,9.655786347398047e-05,0.34760830850632973,12.777795598130789,0.003549387666147441,0.03491420561710563,73028.38741304718,1783556679028387.5,1783556679007288.0
29.0,26.15653746656825,24288.0,114.38384643812336,-970.5353857524934,36.848460685629924,978.5353857524934,0.11438384643812337,-0.9705353857524934,0.03684846068562993,0.9785353857524934,0.9779515027698121,0.9779515027698121,9.590428104637578,-0.022048497230187872,-0.2162218953624219,1.1217223476724225,1.1179581,0.0037642476724224373,-0.0037642476724224373,-9.517700840689688,-9.5516771,0.03397625931031017,0.009806649999999806,0.3613599569827327,0.387362675,-0.026002718017267258,0.0067854488362112325,0.11438384643812337,1.1217223476724225,-0.0037642476724224373,-0.0037642476724224373,0.015739271014289326,9.590428104637578,0.9779515027698121,43.66118154538206,-79.39459483346623,107.36919232190617,23.36771333407594,11.998606532244466,1.0,3.3246768494017886,29.0,3.3246768494017886,3.3245927639870163,11.968533950353258,0.5971565374665683,3.3246768494017886,-0.030807678093834737,3.3245927639870163,11.968533950353258,0.3539246432220014,0.0,0.0,-0.9266602041474891,0.0,0.0,0.0,0.6352899819880096,0.00010545034909013722,0.379621256724494,12.914131891980032,0.0035872588588833415,0.03401811543974168,73209.46222212487,1783556679209462.2,1783556679308076.8
30.0,28.262058502355274,24288.0,113.78226899932706,-968.1290759973083,38.65319300201881,976.1290759973083,0.11378226899932707,-0.9681290759973082,0.03865319300201881,0.9761290759973082,0.9755634980855464,0.9755634980855464,9.567009778500625,-0.024436501914453568,-0.23964022149937605,1.1158228882822507,1.1179581,-0.002135211717749252,0.002135211717749252,-9.494103003129002,-9.5516771,0.057574096870996926,0.009806649999999806,0.3790583351532477,0.387362675,-0.00830433984675226,0.003835719141125388,0.11378226899932707,1.1158228882822507,0.002135211717749252,0.002135211717749252,0.023060272993493922,9.567009778500625,0.9755634980855464,43.661186959579005,-79.39458490743849,107.33911344996635,24.16707695390351,12.597091863148064,1.0,3.32464029629368,30.0,3.32464029629368,3.3245927639870163,11.968533950353258,0.5992620585023553,3.32464029629368,-0.060886550033651975,3.3245927639870163,11.968533950353258,0.20006864118963985,0.0,0.0,-1.831398741319337,0.0,0.0,0.0,0.6864288769052049,0.00011434283470629396,0.41163420494265823,13.050468185829274,0.003625130051619242,0.03312202526237774,73390.53703120255,1783556679390537.0,1783556679608865.5
31.0,30.3675795381423,24288.0,113.18069156053078,-965.722766242123,40.45792531840769,973.722766242123,0.11318069156053077,-0.965722766242123,0.04045792531840769,0.9737227662421231,0.9731754934012807,0.9731754934012807,9.54359145236367,-0.02682450659871926,-0.2630585476363302,1.1099234288920792,1.1179581,-0.008034671107920943,0.008034671107920943,-9.470505165568316,-9.5516771,0.08117193443168369,0.009806649999999806,0.3967567133237627,0.387362675,0.00939403832376274,0.0008859894460395423,0.11318069156053077,1.1099234288920792,0.008034671107920943,0.008034671107920943,0.03038127497269852,9.54359145236367,0.9731754934012807,43.661192373775954,-79.39457498141074,107.30903457802654,24.96644057373108,13.195577194051662,1.0,3.3246037431855706,31.0,3.3246037431855706,3.3245927639870163,11.968533950353258,0.6013675795381422,3.3246037431855706,-0.09096542197346921,3.3245927639870163,11.968533950353258,0.04621263915727836,0.0,0.0,-2.736137278491185,0.0,0.0,0.0,0.7375677718224003,0.00012323532032245072,0.44364715316082254,13.186804479678518,0.003663001244355143,0.03222593508501379,73571.61184028024,1783556679571611.8,1783556679909654.2
32.0,35.20383734595766,24288.0,113.16506777251765,-972.2330135545035,37.53397289099294,979.2330135545035,0.11316506777251764,-0.9722330135545035,0.03753397289099294,0.9792330135545035,0.9795188222530282,0.9795188222530282,9.60579825824766,-0.020481177746971807,-0.20085174175234105,1.1097702118713602,1.1179581,-0.00818788812863993,0.009806650000000028,-9.534348882374271,-9.5516771,0.01732821762572763,0.009806649999999806,0.3680825352514559,0.387362675,-0.0192801397485441,0.0,0.11316506777251764,1.1097702118713602,0.009806650000000028,0.009806650000000028,0.0,9.60579825824766,0.9795188222530282,43.66119796123043,-79.39456524260692,107.3,25.750726663283864,13.813214411348687,1.0,3.2495546594466296,32.0,3.2495546594466296,3.2930075903013494,11.854827325084857,0.596466027109007,0.6996370726729386,0.0,3.2930075903013494,11.854827325084857,-0.031585173685667114,0.0,0.0,0.0,0.0,0.0,0.0,0.8550308014586195,0.00014163684672120828,0.5098926481963498,13.86582233957678,0.003851617316549105,0.028977647896647706,74361.34210559311,1783556680361342.0,1783556680233013.5
33.0,31.20724716619531,24288.0,114.83031368075196,-972.5660627361503,36.867874527699215,979.5660627361503,0.11483031368075196,-0.9725660627361503,0.03686787452769921,0.9795660627361503,0.9800187768845977,0.9800187768845977,9.61070113833534,-0.019981223115402277,-0.19594886166465975,1.126100695657346,1.1179581,0.008142595657346055,0.009806650000000028,-9.537614979131469,-9.5516771,0.01406212086853049,0.009806649999999806,0.36155034173706146,0.387362675,-0.025812333262938504,0.0,0.11483031368075196,1.126100695657346,0.009806650000000028,0.009806650000000028,0.0,9.61070113833534,0.9800187768845977,43.66120362306652,-79.39455558418065,107.3,26.528539780910084,14.439073772505225,1.0,3.142301760091673,33.0,3.142301760091673,3.247862507344271,11.692305026439376,0.5971321254723008,1.6996370726729382,0.0,3.247862507344271,11.692305026439376,-0.07673025664274523,0.0,0.0,0.0,0.0,0.0,0.0,0.7579616191725516,0.00012568334685474804,0.452460048677093,13.99159164342543,0.0038865532342848407,0.028977647896647706,74560.50551621793,1783556680560505.5,1783556680566062.8
34.0,27.21065698643296,24288.0,116.49555958898627,-972.8991119177972,36.201776164405494,979.8991119177972,0.11649555958898627,-0.9728991119177972,0.036201776164405494,0.9798991119177972,0.9805187315161672,0.9805187315161672,9.61560401842302,-0.01948126848383275,-0.19104598157697844,1.1424311794433322,1.1179581,0.02447307944333204,0.009806650000000028,-9.540881075888667,-9.5516771,0.010796024111333352,0.009806649999999806,0.3550181482226671,0.387362675,-0.032344526777332905,0.0,0.11649555958898627,1.1424311794433322,0.009806650000000028,0.009806650000000028,0.0,9.61560401842302,0.9805187315161672,43.661209284902604,-79.39454592575439,107.3,27.3063528985363,15.06493313366176,1.0,3.0350488607367168,34.0,3.0350488607367168,3.2027174243871928,11.529782727793895,0.5977982238355944,2.699637072672938,0.0,3.2027174243871928,11.529782727793895,-0.12187533959982334,0.0,0.0,0.0,0.0,0.0,0.0,0.6608924368864837,0.00010972984698828782,0.39502744915783616,14.117360947274078,0.003921489152020576,0.028977647896647706,74759.66892684276,1783556680759669.0,1783556680899112.0
35.0,20.344244258841385,24288.0,116.78141475294713,-973.0,42.0,981.0,0.11678141475294714,-0.973,0.042,0.981,0.9808827999449324,0.9808827999449324,9.619174310079972,-0.019117200055067535,-0.18747568992002803,1.145234460986989,1.1179581,0.027276360986988817,0.009806650000000028,-9.54187045,-9.5516771,0.009806649999999806,0.009806649999999806,0.4118793,0.38629088049349447,0.025588419506505537,0.0,0.11678141475294714,1.145234460986989,0.009806650000000028,0.009806650000000028,0.0,9.619174310079972,0.9808827999449324,43.66121559029019,-79.39453709819833,107.3,28.01725431312536,15.761930677286715,1.0,3.0433218522841345,35.0,3.0433218522841345,3.1819413068027806,11.45498870449001,0.5986557557411586,0.6970775255958443,0.0,3.1819413068027806,11.45498870449001,-0.1130220521137901,-0.0035503286739366705,0.0035503286739366705,0.0,0.0,0.0,0.0,0.49412100455873964,8.215862406779693e-05,0.29577104664406895,14.517900745561183,0.004032750207100327,0.02849095035746838,75549.36973347877,1783556681549369.8,1783556681218585.2
36.0,19.403522865481172,24288.0,116.46784095516038,-973.0,42.0,981.0,0.1164678409551604,-0.973,0.042,0.981,0.9808455553400292,0.9808455553400292,9.618809065275297,-0.019154444659970796,-0.1878409347247026,1.1421593525029237,1.1179581,0.02420125250292349,0.009806650000000028,-9.54187045,-9.5516771,0.009806649999999806,0.009806649999999806,0.4118793,0.3847533262514618,0.0271259737485382,0.0,0.1164678409551604,1.1421593525029237,0.009806650000000028,0.009806650000000028,0.0,9.618809065275297,0.9808455553400292,43.661222175339944,-79.39452863170578,107.3,28.69907853341915,16.489842076927225,1.0,3.1017978520263414,36.0,3.1017978520263414,3.171754983062385,11.418317939024586,0.5995964771345188,1.6970775255958443,0.0,3.171754983062385,11.418317939024586,-0.08070319675646782,-0.008643490544134592,0.008643490544134592,0.0,0.0,0.0,0.0,0.4712727633568067,7.847751854081886e-05,0.2825190667469479,14.600291503335354,0.004055636528704264,0.02779275321108454,75737.8275859486,1783556681737827.5,1783556681532159.0
37.0,18.462801472120958,24288.0,116.15426715737365,-973.0,42.0,981.0,0.11615426715737366,-0.973,0.042,0.981,0.980808310735126,0.980808310735126,9.618443820470622,-0.019191689264874058,-0.18820617952937718,1.1390842440188582,1.1179581,0.021126144018858165,0.009806650000000028,-9.54187045,-9.5516771,0.009806649999999806,0.009806649999999806,0.4118793,0.38321577200942913,0.028663527990570863,0.0,0.11615426715737366,1.1390842440188582,0.009806650000000028,0.009806650000000028,0.0,9.618443820470622,0.980808310735126,43.6612287603897,-79.39452016521325,107.3,29.380902753712945,17.217753476567733,1.0,3.1602738517685482,37.0,3.1602738517685482,3.161568659321989,11.381647173559161,0.600537198527879,2.6970775255958443,0.0,3.161568659321989,11.381647173559161,-0.04838434139914555,-0.013736652414332515,0.013736652414332515,0.0,0.0,0.0,0.0,0.4484245221548738,7.479641301384077e-05,0.2692670868498268,14.682682261109523,0.0040785228503082,0.0270945560647007,75926.28543841843,1783556681926285.5,1783556681845732.8
38.0,18.482838268152918,24288.0,116.0,-973.1609460893843,41.35621564246278,981.1609460893843,0.116,-0.9731609460893843,0.04135621564246278,0.9811609460893843,0.9809234253814805,0.9809234253814805,9.619572709517294,-0.019076574618519554,-0.18707729048270477,1.1375714,1.1179581,0.019613299999999834,0.009806650000000028,-9.54344879196746,-9.5516771,0.008228308032539239,0.009806649999999806,0.4055659321301576,0.38245935,0.02310658213015762,0.0,0.116,1.1375714,0.009806650000000028,0.009806650000000028,0.0,9.619572709517294,0.9809234253814805,43.661235701760056,-79.39451229823995,107.31609460893843,30.014446445366254,17.985052556160156,1.0,3.1838136925833522,38.0,3.1838136925833522,3.1565573502821076,11.363606461015587,0.6001952695530784,3.1838136925833522,0.01609460893843192,3.1565573502821076,11.363606461015587,-0.027256342301244678,-0.0162423069342732,0.0162423069342732,0.509878552879564,0.0,0.0,0.0,0.448911175856898,7.48292126486123e-05,0.26938516553500425,14.772141361674977,0.0041033726004652705,0.026440059996367216,76114.92386927304,1783556682114923.8,1783556682160946.0
39.0,19.433240769071165,24288.0,116.0,-973.4777469230237,40.08901230790511,981.4777469230237,0.116,-0.9734777469230237,0.04008901230790511,0.9814777469230237,0.981186079568749,0.981186079568749,9.622148467202871,-0.018813920431250953,-0.18450153279712717,1.1375714,1.1179581,0.019613299999999834,0.009806650000000028,-9.54655554686267,-9.5516771,0.005121553137329313,0.009806649999999806,0.39313891254931765,0.38245935,0.010679562549317657,0.0,0.116,1.1375714,0.009806650000000028,0.009806650000000028,0.0,9.622148467202871,0.981186079568749,43.661242988179225,-79.39450501182077,107.34777469230238,30.601236907583854,18.790493331578748,1.0,3.1735225398293423,39.0,3.1735225398293423,3.1565573502821076,11.363606461015587,0.5986112653848814,3.1735225398293423,0.0477746923023763,3.1565573502821076,11.363606461015587,-0.01696518954723462,-0.0162423069342732,0.0162423069342732,1.5135062348259436,0.0,0.0,0.0,0.4719945517992005,7.845843231065208e-05,0.2824503563183475,14.868445206106262,0.00413012366836285,0.025827882572551697,76303.73716612214,1783556682303737.2,1783556682477747.0
40.0,20.383643269989417,24288.0,116.0,-973.7945477566632,38.821808973347444,981.7945477566632,0.116,-0.9737945477566631,0.038821808973347444,0.9817945477566631,0.9814487337560176,0.9814487337560176,9.62472422488845,-0.018551266243982355,-0.18192577511154953,1.1375714,1.1179581,0.019613299999999834,0.009806650000000028,-9.54966230175788,-9.5516771,0.002014798242119388,0.009806649999999806,0.3807118929684777,0.38245935,-0.00174745703152231,0.0,0.116,1.1375714,0.009806650000000028,0.009806650000000028,0.0,9.62472422488845,0.9814487337560176,43.6612502745984,-79.39449772540159,107.37945477566632,31.188027369801453,19.59593410699734,1.0,3.1632313870753324,40.0,3.1632313870753324,3.1565573502821076,11.363606461015587,0.5970272612166843,3.1632313870753324,0.07945477566632067,3.1565573502821076,11.363606461015587,-0.006674036793224564,-0.0162423069342732,0.0162423069342732,2.5171339167723232,0.0,0.0,0.0,0.495077927741503,8.208765197269185e-05,0.29551554710169065,14.964749050537549,0.004156874736260429,0.025215705148736178,76492.55046297124,1783556682492550.5,1783556682794547.8
41.0,22.095452469351567,24288.0,114.88693155866895,-974.0,38.77386311733789,981.886931558669,0.11488693155866896,-0.974,0.03877386311733789,0.9818869315586689,0.9815186789590924,0.9815186789590924,9.625410153014183,-0.01848132104090759,-0.18123984698581638,1.126655927369821,1.1179581,0.00869782736982084,0.004903325000000125,-9.5516771,-9.5516771,0.0,0.008697827369820645,0.3802417047396416,0.38245935,-0.002217645260358367,0.00869782736982084,0.11488693155866896,1.126655927369821,0.004903325000000125,0.004903325000000125,-0.007296835041795843,9.625410153014183,0.9815186789590924,43.661257261368824,-79.39448994715208,107.4,31.81442595026607,20.36825170964804,1.0,3.151128541876711,41.0,3.151128541876711,3.151128541876711,11.344062750756159,0.5962261368826621,0.35147821116308403,0.0,3.151128541876711,11.344062750756159,-0.005428808405396674,-0.0162423069342732,0.0162423069342732,0.0,0.0,0.0,0.0,0.5366543495756109,8.886899403782099e-05,0.3199283785361555,15.384777566538343,0.004273549324038428,0.026751067897579403,77278.61492791597,1783556683278615.0,1783556683113068.5
42.0,19.521900249271756,24288.0,114.56523753115897,-974.0,38.13047506231794,981.5652375311589,0.11456523753115898,-0.974,0.03813047506231794,0.981565237531159,0.9814562375576588,0.9814562375576588,9.624797812044813,-0.018543762442341294,-0.18185218795518623,1.1235011866349403,1.1179581,0.005543086634940123,0.004903325000000125,-9.5516771,-9.5516771,0.0,0.005543086634939997,0.3739322232698802,0.38245935,-0.008527126730119785,0.005543086634940123,0.11456523753115898,1.1235011866349403,0.004903325000000125,0.004903325000000125,-0.004650240465553689,9.624797812044813,0.9814562375576588,43.661263695249374,-79.39448126141333,107.4,32.51390652239388,21.079452865892836,1.0,3.135682894798242,42.0,3.135682894798242,3.135682894798242,11.28845842127367,0.5968695249376821,1.3514782111630852,0.0,3.135682894798242,11.28845842127367,-0.020874455483865902,-0.0162423069342732,0.0162423069342732,0.0,0.0,0.0,0.0,0.4741479132543124,7.858581711801848e-05,0.2829089416248665,15.4548629082636,0.004293017474517666,0.026751067897579403,77470.98795636694,1783556683470988.0,1783556683434762.5
43.0,16.948348029191944,24288.0,114.243543503649,-974.0,37.48708700729799,981.243543503649,0.114243543503649,-0.974,0.037487087007297984,0.981243543503649,0.981393796156225,0.981393796156225,9.624185471075442,-0.018606203843775,-0.18246452892455609,1.1203464459000594,1.1179581,0.0023883459000594055,0.004903325000000125,-9.5516771,-9.5516771,0.0,0.00238834590005935,0.3676227418001188,0.38245935,-0.014836608199881205,0.0023883459000594055,0.114243543503649,1.1203464459000594,0.004903325000000125,0.004903325000000125,-0.002003645889311536,9.624185471075442,0.981393796156225,43.66127012912993,-79.3944725756746,107.4,33.2133870945217,21.790654022137637,1.0,3.1202372477197726,43.0,3.1202372477197726,3.1202372477197726,11.23285409179118,0.597512912992702,2.3514782111630863,0.0,3.1202372477197726,11.23285409179118,-0.03632010256233513,-0.0162423069342732,0.0162423069342732,0.0,0.0,0.0,0.0,0.41164147693301395,6.830264019821597e-05,0.2458895047135775,15.524948249988856,0.004312485624996904,0.026751067897579403,77663.3609848179,1783556683663361.0,1783556683756456.5
44.0,21.16205427088863,24288.0,114.91897286455568,-974.9189728645557,39.918972864555684,982.8379457291114,0.11491897286455569,-0.9749189728645556,0.03991897286455569,0.9828379457291113,0.9824800371604685,0.9824800371604685,9.634837856419708,-0.017519962839531472,-0.17181214358029132,1.1269701452421952,1.1183554023789026,0.008614742863292554,0.004506022621097621,-9.560689145242193,-9.5516771,-0.009012045242194835,0.0,0.39147139524219504,0.38245935,0.00901204524219504,0.009806650000000028,0.11491897286455569,1.1269701452421952,0.004506022621097621,0.004506022621097621,-0.0006610688500873597,9.634837856419708,0.9824800371604685,43.66127629643417,-79.39446356918593,107.4,33.93869832344303,22.47238783296436,1.0,3.099601805276746,44.0,3.099601805276746,3.099756215234685,11.159122374844864,0.6028379457291113,0.24293433255785138,0.0,3.099756215234685,11.159122374844864,-0.05291074097470914,-0.0162423069342732,0.0162423069342732,0.0,0.0,0.0,0.0,0.5139839741313431,8.606716916560526e-05,0.30984180899617897,15.912769885208775,0.004420213857002437,0.026755514557876378,78460.69730840203,1783556684460697.2,1783556684081027.2
45.0,21.82912454120556,24288.0,114.58543772939723,-974.5854377293972,39.58543772939722,982.1708754587944,0.11458543772939722,-0.9745854377293972,0.039585437729397224,0.9821708754587944,0.9820967429116291,0.9820967429116291,9.631079023874326,-0.017903257088370924,-0.1755709761256727,1.1236992829089933,1.1199908335455033,0.0037084493634899395,0.0028705914544967007,-9.557418282908992,-9.5516771,-0.005741182908993141,0.0,0.38820053290899326,0.38245935,0.005741182908993271,0.009806650000000028,0.11458543772939722,1.1236992829089933,0.0028705914544967007,0.0028705914544967007,-0.003382252155579741,9.631079023874326,0.9820967429116291,43.66128163299633,-79.39445356313188,107.4,34.744506628343494,23.06229141423151,1.0,3.06279320258013,45.0,3.06279320258013,3.0635832162269887,11.028899578417159,0.6021708754587944,1.242934332557851,0.0,3.0635832162269887,11.028899578417159,-0.07306956021723268,-0.0162423069342732,0.0162423069342732,0.0,0.0,0.0,0.0,0.5301857768568007,8.867745960470676e-05,0.31923885457694434,16.024748644745774,0.004451319067984937,0.02677381851784019,78661.15192463227,1783556684661152.0,1783556684414562.2
46.0,22.49619481152249,24288.0,114.25190259423876,-974.2519025942388,39.25190259423876,981.5038051884775,0.11425190259423876,-0.9742519025942388,0.039251902594238754,0.9815038051884775,0.9817134486627896,0.9817134486627896,9.627320191328945,-0.018286551337210376,-0.17932980867105414,1.1204284205757915,1.1216262647121042,-0.0011978441363126764,0.0012351602878957796,-9.554147420575791,-9.5516771,-0.0024703205757914473,0.0,0.38492967057579147,0.38245935,0.0024703205757915037,0.009806650000000028,0.11425190259423876,1.1204284205757915,0.0012351602878957796,0.0012351602878957796,-0.006103435461072122,9.627320191328945,0.9817134486627896,43.66128696955849,-79.39444355707782,107.4,35.55031493324395,23.652194995498665,1.0,3.025984599883514,46.0,3.025984599883514,3.027410217219292,10.898676781989453,0.6015038051884775,2.2429343325578506,0.0,3.027410217219292,10.898676781989453,-0.0932283794597562,-0.0162423069342732,0.0162423069342732,0.0,0.0,0.0,0.0,0.5463875795822583,9.128775004380827e-05,0.32863590015770977,16.136727404282777,0.0044824242789674364,0.026792122477804003,78861.60654086251,1783556684861606.5,1783556684748097.5
47.0,22.75525793619946,24288.0,114.08158068793351,-973.9184193120665,39.08158068793352,981.0,0.11408158068793352,-0.9739184193120665,0.03908158068793351,0.981,0.981355815678902,0.981355815678902,9.623813009827504,-0.01864418432109801,-0.1828369901724958,1.1187581332533232,1.122861425,-0.004103291746676709,0.0,-9.550877066746676,-9.5516771,0.0008000332533231757,0.0,0.38325938325332315,0.38245935,0.0008000332533231938,0.009806650000000028,0.11408158068793352,1.1187581332533232,0.0,0.0,-0.007493025579598201,9.623813009827504,0.981355815678902,43.66129222371032,-79.39443347099868,107.4,36.362567825425316,24.232988938343013,1.0,2.998340347295236,47.0,2.998340347295236,3.0000905398272675,10.800325943378164,0.6005920965603324,2.998340347295236,0.0,3.0000905398272675,10.800325943378164,-0.09960564079177478,-0.014917248360947911,0.014917248360947911,0.0,0.0,0.0,0.0,0.5526797047544125,9.22117664951525e-05,0.331962359382549,16.244918090442464,0.004512477247345128,0.02688110111800322,79061.62209000837,1783556685061622.0,1783556685081580.8
48.0,21.75528811523108,24288.0,114.41490396158964,-973.5850960384104,39.41490396158964,981.0,0.11441490396158964,-0.9735850960384104,0.03941490396158964,0.981,0.9810773685091515,0.9810773685091515,9.62108237589027,-0.018922631490848493,-0.18556762410972938,1.1220269179349232,1.122861425,-0.000834507065076851,0.0,-9.547608282065076,-9.5516771,0.00406881793492296,0.0,0.386528167934923,0.38245935,0.004068817934923052,0.009806650000000028,0.11441490396158964,1.1220269179349232,0.0,0.0,-0.004773570769614897,9.62108237589027,0.9810773685091515,43.66129722355942,-79.3944231379772,107.4,37.19470749604783,24.785672258567665,1.0,2.998975547248722,48.0,2.998975547248722,3.0000905398272675,10.800325943378164,0.5989254801920518,2.998975547248722,0.0,3.0000905398272675,10.800325943378164,-0.06345561887136567,-0.009503309441888371,0.009503309441888371,0.0,0.0,0.0,0.0,0.5283924377427325,8.793226009485369e-05,0.3165561363414733,16.341419498035542,0.00453928319389876,0.02718816846520229,79260.28276110743,1783556685260282.8,1783556685414904.0
49.0,20.7553182942627,24288.0,114.74822723524576,-973.2517727647543,39.748227235245764,981.0,0.11474822723524578,-0.9732517727647542,0.039748227235245764,0.981,0.980798921339401,0.980798921339401,9.618351741953036,-0.019201078660598978,-0.18829825804696296,1.125295702616523,1.122861425,0.0024342776165230074,0.0,-9.544339497383476,-9.5516771,0.007337602616522744,0.0,0.38979695261652286,0.38245935,0.00733760261652291,0.009806650000000028,0.11474822723524578,1.125295702616523,0.0,0.0,-0.0020541159596315917,9.618351741953036,0.980798921339401,43.66130222340853,-79.3944128049557,107.4,38.02684716667035,25.338355578792317,1.0,2.9996107472022078,49.0,2.9996107472022078,3.0000905398272675,10.800325943378164,0.5972588638237711,2.9996107472022078,0.0,3.0000905398272675,10.800325943378164,-0.027305596950956537,-0.004089370522828831,0.004089370522828831,0.0,0.0,0.0,0.0,0.5041051707310525,8.365275369455489e-05,0.30114991330039764,16.437920905628616,0.004566089140452392,0.02749523581240136,79458.94343220648,1783556685458943.5,1783556685748227.2
50.0,23.0,24288.0,114.92496775814413,-973.9249677581441,40.0,981.9249677581441,0.11492496775814415,-0.9739249677581441,0.04,0.9819249677581441,0.9814976538323802,0.9814976538323802,9.62520396695531,-0.018502346167619817,-0.18144603304468887,1.1270289350654044,1.12776475,-0.0007358149345957922,0.0,-9.550941285065404,-9.5516771,0.0007358149345957756,0.0,0.392266,0.38245935,0.009806650000000028,0.009806650000000028,0.11492496775814415,1.1270289350654044,0.0,0.0,0.0,9.62520396695531,0.9814976538323802,43.66130735058036,-79.39440259896827,107.4,38.84875652268679,25.90511315240594,1.0,3.0196459311281294,50.0,3.0196459311281294,3.012484340314394,10.84494362513182,0.5983001289674235,0.2446589102746655,0.0,3.012484340314394,10.84494362513182,0.012393800487126672,0.0,0.0,0.0,0.0,0.0,0.0,0.558624,9.284022534563831e-05,0.3342248112442979,16.87010225226684,0.0046861395145185655,0.02864840624047557,80252.16940959723,1783556686252169.5,1783556686075032.2
51.0,23.0,24288.0,114.61828674754196,-973.618286747542,40.0,981.618286747542,0.11461828674754196,-0.9736182867475419,0.04,0.9816182867475419,0.9811575315301309,0.9811575315301309,9.621868506579958,-0.018842468469869134,-0.18478149342004213,1.1240214217327824,1.12776475,-0.0037433282672176514,0.0,-9.547933771732781,-9.5516771,0.003743328267217567,0.0,0.392266,0.38245935,0.009806650000000028,0.009806650000000028,0.11461828674754196,1.1240214217327824,0.0,0.0,0.0,9.621868506579958,0.9811575315301309,43.66131287083854,-79.39439278517592,107.4,39.63908159275136,26.51532249272594,1.0,3.099575132475868,51.0,3.099575132475868,3.0631418065526472,11.027310503589531,0.5995268530098321,1.2446589102746648,0.0,3.0631418065526472,11.027310503589531,0.06305126672537978,0.0,0.0,0.0,0.0,0.0,0.0,0.558624,9.303058020437902e-05,0.33491008873576444,16.97323651473255,0.004714787920759041,0.02864840624047557,80436.79137797974,1783556686436791.5,1783556686381713.2
52.0,23.0,24288.0,114.31160573693978,-973.3116057369398,40.0,981.3116057369398,0.11431160573693978,-0.9733116057369398,0.04,0.9813116057369398,0.9808174092278815,0.9808174092278815,9.618533046204604,-0.01918259077211845,-0.1881169537953954,1.1210139084001607,1.12776475,-0.00675084159983951,0.0,-9.54492625840016,-9.5516771,0.0067508415998393575,0.0,0.392266,0.38245935,0.009806650000000028,0.009806650000000028,0.11431160573693978,1.1210139084001607,0.0,0.0,0.0,9.618533046204604,0.9808174092278815,43.661318391096735,-79.39438297138358,107.4,40.429406662815936,27.12553183304594,1.0,3.1795043338236066,52.0,3.1795043338236066,3.1137992727909003,11.209677382047243,0.6007535770522409,2.244658910274664,0.0,3.1137992727909003,11.209677382047243,0.11370873296363287,0.0,0.0,0.0,0.0,0.0,0.0,0.558624,9.322093506311973e-05,0.335595366227231,17.076370777198264,0.004743436326999516,0.02864840624047557,80621.41334636226,1783556686621413.2,1783556686688394.2
53.0,23.0,24288.0,114.0049247263376,-973.0049247263375,40.0,981.0049247263375,0.11400492472633761,-0.9730049247263376,0.04,0.9810049247263376,0.9804772869256322,0.9804772869256322,9.61519758582925,-0.019522713074367763,-0.19145241417074862,1.1180063950675387,1.12776475,-0.009758354932461369,0.0,-9.541918745067537,-9.5516771,0.009758354932461149,0.0,0.392266,0.38245935,0.009806650000000028,0.009806650000000028,0.11400492472633761,1.1180063950675387,0.0,0.0,0.0,9.61519758582925,0.9804772869256322,43.66132391135493,-79.39437315759125,107.4,41.219731732880504,27.73574117336594,1.0,3.259433535171345,53.0,3.259433535171345,3.1644567390291534,11.392044260504953,0.6019803010946496,3.244658910274663,0.0,3.1644567390291534,11.392044260504953,0.16436619920188597,0.0,0.0,0.0,0.0,0.0,0.0,0.558624,9.341128992186042e-05,0.33628064371869754,17.179505039663976,0.004772084733239992,0.02864840624047557,80806.03531474476,1783556686806035.2,1783556686995075.2
54.0,26.0,24288.0,114.31085556605134,-974.0,39.621711132102675,981.3108555660514,0.11431085556605135,-0.974,0.03962171113210268,0.9813108555660514,0.9814855650507764,0.9814855650507764,9.625085416505197,-0.018514434949223536,-0.18156458349480298,1.1210065517368175,1.12776475,-0.006758198263182657,0.0,-9.5516771,-9.5516771,0.0,0.0,0.3885562534736347,0.38245935,0.006096903473634725,0.009806650000000028,0.11431085556605135,1.1210065517368175,0.0,0.0,0.0,9.625085416505197,0.9814855650507764,43.66133021711132,-79.39436429604415,107.4,41.933370516295405,28.43277948525315,1.0,3.2310468661478886,54.0,3.2310468661478886,3.19494038692958,11.501785392946488,0.5983108555660513,0.9839418608673108,0.0,3.19494038692958,11.501785392946488,0.14350282919827348,0.0,0.0,0.0,0.0,0.0,0.0,0.6314879999999999,0.00010495170154435961,0.3778261255596946,17.676375642257078,0.00491010434507141,0.0284488719498976,81593.20248406475,1783556687593202.5,1783556687310855.5
55.0,26.0,24288.0,114.62678436064225,-974.0,40.25356872128448,981.6267843606422,0.11462678436064225,-0.974,0.04025356872128448,0.9816267843606422,0.9815481699491404,0.9815481699491404,9.625699360831737,-0.01845183005085962,-0.18095063916826248,1.1241047548502923,1.12776475,-0.0036599951497077775,0.0,-9.5516771,-9.5516771,0.0,0.0,0.39475265970058443,0.38245935,0.012293309700584466,0.009806650000000028,0.11462678436064225,1.1241047548502923,0.0,0.0,0.0,9.625699360831737,0.9815481699491404,43.66133653568721,-79.3943554500379,107.4,42.645757763303976,29.131234864308272,1.0,3.2008924592266204,55.0,3.2008924592266204,3.225094793850848,11.610341257863054,0.5986267843606422,1.9839418608673103,0.0,3.225094793850848,11.610341257863054,0.12147222403074005,0.0,0.0,0.0,0.0,0.0,0.0,0.6314879999999999,0.00010500711966731479,0.3780256308023332,17.79587928259761,0.0049432998007215585,0.028246081217524355,81782.4438320247,1783556687782443.8,1783556687626784.2
56.0,26.0,24288.0,114.94271315523315,-974.0,40.885426310466286,981.9427131552332,0.11494271315523315,-0.974,0.04088542631046629,0.9819427131552332,0.9816107748475043,0.9816107748475043,9.626313305158277,-0.018389225152495702,-0.18033669484172196,1.1272029579637672,1.12776475,-0.0005617920362328971,0.0,-9.5516771,-9.5516771,0.0,0.0,0.4009490659275342,0.38245935,0.01848971592753421,0.009806650000000028,0.11494271315523315,1.1272029579637672,0.0,0.0,0.0,9.626313305158277,0.9816107748475043,43.661342854263104,-79.39434660403165,107.4,43.35814501031254,29.829690243363398,1.0,3.170738052305352,56.0,3.170738052305352,3.2552492007721163,11.718897122779621,0.5989427131552332,2.9839418608673096,0.0,3.2552492007721163,11.718897122779621,0.09944161886320663,0.0,0.0,0.0,0.0,0.0,0.0,0.6314879999999999,0.00010506253779026996,0.3782251360449718,17.915382922938143,0.004976495256371706,0.02804329048515111,81971.68517998465,1783556687971685.2,1783556687942713.2
57.0,26.0,24288.0,115.0,-974.0,40.78105655271573,982.0,0.115,-0.974,0.04078105655271574,0.982,0.9816130934791274,0.9816130934791274,9.626336043167084,-0.018386906520872607,-0.18031395683291532,1.12776475,1.12776475,0.0,0.0,-9.5516771,-9.5516771,0.0,0.0,0.3999255482426897,0.38245935,0.017466198242689763,0.009806650000000028,0.115,1.12776475,0.0,0.0,0.0,9.626336043167084,0.9816130934791274,43.66135056830342,-79.39434040218761,107.4,43.85759238611579,30.68240025971175,1.0,3.290926690889605,57.0,3.290926690889605,3.3654760751887203,12.115713870679393,0.5985621131054314,3.290926690889605,0.0,3.3654760751887203,12.115713870679393,0.17930841008048357,0.0,0.0,0.0,0.0,0.0,0.0,0.6314879999999999,0.00010499577546686742,0.3779847916807227,18.01959363530427,0.005005442676473407,0.028076787304646876,82136.7092380287,1783556688136709.2,1783556688218943.5
58.0,26.0,24288.0,115.0,-974.0,40.51361911872194,982.0,0.115,-0.974,0.04051361911872194,0.982,0.9816020592497521,0.9816020592497521,9.62622783434158,-0.018397940750247907,-0.18042216565841862,1.12776475,1.12776475,0.0,0.0,-9.5516771,-9.5516771,0.0,0.0,0.3973028829306145,0.38245935,0.014843532930614516,0.009806650000000028,0.115,1.12776475,0.0,0.0,0.0,9.62622783434158,0.9816020592497521,43.66135859142644,-79.3943347860015,107.4,44.30987551282986,31.569276278393424,1.0,3.44441494972305,58.0,3.44441494972305,3.4934382745153973,12.576377788255432,0.5980272382374439,3.44441494972305,0.0,3.4934382745153973,12.576377788255432,0.28174454990039316,0.0,0.0,0.0,0.0,0.0,0.0,0.6314879999999999,0.00010490195128335748,0.3776470246200869,18.12041710290404,0.005033449195251121,0.028162619672623734,82296.369386123,1783556688296369.5,1783556688486381.0
59.0,26.0,24288.0,115.0,-974.0,40.24618168472814,982.0,0.115,-0.974,0.04024618168472814,0.982,0.9815910250203768,0.9815910250203768,9.626119625516077,-0.018408974979623207,-0.1805303744839219,1.12776475,1.12776475,0.0,0.0,-9.5516771,-9.5516771,0.0,0.0,0.3946802176185392,0.38245935,0.012220867618539268,0.009806650000000028,0.115,1.12776475,0.0,0.0,0.0,9.626119625516077,0.9815910250203768,43.66136661454946,-79.39432916981538,107.4,44.762158639543934,32.4561522970751,1.0,3.5979032085564953,59.0,3.5979032085564953,3.621400473842075,13.03704170583147,0.5974923633694562,3.5979032085564953,0.0,3.621400473842075,13.03704170583147,0.3841806897203028,0.0,0.0,0.0,0.0,0.0,0.0,0.6314879999999999,0.00010480812709984755,0.37730925755945116,18.22124057050381,0.0050614557140288355,0.028248452040600593,82456.0295342173,1783556688456029.5,1783556688753818.2
60.0,25.049320003945144,24288.0,114.02466000197258,-974.0,39.97533999802743,981.9876699990137,0.11402466000197257,-0.974,0.03997533999802743,0.9819876699990137,0.9814661216915529,0.9814661216915529,9.624894742286466,-0.018533878308447074,-0.18175525771353246,1.1181999320083444,1.12776475,-0.009564817991655712,0.0,-9.5516771,-9.5516771,0.0,0.0,0.3920241679916557,0.38245935,0.009564817991655709,0.009806650000000028,0.11402466000197257,1.1181999320083444,0.0,0.0,0.0,9.624894742286466,0.9814661216915529,43.66137449320004,-79.39432328485994,107.4,45.236086317748,33.32705833239524,1.0,3.7725674121700283,60.0,3.7725674121700283,3.7391923227292083,13.46109236182515,0.6019383499950686,0.07947933446798318,0.0,3.7391923227292083,13.46109236182515,0.4725756727298848,0.0,0.0,0.0,0.0,0.0,0.0,0.6083978842558198,0.00010172558417159167,0.36621210301773,18.684769798530247,0.005190213832925068,0.028704471364181524,83212.36101058881,1783556689212361.0,1783556689012330.0
61.0,25.669858717250683,24288.0,114.33492935862535,-974.0,39.665070641374655,981.8325353206874,0.11433492935862534,-0.974,0.03966507064137466,0.9818325353206873,0.9814901456046592,0.9814901456046592,9.62513033639393,-0.01850985439534085,-0.18151966360606933,1.1212426349947633,1.12776475,-0.006522115005236846,0.0,-9.5516771,-9.5516771,0.0,0.0,0.3889814650052368,0.38245935,0.006522115005236808,0.009806650000000028,0.11433492935862534,1.1212426349947633,0.0,0.0,0.0,9.62513033639393,0.9814901456046592,43.66138069858717,-79.3943142870486,107.4,45.960698744082855,34.01300182605722,1.0,4.192489013982944,61.0,4.192489013982944,3.7391923227292083,13.46109236182515,0.6011626766034366,1.0794793344679834,0.0,3.7391923227292083,13.46109236182515,0.39834756511596936,0.0,0.0,0.0,0.0,0.0,0.0,0.6234695285245847,0.00010409413493410661,0.3747388857627838,18.750003642836532,0.005208334345232369,0.029409876411685253,83304.97641354967,1783556689304976.5,1783556689167464.8
62.0,26.290397430556226,24288.0,114.64519871527811,-974.0,39.35480128472189,981.6774006423609,0.11464519871527812,-0.974,0.03935480128472189,0.981677400642361,0.9815141695177654,0.9815141695177654,9.625365930501394,-0.01848583048223463,-0.18128406949860618,1.1242853379811821,1.12776475,-0.0034794120188179787,0.0,-9.5516771,-9.5516771,0.0,0.0,0.3859387620188179,0.38245935,0.0034794120188179076,0.009806650000000028,0.11464519871527812,1.1242853379811821,0.0,0.0,0.0,9.625365930501394,0.9815141695177654,43.661386903974304,-79.39430528923725,107.4,46.68531117041771,34.69894531971919,1.0,4.612410615795858,62.0,4.612410615795858,3.7391923227292083,13.46109236182515,0.6003870032118047,2.0794793344679836,0.0,3.7391923227292083,13.46109236182515,0.32411945750205384,0.0,0.0,0.0,0.0,0.0,0.0,0.6385411727933497,0.00010646268569662155,0.38326566850783755,18.815237487142813,0.00522645485753967,0.030115281459188983,83397.59181651051,1783556689397591.8,1783556689322599.2
63.0,26.910936143861765,24288.0,114.95546807193088,-974.0,39.04453192806912,981.5222659640345,0.11495546807193088,-0.974,0.039044531928069115,0.9815222659640346,0.9815381934308716,0.9815381934308716,9.625601524608856,-0.018461806569128405,-0.18104847539114305,1.127328040967601,1.12776475,-0.0004367090323991133,0.0,-9.5516771,-9.5516771,0.0,0.0,0.382896059032399,0.38245935,0.0004367090323990075,0.009806650000000028,0.11495546807193088,1.127328040967601,0.0,0.0,0.0,9.625601524608856,0.9815381934308716,43.66139310936144,-79.39429629142592,107.4,47.40992359675258,35.384888813381174,1.0,5.032332217608774,63.0,5.032332217608774,3.7391923227292083,13.46109236182515,0.5996113298201727,3.079479334467984,0.0,3.7391923227292083,13.46109236182515,0.24989134988813833,0.0,0.0,0.0,0.0,0.0,0.0,0.6536128170621146,0.0001088312364591365,0.39179245125289136,18.880471331449094,0.00524457536984697,0.030820686506692715,83490.20721947137,1783556689490207.2,1783556689477734.0
64.0,27.531474857167307,24288.0,115.26573742858365,-974.0,38.734262571416345,981.3671312857082,0.11526573742858366,-0.974,0.03873426257141634,0.9813671312857082,0.9815622173439779,0.9815622173439779,9.62583711871632,-0.01843778265602218,-0.18081288128367992,1.1303707439540198,1.12776475,0.002605993954019753,0.0,-9.5516771,-9.5516771,0.0,0.0,0.3798533560459801,0.38245935,-0.0026059939540198935,0.009806650000000028,0.11526573742858366,1.1303707439540198,0.0,0.0,0.0,9.62583711871632,0.9815622173439779,43.66139931474857,-79.39428729361457,107.4,48.134536023087435,36.07083230704315,1.0,5.452253819421689,64.0,5.452253819421689,3.7391923227292083,13.46109236182515,0.5988356564285409,4.079479334467984,0.0,3.7391923227292083,13.46109236182515,0.1756632422742228,0.0,0.0,0.0,0.0,0.0,0.0,0.6686844613308797,0.00011119978722165142,0.4003192339979451,18.945705175755375,0.005262695882154271,0.031526091554196445,83582.82262243221,1783556689582822.5,1783556689632868.8
65.0,28.152013570472846,24288.0,115.57600678523643,-974.0,38.42399321476358,981.2119966073818,0.11557600678523643,-0.974,0.03842399321476358,0.9812119966073818,0.981586241257084,0.981586241257084,9.626072712823783,-0.01841375874291596,-0.18057728717621677,1.1334134469404387,1.12776475,0.005648696940438619,0.0,-9.5516771,-9.5516771,0.0,0.0,0.3768106530595612,0.38245935,-0.0056486969404387945,0.009806650000000028,0.11557600678523643,1.1334134469404387,0.0,0.0,0.0,9.626072712823783,0.981586241257084,43.66140552013571,-79.39427829580323,107.4,48.85914844942229,36.75677580070513,1.0,5.872175421234605,65.0,5.872175421234605,3.7391923227292083,13.46109236182515,0.5980599830369089,5.079479334467984,0.0,3.7391923227292083,13.46109236182515,0.10143513466030735,0.0,0.0,0.0,0.0,0.0,0.0,0.6837561055996446,0.00011356833798416636,0.4088460167429989,19.01093902006166,0.005280816394461572,0.032231496601700174,83675.43802539307,1783556689675438.0,1783556689788003.5
66.0,28.77255228377839,24288.0,115.8862761418892,-974.0,38.1137238581108,981.0568619290555,0.1158862761418892,-0.974,0.03811372385811081,0.9810568619290554,0.9816102651701902,0.9816102651701902,9.626308306931245,-0.018389734829809736,-0.18034169306875364,1.1364561499268575,1.12776475,0.008691399926857486,0.0,-9.5516771,-9.5516771,0.0,0.0,0.3737679500731423,0.38245935,-0.008691399926857694,0.009806650000000028,0.1158862761418892,1.1364561499268575,0.0,0.0,0.0,9.626308306931245,0.9816102651701902,43.66141172552284,-79.39426929799188,107.4,49.58376087575715,37.4427192943671,1.0,6.2920970230475195,66.0,6.2920970230475195,3.7391923227292083,13.46109236182515,0.597284309645277,6.079479334467985,0.0,3.7391923227292083,13.46109236182515,0.02720702704639183,0.0,0.0,0.0,0.0,0.0,0.0,0.6988277498684096,0.0001159368887466813,0.4173727994880527,19.07617286436794,0.005298936906768872,0.032936901649203904,83768.05342835393,1783556689768053.5,1783556689943138.0
67.0,31.40677130809218,24288.0,115.0,-973.8022571026974,38.0,981.8022571026974,0.115,-0.9738022571026974,0.038,0.9818022571026974,0.9813051708599103,0.9813051708599103,9.623316353813339,-0.018694829140089655,-0.1833336461866602,1.12776475,1.12776475,0.0,-0.009806650000000028,-9.549737904616167,-9.5516771,0.0019391953838325735,0.0,0.37265269999999995,0.38245935,-0.009806650000000028,0.0,0.115,1.12776475,-0.009806650000000028,-0.009806650000000028,-0.013134314885087496,9.623316353813339,0.9813051708599103,43.66141696614346,-79.3942592767415,107.41977428973027,50.39079297346066,38.022017497835165,1.0,5.804826243128994,67.0,5.804826243128994,3.730628712745563,13.430263365884025,0.599,0.6334673222722541,0.019774289730259586,3.730628712745563,13.430263365884025,-0.008563609983645557,0.0,0.0,0.6172734103057911,0.0,0.0,0.0,0.7628076615309428,0.00012692271923806523,0.45692178925703475,19.649064666515326,0.0054580735184764795,0.033865508930839346,84519.44799548427,1783556690519448.0,1783556690197743.0
68.0,30.470292548967077,24288.0,115.0,-973.4900975163224,38.0,981.4900975163224,0.115,-0.9734900975163223,0.038,0.9814900975163223,0.9809953994649948,0.9809953994649948,9.62027853416339,-0.019004600535005224,-0.186371465836609,1.12776475,1.12776475,0.0,-0.009806650000000028,-9.546676664808443,-9.5516771,0.005000435191557244,0.0,0.37265269999999995,0.38245935,-0.009806650000000028,0.0,0.115,1.12776475,-0.009806650000000028,-0.009806650000000028,-0.00802373089890262,9.62027853416339,0.9809953994649948,43.66142164853726,-79.39424866331555,107.45099024836777,51.24551419699916,38.53960930792272,1.0,4.792641799633473,68.0,4.792641799633473,3.717110083318984,13.381596299948344,0.599,1.6334673222722562,0.050990248367761254,3.717110083318984,13.381596299948344,-0.02208223941022405,0.0,0.0,1.5917094839640595,0.0,0.0,0.0,0.7400624654293124,0.00012313817133115503,0.4432974167921581,19.7807669336758,0.005494657481576611,0.03492326401485496,84706.43158772291,1783556690706431.5,1783556690509902.5
69.0,29.53381378984197,24288.0,115.0,-973.1779379299473,38.0,981.1779379299473,0.115,-0.9731779379299473,0.038,0.9811779379299473,0.9806856280700792,0.9806856280700792,9.617240714513441,-0.019314371929920793,-0.18940928548655775,1.12776475,1.12776475,0.0,-0.009806650000000028,-9.543615425000716,-9.5516771,0.008061674999281915,0.0,0.37265269999999995,0.38245935,-0.009806650000000028,0.0,0.115,1.12776475,-0.009806650000000028,-0.009806650000000028,-0.0029131469127177453,9.617240714513441,0.9806856280700792,43.66142633093105,-79.39423804988962,107.48220620700526,52.10023542053765,39.05720111801027,1.0,3.780457356137952,69.0,3.780457356137952,3.7035914538924057,13.332929234012662,0.599,2.633467322272258,0.08220620700526292,3.7035914538924057,13.332929234012662,-0.03560086883680254,0.0,0.0,2.566145557622328,0.0,0.0,0.0,0.7173172693276819,0.00011935362342424485,0.4296730443272815,19.912469200836274,0.005531241444676743,0.03598101909887057,84893.41517996155,1783556690893415.2,1783556690822062.0
70.0,30.51241424002838,24288.0,115.34901867077578,-973.1163395569253,38.930716455402084,981.1163395569253,0.11534901867077578,-0.9731163395569252,0.03893071645540208,0.9811163395569252,0.9807057259180436,0.9807057259180436,9.61743780707418,-0.01929427408195644,-0.1892121929258181,1.1311874539477633,1.12776475,0.003422703947763291,-0.008665748684078923,-9.54301135131592,-9.5516771,0.008665748684078725,0.0,0.38177991052736876,0.38245935,-0.0006794394726312089,0.0,0.11534901867077578,1.1311874539477633,-0.008665748684078923,-0.008665748684078923,0.0018889094634455396,9.61743780707418,0.9807057259180436,43.661430745093355,-79.39422723007817,107.5,52.97157729804373,39.54514261900883,1.0,3.2607747573049046,70.0,3.2607747573049046,3.695885533456567,13.305187920443641,0.5995816977846263,3.2607747573049046,0.08836604430746896,3.695885533456567,13.305187920443641,-0.03826849659680661,0.0,0.0,2.758430784061742,0.0,0.0,0.0,0.7410855170618095,0.00012347322563981388,0.44450361230333,20.059223652063377,0.005572006570017605,0.03714961403857136,85070.26909238286,1783556691070269.0,1783556691116339.5
71.0,34.029839193349865,24288.0,116.16073212154228,-973.3869107071807,41.09528565744607,981.3869107071807,0.11616073212154228,-0.9733869107071808,0.04109528565744607,0.9813869107071808,0.9811631321094865,0.9811631321094865,9.621923429501495,-0.018836867890513562,-0.18472657049850483,1.1391476436597225,1.12776475,0.011382893659722518,-0.006012352113425826,-9.545664747886573,-9.5516771,0.00601235211342569,0.0,0.4030070830925935,0.38245935,0.020547733092593497,0.0,0.11616073212154228,1.1391476436597225,-0.006012352113425826,-0.006012352113425826,0.0062819501433347726,9.621923429501495,0.9811631321094865,43.661434803660605,-79.39421613666102,107.5,53.8649532111896,39.99377664338987,1.0,3.3940028814271934,71.0,3.3940028814271934,3.695885533456567,13.305187920443641,0.6009345535359037,3.3940028814271934,0.06130892928192061,3.695885533456567,13.305187920443641,-0.02655092880943555,0.0,0.0,1.9138170005740534,0.0,0.0,0.0,0.8265167343280817,0.00013807137616285618,0.49705695418628226,20.22593281511036,0.0056183146708639895,0.03846514960619461,85233.69406713718,1783556691233694.0,1783556691386910.8
72.0,37.54726414667135,24288.0,116.97244557230877,-973.6574818574362,43.25985485949006,981.6574818574362,0.11697244557230878,-0.9736574818574363,0.04325985485949006,0.9816574818574363,0.9816205383009293,0.9816205383009293,9.626409051928809,-0.018379461699070686,-0.18024094807119154,1.1471078333716818,1.12776475,0.019343083371681745,-0.00335895554277273,-9.548318144457227,-9.5516771,0.0033589555427726544,0.0,0.4242342556578182,0.38245935,0.041774905657818204,0.0,0.11697244557230878,1.1471078333716818,-0.00335895554277273,-0.00335895554277273,0.010674990823224005,9.626409051928809,0.9816205383009293,43.66143886222786,-79.39420504324384,107.5,54.758329124335475,40.442410667770915,1.0,3.527231005549482,72.0,3.527231005549482,3.695885533456567,13.305187920443641,0.6022874092871813,3.527231005549482,0.03425181425637225,3.695885533456567,13.305187920443641,-0.014833361022064489,0.0,0.0,1.0692032170863648,0.0,0.0,0.0,0.9119479515943539,0.00015266952668589848,0.5496102960692345,20.392641978157346,0.005664622771710374,0.039780685173817866,85397.1190418915,1783556691397119.0,1783556691657481.8
73.0,41.06468909999284,24288.0,117.78415902307528,-973.9280530076918,45.424424061534054,981.9280530076918,0.11778415902307526,-0.9739280530076917,0.045424424061534054,0.9819280530076917,0.9820779444923722,0.9820779444923722,9.63089467435612,-0.01792205550762781,-0.17575532564387825,1.155068023083641,1.12776475,0.027303273083640972,-0.0007055589721196333,-9.550971541027879,-9.5516771,0.0007055589721196177,0.0,0.4454614282230429,0.38245935,0.0630020782230429,0.0,0.11778415902307526,1.155068023083641,-0.0007055589721196333,-0.0007055589721196333,0.015068031503113238,9.63089467435612,0.9820779444923722,43.66144292079512,-79.39419394982669,107.5,55.651705037481356,40.89104469215196,1.0,3.660459129671771,73.0,3.660459129671771,3.695885533456567,13.305187920443641,0.6036402650384588,3.660459129671771,0.0071946992308239005,3.695885533456567,13.305187920443641,-0.00311579323469343,0.0,0.0,0.22458943359867645,0.0,0.0,0.0,0.9973791688606262,0.00016726767720894078,0.6021636379521867,20.55935114120433,0.005710930872556758,0.04109622074144112,85560.54401664581,1783556691560544.0,1783556691928053.0
74.0,47.60488550027419,24288.0,112.6048855002742,-976.0,26.76580149808064,983.0,0.1126048855002742,-0.976,0.02676580149808064,0.983,0.9828550080295457,0.9828550080295457,9.638515064492944,-0.017144991970454264,-0.1681349355070553,1.104276700391264,1.12776475,-0.023488049608736142,-0.009806650000000028,-9.571290399999999,-9.5516771,-0.01961329999999961,0.0019373748043679992,0.2624828472611525,0.38245935,-0.11997650273884745,-0.009806650000000028,0.1126048855002742,1.104276700391264,-0.009806650000000028,-0.009806650000000028,-0.013181365486820746,9.638515064492944,0.9828550080295457,43.66144775358775,-79.39418349282451,107.5,56.49382913116318,41.42526158961662,1.0,3.699828703611052,74.0,3.699828703611052,3.695885533456567,13.305187920443641,0.5971975572498629,0.734092151952253,0.0,3.695885533456567,13.305187920443641,0.0,0.0,0.0,0.0,0.0,0.0,0.0,1.1562274590306596,0.00019180236485655516,0.6904885134835985,21.431668168492305,0.005953241157914528,0.042825481010234,86319.13923541801,1783556692319139.2,1783556692197557.2
75.0,47.066649941325586,24288.0,112.0666499413256,-976.0,30.53345041072088,983.0,0.11206664994132559,-0.976,0.03053345041072088,0.983,0.9829125048301695,0.9829125048301695,9.639078915492782,-0.017087495169830536,-0.1675710845072186,1.0989984126471006,1.12776475,-0.028766337352899497,-0.009806650000000028,-9.571290399999999,-9.5516771,-0.01961329999999961,0.0045765186764496184,0.2994308614702959,0.38245935,-0.08302848852970407,-0.009806650000000028,0.11206664994132559,1.0989984126471006,-0.009806650000000028,-0.009806650000000028,-0.008760688984171367,9.639078915492782,0.9829125048301695,43.661452866825556,-79.39417326634889,107.5,57.31738844249994,41.990478896976526,1.0,3.7052001956560208,75.0,3.7052001956560208,3.695885533456567,13.305187920443641,0.5974666750293371,1.7340921519522516,0.0,3.695885533456567,13.305187920443641,0.0,0.0,0.0,0.0,0.0,0.0,0.0,1.1431547937749158,0.0001897180010074449,0.6829848036268017,21.611469606419803,0.006003186001783278,0.04312750699947519,86480.07166754366,1783556692480071.8,1783556692466675.0
76.0,46.52841438237698,24288.0,111.52841438237698,-976.0,34.30109932336112,983.0,0.11152841438237698,-0.976,0.03430109932336112,0.983,0.9829700016307932,0.9829700016307932,9.639642766492617,-0.017029998369206805,-0.16700723350738192,1.0937201249029371,1.12776475,-0.03404462509706285,-0.009806650000000028,-9.571290399999999,-9.5516771,-0.01961329999999961,0.007215662548531237,0.3363788756794393,0.38245935,-0.046080474320560685,-0.009806650000000028,0.11152841438237698,1.0937201249029371,-0.009806650000000028,-0.009806650000000028,-0.004340012481521988,9.639642766492617,0.9829700016307932,43.66145798006337,-79.39416303987326,107.5,58.1409477538367,42.555696204336435,1.0,3.7105716877009898,76.0,3.7105716877009898,3.695885533456567,13.305187920443641,0.5977357928088115,2.7340921519522503,0.0,3.695885533456567,13.305187920443641,0.0,0.0,0.0,0.0,0.0,0.0,0.0,1.1300821285191722,0.00018763363715833465,0.6754810937700048,21.7912710443473,0.006053130845652028,0.043429532988716386,86641.00409966928,1783556692641004.0,1783556692735792.8
77.0,37.005028621666646,24288.0,111.01005724333329,-971.9899427566667,41.97485689166677,978.9899427566667,0.1110100572433333,-0.9719899427566667,0.041974856891666766,0.9789899427566667,0.979208719409017,0.979208719409017,9.602757188192436,-0.020791280590982984,-0.20389281180756325,1.0886367778653345,1.12776475,-0.03912797213466567,0.0,-9.531965172134665,-9.5516771,0.019711927865334048,0.009806649999999806,0.4116327303366639,0.38245935,0.029173380336663928,-0.009806650000000028,0.1110100572433333,1.0886367778653345,0.0,0.0,0.016343946511445242,9.602757188192436,0.979208719409017,43.66146311565829,-79.39415283908411,107.5,58.96243848110338,43.123384867843114,1.0,3.715406572439556,77.0,3.715406572439556,3.695547309130647,13.30397031287033,0.5970301717299998,0.018246985745065582,0.0,3.695547309130647,13.30397031287033,-0.0003382243259198924,0.0,0.0,0.0,0.0,0.0,0.0,0.8987781351630395,0.00014905510930819654,0.5365983935095076,22.50708788512588,0.006251968856979411,0.04372604791403725,87399.03225886499,1783556693399032.2,1783556693005028.5
78.0,37.280615052044965,24288.0,111.56123010408993,-971.4387698959101,40.59692473977519,978.4387698959101,0.11156123010408993,-0.97143876989591,0.04059692473977519,0.97843876989591,0.9786690910242539,0.9786690910242539,9.597465241493,-0.02133090897574608,-0.20918475850700027,1.0940419372002734,1.12776475,-0.03372281279972665,0.0,-9.526560012799726,-9.5516771,0.025117087200272947,0.009806649999999806,0.3981198319993164,0.38245935,0.01566048199931641,-0.009806650000000028,0.11156123010408993,1.0940419372002734,0.0,0.0,0.011817012395080904,9.597465241493,0.9786690910242539,43.66146945414619,-79.39414402031834,107.5,59.67263199608471,43.8240413201282,1.0,3.691370067246003,78.0,3.691370067246003,3.677011407878499,13.237241068362597,0.5986836903122698,1.018246985745067,0.0,3.677011407878499,13.237241068362597,-0.018874125578068168,0.0,0.0,0.0,0.0,0.0,0.0,0.905471578384068,0.00015058902337968224,0.5421204841668561,22.66046144309253,0.0062945726230812585,0.04372604791403725,87565.2108763831,1783556693565211.0,1783556693280615.0
79.0,37.556201482423276,24288.0,112.11240296484655,-970.8875970351535,39.21899258788362,977.8875970351535,0.11211240296484655,-0.9708875970351534,0.03921899258788362,0.9778875970351534,0.9781294626394909,0.9781294626394909,9.592173294793563,-0.021870537360509177,-0.2144767052064373,1.0994470965352126,1.12776475,-0.02831765346478763,0.0,-9.521154853464788,-9.5516771,0.030522246535211843,0.009806649999999806,0.38460693366196885,0.38245935,0.002147583661968891,-0.009806650000000028,0.11211240296484655,1.0994470965352126,0.0,0.0,0.007290078278716564,9.592173294793563,0.9781294626394909,43.66147579263409,-79.39413520155256,107.5,60.38282551106604,44.52469777241329,1.0,3.66733356205245,79.0,3.66733356205245,3.6584755066263503,13.170511823854863,0.6003372088945397,2.0182469857450682,0.0,3.6584755066263503,13.170511823854863,-0.03741002683021644,0.0,0.0,0.0,0.0,0.0,0.0,0.9121650216050965,0.00015212293745116794,0.5476425748242046,22.81383500105918,0.006337176389183105,0.04372604791403725,87731.38949390124,1783556693731389.5,1783556693556201.5
80.0,37.831787912801595,24288.0,112.66357582560319,-970.3364241743968,37.84106043599204,977.3364241743968,0.11266357582560318,-0.9703364241743968,0.037841060435992044,0.9773364241743968,0.9775898342547277,0.9775898342547277,9.586881348094126,-0.02241016574527227,-0.2197686519058743,1.1048522558701515,1.12776475,-0.022912494129848613,0.0,-9.515749694129848,-9.5516771,0.03592740587015074,0.009806649999999806,0.3710940353246214,0.38245935,-0.01136531467537863,-0.009806650000000028,0.11266357582560318,1.1048522558701515,0.0,0.0,0.0027631441623522258,9.586881348094126,0.9775898342547277,43.66148213112199,-79.3941263827868,107.5,61.093019026047365,45.22535422469838,1.0,3.643297056858897,80.0,3.643297056858897,3.6399396053742024,13.103782579347127,0.6019907274768095,3.0182469857450696,0.0,3.6399396053742024,13.103782579347127,-0.05594592808236472,0.0,0.0,0.0,0.0,0.0,0.0,0.9188584648261251,0.00015365685152265367,0.5531646654815532,22.967208559025824,0.006379780155284951,0.04372604791403725,87897.56811141936,1783556693897568.0,1783556693831788.0
81.0,37.886442069952054,24288.0,113.0,-970.2271158600959,37.22711586009589,977.2271158600959,0.113,-0.9702271158600959,0.03722711586009589,0.9772271158600959,0.9774947015103519,0.9774947015103519,9.585948414566491,-0.02250529848964806,-0.22070158543350715,1.10815145,1.12776475,-0.019613300000000056,0.0,-9.51467774574941,-9.5516771,0.03699935425058991,0.009806649999999806,0.36507329574940933,0.38245935,-0.01738605425059064,-0.009806650000000028,0.113,1.10815145,0.0,0.0,0.0,9.585948414566491,0.9774947015103519,43.661488838948245,-79.39411816105175,107.5113557930048,61.75513241679904,45.96683733910847,1.0,3.6061877639174305,81.0,3.6061877639174305,3.6061877639174305,12.98227595010275,0.602772884139904,3.6061877639174305,0.011355793004793864,3.6061877639174305,12.98227595010275,-0.08205988049330255,0.0,0.0,0.3309727544966355,0.0,0.0,0.0,0.9201859049949955,0.00015407444491155888,0.5546680016816119,23.12215627062628,0.006422821186285077,0.04366232591427583,88067.24831595882,1783556694067248.2,1783556694113558.0
82.0,37.59498487770056,24288.0,113.0,-970.8100302445989,37.81003024459887,977.8100302445989,0.113,-0.9708100302445989,0.03781003024459887,0.9778100302445989,0.9780959133228398,0.9780959133228398,9.591844288387426,-0.021904086677160158,-0.21480571161257267,1.10815145,1.12776475,-0.019613300000000056,0.0,-9.520394183098196,-9.5516771,0.03128291690180384,0.009806649999999806,0.3707897330981955,0.38245935,-0.01166961690180446,-0.009806650000000028,0.113,1.10815145,0.0,0.0,0.0,9.591844288387426,0.9780959133228398,43.66149612537806,-79.39411087462194,107.54050151222994,62.34192373516442,46.77227928992221,1.0,3.548598709727096,82.0,3.548598709727096,3.548598709727096,12.774955355017546,0.6021899697554011,3.548598709727096,0.04050151222994136,3.548598709727096,12.774955355017546,-0.12004556840981187,0.0,0.0,1.180445703647818,0.0,0.0,0.0,0.9131069927095913,0.00015274321612899813,0.5498755780643932,23.279570043116816,0.0064665472341991145,0.0434987773613278,88242.41408850196,1783556694242414.0,1783556694405015.0
83.0,37.30352768544907,24288.0,113.0,-971.3929446291019,38.392944629101855,978.3929446291019,0.113,-0.9713929446291019,0.03839294462910185,0.9783929446291019,0.9786971251353277,0.9786971251353277,9.59774016220836,-0.021302874864672257,-0.2089098377916382,1.10815145,1.12776475,-0.019613300000000056,0.0,-9.526110620446982,-9.5516771,0.025566479553017774,0.009806649999999806,0.3765061704469817,0.38245935,-0.00595317955301828,-0.009806650000000028,0.113,1.10815145,0.0,0.0,0.0,9.59774016220836,0.9786971251353277,43.661503411807864,-79.39410358819214,107.5696472314551,62.9287150535298,47.57772124073595,1.0,3.491009655536762,83.0,3.491009655536762,3.491009655536762,12.567634759932343,0.6016070553708981,3.491009655536762,0.06964723145508886,3.491009655536762,12.567634759932343,-0.1580312563263212,0.0,0.0,2.0299186527990005,0.0,0.0,0.0,0.906028080424187,0.0001514119873464374,0.5450831544471746,23.43698381560735,0.006510273282113152,0.043335228808379776,88417.5798610451,1783556694417579.8,1783556694696472.2
84.0,37.012070493197584,24288.0,113.0,-971.9758590136048,38.97585901360484,978.9758590136048,0.113,-0.9719758590136048,0.03897585901360484,0.9789758590136048,0.9792983369478157,0.9792983369478157,9.603636036029295,-0.020701663052184353,-0.2030139639707037,1.10815145,1.12776475,-0.019613300000000056,0.0,-9.531827057795768,-9.5516771,0.019850042204231706,0.009806649999999806,0.3822226077957679,0.38245935,-0.00023674220423210157,-0.009806650000000028,0.113,1.10815145,0.0,0.0,0.0,9.603636036029295,0.9792983369478157,43.66151069823767,-79.39409630176233,107.59879295068023,63.51550637189518,48.38316319154968,1.0,3.4334206013464277,84.0,3.4334206013464277,3.4334206013464277,12.36031416484714,0.6010241409863951,3.4334206013464277,0.09879295068023636,3.4334206013464277,12.36031416484714,-0.19601694424283053,0.0,0.0,2.879391601950183,0.0,0.0,0.0,0.8989491681387829,0.00015008075856387667,0.5402907308299559,23.594397588097884,0.006553999330027189,0.04317168025543175,88592.74563358826,1783556694592745.8,1783556694987929.5
85.0,31.0,24288.0,114.71810823168262,-973.0,39.154324695047876,980.0,0.11471810823168263,-0.973,0.03915432469504788,0.98,0.9805224722806033,0.9805224722806033,9.615640702790579,-0.019477527719396665,-0.19100929720942128,1.1250003360902305,1.12776475,-0.0027644139097695833,-0.009806650000000028,-9.54187045,-9.5516771,0.009806649999999806,0.009806649999999806,0.3839727582706913,0.38245935,0.001513408270691293,-0.009806650000000028,0.11471810823168263,1.1250003360902305,-0.009806650000000028,-0.009806650000000028,-0.0117960403521448,9.615640702790579,0.9805224722806033,43.66151889296951,-79.39409120783995,107.6,63.92573051674885,49.28900884946802,1.0,3.42244060965159,85.0,3.42244060965159,3.4310355914535866,12.351728129232912,0.597,0.9585857082327023,0.0,3.4310355914535866,12.351728129232912,-0.1418910734349331,0.0,0.0,0.0,0.0,0.0,0.0,0.752928,0.00012486056,0.449498016,24.177124574585388,0.006715867937384829,0.04094456239526774,89365.28938568548,1783556695365289.5,1783556695281891.8
86.0,31.0,24288.0,114.42403774231857,-973.0,38.27211322695573,980.0,0.11442403774231859,-0.973,0.038272113226955735,0.98,0.9804534889131282,0.9804534889131282,9.614964207049928,-0.01954651108687179,-0.19168579295007124,1.1221164897257085,1.12776475,-0.005648260274291535,-0.009806650000000028,-9.54187045,-9.5516771,0.009806649999999806,0.009806649999999806,0.3753212191771254,0.38245935,-0.007138130822874546,-0.009806650000000028,0.11442403774231859,1.1221164897257085,-0.009806650000000028,-0.009806650000000028,-0.006965476927484912,9.614964207049928,0.9804534889131282,43.66152712694321,-79.39408620864162,107.6,64.32832633543664,50.19919230252021,1.0,3.4134742942473655,86.0,3.4134742942473655,3.4310355914535866,12.351728129232912,0.597,1.9585857082327005,0.0,3.4310355914535866,12.351728129232912,-0.08378565762089737,0.0,0.0,0.0,0.0,0.0,0.0,0.752928,0.00012486056,0.449498016,24.30930867611868,0.006752585743366298,0.03921367522229113,89540.84946783581,1783556695540849.5,1783556695575962.2
87.0,31.0,24288.0,114.12996725295453,-973.0,37.38990175886359,980.0,0.11412996725295453,-0.973,0.037389901758863586,0.98,0.980384505545653,0.980384505545653,9.614287711309277,-0.01961549445434692,-0.19236228869072117,1.1192326433611866,1.12776475,-0.008532106638813488,-0.009806650000000028,-9.54187045,-9.5516771,0.009806649999999806,0.009806649999999806,0.3666696800835596,0.38245935,-0.015789669916440385,-0.009806650000000028,0.11412996725295453,1.1192326433611866,-0.009806650000000028,-0.009806650000000028,-0.002134913502825025,9.614287711309277,0.980384505545653,43.661535360916915,-79.3940812094433,107.6,64.73092215412444,51.1093757555724,1.0,3.404507978843141,87.0,3.404507978843141,3.4310355914535866,12.351728129232912,0.597,2.958585708232699,0.0,3.4310355914535866,12.351728129232912,-0.025680241806861653,0.0,0.0,0.0,0.0,0.0,0.0,0.752928,0.00012486056,0.449498016,24.441492777651966,0.006789303549347767,0.03748278804931452,89716.40954998614,1783556695716409.5,1783556695870032.8
88.0,27.48448304428404,24288.0,115.83850565190532,-973.0,37.16149434809468,981.0,0.11583850565190533,-0.973,0.03716149434809468,0.981,0.9805757523133176,0.9805757523133176,9.616163201423396,-0.019424247686682394,-0.19048679857660386,1.1359876814512573,1.12776475,0.008222931451257147,0.0,-9.54187045,-9.5516771,0.009806649999999806,0.009806649999999806,0.36442976854874265,0.38245935,-0.018029581451257316,-0.009806650000000028,0.11583850565190533,1.1359876814512573,0.0,0.0,0.013569193813955997,9.616163201423396,0.9805757523133176,43.66154400632479,-79.39407851551697,107.61614943480946,64.94786963516853,52.06503914193025,1.0,3.409416873087341,88.0,3.409416873087341,3.4349832131831017,12.365939567459167,0.6048695395633372,0.5580404778609557,0.016149434809469336,3.4349832131831017,12.365939567459167,0.003947621729515272,0.0,0.0,0.4673572169262263,0.0,0.0,0.0,0.6675431241795707,0.00011214095404451386,0.40370743456024993,24.967798129835625,0.006935499480509895,0.03645421457330591,90496.73511450872,1783556696496735.0,1783556696161494.2
89.0,28.352669248519845,24288.0,115.54911025049338,-973.0,37.450889749506615,981.0,0.11554911025049339,-0.973,0.03745088974950661,0.981,0.9805527316939133,0.9805527316939133,9.615937446266114,-0.019447268306086705,-0.19071255373388518,1.133149682038001,1.12776475,0.005384932038000849,0.0,-9.54187045,-9.5516771,0.009806649999999806,0.009806649999999806,0.367267767961999,0.38245935,-0.015191582038000969,-0.009806650000000028,0.11554911025049339,1.133149682038001,0.0,0.0,0.008886026465348137,9.615937446266114,0.9805527316939133,43.66155297758223,-79.39407764733075,107.64508897495065,65.01778647265532,53.05672193976114,1.0,3.425314721124468,89.0,3.425314721124468,3.4420572909357534,12.391406247368712,0.6028437717534537,1.5580404778609547,0.04508897495066533,3.4420572909357534,12.391406247368712,0.011021699482166896,0.0,0.0,1.3048542005100499,0.0,0.0,0.0,0.68862963070805,0.00011528050057208744,0.41500980205951477,25.094106303941217,0.006970585084428114,0.03598186280202643,90670.08295995447,1783556696670083.0,1783556696450889.8
90.0,29.22085545275565,24288.0,115.25971484908145,-973.0,37.74028515091855,981.0,0.11525971484908146,-0.973,0.03774028515091855,0.981,0.980529711074509,0.980529711074509,9.615711691108832,-0.01947028892549102,-0.1909383088911665,1.1303116826247446,1.12776475,0.0025469326247445504,0.0,-9.54187045,-9.5516771,0.009806649999999806,0.009806649999999806,0.37010576737525536,0.38245935,-0.012353582624744622,-0.009806650000000028,0.11525971484908146,1.1303116826247446,0.0,0.0,0.004202859116740279,9.615711691108832,0.980529711074509,43.661561948839676,-79.39407677914454,107.67402851509186,65.08770331014209,54.04840473759202,1.0,3.441212569161595,90.0,3.441212569161595,3.449131368688405,12.416872927278257,0.6008180039435701,2.5580404778609536,0.07402851509186133,3.449131368688405,12.416872927278257,0.018095777234818523,0.0,0.0,2.142351184093873,0.0,0.0,0.0,0.7097161372365293,0.00011842004709966101,0.42631216955877965,25.22041447804681,0.007005670688346334,0.03550951103074695,90843.43080540022,1783556696843430.8,1783556696740285.2
91.0,29.901795445264312,24288.0,115.0,-973.0245511386839,38.049102277367844,981.0245511386839,0.115,-0.9730245511386839,0.038049102277367845,0.9810245511386839,0.9805353657737119,0.9805353657737119,9.61576714476477,-0.019464634226288108,-0.19088285523522824,1.12776475,1.12776475,0.0,0.0,-9.542111214424175,-9.5516771,0.009565885575825129,0.009806649999999806,0.3731342288483493,0.38245935,-0.009325121151650663,-0.009806650000000028,0.115,1.12776475,0.0,0.0,0.0,9.61576714476477,0.9805353657737119,43.66157090839213,-79.39407622096024,107.7,65.13265505063401,55.038793665721926,1.0,3.4732045109999077,91.0,3.4732045109999077,3.4732045109999077,12.503536239599667,0.5990245511386839,3.4732045109999077,0.09754488613161613,3.4732045109999077,12.503536239599667,0.04156878332052463,0.0,0.0,2.822904147774059,0.0,0.0,0.0,0.7262548077745796,0.00012084503711289956,0.4350421336064384,25.343070665679136,0.007039741851577537,0.03496418455508672,91013.73068321035,1783556697013730.8,1783556697024551.2
92.0,28.944267895851965,24288.0,115.0,-973.263933026037,38.52786605207402,981.263933026037,0.115,-0.973263933026037,0.03852786605207402,0.981263933026037,0.9807919391876851,0.9807919391876851,9.618283270434912,-0.01920806081231489,-0.18836672956508782,1.12776475,1.12776475,0.0,0.0,-9.544458748809785,-9.5516771,0.007218351190214023,0.009806649999999806,0.3778292976195716,0.38245935,-0.004630052380428344,-0.009806650000000028,0.115,1.12776475,0.0,0.0,0.0,9.618283270434912,0.9807919391876851,43.661579765521964,-79.39407837539723,107.7,64.95915376753905,56.01786079733064,1.0,3.646025204814795,92.0,3.646025204814795,3.646025204814795,13.125690737333263,0.599263933026037,3.646025204814795,0.07360669739630538,3.646025204814795,13.125690737333263,0.20853794640807444,0.0,0.0,2.1301439739610664,0.0,0.0,0.0,0.7029983786544525,0.00011701741648687863,0.42126269935276306,25.433770739247635,0.007064936316457674,0.03378030478958279,91157.3598156222,1783556697157359.8,1783556697263933.0
93.0,27.986740346439614,24288.0,115.0,-973.5033149133901,39.00662982678019,981.5033149133901,0.115,-0.97350331491339,0.039006629826780194,0.98150331491339,0.9810485126016584,0.9810485126016584,9.62079939610505,-0.018951487398341675,-0.1858506038949474,1.12776475,1.12776475,0.0,0.0,-9.546806283195396,-9.5516771,0.0048708168046029164,0.009806649999999806,0.38252436639079396,0.38245935,6.501639079397464e-05,-0.009806650000000028,0.115,1.12776475,0.0,0.0,0.0,9.62079939610505,0.9810485126016584,43.66158862265179,-79.39408052983423,107.7,64.78565248444409,56.99692792893936,1.0,3.818845898629683,93.0,3.818845898629683,3.818845898629683,13.747845235066858,0.59950331491339,3.818845898629683,0.049668508660994606,3.818845898629683,13.747845235066858,0.3755071094956242,0.0,0.0,1.4373838001480732,0.0,0.0,0.0,0.6797419495343253,0.00011318979586085772,0.4074832650990877,25.52447081281613,0.007090130781337812,0.032596425024078855,91300.98894803406,1783556697300989.0,1783556697503315.0
94.0,27.029212797027267,24288.0,115.0,-973.7426968007431,39.485393601486365,981.7426968007431,0.115,-0.9737426968007432,0.03948539360148637,0.9817426968007432,0.9813050860156315,0.9813050860156315,9.623315521775192,-0.018694913984368462,-0.18333447822480697,1.12776475,1.12776475,0.0,0.0,-9.549153817581008,-9.5516771,0.002523282418991811,0.009806649999999806,0.3872194351620163,0.38245935,0.0047600851620162934,-0.009806650000000028,0.115,1.12776475,0.0,0.0,0.0,9.623315521775192,0.9813050860156315,43.661597479781626,-79.39408268427121,107.7,64.61215120134912,57.97599506054807,1.0,3.991666592444571,94.0,3.991666592444571,3.991666592444571,14.369999732800455,0.5997426968007432,3.991666592444571,0.02573031992568385,3.991666592444571,14.369999732800455,0.542476272583174,0.0,0.0,0.7446236263350801,0.0,0.0,0.0,0.6564855204141982,0.00010936217523483679,0.39370383084541244,25.615170886384625,0.007115325246217949,0.031412545258574925,91444.61808044591,1783556697444618.0,1783556697742696.8
95.0,26.071685247614916,24288.0,115.0,-973.9820786880963,39.96415737619254,981.9820786880963,0.115,-0.9739820786880963,0.03996415737619254,0.9819820786880963,0.9815616594296047,0.9815616594296047,9.625831647445333,-0.018438340570395246,-0.18081835255466655,1.12776475,1.12776475,0.0,0.0,-9.551501351966618,-9.5516771,0.00017574803338070433,0.009806649999999806,0.39191450393323857,0.38245935,0.009455153933238612,-0.009806650000000028,0.115,1.12776475,0.0,0.0,0.0,9.625831647445333,0.9815616594296047,43.661606336911454,-79.3940848387082,107.7,64.43864991825416,58.95506219215679,1.0,4.164487286259458,95.0,4.164487286259458,4.164487286259458,14.992154230534052,0.5999820786880963,4.164487286259458,0.0017921311903730808,4.164487286259458,14.992154230534052,0.7094454356707238,0.0,0.0,0.051863452522086906,0.0,0.0,0.0,0.633229091294071,0.00010553455460881586,0.3799243965917371,25.70587095995312,0.007140519711098087,0.030228665493070992,91588.24721285776,1783556697588247.2,1783556697982078.8
96.0,28.0,24288.0,115.60880792941266,-972.1955960352936,38.19559603529367,979.3911920705873,0.11560880792941267,-0.9721955960352936,0.03819559603529367,0.9793911920705873,0.979790498569246,0.979790498569246,9.608462492794096,-0.020209501430753927,-0.19818750720590297,1.1337351162809746,1.12776475,0.005970366280974469,0.009806649999999806,-9.533981941859512,-9.5516771,0.017695158140486965,0.009806649999999806,0.3745708418595126,0.38245935,-0.007888508140487338,-0.009806650000000028,0.11560880792941267,1.1337351162809746,0.009806649999999806,0.009806649999999806,0.01323575191356906,9.608462492794096,0.979790498569246,43.66161482384141,-79.3940889119207,107.71955960352936,64.11062565894065,59.89320742919012,1.0,4.285472687591192,96.0,4.285472687591192,4.215661780299579,15.176382409078483,0.597173576211762,0.9251350546948617,0.019559603529366053,4.215661780299579,15.176382409078483,0.6189721634194935,0.0,0.0,0.413537556797258,0.0,0.0,0.0,0.680064,0.0001128100697035766,0.40611625093287573,26.19805608893186,0.007277237802481071,0.029523628374545405,92312.74881324678,1783556698312748.8,1783556698195596.0
97.0,28.0,24288.0,115.18595932087477,-972.4070203395626,38.407020339562614,979.8140406791252,0.11518595932087478,-0.9724070203395626,0.038407020339562614,0.9798140406791253,0.9799589851078301,0.9799589851078301,9.6101147813077,-0.020041014892169893,-0.19653521869229787,1.1295883879740565,1.12776475,0.0018236379740564496,0.009806649999999806,-9.53605530601297,-9.5516771,0.015621793987027979,0.009806649999999806,0.37664420601297166,0.38245935,-0.005815143987028304,-0.009806650000000028,0.11518595932087478,1.1295883879740565,0.009806649999999806,0.009806649999999806,0.009756952998369418,9.6101147813077,0.9799589851078301,43.66162328081358,-79.3940931404068,107.74070203395627,63.77009689652322,60.82804113307635,1.0,4.402263408030733,97.0,4.402263408030733,4.256992267190149,15.325172161884534,0.5984421220373757,1.9251350546948602,0.040702033956259126,4.256992267190149,15.325172161884534,0.507665809832678,0.0,0.0,0.8605399211532979,0.0,0.0,0.0,0.680064,0.00011304970646700719,0.40697894328122586,26.28461288788299,0.007301281357745274,0.029523628374545405,92440.02624441669,1783556698440026.2,1783556698407020.2
98.0,28.0,24288.0,114.76311071233688,-972.6184446438316,38.61844464383156,980.2368892876631,0.11476311071233689,-0.9726184446438315,0.03861844464383156,0.9802368892876631,0.9801274716464141,0.9801274716464141,9.611767069821306,-0.01987252835358586,-0.19488293017869274,1.1254416596671386,1.12776475,-0.002323090332861568,0.009806649999999806,-9.53812867016643,-9.5516771,0.013548429833568992,0.009806649999999806,0.3787175701664307,0.38245935,-0.0037417798335692707,-0.009806650000000028,0.11476311071233689,1.1254416596671386,0.009806649999999806,0.009806649999999806,0.006278154083169778,9.611767069821306,0.9801274716464141,43.661631737785754,-79.39409736889287,107.76184446438316,63.429568134105786,61.76287483696257,1.0,4.519054128470273,98.0,4.519054128470273,4.2983227540807185,15.473961914690586,0.5997106678629893,2.925135054694859,0.06184446438315219,4.2983227540807185,15.473961914690586,0.39635945624586244,0.0,0.0,1.307542285509338,0.0,0.0,0.0,0.680064,0.00011328934323043777,0.407841635629576,26.37116968683412,0.007325324913009476,0.029523628374545405,92567.30367558659,1783556698567303.8,1783556698618444.8
99.0,28.0,24288.0,114.340262103799,-972.8298689481005,38.8298689481005,980.659737896201,0.11434026210379901,-0.9728298689481005,0.0388298689481005,0.980659737896201,0.9802959581849982,0.9802959581849982,9.613419358334912,-0.019704041815001825,-0.19323064166508763,1.1212949313602205,1.12776475,-0.006469818639779586,0.009806649999999806,-9.54020203431989,-9.5516771,0.011475065680110008,0.009806649999999806,0.38079093431988975,0.38245935,-0.0016684156801102384,-0.009806650000000028,0.11434026210379901,1.1212949313602205,0.009806649999999806,0.009806649999999806,0.002799355167970136,9.613419358334912,0.9802959581849982,43.66164019475792,-79.39410159737896,107.78298689481005,63.08903937168835,62.697708540848794,1.0,4.635844848909814,99.0,4.635844848909814,4.3396532409712885,15.622751667496638,0.600979213688603,3.9251350546948576,0.08298689481004526,4.3396532409712885,15.622751667496638,0.2850531026590469,0.0,0.0,1.7545446498653778,0.0,0.0,0.0,0.680064,0.00011352897999386836,0.4087043279779261,26.45772648578525,0.00734936846827368,0.029523628374545405,92694.5811067565,1783556698694581.0,1783556698829869.0
100.0,30.08932715253115,24288.0,121.04466357626558,-974.9106728474688,36.08932715253115,982.9106728474688,0.12104466357626557,-0.9749106728474688,0.036089327152531145,0.9829106728474688,0.9830591631934664,0.9830591631934664,9.640517142731207,-0.016940836806533535,-0.16613285726879207,1.1870426500601847,1.12776475,0.059277900060184525,0.009806649999999806,-9.56060774987963,-9.5516771,-0.008930649879630218,0.009806649999999806,0.35391540012036954,0.38245935,-0.028543949879630423,-0.0196133,0.12104466357626557,1.1870426500601847,0.009806649999999806,0.009806649999999806,0.0,9.640517142731207,0.9830591631934664,43.6616486972159,-79.39410562529007,107.8,62.76466332871367,63.63757024539022,1.0,4.713884146621579,100.0,4.713884146621579,4.372911476038088,15.742481313737118,0.5970446635762655,0.19530986521263594,0.0,4.372911476038088,15.742481313737118,0.18675487510183866,0.0,0.0,0.0,0.0,0.0,0.0,0.7308095778806766,0.00012120223090023742,0.4363280312408547,26.98313448916231,0.0074953151358784185,0.029523628374545405,93420.70881860681,1783556699420708.8,1783556699044663.5
101.0,30.54668834334401,24288.0,121.27334417167201,-974.453311656656,36.54668834334401,982.453311656656,0.121273344171672,-0.9744533116566559,0.03654668834334401,0.982453311656656,0.9826511570198765,0.9826511570198765,9.63651596898897,-0.01734884298012349,-0.170134031011028,1.1892852406211272,1.12776475,0.061520490621127,0.009806649999999806,-9.556122568757745,-9.5516771,-0.004445468757745372,0.009806649999999806,0.3584005812422545,0.38245935,-0.02405876875774549,-0.0196133,0.121273344171672,1.1892852406211272,0.009806649999999806,0.009806649999999806,0.0,9.63651596898897,0.9826511570198765,43.66165738707853,-79.3941088268184,107.8,62.506837605516296,64.59814765991659,1.0,4.6322649061224555,101.0,4.6322649061224555,4.372911476038088,15.742481313737118,0.597273344171672,1.195309865212637,0.0,4.372911476038088,15.742481313737118,0.14205102526180138,0.0,0.0,0.0,0.0,0.0,0.0,0.7419179664831393,0.00012309374262615676,0.4431374734541644,27.089419551310673,0.007524838764252964,0.029523628374545405,93557.45981465986,1783556699557459.8,1783556699273344.2
102.0,31.00404953415687,24288.0,121.50202476707844,-973.9959504658432,37.00404953415687,981.9959504658432,0.12150202476707843,-0.9739959504658431,0.03700404953415687,0.9819959504658431,0.9822431508462866,0.9822431508462866,9.632514795246735,-0.017756849153713446,-0.17413520475326397,1.1915278311820696,1.12776475,0.06376308118206947,0.009806649999999806,-9.551637387635859,-9.5516771,3.971236413947456e-05,0.009806649999999806,0.36288576236413944,0.38245935,-0.019573587635860555,-0.0196133,0.12150202476707843,1.1915278311820696,0.009806649999999806,0.009806649999999806,0.0,9.632514795246735,0.9822431508462866,43.66166607694115,-79.39411202834674,107.8,62.24901188231892,65.55872507444296,1.0,4.550645665623331,102.0,4.550645665623331,4.372911476038088,15.742481313737118,0.5975020247670784,2.195309865212638,0.0,4.372911476038088,15.742481313737118,0.09734717542176412,0.0,0.0,0.0,0.0,0.0,0.0,0.753026355085602,0.00012498525435207614,0.4499469156674741,27.195704613459036,0.007554362392627509,0.029523628374545405,93694.2108107129,1783556699694210.8,1783556699502024.8
103.0,31.46141072496973,24288.0,121.73070536248487,-973.5385892750303,37.46141072496973,981.5385892750303,0.12173070536248486,-0.9735385892750302,0.03746141072496973,0.9815385892750302,0.9818351446726966,0.9818351446726966,9.6285136215045,-0.0181648553273034,-0.1781363784954999,1.193770421743012,1.12776475,0.06600567174301195,0.009806649999999806,-9.547152206513974,-9.5516771,0.00452489348602432,0.009806649999999806,0.36737094348602434,0.38245935,-0.01508840651397562,-0.0196133,0.12173070536248486,1.193770421743012,0.009806649999999806,0.009806649999999806,0.0,9.6285136215045,0.9818351446726966,43.66167476680378,-79.39411522987507,107.8,61.99118615912155,66.51930248896933,1.0,4.4690264251242064,103.0,4.4690264251242064,4.372911476038088,15.742481313737118,0.5977307053624848,3.1953098652126393,0.0,4.372911476038088,15.742481313737118,0.05264332558172685,0.0,0.0,0.0,0.0,0.0,0.0,0.7641347436880648,0.0001268767660779955,0.4567563578807837,27.3019896756074,0.007583886021002054,0.029523628374545405,93830.96180676595,1783556699830961.8,1783556699730705.2
104.0,31.918771915782592,24288.0,121.9593859578913,-973.0812280842174,37.91877191578259,981.0812280842174,0.1219593859578913,-0.9730812280842174,0.03791877191578259,0.9810812280842174,0.9814271384991067,0.9814271384991067,9.624512447762262,-0.018572861500893358,-0.18213755223773584,1.1960130123039545,1.12776475,0.06824826230395442,0.009806649999999806,-9.54266702539209,-9.5516771,0.009010074607909167,0.009806649999999806,0.3718561246079093,0.38245935,-0.010603225392090684,-0.0196133,0.1219593859578913,1.1960130123039545,0.009806649999999806,0.009806649999999806,0.0,9.624512447762262,0.9814271384991067,43.661683456666395,-79.39411843140341,107.8,61.73336043592417,67.4798799034957,1.0,4.387407184625083,104.0,4.387407184625083,4.372911476038088,15.742481313737118,0.5979593859578912,4.19530986521264,0.0,4.372911476038088,15.742481313737118,0.007939475741689572,0.0,0.0,0.0,0.0,0.0,0.0,0.7752431322905275,0.00012876827780391485,0.4635658000940934,27.408274737755765,0.0076134096493766,0.029523628374545405,93967.71280281899,1783556699967712.8,1783556699959386.0
105.0,31.59716389985596,24288.0,121.79858194992798,-972.798581949928,36.9929097496399,980.798581949928,0.12179858194992797,-0.972798581949928,0.0369929097496399,0.980798581949928,0.9810935345418945,0.9810935345418945,9.621240910515269,-0.01890646545810545,-0.1854090894847298,1.194436063679261,1.12776475,0.06667131367926098,0.009806649999999806,-9.53989521367926,-9.5516771,0.011781886320738538,0.009806649999999806,0.3627765183963061,0.38245935,-0.019682831603693884,-0.017638063679261233,0.12179858194992797,1.194436063679261,0.009806649999999806,0.009806649999999806,0.0,9.621240910515269,0.9810935345418945,43.6616922510498,-79.3941210141805,107.8201418050072,61.52536403507385,68.45201104484966,1.0,4.3145265625714915,105.0,4.3145265625714915,4.3145265625714915,15.53229562525737,0.598201418050072,4.3145265625714915,0.020141805007203695,4.3145265625714915,15.53229562525737,-0.05838491346659652,-0.011064794591166468,0.011064794591166468,0.4933038710780761,0.0,0.0,0.0,0.7674319167997016,0.0001275197354150628,0.459071047494226,27.515061123554677,0.007643072534320743,0.029540681415429974,94112.64941199314,1783556700112649.5,1783556700201418.0
106.0,31.107333052122456,24288.0,121.55366652606122,-972.5536665260612,35.76833263030614,980.5536665260612,0.12155366652606123,-0.9725536665260612,0.03576833263030614,0.9805536665260612,0.9807759981665888,0.9807759981665888,9.618126942420377,-0.019224001833411216,-0.1885230575796221,1.192034263837798,1.12776475,0.06426951383779808,0.009806649999999806,-9.537493413837797,-9.5516771,0.014183686162201378,0.009806649999999806,0.3507675191889917,0.38245935,-0.03169183081100831,-0.015236263837798353,0.12155366652606123,1.192034263837798,0.009806649999999806,0.009806649999999806,0.0,9.618126942420377,0.9807759981665888,43.66170106800506,-79.39412346333475,107.84463334739388,61.32812855986695,69.42663727924202,1.0,4.243533094885839,106.0,4.243533094885839,4.243533094885839,15.27671914158902,0.5984463334739387,4.243533094885839,0.04463334739388102,4.243533094885839,15.27671914158902,-0.1293783811522494,-0.024519094522702442,0.024519094522702442,1.0931395195564362,0.0,0.0,0.0,0.7555349051699501,0.0001255930804761336,0.45213508971408095,27.621955773047993,0.00767276549251333,0.029561417157509533,94259.35375088932,1783556700259353.8,1783556700446333.5
107.0,30.617502204388952,24288.0,121.30875110219448,-972.3087511021945,34.543755510972375,980.3087511021945,0.12130875110219447,-0.9723087511021945,0.03454375551097238,0.9803087511021945,0.980458461791283,0.980458461791283,9.615012974325484,-0.019541538208716985,-0.1916370256745144,1.1896324639963354,1.12776475,0.061867713996335186,0.009806649999999806,-9.535091613996334,-9.5516771,0.016585486003664218,0.009806649999999806,0.3387585199816772,0.38245935,-0.04370083001832274,-0.012834463996335473,0.12130875110219447,1.1896324639963354,0.009806649999999806,0.009806649999999806,0.0,9.615012974325484,0.980458461791283,43.661709884960324,-79.39412591248899,107.86912488978055,61.130893084660045,70.40126351363438,1.0,4.172539627200186,107.0,4.172539627200186,4.172539627200186,15.02114265792067,0.5986912488978055,4.172539627200186,0.06912488978055835,4.172539627200186,15.02114265792067,-0.20037184883790227,-0.03797339445423841,0.03797339445423841,1.6929751680347964,0.0,0.0,0.0,0.7436378935401988,0.0001236664255372044,0.4451991319339359,27.72885042254131,0.0077024584507059185,0.02958215289958909,94406.05808978551,1783556700406058.0,1783556700691249.0
108.0,30.127671356655448,24288.0,121.06383567832772,-972.0638356783277,33.319178391638616,980.0638356783277,0.12106383567832772,-0.9720638356783277,0.033319178391638615,0.9800638356783277,0.9801409254159772,0.9801409254159772,9.611899006230592,-0.01985907458402275,-0.19475099376940672,1.1872306641548724,1.12776475,0.05946591415487229,0.009806649999999806,-9.532689814154873,-9.5516771,0.018987285845127058,0.009806649999999806,0.3267495207743628,0.38245935,-0.05570982922563717,-0.010432664154872592,0.12106383567832772,1.1872306641548724,0.009806649999999806,0.009806649999999806,0.0,9.611899006230592,0.9801409254159772,43.66171870191558,-79.39412836164323,107.89361643216724,60.93365760945315,71.37588974802674,1.0,4.101546159514533,108.0,4.101546159514533,4.101546159514533,14.76556617425232,0.5989361643216723,4.101546159514533,0.09361643216723567,4.101546159514533,14.76556617425232,-0.27136531652355517,-0.05142769438577439,0.05142769438577439,2.2928108165131564,0.0,0.0,0.0,0.7317408819104474,0.00012173977059827523,0.43826317415379085,27.835745072034626,0.007732151408898506,0.02960288864166865,94552.7624286817,1783556700552762.5,1783556700936164.2
109.0,31.199159331329707,24288.0,117.59747799398912,-974.6016813373406,34.59327465063765,982.6016813373406,0.11759747799398912,-0.9746016813373406,0.034593274650637655,0.9826016813373406,0.9822862626422206,0.9822862626422206,9.632937577540332,-0.017713737357779383,-0.17371242245966717,1.1532373075697533,1.12776475,0.025472557569753217,0.009806650000000028,-9.55757757828683,-9.5516771,-0.005900478286830943,0.0,0.33924413685267574,0.3765794820717077,-0.03733534521903199,-0.0196133,0.11759747799398912,1.1532373075697533,0.009806650000000028,0.009806650000000028,2.953859632604537e-16,9.632937577540332,0.9822862626422206,43.66172757225793,-79.39413039411532,107.9,60.76997841177511,72.35641739185566,1.0,4.009222443840623,109.0,4.009222443840623,4.009222443840623,14.433200797826245,0.6010042033433515,0.7393562344099096,0.0,4.009222443840623,14.433200797826245,-0.30595885199965017,-0.0567131077750982,0.0567131077750982,0.0,0.0,0.0,0.0,0.7577651818393359,0.00012650019177027402,0.45540069037298647,28.40927867385867,0.007891466298294073,0.02979137056178538,95311.89812080383,1783556701311898.0,1783556701199159.2
110.0,31.468527900986334,24288.0,118.40558370295899,-974.0629441980274,36.74822320789066,982.0629441980274,0.118405583702959,-0.9740629441980273,0.036748223207890666,0.9820629441980273,0.9819305846170545,0.9819305846170545,9.629449567634836,-0.01806941538294548,-0.17720043236516225,1.1611621174206228,1.12776475,0.03339736742062263,0.009806650000000028,-9.552294371719585,-9.5516771,-0.0006172717195847433,0.0,0.36037696312166095,0.37525868042989613,-0.01488171730823519,-0.0196133,0.118405583702959,1.1611621174206228,0.009806650000000028,0.009806650000000028,1.960307512527688e-16,9.629449567634836,0.9819305846170545,43.66173646142073,-79.39413227969531,107.9,60.61812874109266,73.33902544767851,1.0,3.90937921876396,110.0,3.90937921876396,3.90937921876396,14.073765187550258,0.5996573604950683,1.7393562344099078,0.0,3.90937921876396,14.073765187550258,-0.3277203926175492,-0.0591187600290612,0.0591187600290612,0.0,0.0,0.0,0.0,0.7643076056591561,0.00012730345602815192,0.458292441701347,28.534265138512513,0.007926184760697919,0.029924476045471726,95472.71115688884,1783556701472711.2,1783556701468528.0
111.0,31.73789647064296,24288.0,119.21368941192888,-973.5242070587141,38.903171765143675,981.5242070587141,0.11921368941192888,-0.973524207058714,0.03890317176514367,0.981524207058714,0.9815749065918884,0.9815749065918884,9.625961557729342,-0.018425093408111572,-0.18068844227065736,1.169086927271492,1.12776475,0.04132217727149205,0.009806650000000028,-9.547011165152337,-9.5516771,0.004665934847661457,0.0,0.38150978939064617,0.37393787878808454,0.007571910602561613,-0.0196133,0.11921368941192888,1.169086927271492,0.009806650000000028,0.009806650000000028,9.667553924508387e-17,9.625961557729342,0.9815749065918884,43.66174535058353,-79.3941341652753,107.9,60.46627907041021,74.32163350350135,1.0,3.8095359936872972,111.0,3.8095359936872972,3.8095359936872972,13.71432957727427,0.5983105176467852,2.739356234409906,0.0,3.8095359936872972,13.71432957727427,-0.3494819332354483,-0.061524412283024195,0.061524412283024195,0.0,0.0,0.0,0.0,0.7708500294789762,0.00012810672028602983,0.4611841930297075,28.659251603166357,0.007960903223101765,0.03005758152915807,95633.52419297384,1783556701633524.2,1783556701737896.5
112.0,35.932620525500234,24288.0,109.02245982483326,-975.9925133917222,32.99251339172225,982.0,0.10902245982483326,-0.9759925133917222,0.032992513391722246,0.982,0.9826168465350942,0.9826168465350942,9.63617949807338,-0.017383153464905828,-0.17047050192661872,1.069145105641201,1.1278014592735337,-0.05865635363233262,0.009806650000000028,-9.571216981452931,-9.5516771,-0.019539881452932596,0.0,0.323546031452933,0.37265269999999995,-0.04910666854706699,-0.0196133,0.10902245982483326,1.069145105641201,0.009806650000000028,0.009806650000000028,0.0,9.63617949807338,0.9826168465350942,43.661754239571465,-79.39413605240627,107.90074866082779,60.31430449642311,75.30422222974354,1.0,3.7115630576213294,112.0,3.7115630576213294,3.7115630576213294,13.361627007436786,0.5979925133917222,0.026970631016254753,0.0007486608277751752,3.7115630576213294,13.361627007436786,-0.3687041367376197,-0.06488339088936199,0.06488339088936199,0.020781606285267942,0.0,0.0,0.0,0.8727314873233495,0.00014496903330037027,0.5218885198813331,29.306670162203876,0.008140741711723297,0.03021814888878513,96392.46950514182,1783556702392469.5,1783556702007486.5
113.0,33.43436698226051,24288.0,109.85521100591316,-975.7149296646957,32.71492966469561,982.0,0.10985521100591317,-0.9757149296646956,0.032714929664695615,0.982,0.9824256731012289,0.9824256731012289,9.634304727118165,-0.017574326898771125,-0.17234527288183385,1.0773116050111382,1.1291625425018565,-0.051850937490718174,0.009806650000000028,-9.568494814996287,-9.5516771,-0.01681771499628689,0.0,0.32082386499628723,0.37265269999999995,-0.05182883500371274,-0.0196133,0.10985521100591317,1.0773116050111382,0.009806650000000028,0.009806650000000028,0.0,9.634304727118165,0.9824256731012289,43.66176312225073,-79.39413799549234,107.92850703353044,60.15782374000252,76.28611359559955,1.0,3.681065225671294,113.0,3.681065225671294,3.681065225671294,13.251834812416657,0.5977149296646956,1.0269706310162552,0.028507033530437192,3.681065225671294,13.251834812416657,-0.29631374171125424,-0.10263587473210907,0.10263587473210907,0.7913088613852032,0.0,0.0,0.0,0.8120539052651432,0.00013483924807343084,0.48542129306435106,29.415343711670126,0.008170928808797254,0.031369468441106496,96558.18699017672,1783556702558187.0,1783556702285070.2
114.0,30.936113439020783,24288.0,110.68796218699308,-975.437345937669,32.43734593766898,982.0,0.11068796218699307,-0.975437345937669,0.03243734593766898,0.982,0.9822344996673635,0.9822344996673635,9.63242995616295,-0.017765500332636425,-0.17422004383704898,1.0854781043810755,1.1305236257301794,-0.04504552134910372,0.009806650000000028,-9.56577264853964,-9.5516771,-0.014095548539641184,0.0,0.31810169853964143,0.37265269999999995,-0.054551001460358496,-0.0196133,0.11068796218699307,1.0854781043810755,0.009806650000000028,0.009806650000000028,0.0,9.63242995616295,0.9822344996673635,43.66177200492999,-79.39413993857843,107.9562654062331,60.00134298358193,77.26800496145555,1.0,3.6505673937212584,114.0,3.6505673937212584,3.6505673937212584,13.14204261739653,0.597437345937669,2.0269706310162556,0.056265406233099204,3.6505673937212584,13.14204261739653,-0.22392334668488875,-0.14038835857485615,0.14038835857485615,1.5618361164851384,0.0,0.0,0.0,0.7513763232069368,0.0001247094628464914,0.448954066247369,29.524017261136372,0.008201115905871212,0.032520787993427856,96723.90447521162,1783556702723904.5,1783556702562654.0
115.0,28.43785989578106,24288.0,111.52071336807298,-975.1597622106424,32.15976221064234,982.0,0.11152071336807298,-0.9751597622106423,0.03215976221064234,0.982,0.9820433262334983,0.9820433262334983,9.630555185207735,-0.017956673766501723,-0.1760948147922641,1.0936446037510128,1.1318847089585022,-0.03824010520748927,0.009806650000000028,-9.563050482082994,-9.5516771,-0.011373382082995478,0.0,0.3153795320829957,0.37265269999999995,-0.05727316791700424,-0.0196133,0.11152071336807298,1.0936446037510128,0.009806650000000028,0.009806650000000028,0.0,9.630555185207735,0.9820433262334983,43.66178088760926,-79.39414188166452,107.98402377893576,59.844862227161336,78.24989632731155,1.0,3.620069561771223,115.0,3.620069561771223,3.620069561771223,13.032250422376404,0.5971597622106423,3.026970631016256,0.08402377893576123,3.620069561771223,13.032250422376404,-0.1515329516585233,-0.17814084241760325,0.17814084241760325,2.332363371585074,0.0,0.0,0.0,0.6906987411487304,0.00011457967761955193,0.41248683943038694,29.63269081060262,0.008231303002945169,0.03367210754574922,96889.62196024653,1783556702889622.0,1783556702840237.8
116.0,27.137438468463195,24288.0,112.54975387385278,-974.8625615315368,32.54975387385278,982.0,0.11254975387385278,-0.9748625615315368,0.03254975387385278,0.982,0.9818797490405272,0.9818797490405272,9.628951040928285,-0.018120250959472797,-0.1776989590717139,1.1037360438270183,1.132668075,-0.028932031172981633,0.009806650000000028,-9.560135939043244,-9.5516771,-0.00845883904324524,0.0,0.3192040438270184,0.37265269999999995,-0.053448656172981585,-0.018265489043245414,0.11254975387385278,1.1037360438270183,0.009806650000000028,0.009806650000000028,0.0,9.628951040928285,0.9818797490405272,43.66178971083865,-79.39414423694622,108.0,59.6551865031632,79.22521610397571,1.0,3.531846259226238,116.0,3.531846259226238,3.531846259226238,12.714646533214458,0.5979620692792423,3.531846259226238,0.08625615315367559,3.531846259226238,12.714646533214458,-0.16543912428219248,-0.1998691344200294,0.1998691344200294,2.394330447137758,0.0,0.0,0.0,0.6591141055220341,0.0001094848304663814,0.394145389678973,29.751691480588637,0.008264358744607951,0.034361113707831875,97068.01283495178,1783556703068012.8,1783556703137438.5
117.0,27.461239107630078,24288.0,113.84495643052031,-974.53876089237,33.84495643052031,982.0,0.11384495643052032,-0.9745387608923699,0.033844956430520316,0.982,0.981753591468233,0.981753591468233,9.627713857771948,-0.018246408531766952,-0.17893614222805238,1.116437641979362,1.132668075,-0.016230433020637994,0.009806650000000028,-9.556960539505159,-9.5516771,-0.005283439505159385,0.0,0.331905641979362,0.37265269999999995,-0.040747058020637925,-0.015090089505159502,0.11384495643052032,1.116437641979362,0.009806650000000028,0.009806650000000028,0.0,9.627713857771948,0.981753591468233,43.66179845345591,-79.39414715115197,108.0,59.420499464040816,80.1916250157237,1.0,3.3653490634601027,117.0,3.3653490634601027,3.3653490634601027,12.11525662845637,0.6002286737534105,3.3653490634601027,0.05387608923698907,3.3653490634601027,12.11525662845637,-0.2963606846016647,-0.1998691344200294,0.1998691344200294,1.4955125648023049,0.0,0.0,0.0,0.6669785754461194,0.00011121719842465907,0.4003819143287726,29.884695395944767,0.00830130427665132,0.03442323768828325,97263.58842100856,1783556703263588.5,1783556703461239.0
118.0,27.78503974679696,24288.0,115.14015898718785,-974.214960253203,35.140158987187846,982.0,0.11514015898718785,-0.974214960253203,0.03514015898718785,0.982,0.9816274338959389,0.9816274338959389,9.626476674615608,-0.018372566104061107,-0.18017332538439085,1.1291392401317057,1.132668075,-0.0035288348682943546,0.009806650000000028,-9.553785139967072,-9.5516771,-0.002108039967073529,0.0,0.3446072401317057,0.37265269999999995,-0.028045459868294268,-0.011914689967073592,0.11514015898718785,1.1291392401317057,0.009806650000000028,0.009806650000000028,0.0,9.626476674615608,0.9816274338959389,43.66180719607316,-79.39415006535772,108.0,59.18581242491843,81.15803392747169,1.0,3.1988518676939672,118.0,3.1988518676939672,3.1988518676939672,11.51586672369828,0.6024952782275788,3.1988518676939672,0.02149602532030255,3.1988518676939672,11.51586672369828,-0.4272822449211369,-0.1998691344200294,0.1998691344200294,0.5966946824668518,0.0,0.0,0.0,0.6748430453702047,0.00011294956638293675,0.40661843897857225,30.017699311300895,0.00833824980869469,0.034485361668734636,97459.16400706537,1783556703459164.0,1783556703785039.8
119.0,33.124211757329746,24288.0,120.56210587866488,-972.2189470606676,38.67157940899865,981.0,0.12056210587866487,-0.9722189470606676,0.03867157940899865,0.981,0.9804300250113129,0.9804300250113129,9.61473410477719,-0.01956997498868711,-0.1919158952228084,1.1823103756150086,1.1332048592981239,0.04910551631688484,0.004366540701876024,-9.534210937192496,-9.5516771,0.017466162807504095,-0.009806649999999806,0.37923864421125664,0.37265269999999995,0.006585944211256687,0.009806650000000028,0.12056210587866487,1.1823103756150086,0.004366540701876024,0.004366540701876024,-0.007705227888321896,9.61473410477719,0.9804300250113129,43.66181595578532,-79.39415287578825,108.01094735303337,58.959482620683026,82.12633250915752,1.0,3.086364678591638,119.0,3.086364678591638,3.086364678591638,11.110912842929897,0.6366210587866488,0.33613394415738174,0.010947353033377532,3.086364678591638,11.110912842929897,-0.4598610574333507,-0.1998691344200294,0.1998691344200294,0.3565380424099463,0.0,0.0,0.0,0.804520855162025,0.00014248128314720037,0.5129326193299213,30.676876631654768,0.008521354619904099,0.03496226757958343,98295.7935917306,1783556704295793.5,1783556704109473.5
120.0,30.51873778514383,24288.0,119.25936889257191,-972.870315553714,37.69452666942894,981.0,0.11925936889257191,-0.9728703155537141,0.037694526669428935,0.981,0.9808807178586201,0.9808807178586201,9.619153891788235,-0.01911928214137998,-0.18749610821176393,1.1695348899503402,1.1348017950062075,0.034733094944132833,0.0027696049937924925,-9.540598680024829,-9.5516771,0.01107841997516997,-0.009806649999999806,0.36965702996275523,0.37265269999999995,-0.002995670037244701,0.009806650000000028,0.11925936889257191,1.1695348899503402,0.0027696049937924925,0.0027696049937924925,-0.007871039492806617,9.619153891788235,0.9808807178586201,43.66182474925998,-79.39415548126222,108.0435157776857,58.749658393044676,83.09836319749394,1.0,3.0805474962624033,120.0,3.0805474962624033,3.0805474962624033,11.089970986544653,0.6235936889257192,1.3361339441573814,0.04351577768569962,3.0805474962624033,11.089970986544653,-0.29821249945137224,-0.1998691344200294,0.1998691344200294,1.4172403267439884,0.0,0.0,0.0,0.7412391033255734,0.0001289284412955603,0.46414238866401714,30.800481713429317,0.008555689364841473,0.03568758907708653,98491.52982389108,1783556704491529.8,1783556704435157.8
121.0,27.913263812957915,24288.0,117.95663190647896,-973.5216840467605,36.71747392985922,981.0,0.11795663190647897,-0.9735216840467605,0.03671747392985922,0.981,0.9813314107059271,0.9813314107059271,9.62357367879928,-0.018668589294072845,-0.18307632120071946,1.1567594042856717,1.1363987307142909,0.020360673571380834,0.0011726692857089611,-9.546986422857163,-9.5516771,0.004690677142835845,-0.009806649999999806,0.36007541571425383,0.37265269999999995,-0.012577284285746088,0.009806650000000028,0.11795663190647897,1.1567594042856717,0.0011726692857089611,0.0011726692857089611,-0.008036851097291336,9.62357367879928,0.9813314107059271,43.661833542734634,-79.39415808673618,108.07608420233802,58.53983416540633,84.07039388583037,1.0,3.074730313933169,121.0,3.074730313933169,3.074730313933169,11.069029130159407,0.6105663190647895,2.336133944157381,0.07608420233802171,3.074730313933169,11.069029130159407,-0.13656394146939377,-0.1998691344200294,0.1998691344200294,2.4779426110780305,0.0,0.0,0.0,0.6779573514891218,0.00011537559944392025,0.4153521579981129,30.924086795203866,0.008590024109778847,0.03641291057458963,98687.26605605154,1783556704687266.0,1783556704760842.0
122.0,29.707774760656733,24288.0,116.90259158688558,-974.1948168262288,44.194816826228845,982.1948168262288,0.11690259158688558,-0.9741948168262288,0.04419481682622884,0.9821948168262288,0.9821789009660757,0.9821789009660757,9.631884719158966,-0.01782109903392429,-0.17476528084103365,1.1464227997855314,1.1375714,0.008851399785531481,-0.009806649999999806,-9.553587600428937,-9.5516771,-0.001910500428937051,-0.009806649999999806,0.43340310042893704,0.37265269999999995,0.06075040042893709,0.018658049785531507,0.11690259158688558,1.1464227997855314,-0.009806649999999806,-0.009806649999999806,-0.014752332975885468,9.631884719158966,0.9821789009660757,43.661842337801914,-79.39416068185889,108.1,58.33084354680798,85.04260062327072,1.0,3.0370454430883833,122.0,3.0370454430883833,3.0370454430883833,10.933363595118179,0.6005844504786865,0.2656753307143024,0.0,3.0370454430883833,10.933363595118179,-0.049534735600167364,-0.1866212052937771,0.1866212052937771,0.0,0.0,0.0,0.0,0.7215424333868308,0.00012036353573033599,0.43330872862920955,31.490747184308216,0.008747429773418946,0.03722249016633069,99490.02949834734,1783556705490029.5,1783556705097408.5
123.0,28.607841098929164,24288.0,116.5359470329764,-974.9281059340473,44.928105934047224,982.9281059340473,0.1165359470329764,-0.9749281059340472,0.044928105934047224,0.9829281059340472,0.9828963624996313,0.9828963624996313,9.63892061330701,-0.017103637500368748,-0.16772938669299114,1.1428272449709378,1.1375714,0.0052558449709379125,-0.009806649999999806,-9.560778710058123,-9.5516771,-0.009101610058124024,-0.009806649999999806,0.44059421005812416,0.37265269999999995,0.06794151005812421,0.01506249497093794,0.1165359470329764,1.1428272449709378,-0.009806649999999806,-0.009806649999999806,-0.008759741618229656,9.63892061330701,0.9828963624996313,43.661851137271206,-79.39416324837077,108.1,58.1241570174939,86.0152939591456,1.0,2.911278514465917,123.0,2.911278514465917,2.911278514465917,10.480602652077302,0.6027843178021417,1.2656753307143038,0.0,2.911278514465917,10.480602652077302,-0.16875287273861425,-0.1367560970406564,0.1367560970406564,0.0,0.0,0.0,0.0,0.6948272446107915,0.00011631173209930339,0.41872223555749216,31.636451823892735,0.008787903284414646,0.03826495851375552,99712.2160980163,1783556705712216.0,1783556705464053.0
124.0,27.507907437201595,24288.0,116.1693024790672,-975.6613950418656,45.6613950418656,983.6613950418656,0.1161693024790672,-0.9756613950418656,0.0456613950418656,0.9836613950418656,0.9836138240331868,0.9836138240331868,9.64595650745505,-0.016386175966813202,-0.16069349254494866,1.1392316901563442,1.1375714,0.0016602901563443455,-0.009806649999999806,-9.56796981968731,-9.5516771,-0.016292719687310997,-0.009806649999999806,0.4477853196873113,0.37265269999999995,0.07513261968731132,0.011466940156344373,0.1161693024790672,1.1392316901563442,-0.009806649999999806,-0.009806649999999806,-0.002767150260573845,9.64595650745505,0.9836138240331868,43.661859936740505,-79.39416581488264,108.1,57.91747048817983,86.98798729502049,1.0,2.7855115858434507,124.0,2.7855115858434507,2.7855115858434507,10.027841709036423,0.6049841851255968,2.265675330714305,0.0,2.7855115858434507,10.027841709036423,-0.28797100987706115,-0.08689098878753568,0.08689098878753568,0.0,0.0,0.0,0.0,0.6681120558347523,0.00011225992846827077,0.4041357424857748,31.782156463477254,0.008828376795410346,0.03930742686118035,99934.40269768528,1783556705934402.8,1783556705830697.5
125.0,28.428658770009058,24288.0,115.7959058899987,-975.7959058899987,44.57134122999094,983.7959058899987,0.11579590588999872,-0.9757959058899986,0.04457134122999094,0.9837959058899987,0.9836569049804226,0.9836569049804226,9.64637898722626,-0.01634309501957741,-0.1602710127737388,1.1355699204961558,1.1375714,-0.002001479503844152,-0.007805170496155653,-9.569288920496154,-9.5516771,-0.01761182049615546,-0.009806649999999806,0.4370955434730906,0.37265269999999995,0.06444284347309066,0.009806650000000028,0.11579590588999872,1.1355699204961558,-0.007805170496155653,-0.007805170496155653,0.0033302487584761266,9.64637898722626,0.9836569049804226,43.66186869416453,-79.39416863275288,108.12040941100013,57.69054154845191,87.95603294707121,1.0,2.7090214602961336,125.0,2.7090214602961336,2.7274372122480237,9.818773964092886,0.6049795294499936,2.7090214602961336,0.02040941100013116,2.7274372122480237,9.818773964092886,-0.27301275360675353,-0.05265338004249838,0.05265338004249838,0.7739029308425583,0.0,0.0,0.0,0.69047526420598,0.00011599592047010915,0.417585313692393,31.95072942125499,0.008875202617015273,0.039858671848724894,100159.66056011077,1783556706159660.5,1783556706204094.0
126.0,31.08298354001986,24288.0,115.41671663714003,-975.41671663714,41.91701645998014,983.41671663714,0.11541671663714002,-0.97541671663714,0.04191701645998014,0.98341671663714,0.9831214255512656,0.9831214255512656,9.641127727882317,-0.01687857444873445,-0.1655222721176817,1.1318513442096092,1.1375714,-0.0057200557903907085,-0.004086594209609097,-9.565570344209608,-9.5516771,-0.013893244209608902,-0.009806649999999806,0.4110655094672642,0.37265269999999995,0.03841280946726427,0.009806650000000028,0.11541671663714002,1.1318513442096092,-0.004086594209609097,-0.004086594209609097,0.009517563711132626,9.641127727882317,0.9831214255512656,43.661877415517345,-79.3941716662669,108.15832833628599,57.44624636653715,88.9200912872728,1.0,2.674806581564828,126.0,2.674806581564828,2.7274372122480237,9.818773964092886,0.6030835831857001,2.674806581564828,0.058328336286002966,2.7274372122480237,9.818773964092886,-0.14294272477306108,-0.03182281797242061,0.03182281797242061,2.211747825677965,0.0,0.0,0.0,0.7549435042200023,0.00012641316941205754,0.4550874098834071,32.1389214236045,0.00892747817322347,0.03998848956248588,100387.55330107885,1783556706387553.2,1783556706583283.2
127.0,33.737308310030656,24288.0,115.03752738428133,-975.0375273842814,39.262691689969344,983.0375273842814,0.11503752738428134,-0.9750375273842813,0.03926269168996934,0.9830375273842813,0.9825859461221085,0.9825859461221085,9.635876468538374,-0.01741405387789149,-0.17077353146162458,1.1281327679230626,1.1375714,-0.009438632076937264,-0.00036801792306254133,-9.561851767923061,-9.5516771,-0.010174667923062347,-0.009806649999999806,0.3850354754614378,0.37265269999999995,0.012382775461437873,0.009806650000000028,0.11503752738428134,1.1281327679230626,-0.00036801792306254133,-0.00036801792306254133,0.015704878663789126,9.635876468538374,0.9825859461221085,43.66188613687016,-79.39417469978093,108.19624726157187,57.201951184622395,89.8841496274744,1.0,2.6405917028335226,127.0,2.6405917028335226,2.7274372122480237,9.818773964092886,0.6011876369214066,2.6405917028335226,0.09624726157187477,2.7274372122480237,9.818773964092886,-0.012872695939368628,-0.010992255902342839,0.010992255902342839,3.649592720513372,0.0,0.0,0.0,0.8194117442340247,0.0001368304183540059,0.49258950607442126,32.327113425954,0.008979753729431664,0.040118307276246865,100615.44604204691,1783556706615446.0,1783556706962472.5
128.0,33.47378940310546,24288.0,107.57888162305909,-976.3684473507764,45.42111837694091,983.6842236753881,0.10757888162305909,-0.9763684473507763,0.04542111837694091,0.9836842236753882,0.9833324517012066,0.9833324517012066,9.643197187475637,-0.01666754829879339,-0.16345281252436222,1.0549884394687723,1.1375714,-0.08258296053122759,0.003354971053122691,-9.57490363421249,-9.5516771,-0.02322653421249057,-0.0030967078937544235,0.4454290105312276,0.37265269999999995,0.07277631053122761,0.009806650000000028,0.10757888162305909,1.0549884394687723,0.003354971053122691,0.003354971053122691,0.0030153223372168907,9.643197187475637,0.9833324517012066,43.661894894408114,-79.3941775262106,108.2,56.974332935825814,90.85220787290758,1.0,2.7054710444229095,128.0,2.7054710444229095,2.7672096878628367,9.961954876306214,0.6003157763246117,0.9010325741079971,0.0,2.7672096878628367,9.961954876306214,0.039772475614813174,-0.006535780008094471,0.006535780008094471,0.0,0.0,0.0,0.0,0.8130113970226253,0.00013556155175666553,0.48802158632399595,32.9994227183629,0.00916650631065636,0.04047351099569937,101427.7815710917,1783556707427781.5,1783556707315776.2
129.0,30.670105419321153,24288.0,109.33118411292428,-975.6675263548303,43.66881588707572,983.3337631774151,0.10933118411292428,-0.9756675263548302,0.043668815887075725,0.9833337631774152,0.9827506245885341,0.9827506245885341,9.637491412621147,-0.017249375411465928,-0.16915858737885234,1.0721726566810088,1.1375714,-0.06539874331899109,0.00163654933189908,-9.568029947327595,-9.5516771,-0.016352847327596128,-0.006533551336201646,0.4282447933189911,0.37265269999999995,0.05559209331899117,0.009806650000000028,0.10933118411292428,1.0721726566810088,0.00163654933189908,0.00163654933189908,-0.0027079846156104984,9.637491412621147,0.9827506245885341,43.66190365592057,-79.39418032989458,108.2,56.748546444492725,91.82070545908823,1.0,2.7812346760898468,129.0,2.7812346760898468,2.8113506842681963,10.120862463365508,0.6006662368225848,1.9010325741079928,0.0,2.8113506842681963,10.120862463365508,0.08391347202017277,-0.003877797538747919,0.003877797538747919,0.0,0.0,0.0,0.0,0.7449155204244722,0.00012427844331477713,0.44740239593319764,33.142662394787116,0.009206295109663086,0.04047351099569937,101638.4083303735,1783556707638408.2,1783556707666236.8
130.0,37.91912126323633,24288.0,114.01617574735273,-975.0,40.01617574735273,982.0,0.11401617574735273,-0.975,0.040016175747352736,0.982,0.9824591666250717,0.9824591666250717,9.634633186383759,-0.017540833374928292,-0.17201681361624052,1.1181167298927768,1.1375714,-0.019454670107223133,0.0,-9.561483749999999,-9.5516771,-0.009806649999999806,-0.009806649999999806,0.3924246298927767,0.37265269999999995,0.019771929892776752,0.009806650000000028,0.11401617574735273,1.1181167298927768,0.0,0.0,0.0,9.634633186383759,0.9824591666250717,43.66191242056943,-79.39418311323023,108.2,56.524398646654085,92.78954974482423,1.0,2.854876880538269,130.0,2.854876880538269,2.854876880538269,10.27755676993777,0.6059029455158835,0.047643944622763015,0.0,2.854876880538269,10.27755676993777,0.12540230998629726,-0.0013246719742092375,0.0013246719742092375,0.0,0.0,0.0,0.0,0.9209796172414838,0.00015500996069197278,0.5580358584911019,33.84616058772372,0.009401711274367697,0.040552448937492,102454.70544841164,1783556708454705.5,1783556708016175.8
131.0,36.221555341605374,24288.0,114.35568893167893,-975.0,40.35568893167893,982.0,0.11435568893167893,-0.975,0.04035568893167893,0.982,0.9825127265666503,0.9825127265666503,9.635158429984841,-0.01748727343334968,-0.17149157001515863,1.1214462168618493,1.1375714,-0.016125183138150687,0.0,-9.561483749999999,-9.5516771,-0.009806649999999806,-0.009806649999999806,0.39575411686184914,0.37265269999999995,0.023101416861849185,0.009806650000000028,0.11435568893167893,1.1214462168618493,0.0,0.0,0.0,9.635158429984841,0.9825127265666503,43.661921247912225,-79.39418548982252,108.2,56.3330067359423,93.76532421704145,1.0,2.8861138208215946,131.0,2.8861138208215946,2.8861138208215946,10.390009754957742,0.6038658664099265,1.0476439446227632,0.0,2.8861138208215946,10.390009754957742,0.11387708353302402,-0.000867533822815557,0.000867533822815557,0.0,0.0,0.0,0.0,0.8797491361369112,0.00014761596108055274,0.5314174598899899,34.00943329289783,0.009447064803582726,0.04220927946270672,102658.41335900736,1783556708658413.2,1783556708355689.0
132.0,34.52398941997442,24288.0,114.69520211600512,-975.0,40.69520211600512,982.0,0.11469520211600512,-0.975,0.040695202116005115,0.982,0.982566286508229,0.982566286508229,9.635683673585923,-0.01743371349177107,-0.17096632641407675,1.1247757038309216,1.1375714,-0.012795696169078236,0.0,-9.561483749999999,-9.5516771,-0.009806649999999806,-0.009806649999999806,0.39908360383092156,0.37265269999999995,0.026430903830921615,0.009806650000000028,0.11469520211600512,1.1247757038309216,0.0,0.0,0.0,9.635683673585923,0.982566286508229,43.661930075255015,-79.39418786641481,108.2,56.14161482523052,94.74109868925869,1.0,2.9173507611049203,132.0,2.9173507611049203,2.9173507611049203,10.502462739977714,0.6018287873039693,2.0476439446227634,0.0,2.9173507611049203,10.502462739977714,0.10235185707975077,-0.00041039567142187646,0.00041039567142187646,0.0,0.0,0.0,0.0,0.8385186550323386,0.00014022196146913271,0.5047990612888777,34.17270599807194,0.009492418332797757,0.043866109987921446,102862.12126960307,1783556708862121.2,1783556708695202.0
133.0,32.95456896688292,24288.0,115.04543103311708,-974.9545689668829,40.931853450324375,981.9772844834415,0.11504543103311708,-0.9749545689668829,0.04093185345032438,0.9819772844834415,0.9825719206476504,0.9825719206476504,9.63573892561928,-0.017428079352349583,-0.170911074380719,1.1282102762409176,1.1375714,-0.00936112375908217,0.0,-9.56103822375908,-9.5516771,-0.009361123759082175,-0.009806649999999806,0.4014043606386235,0.37265269999999995,0.028751660638623566,0.009806650000000028,0.11504543103311708,1.1282102762409176,0.0,0.0,0.0,9.63573892561928,0.9825719206476504,43.661938885905144,-79.39419034073275,108.20227155165585,55.94235286535035,95.71502795453566,1.0,2.9807378048696833,133.0,2.9807378048696833,2.9453937171383595,10.603417381698094,0.6000227155165585,2.9807378048696833,0.0022715516558540158,2.9453937171383595,10.603417381698094,0.08991514456107916,0.0,0.0,0.050463916337012,0.0,0.0,0.0,0.8004005710676523,0.00013340484605251187,0.4802574457890427,34.32956302421928,0.009535989728949798,0.04529032635443459,103058.65202545168,1783556709058652.0,1783556709022715.5
134.0,32.510256673064184,24288.0,115.48974332693581,-974.5102566730642,40.26538500959628,981.755128336532,0.11548974332693582,-0.9745102566730641,0.040265385009596276,0.9817551283365321,0.9821567696304742,0.9821567696304742,9.631667684896689,-0.01784323036952588,-0.17498231510331097,1.1325674913970951,1.1375714,-0.0050039086029047344,0.0,-9.556681008602904,-9.5516771,-0.005003908602904789,-0.009806649999999806,0.3948685379043573,0.37265269999999995,0.02221583790435735,0.009806650000000028,0.11548974332693582,1.1325674913970951,0.0,0.0,0.0,9.631667684896689,0.9821567696304742,43.66194754999488,-79.39419367307495,108.22448716634679,55.673992429853804,96.67275643325556,1.0,3.326400485539167,134.0,3.326400485539167,2.9453937171383595,10.603417381698094,0.6002448716634678,3.326400485539167,0.02448716634678937,2.9453937171383595,10.603417381698094,0.06947564879200041,0.0,0.0,0.543997452433144,0.0,0.0,0.0,0.7896091140753829,0.00013165273310473925,0.4739498391770613,34.43009084183077,0.009563914122730766,0.04467220684360119,103192.16786974421,1783556709192167.8,1783556709244871.8
135.0,32.06594437924545,24288.0,115.93405562075455,-974.0659443792455,39.59891656886818,981.5329721896227,0.11593405562075455,-0.9740659443792454,0.03959891656886818,0.9815329721896227,0.9817416186132978,0.9817416186132978,9.627596444174097,-0.01825838138670218,-0.17905355582590293,1.1369247065532726,1.1375714,-0.0006466934467273013,0.0,-9.552323793446726,-9.5516771,-0.0006466934467274036,-0.009806649999999806,0.3883327151700911,0.37265269999999995,0.01568001517009114,0.009806650000000028,0.11593405562075455,1.1369247065532726,0.0,0.0,0.0,9.627596444174097,0.9817416186132978,43.661956214084604,-79.39419700541715,108.24670278103773,55.40563199435725,97.63048491197546,1.0,3.672063166208651,135.0,3.672063166208651,2.9453937171383595,10.603417381698094,0.6004670278103773,3.672063166208651,0.04670278103772472,2.9453937171383595,10.603417381698094,0.04903615302292168,0.0,0.0,1.037530988529276,0.0,0.0,0.0,0.7788176570831136,0.00012990062015696662,0.46764223256507986,34.530618659442254,0.009591838516511733,0.044054087332767784,103325.68371403674,1783556709325683.8,1783556709467027.8
136.0,31.62163208542672,24288.0,116.37836791457327,-973.6216320854268,38.93244812814008,981.3108160427133,0.11637836791457329,-0.9736216320854267,0.03893244812814008,0.9813108160427133,0.9813264675961215,0.9813264675961215,9.623525203451504,-0.01867353240387848,-0.18312479654849487,1.14128192170945,1.1375714,0.0037105217094501337,0.0,-9.547966578290549,-9.5516771,0.003710521709449981,-0.009806649999999806,0.3817968924358249,0.37265269999999995,0.009144192435824927,0.009806650000000028,0.11637836791457329,1.14128192170945,0.0,0.0,0.0,9.623525203451504,0.9813264675961215,43.66196487817433,-79.39420033775936,108.26891839572866,55.137271558860704,98.58821339069537,1.0,4.017725846878134,136.0,4.017725846878134,2.9453937171383595,10.603417381698094,0.6006891839572867,4.017725846878134,0.06891839572866007,2.9453937171383595,10.603417381698094,0.02859665725384293,0.0,0.0,1.5310645246254082,0.0,0.0,0.0,0.7680262000908442,0.000128148507209194,0.46133462595309843,34.63114647705374,0.009619762910292701,0.043435967821934374,103459.19955832927,1783556709459199.5,1783556709689184.0
137.0,31.17731979160799,24288.0,116.82268020839201,-973.1773197916079,38.265979687411985,981.088659895804,0.11682268020839202,-0.9731773197916079,0.03826597968741198,0.981088659895804,0.9809113165789453,0.9809113165789453,9.619453962728912,-0.01908868342105478,-0.18719603727108683,1.1456391368656276,1.1375714,0.008067736865627569,0.0,-9.543609363134372,-9.5516771,0.008067736865627364,-0.009806649999999806,0.37526106970155865,0.37265269999999995,0.002608369701558713,0.009806650000000028,0.11682268020839202,1.1456391368656276,0.0,0.0,0.0,9.619453962728912,0.9809113165789453,43.661973542264064,-79.39420367010156,108.2911340104196,54.86891112336415,99.54594186941527,1.0,4.3633885275476185,137.0,4.3633885275476185,2.9453937171383595,10.603417381698094,0.600911340104196,4.3633885275476185,0.09113401041959543,2.9453937171383595,10.603417381698094,0.008157161484764197,0.0,0.0,2.0245980607215404,0.0,0.0,0.0,0.7572347430985749,0.00012639639426142136,0.455027019341117,34.731674294665225,0.00964768730407367,0.04281784831110097,103592.7154026218,1783556709592715.5,1783556709911340.0
138.0,24.833583162915897,24288.0,118.30970225922565,-973.2619404518451,33.09552361476103,980.5238809036903,0.11830970225922564,-0.9732619404518451,0.03309552361476102,0.9805238809036902,0.9809933821832169,0.9809933821832169,9.620258751387043,-0.01900661781678318,-0.18639124861295675,1.160221841660435,1.1375714,0.022650441660435137,0.0,-9.544439208332086,-9.5516771,0.007237891667912831,-0.009806649999999806,0.3245562166566962,0.37265269999999995,-0.04809648334330377,0.009806650000000028,0.11830970225922564,1.160221841660435,0.0,0.0,0.0,9.620258751387043,0.9809933821832169,43.66198223880904,-79.39420683358316,108.3,54.61414938294992,100.50725795074723,1.0,3.923167607042691,138.0,3.923167607042691,2.9446883367321797,10.600878012235846,0.6008335831629159,0.6009118044338231,0.0,2.9446883367321797,10.600878012235846,-0.0007053804061798256,0.0,0.0,0.0,0.0,0.0,0.0,0.6031580678609013,0.00010072991796791857,0.3626277046845069,35.22207087224446,0.009783908575623454,0.039095335622926844,104403.73591381815,1783556710403736.0,1783556710261940.5
139.0,27.88491806661861,24288.0,120.48922719044187,-973.6978454380884,36.58276350470698,981.3956908761768,0.12048922719044186,-0.9736978454380883,0.03658276350470698,0.9813956908761767,0.9818154988560159,0.9818154988560159,9.628320961856348,-0.018184501143984098,-0.17832903814365164,1.1815956798271465,1.1375714,0.044024279827146684,0.0,-9.548713975965429,-9.5516771,0.0029631240345705983,-0.009806649999999806,0.3587543577234347,0.37265269999999995,-0.013898342276565223,0.009806650000000028,0.12048922719044186,1.1815956798271465,0.0,0.0,0.0,9.628320961856348,0.9818154988560159,43.66199095690876,-79.39420988491807,108.3,54.3684190488792,101.47095669429731,1.0,2.9610117436666457,139.0,2.9610117436666457,2.943514486591485,10.596652151729344,0.6038849180666186,1.6009118044338269,0.0,2.943514486591485,10.596652151729344,-0.001879230546874657,0.0,0.0,0.0,0.0,0.0,0.0,0.6772688900020328,0.00011367872550313294,0.40924341181127866,35.41454726460528,0.009837374240168128,0.03794131704868178,104667.89433548156,1783556710667894.2,1783556710697845.5
140.0,28.791461032959717,24288.0,116.20853896704028,-975.1042694835202,34.89573051647986,982.1042694835202,0.1162085389670403,-0.9751042694835201,0.03489573051647986,0.9821042694835201,0.9826244958616851,0.9826244958616851,9.636254512341994,-0.017375504138314925,-0.17039548765800608,1.1396164686611254,1.1375714,0.0020450686611256084,0.0,-9.562506284330562,-9.5516771,-0.010829184330562586,0.0,0.3422102156694372,0.37265269999999995,-0.030442484330562722,0.008784115669437223,0.1162085389670403,1.1396164686611254,0.0,0.0,0.0,9.636254512341994,0.9826244958616851,43.66199960673709,-79.3942132512338,108.31042694835202,54.09732265451016,102.42710871746372,1.0,2.361709485555198,140.0,2.361709485555198,2.942700813460401,10.593722928457444,0.6,0.306833893973818,0.010426948352015094,2.942700813460401,10.593722928457444,-0.002412116002288169,0.0,0.0,0.35433260168075886,0.0,0.0,0.0,0.6992870055685256,0.00011654783426142094,0.4195722033411154,36.01160303089494,0.010003223064137479,0.03714139048729045,105513.56169011208,1783556711513561.8,1783556711104269.5
141.0,28.11181327847116,24288.0,116.88818672152884,-975.4440933607644,34.55590663923558,982.4440933607644,0.11688818672152884,-0.9754440933607644,0.034555906639235585,0.9824440933607644,0.9830306540163217,0.9830306540163217,9.640237563209162,-0.01696934598367825,-0.1664124367908383,1.1462815363126808,1.1375714,0.008710136312680819,0.0,-9.565838818156339,-9.5516771,-0.014161718156340118,0.0,0.33887768184365963,0.37265269999999995,-0.033775018156340327,0.005451581843659618,0.11688818672152884,1.1462815363126808,0.0,0.0,0.0,9.640237563209162,0.9830306540163217,43.66200810233402,-79.39421732912032,108.34440933607644,53.76892198708804,103.36621200225946,1.0,2.5821270353222294,141.0,2.5821270353222294,2.942700813460401,10.593722928457444,0.6,1.3068338939738215,0.04440933607644576,2.942700813460401,10.593722928457444,-0.0014970030333989765,0.0,0.0,1.5091352771341924,0.0,0.0,0.0,0.6827797209075076,0.00011379662015125127,0.40966783254450456,36.14531203664919,0.01004036445462477,0.03714139048729045,105717.45601645866,1783556711717456.0,1783556711444093.2
142.0,27.432165523982604,24288.0,117.5678344760174,-975.7839172380087,34.2160827619913,982.7839172380087,0.11756783447601739,-0.9757839172380087,0.034216082761991305,0.9827839172380087,0.9834368121709585,0.9834368121709585,9.64422061407633,-0.01656318782904157,-0.16242938592367054,1.152946603964236,1.1375714,0.01537520396423603,0.0,-9.569171351982117,-9.5516771,-0.017494251982117646,0.0,0.335545148017882,0.37265269999999995,-0.03710755198211793,0.002119048017882013,0.11756783447601739,1.152946603964236,0.0,0.0,0.0,9.64422061407633,0.9834368121709585,43.66201659793095,-79.39422140700685,108.37839172380087,53.440521319665926,104.3053152870552,1.0,2.8025445850892603,142.0,2.8025445850892603,2.942700813460401,10.593722928457444,0.6,2.306833893973825,0.07839172380087642,2.942700813460401,10.593722928457444,-0.0005818900645097841,0.0,0.0,2.663937952587626,0.0,0.0,0.0,0.6662724362464896,0.0001110454060410816,0.39976346174789373,36.279021042403436,0.010077505845112059,0.03714139048729045,105921.35034280522,1783556711921350.2,1783556711783917.2
143.0,26.397818231829675,24288.0,117.87956364636594,-976.1204363536341,33.638690939097806,983.2408727072682,0.11787956364636593,-0.976120436353634,0.033638690939097805,0.9832408727072681,0.9837882704807485,0.9837882704807485,9.647667242710032,-0.016211729519251546,-0.15898275728996816,1.1560036228326345,1.1375714,0.01843222283263455,0.001181077167365507,-9.572471477167364,-9.5516771,-0.020794377167365093,0.0,0.3298828684979035,0.37265269999999995,-0.04276983150209646,-0.0011810771673655006,0.11787956364636593,1.1560036228326345,0.001181077167365507,0.001181077167365507,0.0019651866345515925,9.647667242710032,0.9837882704807485,43.662025131345196,-79.39422532479989,108.4,53.125013313559975,105.24859889761387,1.0,2.9524257381646595,143.0,2.9524257381646595,2.942700813460401,10.593722928457444,0.600120436353634,2.9524257381646595,0.087956364636601,2.942700813460401,10.593722928457444,0.0,-0.00016216174983053492,0.00016216174983053492,2.988967285912112,0.0,0.0,0.0,0.6411502092146791,0.00010687624416896192,0.38475447900826293,36.4027186171527,0.010111866282542412,0.037490268435608064,106123.38224853408,1783556712123382.2,1783556712120436.2
144.0,24.744077332152965,24288.0,117.5488154664306,-976.4511845335694,32.646446399291776,983.9023690671388,0.11754881546643059,-0.9764511845335694,0.03264644639929178,0.9839023690671388,0.9840442092574326,0.9840442092574326,9.650177144714402,-0.015955790742567363,-0.1564728552855982,1.1527600911938716,1.1375714,0.015188691193871617,0.004424608806128439,-9.575715008806126,-9.5516771,-0.024037908806127953,0.0,0.3201522735816147,0.37265269999999995,-0.05250042641838524,-0.004424608806128414,0.11754881546643059,1.1527600911938716,0.004424608806128439,0.004424608806128439,0.007362077880413376,9.650177144714402,0.9840442092574326,43.66203373079787,-79.39422896302986,108.4,52.83201910055279,106.19918239661328,1.0,2.979132800018381,144.0,2.979132800018381,2.942700813460401,10.593722928457444,0.6004511845335694,2.979132800018381,0.054881546643063966,2.942700813460401,10.593722928457444,0.0,-0.0006074982449434964,0.0006074982449434964,1.8650059969408603,0.0,0.0,0.0,0.6009841502433312,0.00010023099285692446,0.36083157428492807,36.508933743496534,0.010141370484304588,0.03844837404860456,106322.16190467522,1783556712322162.0,1783556712451184.5
145.0,23.090336432476253,24288.0,117.21806728649526,-976.7819327135047,31.654201859485752,984.5638654270095,0.11721806728649525,-0.9767819327135048,0.03165420185948575,0.9845638654270095,0.9843001480341168,0.9843001480341168,9.652687046718771,-0.01569985196588318,-0.15396295328122825,1.1495165595551087,1.1375714,0.011945159555108685,0.007668140444891371,-9.57895854044489,-9.5516771,-0.02728144044489081,0.0,0.31042167866532594,0.37265269999999995,-0.062231021334674015,-0.007668140444891328,0.11721806728649525,1.1495165595551087,0.007668140444891371,0.007668140444891371,0.012758969126275159,9.652687046718771,0.9843001480341168,43.66204233025055,-79.39423260125984,108.4,52.53902488754561,107.14976589561269,1.0,3.005839861872103,145.0,3.005839861872103,2.942700813460401,10.593722928457444,0.6007819327135048,3.005839861872103,0.021806728649526944,2.942700813460401,10.593722928457444,0.0,-0.0010528347400564578,0.0010528347400564578,0.7410447079696092,0.0,0.0,0.0,0.5608180912719832,9.3585741544887e-05,0.3369086695615932,36.61514886984036,0.010170874686066762,0.039406479661601046,106520.94156081635,1783556712520941.5,1783556712781932.8
146.0,30.879951471547262,24288.0,115.15966030083084,-973.7599029430945,39.840339699169164,981.6398544146418,0.11515966030083084,-0.9737599029430944,0.03984033969916916,0.9816398544146417,0.981360011115465,0.981360011115465,9.623854153005475,-0.01863998888453498,-0.18279584699452497,1.1293304826891426,1.1375714,-0.008240917310857278,0.009806650000000028,-9.549322552196896,-9.5516771,0.002354547803102034,0.0,0.3907002673108573,0.37265269999999995,0.018047567310857306,-0.009806649999999972,0.11515966030083084,1.1293304826891426,0.009806650000000028,0.009806650000000028,0.0,9.623854153005475,0.981360011115465,43.66205088116468,-79.39423644058233,108.4,52.22983627698632,108.09498394373914,1.0,3.001172569358971,146.0,3.001172569358971,2.9301187592261977,10.54842753321431,0.605519805886189,0.3406848480983917,0.0,2.9301187592261977,10.54842753321431,-0.012582054234203607,-0.0013464518389791902,0.0013464518389791902,0.0,0.0,0.0,0.0,0.7500122613409399,0.00012615487270375622,0.45415754173352235,37.19411072018262,0.010331697422272947,0.04293495593145278,107330.26921412855,1783556713330269.2,1783556713120048.5
147.0,30.527577337144702,24288.0,112.69304136001293,-973.0551546742894,42.30695863998707,980.5827320114341,0.11269304136001293,-0.9730551546742894,0.042306958639987076,0.9805827320114341,0.9804844813143035,0.9804844813143035,9.615268138680914,-0.019515518685696467,-0.19138186131908524,1.1051412140531707,1.1375714,-0.032430185946829226,0.009806650000000028,-9.542411332586619,-9.5516771,0.009265767413379599,0.0,0.4148895359468292,0.37265269999999995,0.042236835946829254,-0.009806649999999972,0.11269304136001293,1.1051412140531707,0.009806650000000028,0.009806650000000028,0.0,9.615268138680914,0.9804844813143035,43.66205933814391,-79.39424066907195,108.4,51.88930723041521,109.02981842747441,1.0,2.935787615550779,147.0,2.935787615550779,2.893187107277386,10.415473586198589,0.6041103093485788,1.3406848480983937,0.0,2.893187107277386,10.415473586198589,-0.049513706183015434,-0.0013464518389791902,0.0013464518389791902,0.0,0.0,0.0,0.0,0.7414537983645706,0.00012442891600352173,0.4479440976126782,37.348676561535854,0.010374632378204398,0.04293495593145278,107542.3984430389,1783556713542398.5,1783556713472422.8
148.0,30.175203202742146,24288.0,110.22642241919502,-972.3504064054843,44.77357758080498,979.5256096082264,0.11022642241919502,-0.9723504064054843,0.04477357758080498,0.9795256096082264,0.9796089515131421,0.9796089515131421,9.606682124356354,-0.020391048486857955,-0.19996787564364554,1.0809519454171987,1.1375714,-0.056619454582801175,0.009806650000000028,-9.535500112976342,-9.5516771,0.016176987023657163,0.0,0.43907880458280113,0.37265269999999995,0.06642610458280121,-0.009806649999999972,0.11022642241919502,1.0809519454171987,0.009806650000000028,0.009806650000000028,0.0,9.606682124356354,0.9796089515131421,43.662067795123136,-79.39424489756156,108.4,51.54877818384411,109.9646529112097,1.0,2.8704026617425873,148.0,2.8704026617425873,2.856255455328574,10.282519639182865,0.6027008128109685,2.340684848098396,0.0,2.856255455328574,10.282519639182865,-0.08644535813182727,-0.0013464518389791902,0.0013464518389791902,0.0,0.0,0.0,0.0,0.7328953353882012,0.00012270295930328726,0.44173065349183405,37.503242402889086,0.010417567334135852,0.04293495593145278,107754.52767194922,1783556713754527.8,1783556713824796.8
149.0,29.93606635212048,24288.0,113.93606635212048,-974.0,37.3299170598494,981.0,0.11393606635212049,-0.974,0.0373299170598494,0.981,0.9813556648615759,0.9813556648615759,9.623811530814773,-0.018644335138424072,-0.18283846918522642,1.1173311250920224,1.1375714,-0.020240274907977522,0.007198243773005599,-9.5516771,-9.5516771,0.0,0.0,0.36608143113497205,0.37265269999999995,-0.0065712688650278826,-0.009806649999999972,0.11393606635212049,1.1173311250920224,0.007198243773005599,0.007198243773005599,-0.004354601380625091,9.623811530814773,0.9813556648615759,43.66207652171801,-79.394247,108.42659834119699,51.37946445232649,110.92929070811854,1.0,2.585852452636541,149.0,2.585852452636541,2.585852452636541,9.309068829491547,0.6034040995281807,0.5027921018119036,0.026598341196986473,2.585852452636541,9.309068829491547,-0.3289711535149751,-0.0013464518389791902,0.0013464518389791902,1.407086053821935,0.0,0.0,0.0,0.7270871795603022,0.00012190033066838197,0.4388411904061751,38.140096097242804,0.010594471138122997,0.046602147444355466,108624.32406376996,1783556714624324.0,1783556714265983.5
150.0,27.820015515113624,24288.0,111.82001551511362,-974.0,39.97498060610797,981.0,0.11182001551511363,-0.974,0.03997498060610797,0.981,0.9812157691434338,0.9812157691434338,9.622439622470456,-0.01878423085656618,-0.18421037752954475,1.096579755151289,1.1375714,-0.04099164484871086,0.0020104012878222645,-9.5516771,-9.5516771,0.0,0.0,0.39202064356088867,0.37265269999999995,0.019367943560888723,-0.009806649999999972,0.11182001551511363,1.096579755151289,0.0020104012878222645,0.0020104012878222645,-0.013015440254053025,9.622439622470456,0.9812157691434338,43.66208551493406,-79.394247,108.47949961212215,51.37946445232649,111.92340081107332,1.0,2.0845711223577337,150.0,2.0845711223577337,2.0845711223577337,7.504456040487841,0.6002300232726704,1.5027921018118988,0.07949961212215484,2.0845711223577337,7.504456040487841,-0.7748076842266767,-0.0013464518389791902,0.0013464518389791902,4.205630519320171,0.0,0.0,0.0,0.6756925368310798,0.00011268498570123943,0.405665948524462,38.34789748645773,0.010652193746238254,0.053895801222303204,108941.20267661173,1783556714941202.8,1783556714794996.0
151.0,25.292893147389222,24288.0,113.56066027891617,-974.0,39.29289314738922,981.4267767131527,0.11356066027891618,-0.974,0.03929289314738922,0.9814267767131527,0.9813911582048064,0.9813911582048064,9.624159601609163,-0.01860884179519363,-0.18249039839083558,1.1136496491242331,1.1375714,-0.023921750875766687,0.004185249854038888,-9.5516771,-9.5516771,0.0,0.0,0.3853316505838445,0.37265269999999995,0.012678950583844526,-0.009806649999999972,0.11356066027891618,1.1136496491242331,0.004185249854038888,0.004185249854038888,-0.00246687295833882,9.624159601609163,0.9813911582048064,43.66209241421371,-79.39424102512601,108.5,51.86063345752844,112.68604718301754,1.0,1.6960502113261857,151.0,1.6960502113261857,1.8449979943498853,6.641992779659587,0.6015606602789162,1.6960502113261857,0.057322328684727246,1.8449979943498853,6.641992779659587,-0.5884901038822887,-0.0007718175487212498,0.0007718175487212498,3.032424039812493,0.0,0.0,0.0,0.6143137887637894,0.0001026123349325442,0.3694044057571591,38.57266169133796,0.010714628247593875,0.05693571475858316,109322.19991145738,1783556715322200.0,1783556715426776.8
152.0,22.298216168320813,24288.0,122.90059461055974,-971.9005946105598,38.19286467328325,980.9005946105598,0.12290059461055973,-0.9719005946105597,0.03819286467328325,0.9809005946105597,0.980391277112319,0.980391277112319,9.614354117693523,-0.019608722887681018,-0.19229588230647704,1.2052431161376453,1.1375714,0.06767171613764554,0.008831816137645594,-9.531088966137645,-9.5516771,0.020588133862354023,0.0,0.37454405634825316,0.37265269999999995,0.001891356348253213,0.009806650000000028,0.12290059461055973,1.2052431161376453,0.008831816137645594,0.008831816137645594,-0.0016247231039240582,9.614354117693523,0.980391277112319,43.662098292270066,-79.39423170772994,108.5,52.610982705764464,113.33580753279831,1.0,1.469819091574051,152.0,1.469819091574051,1.7841323296488982,6.422876386736034,0.5990994053894403,0.1773523690417264,0.0,1.7841323296488982,6.422876386736034,-0.09562641793449353,0.0,0.0,0.0,0.0,0.0,0.0,0.5415790742961758,9.012950679329929e-05,0.32446622445587747,39.12267517948087,0.010867409772078016,0.05672224998014317,110327.64323366416,1783556716327643.2,1783556716099405.5
153.0,23.979705792238086,24288.0,122.34009806925397,-971.3400980692539,44.91882316895234,980.3400980692539,0.12234009806925397,-0.9713400980692539,0.04491882316895235,0.9803400980692539,0.9800607508324325,0.9800607508324325,9.611112762150874,-0.019939249167567508,-0.19553723784912588,1.1997465227308493,1.1375714,0.06217512273084941,0.003335222730849465,-9.525592372730848,-9.5516771,0.02608472726915003,0.0,0.44050317722980653,0.37265269999999995,0.06785047722980657,0.009806650000000028,0.12234009806925397,1.1997465227308493,0.003335222730849465,0.003335222730849465,-0.01078571211525094,9.611112762150874,0.9800607508324325,43.6621055787251,-79.3942244212749,108.5,53.197776055958165,114.1412522723129,1.0,1.6654359437758122,153.0,1.6654359437758122,1.7841323296488982,6.422876386736034,0.599659901930746,1.1773523690417185,0.0,1.7841323296488982,6.422876386736034,-0.03611209719429874,0.0,0.0,0.0,0.0,0.0,0.0,0.5824190942818787,9.701936942422064e-05,0.3492697299271943,39.326875279409386,0.010924132022058159,0.05672224998014317,110663.94115844762,1783556716663941.2,1783556716659902.0
154.0,25.735999994119204,24288.0,116.080000007351,-972.3679999970597,37.608000019112595,980.1839999985298,0.116080000007351,-0.9723679999970596,0.03760800001911259,0.9801839999985298,0.980009207372244,0.980009207372244,9.610607293477017,-0.019990792627756018,-0.19604270652298353,1.1383559320720886,1.1375714,0.0007845320720886936,0.0,-9.535672647171165,-9.5516771,0.016004452828835142,0.0,0.3688084933874305,0.37265269999999995,-0.0038442066125694563,0.019613300000000056,0.116080000007351,1.1383559320720886,0.0,0.0,0.0,9.610607293477017,0.980009207372244,43.66211349599997,-79.394220736,108.5,53.49455889460251,115.01642783657496,1.0,1.8490720230093487,154.0,1.8490720230093487,1.8490720230093487,6.6566592828336555,0.601919999992649,0.3932200393928175,0.0,1.8490720230093487,6.6566592828336555,0.06493969336045043,-0.009642342102955365,0.009642342102955365,0.0,0.0,0.0,0.0,0.6250759678571672,0.00010453296125471661,0.3763186605169798,39.89424507278046,0.011081734742439012,0.056493807624161035,111580.50399910906,1783556717580504.0,1783556717184000.0
155.0,27.607725543141793,24288.0,113.74034307107276,-973.303862771571,31.52489198478917,980.6519313857855,0.11374034307107277,-0.9733038627715709,0.031524891984789166,0.9806519313857854,0.9804569422102278,0.9804569422102278,9.61499807232593,-0.0195430577897722,-0.19165192767406955,1.1154117353779356,1.1375714,-0.022159664622064257,0.0,-9.544850325848826,-9.5516771,0.006826774151174128,0.0,0.3091535819826327,0.37265269999999995,-0.06349911801736724,0.019613300000000056,0.11374034307107277,1.1154117353779356,0.0,0.0,0.0,9.61499807232593,0.9804569422102278,43.66212238669633,-79.39422260772554,108.5,53.3438249509249,115.99920541206394,1.0,2.014220506949094,155.0,2.014220506949094,2.014220506949094,7.251193825016738,0.6042596569289272,1.3932200393928225,0.0,2.014220506949094,7.251193825016738,0.23008817730019576,-0.03416383423709083,0.03416383423709083,0.0,0.0,0.0,0.0,0.6705364379918279,0.00011258009586397009,0.4052883451102923,40.09397564831709,0.011137215457865854,0.055912854638308945,111864.07041978599,1783556717864070.5,1783556717651931.5
156.0,29.215135977644056,24288.0,111.71315202980793,-974.071711992548,27.14342398509604,981.0,0.11171315202980793,-0.974071711992548,0.02714342398509604,0.981,0.9808331498005787,0.9808331498005787,9.618687408491844,-0.019166850199421298,-0.18796259150815486,1.0955317823531159,1.1375714,-0.04203961764688402,0.0,-9.55238035441172,-9.5516771,-0.0007032544117210164,0.0,0.26618605882344204,0.37265269999999995,-0.10646664117655791,0.019613300000000056,0.11171315202980793,1.0955317823531159,0.0,0.0,0.0,9.618687408491844,0.9808331498005787,43.662130649375825,-79.39422622307177,108.5,53.052673614347725,116.91256200390642,1.0,2.2399668178711845,156.0,2.2399668178711845,2.2399668178711845,8.063880544336264,0.6055697280447119,2.2399668178711845,0.0,2.2399668178711845,8.063880544336264,0.43052495102910515,-0.05245327665378443,0.05245327665378443,0.0,0.0,0.0,0.0,0.709577222625019,0.00011935260629521119,0.4296693826627602,40.27598574480012,0.011187773818000029,0.054791694189868234,112118.0271955288,1783556718118027.2,1783556718071712.0
157.0,30.05500371900749,24288.0,110.59332837465668,-974.3516679063358,27.70333581267166,981.0,0.11059332837465667,-0.9743516679063358,0.02770333581267166,0.981,0.9810016499490734,0.9810016499490734,9.620339830473078,-0.018998350050926694,-0.18631016952692026,1.084550063705327,1.1375714,-0.05302133629467303,0.0,-9.555125784073667,-9.5516771,-0.0034486840736682074,0.0,0.2716769181473365,0.37265269999999995,-0.10097578185266343,0.019613300000000056,0.11059332837465667,1.084550063705327,0.0,0.0,0.0,9.620339830473078,0.9810016499490734,43.662137088361845,-79.39423490170509,108.5,52.35376525598526,117.62432751820089,1.0,2.6416827073956854,157.0,2.6416827073956854,2.6416827073956854,9.510057746624467,0.603889992561985,2.6416827073956854,0.0,2.6416827073956854,9.510057746624467,0.7334351267433381,-0.05264551629574786,0.05264551629574786,0.0,0.0,0.0,0.0,0.729975930327254,0.00012242374506593658,0.4407254822373717,40.40653747409442,0.011224038187248446,0.05210182931284642,112286.0007438015,1783556718286000.8,1783556718351668.0
158.0,30.89487146037093,24288.0,109.47350471950543,-974.6316238201237,28.263247640247286,981.0,0.10947350471950543,-0.9746316238201236,0.028263247640247288,0.981,0.9811701500975679,0.9811701500975679,9.621992252454314,-0.01882984990243209,-0.18465774754568565,1.073568345057538,1.1375714,-0.06400305494246204,0.0,-9.557871213735615,-9.5516771,-0.006194113735615398,0.0,0.277167777471231,0.37265269999999995,-0.09548492252876893,0.019613300000000056,0.10947350471950543,1.073568345057538,0.0,0.0,0.0,9.621992252454314,0.9811701500975679,43.662143527347865,-79.39424358033843,108.5,51.654856897622786,118.33609303249536,1.0,3.043398596920186,158.0,3.043398596920186,3.043398596920186,10.95623494891267,0.6022102570792581,3.043398596920186,0.0,3.043398596920186,10.95623494891267,1.0363453024575708,-0.052837755937711284,0.052837755937711284,0.0,0.0,0.0,0.0,0.7503746380294891,0.00012549488383666198,0.45178158181198314,40.537089203388724,0.011260302556496864,0.04941196443582461,112453.97429207418,1783556718453974.2,1783556718631623.8
159.0,31.734739201734364,24288.0,108.35368106435418,-974.9115797339115,28.823159467822908,981.0,0.10835368106435418,-0.9749115797339114,0.02882315946782291,0.981,0.9813386502460625,0.9813386502460625,9.623644674435548,-0.018661349753937486,-0.18300532556445104,1.0625866264097488,1.1375714,-0.07498477359025106,0.0,-9.560616643397562,-9.5516771,-0.008939543397562588,0.0,0.2826586367951255,0.37265269999999995,-0.08999406320487444,0.019613300000000056,0.10835368106435418,1.0625866264097488,0.0,0.0,0.0,9.623644674435548,0.9813386502460625,43.66214996633388,-79.39425225897175,108.5,50.95594853926031,119.04785854678983,1.0,3.4451144864446865,159.0,3.4451144864446865,3.4451144864446865,12.402412151200872,0.6005305215965312,3.4451144864446865,0.0,3.4451144864446865,12.402412151200872,1.339255478171804,-0.053029995579674714,0.053029995579674714,0.0,0.0,0.0,0.0,0.7707733457317243,0.00012856602260738736,0.46283768138659453,40.66764093268303,0.011296566925745282,0.0467220995588028,112621.94784034687,1783556718621947.8,1783556718911579.8
160.0,29.3180853978478,24288.0,120.3638292043044,-973.4771280967717,45.6819146021522,982.3180853978478,0.1203638292043044,-0.9734771280967717,0.0456819146021522,0.9823180853978478,0.9819547426893668,0.9819547426893668,9.62968647739468,-0.018045257310633212,-0.1769635226053212,1.1803659456663915,1.1375714,0.04279454566639166,0.0,-9.546549478250206,-9.5516771,0.005127621749793694,0.0,0.4479865478331958,0.37265269999999995,0.07533384783319587,0.0,0.1203638292043044,1.1803659456663915,0.0,0.0,0.0,9.62968647739468,0.9819547426893668,43.662155657982076,-79.39426183883606,108.51590426989239,50.184462179615295,119.67701333826324,1.0,3.6880555041888887,160.0,3.6880555041888887,3.5719909841159407,12.859167542817387,0.6,0.6841636067185863,0.015904269892389137,3.5719909841159407,12.859167542817387,1.2067111056277187,-0.04464702175365358,0.04464702175365358,0.3697153697244422,0.0,0.0,0.0,0.7120776581429274,0.00011867960969048791,0.42724659488575645,41.20333374072922,0.011445370483535888,0.048319042565996964,113370.42561935434,1783556719370425.5,1783556719159042.8
161.0,29.783011323056563,24288.0,119.43397735388687,-974.1745169845849,45.21698867694344,982.7830113230566,0.11943397735388687,-0.9741745169845848,0.04521698867694344,0.9827830113230566,0.9825123807555713,0.9825123807555713,9.635155038736624,-0.01748761924442868,-0.17149496126337652,1.1712472140174945,1.1375714,0.0336758140174947,0.0,-9.553388526986877,-9.5516771,-0.0017114269868789157,0.0,0.4434271820087473,0.37265269999999995,0.07077448200874736,0.0,0.11943397735388687,1.1712472140174945,0.0,0.0,0.0,9.635155038736624,0.9825123807555713,43.662161004630214,-79.39427183474345,108.53915056615283,49.37947100630941,120.26803182361635,1.0,3.8576998976251633,161.0,3.8576998976251633,3.5719909841159407,12.859167542817387,0.6,1.684163606718589,0.03915056615282587,3.5719909841159407,12.859167542817387,0.8731440645153153,-0.0323053975891024,0.0323053975891024,0.9101056595524663,0.0,0.0,0.0,0.7233697790143978,0.00012056162983573297,0.4340218674086387,41.30835046483389,0.011474541795787187,0.04750627494148718,113509.90339691697,1783556719509903.5,1783556719391505.8
162.0,30.247937248265323,24288.0,118.50412550346935,-974.871905872398,44.75206275173468,983.2479372482653,0.11850412550346935,-0.9748719058723979,0.04475206275173468,0.9832479372482653,0.9830700188217758,0.9830700188217758,9.640623600078568,-0.01692998117822415,-0.16602639992143184,1.1621284823685976,1.1375714,0.02455708236859773,0.0,-9.56022757572355,-9.5516771,-0.008550475723551526,0.0,0.4388678161842988,0.37265269999999995,0.06621511618429887,0.0,0.11850412550346935,1.1621284823685976,0.0,0.0,0.0,9.640623600078568,0.9830700188217758,43.66216635127835,-79.39428183065084,108.56239686241327,48.57447983300353,120.85905030896949,1.0,4.027344291061437,162.0,4.027344291061437,3.5719909841159407,12.859167542817387,0.6,2.6841636067185917,0.0623968624132626,3.5719909841159407,12.859167542817387,0.539577023402912,-0.01996377342455121,0.01996377342455121,1.4504959493804903,0.0,0.0,0.0,0.7346618998858683,0.00012244364998097805,0.4407971399315209,41.413367188938565,0.011503713108038487,0.046693507316977405,113649.3811744796,1783556719649381.2,1783556719623968.5
163.0,30.712863173474084,24288.0,117.57427365305183,-975.5692947602112,44.287136826525916,983.712863173474,0.11757427365305184,-0.9755692947602111,0.044287136826525915,0.9837128631734741,0.9836276568879804,0.9836276568879804,9.646092161420514,-0.016372343112019617,-0.16055783857948716,1.1530097507197006,1.1375714,0.01543835071970076,0.0,-9.567066624460223,-9.5516771,-0.015389524460224135,0.0,0.43430845035985033,0.37265269999999995,0.061655750359850374,0.0,0.11757427365305184,1.1530097507197006,0.0,0.0,0.0,9.646092161420514,0.9836276568879804,43.662171697926496,-79.39429182655823,108.5856431586737,47.76948865969764,121.4500687943226,1.0,4.196988684497712,163.0,4.196988684497712,3.5719909841159407,12.859167542817387,0.6,3.6841636067185943,0.08564315867369933,3.5719909841159407,12.859167542817387,0.20600998229050882,-0.00762214926000003,0.00762214926000003,1.9908862392085143,0.0,0.0,0.0,0.7459540207573386,0.0001243256701262231,0.44757241245440316,41.51838391304324,0.011532884420289784,0.04588073969246762,113788.85895204222,1783556719788859.0,1783556719856431.5
164.0,35.36450731973569,24288.0,115.1215024399119,-974.1215024399119,38.48600975964758,982.1215024399119,0.1151215024399119,-0.9741215024399119,0.03848600975964758,0.9821215024399119,0.9816560411862617,0.9816560411862617,9.626757216299252,-0.01834395881373827,-0.1798927837007464,1.128956281902362,1.1375714,-0.008615118097637842,0.0,-9.552868631902362,-9.5516771,-0.0011915319023619634,-0.009806649999999806,0.3774188276094479,0.37265269999999995,0.004766127609447954,0.008615118097638038,0.1151215024399119,1.128956281902362,0.0,0.0,0.0,9.626757216299252,0.9816560411862617,43.662177308546354,-79.39430152357076,108.6,46.988568110355224,122.07026671402426,1.0,4.161489204953032,164.0,4.161489204953032,3.5203884289553278,12.67339834423918,0.6043924878004405,0.38240306475276564,0.0,3.5203884289553278,12.67339834423918,-0.05160255516061282,0.0,0.0,0.0,0.0,0.0,0.0,0.8589331537817404,0.00014419273841623407,0.5190938582984427,42.16482428874122,0.011712451191317001,0.045378776898502206,114552.90146394714,1783556720552901.5,1783556720121502.5
165.0,36.31770919841663,24288.0,115.43923639947221,-974.4392363994722,39.75694559788884,982.4392363994722,0.11543923639947222,-0.9744392363994722,0.03975694559788884,0.9824392363994722,0.9820604319575482,0.9820604319575482,9.63072293505649,-0.017939568042451812,-0.17592706494351004,1.1320721876368842,1.1375714,-0.00549921236311575,0.0,-9.555984537636883,-9.5516771,-0.004307437636884056,-0.009806649999999806,0.38988245054753656,0.37265269999999995,0.017229750547536588,0.005499212363115875,0.11543923639947222,1.1320721876368842,0.0,0.0,0.0,9.63072293505649,0.9820604319575482,43.66218334549159,-79.39431073785559,108.6,46.24652262494288,122.73759063999249,1.0,3.794673794873907,165.0,3.794673794873907,3.385445590058429,12.187604124210344,0.6028038180026389,1.3824030647527674,0.0,3.385445590058429,12.187604124210344,-0.1865453940575119,0.0,0.0,0.0,0.0,0.0,0.0,0.8820845210111431,0.00014767616172621365,0.5316341822143692,42.34077467968468,0.011761326299912406,0.045378776898502206,114743.54183968333,1783556720743541.8,1783556720439236.5
166.0,37.27091107709757,24288.0,115.75697035903252,-974.7569703590325,41.027881436130095,982.7569703590325,0.11575697035903253,-0.9747569703590325,0.04102788143613009,0.9827569703590325,0.9824648227288346,0.9824648227288346,9.634688653813726,-0.017535177271165353,-0.17196134618627368,1.1351880933714062,1.1375714,-0.002383306628593657,0.0,-9.559100443371404,-9.5516771,-0.007423343371406149,-0.009806649999999806,0.4023460734856252,0.37265269999999995,0.029693373485625223,0.0023833066285937118,0.11575697035903253,1.1351880933714062,0.0,0.0,0.0,9.634688653813726,0.9824648227288346,43.66218938243682,-79.39431995214042,108.6,45.50447713953053,123.40491456596071,1.0,3.4278583847947828,166.0,3.4278583847947828,3.25050275116153,11.701809904181507,0.6012151482048373,2.3824030647527694,0.0,3.25050275116153,11.701809904181507,-0.321488232954411,0.0,0.0,0.0,0.0,0.0,0.0,0.9052358882405458,0.00015115958503619323,0.5441745061302956,42.51672507062814,0.011810201408507812,0.045378776898502206,114934.18221541951,1783556720934182.2,1783556720756970.2
167.0,37.29597591575383,24288.0,115.3839789262846,-974.8239939789385,42.08800301053077,982.7359909684077,0.1153839789262846,-0.9748239939789385,0.042088003010530776,0.9827359909684077,0.982532651600717,0.982532651600717,9.635353827820172,-0.017467348399282965,-0.1712961721798283,1.1315302969374488,1.1375714,-0.006041103062551137,0.0,-9.559757720553556,-9.5516771,-0.008080620553556657,-0.009806649999999806,0.4127423147232216,0.37265269999999995,0.04008961472322164,0.0,0.1153839789262846,1.1315302969374488,0.0,0.0,0.0,9.635353827820172,0.982532651600717,43.66219558405419,-79.39432893606623,108.6,44.78098294318332,124.09044134983247,1.0,3.1054323227755773,167.0,3.1054323227755773,3.1118685516492346,11.202726785937244,0.5999119969894692,3.1054323227755773,0.0,3.1118685516492346,11.202726785937244,-0.4227472142529232,0.003286684421974652,0.003286684421974652,0.0,0.0,0.0,0.0,0.905844663041829,0.00015095629869764005,0.5434426753115043,42.68971610564228,0.011858254473789518,0.04548282952000828,115132.71380330794,1783556721132713.8,1783556721088003.0
168.0,34.30160605699699,24288.0,112.76390529987236,-974.0754015142493,42.462299242875375,981.6131022713739,0.11276390529987236,-0.9740754015142492,0.042462299242875375,0.9816131022713739,0.9815055703105603,0.9815055703105603,9.625281601086057,-0.018494429689439675,-0.18136839891394357,1.1058361519089932,1.1375714,-0.03173524809100668,0.0,-9.552416536259711,-9.5516771,-0.0007394362597123571,-0.009806649999999806,0.41641290687014376,0.37265269999999995,0.04376020687014383,0.0,0.11276390529987236,1.1058361519089932,0.0,0.0,0.0,9.625281601086057,0.9815055703105603,43.66220232138637,-79.39433717058334,108.6,44.11784018576104,124.8351860491368,1.0,2.927414609898544,168.0,2.927414609898544,2.9612255411078108,10.66041194798812,0.5995377007571246,2.927414609898544,0.0,2.9612255411078108,10.66041194798812,-0.41442517034788795,0.017265678874904905,0.017265678874904905,0.0,0.0,0.0,0.0,0.8331174079123428,0.00013875933195196582,0.49953359502707695,42.85307970247689,0.011903633250688021,0.04592538829112765,115356.91724648235,1783556721356917.2,1783556721462299.2
169.0,31.307236198240144,24288.0,110.14383167346013,-973.32680904956,42.83659547521998,980.49021357434,0.11014383167346013,-0.97332680904956,0.04283659547521998,0.9804902135743401,0.9804784890204036,0.9804784890204036,9.615209374351942,-0.019521510979596386,-0.1914406256480589,1.0801420068805376,1.1375714,-0.057429393119462234,0.0,-9.545075351965867,-9.5516771,0.006601748034131941,-0.009806649999999806,0.420083499017066,0.37265269999999995,0.047430799017066025,0.0,0.11014383167346013,1.0801420068805376,0.0,0.0,0.0,9.615209374351942,0.9804784890204036,43.66220905871855,-79.39434540510047,108.6,43.45469742833876,125.57993074844111,1.0,2.74939689702151,169.0,2.74939689702151,2.810582530566387,10.118097110038994,0.59916340452478,2.74939689702151,0.0,2.810582530566387,10.118097110038994,-0.4061031264428526,0.031244673327835155,0.031244673327835155,0.0,0.0,0.0,0.0,0.7603901527828565,0.00012656236520629157,0.45562451474264964,43.0164432993115,0.011949012027586524,0.04636794706224702,115581.12068965677,1783556721581120.8,1783556721836595.5
170.0,35.17891025704585,24288.0,110.41054487147707,-979.0,36.41054487147708,986.0,0.11041054487147707,-0.979,0.036410544871477074,0.986,0.985879559874802,0.985879559874802,9.668175785846227,-0.014120440125197923,-0.13847421415377223,1.0827575698638707,1.1375714,-0.05481383013612926,0.0,-9.60071035,-9.5516771,-0.049033250000000805,-0.009806649999999806,0.3570654698638706,0.37265269999999995,-0.01558723013612933,0.0,0.11041054487147707,1.0827575698638707,0.0,0.0,0.0,9.668175785846227,0.985879559874802,43.662216105448714,-79.39435310544872,108.6,42.83457239759595,126.3588763005104,1.0,2.686693546250291,170.0,2.686693546250291,2.7448171088982107,9.881341592033559,0.6022316346144312,0.563435293600348,0.0,2.7448171088982107,9.881341592033559,-0.3198540153361098,0.03257260618128523,0.03257260618128523,0.0,0.0,0.0,0.0,0.8544253723231294,0.00014290747080408073,0.5144668948946906,43.71009864799887,0.012141694068888573,0.04593573808978382,116404.6003684933,1783556722404600.2,1783556722205272.5
171.0,33.72161826224128,24288.0,111.13919086887937,-979.0,37.13919086887936,986.0,0.11113919086887937,-0.979,0.03713919086887936,0.986,0.98598893421875,0.98598893421875,9.669248381756304,-0.014011065781249952,-0.13740161824369485,1.0899031461342958,1.1375714,-0.04766825386570412,0.0,-9.60071035,-9.5516771,-0.049033250000000805,-0.009806649999999806,0.3642110461342957,0.37265269999999995,-0.008441653865704205,0.0,0.11113919086887937,1.0899031461342958,0.0,0.0,0.0,9.669248381756304,0.98598893421875,43.66222339190869,-79.39436039190869,108.6,42.24777864984359,127.16432158629455,1.0,2.7133388415582025,171.0,2.7133388415582025,2.7448171088982107,9.881341592033559,0.6044175726066381,1.5634352936003455,0.0,2.7448171088982107,9.881341592033559,-0.17322493229663577,0.024098158787078168,0.024098158787078168,0.0,0.0,0.0,0.0,0.8190306643533161,0.0001374704503853844,0.4948936213873838,43.88197534990029,0.012189437597194522,0.0463019348570467,116625.74442870489,1783556722625744.5,1783556722569595.5
172.0,32.26432626743671,24288.0,111.86783686628165,-979.0,37.86783686628165,986.0,0.11186783686628166,-0.979,0.037867836866281646,0.986,0.986098308562698,0.986098308562698,9.670320977666382,-0.013901691437301978,-0.13632902233361743,1.097048722404721,1.1375714,-0.04052267759527897,0.0,-9.60071035,-9.5516771,-0.049033250000000805,-0.009806649999999806,0.3713566224047209,0.37265269999999995,-0.0012960775952790791,0.0,0.11186783686628166,1.097048722404721,0.0,0.0,0.0,9.670320977666382,0.986098308562698,43.662230678368665,-79.39436767836867,108.6,41.66098490209123,127.9697668720787,1.0,2.739984136866114,172.0,2.739984136866114,2.7448171088982107,9.881341592033559,0.6066035105988449,2.563435293600343,0.0,2.7448171088982107,9.881341592033559,-0.02659584925716174,0.015623711392871106,0.015623711392871106,0.0,0.0,0.0,0.0,0.7836359563835027,0.00013203342996668806,0.475320347880077,44.053852051801705,0.012237181125500471,0.046668131624309585,116846.88848891648,1783556722846888.5,1783556722933918.5
173.0,29.86409703863014,24288.0,122.84787061515982,-975.0,38.288032346210045,983.28803234621,0.12284787061515981,-0.975,0.038288032346210046,0.98328803234621,0.9834561586934986,0.9834561586934986,9.644410338651596,-0.01654384130650147,-0.16223966134840262,1.2047260703681568,1.1375714,0.06715467036815695,-0.002824632407960698,-9.561483749999999,-9.5516771,-0.009806649999999806,-0.006982017592039108,0.3754773324079607,0.37265269999999995,0.0028246324079607616,0.0,0.12284787061515981,1.2047260703681568,-0.002824632407960698,-0.002824632407960698,-0.004692080411894848,9.644410338651596,0.9834561586934986,43.662237760646924,-79.39437533671162,108.6,41.04424264575024,128.7526419111144,1.0,2.77283918180691,173.0,2.77283918180691,2.77283918180691,9.982221054504876,0.60128803234621,0.8186181847021279,0.0,2.77283918180691,9.982221054504876,0.02802207290869921,0.014086600740863542,0.014086600740863542,0.0,0.0,0.0,0.0,0.7253391888742489,0.00012115353218372654,0.4361527158614156,44.64310864749117,0.012400863513191989,0.046734553058711936,117661.39547241844,1783556723661395.5,1783556723288032.2
174.0,30.91965267467377,24288.0,121.44046310043497,-975.0,38.639884224891254,983.6398842248913,0.12144046310043496,-0.975,0.03863988422489126,0.9836398842248912,0.9832953248814894,0.9832953248814894,9.642833097749056,-0.01670467511851063,-0.16381690225094228,1.1909241174638805,1.1375714,0.05335271746388057,-0.006275120634029716,-9.561483749999999,-9.5516771,-0.009806649999999806,-0.0035315293659700896,0.3789278206340298,0.37265269999999995,0.006275120634029858,0.0,0.12144046310043496,1.1909241174638805,-0.006275120634029716,-0.006275120634029716,-0.010423788428620791,9.642833097749056,0.9832953248814894,43.6622447976845,-79.39438307745294,108.6,40.42086467699194,129.53051604447336,1.0,2.807070125404743,174.0,2.807070125404743,2.807070125404743,10.105452451457076,0.6016398842248912,1.8186181847021234,0.0,2.807070125404743,10.105452451457076,0.062253016506532345,0.014086600740863542,0.014086600740863542,0.0,0.0,0.0,0.0,0.7509765241624765,0.00012550950535538373,0.4518342192793815,44.807734523155304,0.012446592923098696,0.046734553058711936,117873.21030338453,1783556723873210.2,1783556723639884.2
175.0,31.9752083107174,24288.0,120.03305558571013,-975.0,38.991736103572464,983.9917361035725,0.12003305558571013,-0.975,0.03899173610357247,0.9839917361035725,0.9831344910694803,0.9831344910694803,9.641255856846517,-0.01686550893051979,-0.16539414315348192,1.1771221645596042,1.1375714,0.039550764559604185,-0.009725608860098734,-9.561483749999999,-9.5516771,-0.009806649999999806,-8.104113990107208e-05,0.3823783088600989,0.37265269999999995,0.009725608860098954,0.0,0.12003305558571013,1.1771221645596042,-0.009725608860098734,-0.009725608860098734,-0.016155496445346734,9.641255856846517,0.9831344910694803,43.66225183472207,-79.39439081819428,108.6,39.797486708233635,130.30839017783234,1.0,2.841301069002576,175.0,2.841301069002576,2.841301069002576,10.228683848409275,0.6019917361035725,2.818618184702119,0.0,2.841301069002576,10.228683848409275,0.09648396010436547,0.014086600740863542,0.014086600740863542,0.0,0.0,0.0,0.0,0.7766138594507042,0.00012986547852704094,0.4675157226973474,44.97236039881945,0.012492322333005401,0.046734553058711936,118085.02513435062,1783556724085025.2,1783556723991736.0
176.0,32.66317288236083,24288.0,118.67365423527833,-974.0052406764587,38.005240676458754,982.6736542352784,0.11867365423527834,-0.9740052406764588,0.03800524067645875,0.9826736542352783,0.981946409804995,0.981946409804995,9.629604759714153,-0.018053590195004965,-0.17704524028584545,1.1637909913063922,1.1375714,0.026219591306392235,-0.006554897826597948,-9.551728493479793,-9.5516771,-5.139347979423066e-05,0.0,0.3727040934797942,0.37265269999999995,5.139347979424974e-05,-0.006503504346803845,0.11867365423527834,1.1637909913063922,-0.006554897826597948,-0.006554897826597948,-0.0054689476400078905,9.629604759714153,0.981946409804995,43.662258631728825,-79.39439895807459,108.6,39.14196524906302,131.05973130418755,1.0,2.8762146868914917,176.0,2.8762146868914917,2.866872835275507,10.320742206991826,0.6013368271176391,2.8762146868914917,0.0,2.866872835275507,10.320742206991826,0.08979636539733973,0.026470495157573454,0.026470495157573454,0.0,0.0,0.0,0.0,0.7933231429667799,0.00013250913589031414,0.477032889205131,45.140519802261146,0.012539033278405873,0.04690183431444708,118288.95186470824,1783556724288951.8,1783556724331586.5
177.0,33.342296241154024,24288.0,117.31540751769195,-972.986555638269,36.98655563826897,981.3154075176919,0.11731540751769196,-0.972986555638269,0.03698655563826897,0.981315407517692,0.9807336214291114,0.9807336214291114,9.617711368587795,-0.019266378570888587,-0.18893863141220457,1.1504711411333737,1.1375714,0.012899741133373804,-0.0032249352833433964,-9.54173860585003,-9.5516771,0.009938494149969421,0.0,0.36271420585003034,0.37265269999999995,-0.009938494149969612,-0.01316342943331308,0.11731540751769196,1.1504711411333737,-0.0032249352833433964,-0.0032249352833433964,0.005612489173369661,9.617711368587795,0.9807336214291114,43.66226542296241,-79.39440710755488,108.6,38.485670682306264,131.81043426496913,1.0,2.9111447243000836,177.0,2.9111447243000836,2.892236333074985,10.412050799069947,0.600657703758846,2.9111447243000836,0.0,2.892236333074985,10.412050799069947,0.08212460773938818,0.03915224405731253,0.03915224405731253,0.0,0.0,0.0,0.0,0.8098176911051489,0.0001351116090410346,0.48640179254772453,45.30876419327251,0.012585767831464586,0.04707313897915769,118492.6888723462,1783556724492688.8,1783556724671148.0
178.0,40.021626490626396,24288.0,134.75129535779647,-963.1730119250111,12.237891396890337,973.1405721890716,0.13475129535779648,-0.9631730119250111,0.012237891396890337,0.9731405721890716,0.9726363956038528,0.9726363956038528,9.538304708948521,-0.02736360439614715,-0.2683452910514764,1.3214587906205346,1.1375714,0.1838873906205348,-0.009700608287849143,-9.44550061739441,-9.5516771,0.106176482605589,0.0,0.12001271766731461,0.37265269999999995,-0.2526399823326853,-0.0196133,0.13475129535779648,1.3214587906205346,-0.009700608287849143,-0.009700608287849143,-0.01585732709878329,9.538304708948521,0.9726363956038528,43.662272205451664,-79.39441527033112,108.60108132453131,37.82830536641596,132.56017062657355,1.0,2.9446684220588164,178.0,2.9446684220588164,2.917104508054849,10.501576228997457,0.604945933773434,0.03154007246234861,0.001081324531319803,2.917104508054849,10.501576228997457,0.07419176822346717,0.05143400967780454,0.05143400967780454,0.037072290922277214,0.0,0.0,0.0,0.9720452642043339,0.00016334228669504636,0.5880322321021669,46.066090072974596,0.012796136131381832,0.0478575540836028,119301.48794718792,1783556725301488.0,1783556725010813.2
179.0,40.707309462731516,24288.0,126.86594117858755,-968.6584757018521,19.780404090046694,977.5975115077549,0.12686594117858754,-0.9686584757018522,0.019780404090046697,0.9775975115077549,0.9772584104299686,0.9772584104299686,9.58363119064305,-0.022741589570031417,-0.22301880935694857,1.2441298820589954,1.1375714,0.10655848205899564,-0.006338481828651855,-9.499294640741567,-9.5516771,0.052382459258431165,0.0,0.19397949976965645,0.37265269999999995,-0.1786732002303435,-0.0196133,0.12686594117858754,1.2441298820589954,-0.006338481828651855,-0.006338481828651855,-0.0046965491832661205,9.58363119064305,0.9772584104299686,43.6622787194399,-79.39442384136828,108.63536547313657,37.13806195141767,133.28022688613729,1.0,2.9350094797959625,179.0,2.9350094797959625,2.926763450317703,10.536348421143732,0.6032317263431712,1.0315400724623462,0.03536547313657891,2.926763450317703,10.536348421143732,0.05824222812601356,0.05143400967780454,0.05143400967780454,1.2124751365096698,0.0,0.0,0.0,0.9886991322308232,0.00016565532392094767,0.5963591661154116,46.27592881010836,0.012854424669474545,0.05147282090933579,119507.19283881945,1783556725507192.8,1783556725353654.8
180.0,41.39299243483664,24288.0,118.98058699937863,-974.1439394786931,27.322916783203056,982.0544508264381,0.11898058699937863,-0.9741439394786932,0.02732291678320306,0.9820544508264382,0.9818804252560843,0.9818804252560843,9.62895767233758,-0.018119574743915685,-0.1776923276624207,1.1668009734974563,1.1375714,0.029229573497456474,-0.002976355369454566,-9.553088664088726,-9.5516771,-0.0014115640887266828,0.0,0.26794628187199826,0.37265269999999995,-0.10470641812800169,-0.0196133,0.11898058699937863,1.1668009734974563,-0.002976355369454566,-0.002976355369454566,0.00646422873225105,9.62895767233758,0.9818804252560843,43.662285233428136,-79.39443241240544,108.66964962174183,36.447818536419376,134.00028314570102,1.0,2.925350537533109,180.0,2.925350537533109,2.9364223925805564,10.571120613290004,0.6015175189129084,2.031540072462344,0.06964962174183802,2.9364223925805564,10.571120613290004,0.04229268802855995,0.05143400967780454,0.05143400967780454,2.3878779820970624,0.0,0.0,0.0,1.0053530002573123,0.00016796836114684895,0.6046861001286562,46.485767547242126,0.012912713207567258,0.055088087735068784,119712.89773045099,1783556725712897.8,1783556725696496.2
181.0,59.93547539914583,24288.0,120.78412106173558,-971.1079394691322,40.74814123869151,979.1079394691322,0.12078412106173557,-0.9711079394691322,0.04074814123869151,0.9791079394691322,0.979440130189267,0.979440130189267,9.605026552720576,-0.020559869810732975,-0.20162344727942452,1.184487600810069,1.1375714,0.046916200810069135,0.000352841531655133,-9.523315674594965,-9.5516771,0.028361425405034044,0.0,0.39960275927841404,0.3728291207658275,0.026773638512586538,-0.0196133,0.12078412106173557,1.184487600810069,0.000352841531655133,0.000352841531655133,0.0005870907348671098,9.605026552720576,0.979440130189267,43.662291755576284,-79.39444097145523,108.7,35.75854048879275,134.7212414025774,1.0,2.9265941294892843,181.0,2.9265941294892843,2.953753664167114,10.633513191001612,0.601,0.11474020814637212,0.0,2.953753664167114,10.633513191001612,0.035940133047247406,0.05143400967780454,0.05143400967780454,0.0,0.0,0.0,0.0,1.4557128264944539,0.00024302316908976853,0.8748834087231668,47.57739959067188,0.01321594433074219,0.05986307645606406,120517.62387364949,1783556726517623.8,1783556726035979.8
182.0,68.08846217037824,24288.0,118.90266257606656,-972.0486687119667,38.55310633874432,980.0486687119667,0.11890266257606656,-0.9720486687119667,0.03855310633874432,0.9800486687119667,0.9800628934960385,0.9800628934960385,9.611133774502925,-0.019937106503961514,-0.19551622549707415,1.166036795951583,1.1375714,0.028465395951583143,0.0034279756747361547,-9.532541077024208,-9.5516771,0.019136022975791186,0.0,0.37807682027684697,0.37436668783736804,0.0037101324394789442,-0.0196133,0.11890266257606656,1.166036795951583,0.0034279756747361547,0.0034279756747361547,0.005703786480426214,9.611133774502925,0.9800628934960385,43.662298340680984,-79.39444943801841,108.7,35.07671057928881,135.44915887598412,1.0,3.011954486870028,182.0,3.011954486870028,3.0302795700484815,10.909006452174534,0.601,1.1147402081463695,0.0,3.0302795700484815,10.909006452174534,0.10363158742923839,0.05143400967780454,0.05143400967780454,0.0,0.0,0.0,0.0,1.6537325691941467,0.0002760814650238006,0.9938932740856822,47.96647030435703,0.013324019528988063,0.07358571465576955,120706.08329863066,1783556726706083.2,1783556726349556.2
183.0,76.24144894161066,24288.0,117.02120409039755,-972.9893979548012,36.35807143879713,980.9893979548012,0.11702120409039754,-0.9729893979548012,0.036358071438797136,0.9809893979548012,0.98068565680281,0.98068565680281,9.617240996285275,-0.01931434319719005,-0.18940900371472377,1.147585991093097,1.1375714,0.010014591093097151,0.006503109817817176,-9.54176647945345,-9.5516771,0.00991062054654833,0.0,0.3565508812752799,0.37590425490890855,-0.01935337363362865,-0.0196133,0.11702120409039754,1.147585991093097,0.006503109817817176,0.006503109817817176,0.010820482225985318,9.617240996285275,0.98068565680281,43.66230492578568,-79.3944579045816,108.7,34.394880669784875,136.17707634939086,1.0,3.097314844250772,183.0,3.097314844250772,3.106805475929849,11.184499713347456,0.601,2.1147402081463667,0.0,3.106805475929849,11.184499713347456,0.1713230418112294,0.05143400967780454,0.05143400967780454,0.0,0.0,0.0,0.0,1.8517523118938397,0.00030913976095783266,1.1129031394481976,48.355541018042175,0.013432094727233938,0.08730835285547503,120894.54272361184,1783556726894542.8,1783556726663132.8
184.0,84.39443571284306,24288.0,115.13974560472852,-973.9301271976358,34.163036538849944,981.9301271976358,0.11513974560472853,-0.9739301271976357,0.034163036538849945,0.9819301271976357,0.9813084201095814,0.9813084201095814,9.623348218067626,-0.018691579890418586,-0.18330178193237343,1.129135186234611,1.1375714,-0.00843621376538884,0.009578243960898198,-9.550991881882693,-9.5516771,0.0006852181173054722,0.0,0.3350249422737128,0.37744182198044907,-0.042416879706736244,-0.0196133,0.11513974560472853,1.129135186234611,0.009578243960898198,0.009578243960898198,0.01593717797154442,9.623348218067626,0.9813084201095814,43.66231151089038,-79.39446637114479,108.7,33.713050760280936,136.9049938227976,1.0,3.1826752016315156,184.0,3.1826752016315156,3.1833313818112163,11.459992974520379,0.601,3.114740208146364,0.0,3.1833313818112163,11.459992974520379,0.23901449619322038,0.05143400967780454,0.05143400967780454,0.0,0.0,0.0,0.0,2.0497720545935323,0.00034219805689186475,1.231913004810713,48.74461173172732,0.013540169925479812,0.1010309910551805,121083.00214859302,1783556727083002.2,1783556726976709.0
185.0,84.44321697227103,24288.0,114.16482545840655,-974.0,34.55678302772896,982.0,0.11416482545840656,-0.974,0.034556783027728966,0.982,0.9812779294999462,0.9812779294999462,9.623049207330647,-0.018722070500053773,-0.1836007926693523,1.1195744855816827,1.1375714,-0.01799691441831719,0.009806650000000028,-9.5516771,-9.5516771,0.0,0.0,0.33888627627887824,0.37755602499999996,-0.038669748721121736,-0.020978344069719563,0.11416482545840656,1.1195744855816827,0.009806650000000028,0.009806650000000028,0.011774645358670382,9.623049207330647,0.9812779294999462,43.66231812461331,-79.39447479496239,108.7,33.034663240811184,137.63607475457928,1.0,3.226945395818666,185.0,3.226945395818666,3.2201036880538125,11.592373276993724,0.6023919575693224,3.226945395818666,0.0,3.2201036880538125,11.592373276993724,0.2071913200059601,0.05143400967780454,0.05143400967780454,0.0,0.0,0.0,0.0,2.050956853822519,0.00034317531166087813,1.2354311219791612,49.11360361921746,0.013642667672004852,0.10205024201835372,121265.70525740187,1783556727265705.2,1783556727278391.5
186.0,83.84176069112355,24288.0,113.26264103668532,-974.0,35.15823930887645,982.0,0.11326264103668533,-0.974,0.03515823930887645,0.982,0.9811950253354774,0.9811950253354774,9.62223619520616,-0.018804974664522536,-0.18441380479383992,1.1107270787224102,1.1375714,-0.026844321277589726,0.009806650000000028,-9.5516771,-9.5516771,0.0,0.0,0.3447845475183932,0.37755602499999996,-0.03277147748160674,-0.02245291187959832,0.11326264103668533,1.1107270787224102,0.009806650000000028,0.009806650000000028,0.006867597738441575,9.62223619520616,0.9811950253354774,43.6623247406324,-79.39448321535033,108.7,32.35655192006643,138.36740950512092,1.0,3.2679187379432753,186.0,3.2679187379432753,3.253686380851823,11.713270971066564,0.6038955982721911,3.2679187379432753,0.0,3.253686380851823,11.713270971066564,0.16738362904567583,0.05143400967780454,0.05143400967780454,0.0,0.0,0.0,0.0,2.036348683666009,0.0003415785575062707,1.2296828070225745,49.480984490483536,0.013744717914023204,0.10205024201835372,121447.94651058957,1783556727447946.5,1783556727579119.8
187.0,83.24030440997606,24288.0,112.3604566149641,-974.0,35.75969559002394,982.0,0.11236045661496409,-0.974,0.035759695590023934,0.982,0.9811121211710087,0.9811121211710087,9.62142318308167,-0.018887878828991303,-0.18522681691832754,1.1018796718631376,1.1375714,-0.035691728136862264,0.009806650000000028,-9.5516771,-9.5516771,0.0,0.0,0.3506828187579082,0.37755602499999996,-0.026873206242091753,-0.023927479689477078,0.11236045661496409,1.1018796718631376,0.009806650000000028,0.009806650000000028,0.0019605501182127696,9.62142318308167,0.9811121211710087,43.66233135665149,-79.39449163573826,108.7,31.678440599321675,139.09874425566258,1.0,3.3088920800678845,187.0,3.3088920800678845,3.2872690736498336,11.834168665139401,0.6053992389750599,3.3088920800678845,0.0,3.2872690736498336,11.834168665139401,0.12757593808539153,0.05143400967780454,0.05143400967780454,0.0,0.0,0.0,0.0,2.0217405135094983,0.00033998180335166324,1.2239344920659876,49.84836536174961,0.013846768156041559,0.10205024201835372,121630.18776377726,1783556727630187.8,1783556727879847.8
188.0,88.54688624128404,24288.0,116.90847732516399,-974.181920445806,35.45423866258199,982.0,0.11690847732516398,-0.974181920445806,0.03545423866258199,0.982,0.9818155886642043,0.9818155886642043,9.628321842573818,-0.01818441133579577,-0.1783281574261816,1.1464805191608194,1.1375714,0.008909119160819443,0.0,-9.553461130139862,-9.5516771,-0.0017840301398634015,0.0,0.34768730958040966,0.37755602499999996,-0.02986871541959032,-0.024516625000000014,0.11690847732516398,1.1464805191608194,0.0,0.0,-0.013371033100227645,9.628321842573818,0.9818155886642043,43.66233782032936,-79.39450027569293,108.7,30.98264711387999,139.8132392075474,1.0,3.320791622208779,188.0,3.320791622208779,3.305157472118776,11.898566899627594,0.600181920445806,0.6004623818748757,0.0,3.305157472118776,11.898566899627594,0.09582683056577641,0.046875177083395975,0.046875177083395975,0.0,0.0,0.0,0.0,2.1506267730283066,0.0003585605311654882,1.2908179121957575,51.51395951564293,0.014309433198789705,0.10314630474122592,122412.3341879294,1783556728412334.2,1783556728181920.5
189.0,92.7884279567395,24288.0,115.09067373282593,-974.4848877111957,34.54533686641297,982.0,0.11509067373282593,-0.9744848877111957,0.034545336866412965,0.982,0.9818714380527535,0.9818714380527535,9.628869537980034,-0.018128561947246536,-0.1777804620199652,1.1286539555620174,1.1375714,-0.008917444437982532,0.0,-9.556432224072996,-9.5516771,-0.004755124072997008,0.0,0.3387740277810087,0.37755602499999996,-0.03878199721899131,-0.024516625000000014,0.11509067373282593,1.1286539555620174,0.0,0.0,-0.008419209878338187,9.628869537980034,0.9818714380527535,43.66234418264194,-79.39450906174363,108.7,30.275088212019966,140.5165292392772,1.0,3.3133459444891558,189.0,3.3133459444891558,3.312603149838399,11.925371339418238,0.6004848877111957,1.6004623818748738,0.0,3.312603149838399,11.925371339418238,0.06943976957985812,0.039282973588192646,0.039282973588192646,0.0,0.0,0.0,0.0,2.253645338213289,0.0003759346939447015,1.3533648982009254,51.95620349904418,0.014432278749734496,0.10497166925357033,122594.4175144286,1783556728594417.5,1783556728484887.8
190.0,97.02996967219497,24288.0,113.27287014048787,-974.7878549765853,33.636435070243934,982.0,0.11327287014048787,-0.9747878549765854,0.033636435070243935,0.982,0.9819272874413028,0.9819272874413028,9.62941723338625,-0.018072712558697298,-0.17723276661374882,1.1108273919632154,1.1375714,-0.026744008036784513,0.0,-9.55940331800613,-9.5516771,-0.007726218006130615,0.0,0.32986074598160764,0.37755602499999996,-0.047695279018392295,-0.024516625000000014,0.11327287014048787,1.1108273919632154,0.0,0.0,-0.00346738665644873,9.62941723338625,0.9819272874413028,43.662350544954506,-79.39451784779432,108.7,29.567529310159944,141.21981927100694,1.0,3.3059002667695325,190.0,3.3059002667695325,3.3200488275580224,11.952175779208881,0.6007878549765854,2.6004623818748716,0.0,3.3200488275580224,11.952175779208881,0.04305270859393985,0.03169077009298931,0.03169077009298931,0.0,0.0,0.0,0.0,2.3566639033982715,0.0003933088567239148,1.4159118842060934,52.39844748244543,0.014555124300679286,0.10679703376591475,122776.5008409278,1783556728776500.8,1783556728787855.0
191.0,100.57369118654789,24288.0,112.25497386068795,-974.936256534828,33.254973860687954,982.0,0.11225497386068796,-0.974936256534828,0.03325497386068795,0.982,0.9819418197258628,0.9819418197258628,9.629559746414632,-0.018058180274137175,-0.17709025358536729,1.1008452394109154,1.1375714,-0.0367261605890844,0.0,-9.56085864014727,-9.5516771,-0.009181540147270946,0.0,0.32611988941091546,0.37755602499999996,-0.0514361355890845,-0.02389151514727114,0.11225497386068796,1.1008452394109154,0.0,0.0,0.0,9.629559746414632,0.9819418197258628,43.66235672107356,-79.39452686845594,108.7,28.84107670422257,141.90252747088667,1.0,3.3900651790945604,191.0,3.3900651790945604,3.323695921821964,11.965305318559071,0.6008725130696561,3.3900651790945604,0.0,3.323695921821964,11.965305318559071,0.021442749316373255,0.025476596420345648,0.025476596420345648,0.0,0.0,0.0,0.0,2.4427338115388753,0.00040770708690426855,1.4677455128553667,52.8092010499094,0.014669222513863723,0.10807519824587432,122942.18233563802,1783556728942182.2,1783556729063743.5
192.0,102.48742559991281,24288.0,113.10552248885014,-974.7236193777875,34.10552248885014,982.0,0.11310552248885014,-0.9747236193777874,0.03410552248885014,0.982,0.9818598424131857,0.9818598424131857,9.628755823601267,-0.01814015758681432,-0.17789417639873265,1.1091862721152823,1.1375714,-0.02838512788471769,0.0,-9.558773381971179,-9.5516771,-0.007096281971179303,0.0,0.3344609221152822,0.37755602499999996,-0.04309510288471776,-0.02180625697117945,0.11310552248885014,1.1091862721152823,0.0,0.0,0.0,9.628755823601267,0.9818598424131857,43.662362462276796,-79.39453643712801,108.7,28.07049167866292,142.53716007711458,1.0,3.688216559353239,192.0,3.688216559353239,3.318470183191408,11.946492659489069,0.6004472387555749,3.688216559353239,0.0,3.318470183191408,11.946492659489069,0.01099127205526065,0.022481261686443155,0.022481261686443155,0.0,0.0,0.0,0.0,2.489214592970683,0.0004151540540774942,1.494554594678979,53.14639846107208,0.014762888461408913,0.10807519824587432,123069.55199270531,1783556729069552.0,1783556729276380.5
193.0,104.40116001327775,24288.0,113.95607111701233,-974.5109822207469,34.95607111701233,982.0,0.11395607111701234,-0.974510982220747,0.03495607111701233,0.982,0.9817778651005086,0.9817778651005086,9.6279519007879,-0.01822213489949147,-0.17869809921209798,1.117527304819649,1.1375714,-0.02004409518035098,0.0,-9.556688123795087,-9.5516771,-0.00501102379508766,0.0,0.3428019548196489,0.37755602499999996,-0.034754070180351024,-0.01972099879508776,0.11395607111701234,1.117527304819649,0.0,0.0,0.0,9.6279519007879,0.9817778651005086,43.66236820348004,-79.39454600580007,108.7,27.299906653103267,143.1717926833425,1.0,3.986367939611917,193.0,3.986367939611917,3.3132444445608513,11.927680000419066,0.6000219644414938,3.986367939611917,0.0,3.3132444445608513,11.927680000419066,0.0005397947941480456,0.019485926952540665,0.019485926952540665,0.0,0.0,0.0,0.0,2.53569537440249,0.00042260102125071987,1.5213636765025915,53.48359587223476,0.014856554408954102,0.10807519824587432,123196.9216497726,1783556729196921.8,1783556729489017.8
194.0,106.31489442664267,24288.0,114.80661974517452,-974.2983450637064,35.80661974517452,982.0,0.11480661974517452,-0.9742983450637064,0.03580661974517452,0.982,0.9816958877878313,0.9816958877878313,9.627147977974536,-0.018304112212168613,-0.17950202202546334,1.1258683375240157,1.1375714,-0.011703062475984266,0.0,-9.554602865618994,-9.5516771,-0.002925765618996017,0.0,0.3511429875240157,0.37755602499999996,-0.02641303747598429,-0.01763574061899607,0.11480661974517452,1.1258683375240157,0.0,0.0,0.0,9.627147977974536,0.9816958877878313,43.66237394468328,-79.39455557447214,108.7,26.529321627543613,143.8064252895704,1.0,4.284519319870595,194.0,4.284519319870595,3.3080187059302952,11.908867341349064,0.5995966901274127,4.284519319870595,0.0,3.3080187059302952,11.908867341349064,-0.009911682466964562,0.016490592218638172,0.016490592218638172,0.0,0.0,0.0,0.0,2.582176155834297,0.0004300479884239455,1.548172758326204,53.82079328339744,0.014950220356499292,0.10807519824587432,123324.29130683988,1783556729324291.2,1783556729701655.0
195.0,108.22862884000759,24288.0,115.6571683733367,-974.0857079066658,36.65716837333671,982.0,0.11565716837333671,-0.9740857079066658,0.036657168373336706,0.982,0.9816139104751542,0.9816139104751542,9.626344055161171,-0.018386089524845762,-0.18030594483882867,1.1342093702283824,1.1375714,-0.00336202977161755,0.0,-9.552517607442903,-9.5516771,-0.0008405074429043754,0.0,0.3594840202283824,0.37755602499999996,-0.018072004771617557,-0.015550482442904379,0.11565716837333671,1.1342093702283824,0.0,0.0,0.0,9.626344055161171,0.9816139104751542,43.66237968588652,-79.3945651431442,108.7,25.758736601983962,144.4410578957983,1.0,4.582670700129274,195.0,4.582670700129274,3.3027929672997387,11.890054682279061,0.5991714158133317,4.582670700129274,0.0,3.3027929672997387,11.890054682279061,-0.020363159728077167,0.01349525748473568,0.01349525748473568,0.0,0.0,0.0,0.0,2.6286569372661046,0.00043749495559717124,1.5749818401498163,54.15799069456013,0.015043886304044482,0.10807519824587432,123451.66096390717,1783556729451661.0,1783556729914292.0
196.0,103.24733614456639,24288.0,117.49467228913278,-974.0,39.50532771086722,982.0,0.11749467228913278,-0.974,0.03950532771086722,0.982,0.9818569923371855,0.9818569923371855,9.62872787390346,-0.01814300766281455,-0.17792212609654026,1.1522291280042238,1.1375714,0.014657728004224008,-0.0024255390021119356,-9.5516771,-9.5516771,0.0,-0.0024255390021119356,0.38741492199577604,0.376343255498944,0.011071666496832056,-0.017135514002111978,0.11749467228913278,1.1522291280042238,-0.0024255390021119356,-0.0024255390021119356,-0.0040291345550032154,9.62872787390346,0.9818569923371855,43.662384968033734,-79.39457518340362,108.7,24.9501736684838,145.0249464488955,1.0,4.136591732368806,196.0,4.136591732368806,3.180074278833804,11.448267403801696,0.6050106554217344,0.5969288347403969,0.0,3.180074278833804,11.448267403801696,-0.13910969705005805,0.009248676571641811,0.009248676571641811,0.0,0.0,0.0,0.0,2.5076713002792284,0.00042143049195918144,1.5171497710530533,56.186018687881926,0.015607227413300537,0.12662969516971265,124257.89635902896,1783556730257896.2,1783556730247336.2
197.0,103.66168393641658,24288.0,118.32336787283316,-974.0,38.67663212716684,982.0,0.11832336787283315,-0.974,0.03867663212716684,0.982,0.9819236662427243,0.9819236662427243,9.629381721559213,-0.01807633375727568,-0.17726827844078755,1.1603558555501192,1.1375714,0.022784455550119345,-0.006488902775059512,-9.5516771,-9.5516771,0.0,-0.006488902775059512,0.3792881944498807,0.37431157361247014,0.004976620837410553,-0.021198877775059646,0.11832336787283315,1.1603558555501192,-0.006488902775059512,-0.006488902775059512,-0.010778908264218458,9.629381721559213,0.9819236662427243,43.662389940207234,-79.39458554209841,108.7,24.1159664726917,145.57457050774303,1.0,3.187977493836743,197.0,3.187977493836743,2.9780194661202772,10.720870078033,0.6033532642543337,1.5969288347403985,0.0,2.9780194661202772,10.720870078033,-0.3309815610612356,0.004157202220467282,0.004157202220467282,0.0,0.0,0.0,0.0,2.5177349794476855,0.00042196163058196115,1.5190618700950602,56.81608551326071,0.015782245975905756,0.13296905089302555,124507.33372972278,1783556730507333.8,1783556730661684.0
198.0,100.67384521954105,24288.0,116.3476904390821,-976.565542946203,34.521847648734315,984.5003119901112,0.11634769043908211,-0.9765655429462029,0.03452184764873432,0.9845003119901111,0.984084166148762,0.984084166148762,9.650568987962757,-0.015915833851237928,-0.15608101203724245,1.1409810784444243,1.1375714,0.00340967844442452,-0.009166952844442269,-9.57683648173338,-9.5516771,-0.02515938173338106,-0.009806649999999806,0.3385436772444604,0.37755602499999996,-0.03901234775553956,-0.013750429266663661,0.11634769043908211,1.1409810784444243,-0.009166952844442269,-0.009166952844442269,0.0010661619259292295,9.650568987962757,0.984084166148762,43.66239484800243,-79.39459595692868,108.7,23.277238570462675,146.11707818823754,1.0,2.4394983925495195,198.0,2.4394983925495195,2.8130411792562766,10.126948245322597,0.6,0.18349736564846278,0.0,2.8130411792562766,10.126948245322597,-0.455835864972016,0.0,0.0,0.0,0.0,0.0,0.0,2.445166352692213,0.00040752772544870217,1.4670998116153278,58.8936469129857,0.016359346364718252,0.14055043939927325,125350.13857365507,1783556731350138.5,1783556731065231.0
199.0,98.89640945469317,24288.0,112.79281890938633,-985.0972346174729,37.365744872490936,992.6765165084114,0.11279281890938633,-0.9850972346174728,0.03736574487249094,0.9926765165084115,0.9922632282507906,0.9922632282507906,9.730778187325615,-0.007736771749209354,-0.07587181267438393,1.1061196975577334,1.1375714,-0.03145170244226655,-0.005680814755773232,-9.66050379586144,-9.5516771,-0.10882669586143981,-0.009806649999999806,0.36643278195381324,0.37755602499999996,-0.011123243046186719,-0.008521222133660009,0.11279281890938633,1.1061196975577334,-0.005680814755773232,-0.005680814755773232,0.006876392073710955,9.730778187325615,0.9922632282507906,43.66239946933542,-79.39460662154326,108.7,22.418395018606557,146.6279203369042,1.0,2.5815545107148385,199.0,2.5815545107148385,2.8130411792562766,10.126948245322597,0.6,1.1834973656484586,0.0,2.8130411792562766,10.126948245322597,-0.2824841746091946,0.0,0.0,0.0,0.0,0.0,0.0,2.401995992835588,0.0004003326654725979,1.4411975957013525,59.39096945853402,0.01649749151625945,0.15365846331869665,125563.43086543682,1783556731563430.8,1783556731420718.0
200.0,97.11897368984528,24288.0,109.23794737969055,-993.6289262887426,40.209642096247556,1000.8527210267117,0.10923794737969056,-0.9936289262887427,0.040209642096247555,1.0008527210267117,1.0004422903528192,1.0004422903528192,9.810987386688474,0.0004422903528192232,0.0043373866884745815,1.0712583166710423,1.1375714,-0.0663130833289576,-0.002194676667104197,-9.744171109989498,-9.5516771,-0.19249400998949856,-0.009806649999999806,0.3943218866631661,0.37755602499999996,0.016765861663166112,-0.0032920150006563575,0.10923794737969056,1.0712583166710423,-0.002194676667104197,-0.002194676667104197,0.012686622221492682,9.810987386688474,1.0004422903528192,43.66240409066841,-79.39461728615785,108.7,21.559551466750438,147.13876248557085,1.0,2.7236106288801576,200.0,2.7236106288801576,2.8130411792562766,10.126948245322597,0.6,2.1834973656484546,0.0,2.8130411792562766,10.126948245322597,-0.10913248424637334,0.0,0.0,0.0,0.0,0.0,0.0,2.358825632978962,0.00039313760549649366,1.4152953797873773,59.888292004082345,0.016635636667800654,0.16676648723812007,125776.72315721857,1783556731776723.2,1783556731776205.2
201.0,103.18239929995522,24288.0,107.73041348813103,-997.0522306983172,45.1651251152345,1004.2957018610276,0.10773041348813103,-0.9970522306983173,0.0451651251152345,1.0042957018610277,1.0039133738956008,1.0039133738956008,9.84502708811329,0.003913373895600664,0.038377088113292254,1.0564744594333801,1.1375714,-0.08109694056661976,0.0,-9.777742258177652,-9.5516771,-0.22606515817765307,-0.009806649999999806,0.4429185742113144,0.3769591158805516,0.06595945833076283,0.0005969091194483563,0.10773041348813103,1.0564744594333801,0.0,0.0,0.014354719601838536,9.84502708811329,1.0039133738956008,43.66240846082698,-79.39462813900975,108.7,20.685548772878676,147.62183981392485,1.0,2.8410501623156477,201.0,2.8410501623156477,2.8130411792562766,10.126948245322597,0.6004869423254207,2.8410501623156477,0.0,2.8130411792562766,10.126948245322597,0.0,0.0,0.0,0.0,0.0,0.0,0.0,2.506094114197312,0.00041819156418732196,1.505489631074359,60.478185881951724,0.016799496078319924,0.17699913995611943,125984.52829113853,1783556731984528.2,1783556732121735.5
202.0,122.57038515032978,24288.0,109.70207306613523,-991.7944718236394,53.708983286586005,999.6951628456844,0.10970207306613523,-0.9917944718236393,0.05370898328658601,0.9996951628456845,0.9993838385111153,0.9993838385111153,9.800607519935028,-0.0006161614888846806,-0.006042480064970948,1.075809834834015,1.1375714,-0.06176156516598488,0.0,-9.726181257109292,-9.5516771,-0.1745041571092934,-0.009806649999999806,0.5267052009473987,0.37534783459716536,0.15135736635023328,0.002208190402834596,0.10970207306613523,1.075809834834015,0.0,0.0,0.008983781990551191,9.800607519935028,0.9993838385111153,43.66241240414613,-79.39463931174737,108.7,19.7857850189245,148.0577343133619,1.0,2.9166568982488412,202.0,2.9166568982488412,2.8130411792562766,10.126948245322597,0.6018013820440902,2.9166568982488412,0.0,2.8130411792562766,10.126948245322597,0.0,0.0,0.0,0.0,0.0,0.0,0.0,2.9769895145312097,0.0004980486843381082,1.7929752636171892,61.225393125667985,0.017007053646018885,0.18234546004377025,126183.00868865762,1783556732183008.8,1783556732450345.5
203.0,141.95837100070435,24288.0,111.67373264413942,-986.5367129489615,62.25284145793751,995.0946238303413,0.11167373264413943,-0.9865367129489615,0.06225284145793751,0.9950946238303413,0.9948543031266299,0.9948543031266299,9.756187951756765,-0.005145696873370024,-0.05046204824323414,1.09514521023465,1.1375714,-0.04242618976535,0.0,-9.674620256040933,-9.5516771,-0.12294315604093374,-0.009806649999999806,0.6104918276834829,0.37373655331377914,0.23675527436970376,0.0038194716862208354,0.11167373264413943,1.09514521023465,0.0,0.0,0.0036128443792638465,9.756187951756765,0.9948543031266299,43.66241634746529,-79.39465048448498,108.7,18.886021264970328,148.49362881279893,1.0,2.9922636341820343,203.0,2.9922636341820343,2.8130411792562766,10.126948245322597,0.6031158217627596,2.9922636341820343,0.0,2.8130411792562766,10.126948245322597,0.0,0.0,0.0,0.0,0.0,0.0,0.0,3.4478849148651074,0.0005779058044888943,2.0804608961600195,61.97260036938425,0.017214611213717847,0.18769178013142104,126381.4890861767,1783556732381489.0,1783556732778955.5
204.0,128.6665651848213,24288.0,120.22239135863114,-975.0,39.38910876622048,983.7222391358631,0.12022239135863114,-0.975,0.03938910876622048,0.9837222391358631,0.9832005496329919,0.9832005496329919,9.64190367005838,-0.01679945036700813,-0.16474632994162025,1.17897891421712,1.1375714,0.041407514217120106,0.009806650000000028,-9.561483749999999,-9.5516771,-0.009806649999999806,0.0,0.386275203482256,0.37265269999999995,0.01362250348225609,0.020157782156576026,0.12022239135863114,1.17897891421712,0.009806650000000028,0.009806650000000028,0.011707018878862857,9.64190367005838,0.9832005496329919,43.66242094432605,-79.39466105536951,108.7,18.034725989917497,149.00176580135044,1.0,2.5251960799247644,204.0,2.5251960799247644,2.3590229406009007,8.492482586163241,0.6038889565434524,0.3273345101474916,0.0,2.3590229406009007,8.492482586163241,-0.45401823865537616,0.0,0.0,0.0,0.0,0.0,0.0,3.12505353520894,0.0005241856612998748,1.8870683806795494,64.88063784630937,0.0180223994017526,0.2167828169014013,127286.93427934627,1783556733286934.2,1783556733277760.8
205.0,133.280071397675,24288.0,112.4201070965125,-976.2998215058125,35.120285590699986,983.43985720465,0.1124201070965125,-0.9762998215058125,0.03512028559069998,0.98343985720465,0.983383254383538,0.983383254383538,9.643695391600323,-0.01661674561646195,-0.1629546083996766,1.1024646432580143,1.1375714,-0.03510675674198563,0.009120009456997636,-9.574230644569974,-9.552363740543,-0.02186690402697332,-0.009806649999999806,0.344412348688038,0.37265269999999995,-0.028240351311961946,0.03432327500000004,0.1124201070965125,1.1024646432580143,0.009120009456997636,0.009120009456997636,-0.001134943046284946,9.643695391600323,0.983383254383538,43.6624269802499,-79.39466773967871,108.7,17.49642469409076,149.66897682318233,1.0,1.1623058009210334,205.0,1.1623058009210334,1.1784759928820459,4.242513574375365,0.6007001784941874,0.1488585172654391,0.0,1.1784759928820459,4.242513574375365,-1.4056677082048703,0.0,0.0,0.0,0.0,0.0,0.0,3.2371063741067307,0.0005401554515902944,1.9445596257250597,68.4987764325836,0.019027437897939887,0.24077048713275703,128405.72159779668,1783556734405721.5,1783556734140035.8
206.0,135.18237593543674,24288.0,115.18237593543672,-972.0729503741746,42.0,980.0729503741746,0.11518237593543673,-0.9720729503741746,0.042,0.9800729503741746,0.9797742522416648,0.9797742522416648,9.608303170745721,-0.020225747758335206,-0.19834682925427793,1.1295532469672507,1.1375714,-0.008018153032749253,0.004903324999999903,-9.5327791987869,-9.556401575303274,0.023622376516375106,-0.009806649999999806,0.4118793,0.37265269999999995,0.039226600000000056,0.034502124696725096,0.11518237593543673,1.1295532469672507,0.004903324999999903,0.004903324999999903,-0.007809050088057957,9.608303170745721,0.9797742522416648,43.662433401227055,-79.39466091187968,108.7,18.046281523790704,150.37875163879633,1.0,1.110085245079312,206.0,1.110085245079312,1.221345311714722,4.396843122172999,0.6048176240645633,1.110085245079312,0.0,1.221345311714722,4.396843122172999,0.042869318832676175,0.0,0.0,0.0,0.0,0.0,0.0,3.2833095467198876,0.0005516061497846522,1.9857821392247477,70.27912326489411,0.0195219786846928,0.24472510112656123,128947.8851122524,1783556734947885.0,1783556735036475.2
207.0,137.306621481145,24288.0,117.30662148114499,-972.922648592458,42.0,980.922648592458,0.11730662148114498,-0.9729226485924579,0.042,0.9809226485924579,0.980871486318869,0.980871486318869,9.619063361308935,-0.019128513681131026,-0.1875866386910636,1.1503849795480705,1.1375714,0.012813579548070577,0.004903324999999903,-9.541111891819227,-9.554318402045192,0.013206510225964955,-0.009806649999999806,0.4118793,0.37265269999999995,0.039226600000000056,0.036585297954807104,0.11730662148114498,1.1503849795480705,0.004903324999999903,0.004903324999999903,-0.004365788504451264,9.619063361308935,0.980871486318869,43.662438074567255,-79.3946715331074,108.7,17.19093200596349,150.8953426645965,1.0,1.658468914576635,207.0,1.658468914576635,1.7206708359939624,6.194415009578265,0.602693378518855,1.658468914576635,0.0,1.7206708359939624,6.194415009578265,0.5421948431119166,0.0,0.0,0.0,0.0,0.0,0.0,3.33490322253405,0.0005582703329106481,2.0097731984783334,71.14589701857204,0.01976274917182556,0.2907869411451897,129202.7945777374,1783556735202794.5,1783556735461324.2
208.0,139.43086702685326,24288.0,119.43086702685326,-973.7723468107413,42.0,981.7723468107413,0.11943086702685325,-0.9737723468107413,0.042,0.9817723468107413,0.9819687203960732,0.9819687203960732,9.629823551872152,-0.01803127960392685,-0.17682644812784923,1.1712167121288903,1.1375714,0.03364531212889041,0.004903324999999903,-9.549444584851555,-9.55223522878711,0.0027906439355548027,-0.009806649999999806,0.4118793,0.37265269999999995,0.039226600000000056,0.038668471212889105,0.11943086702685325,1.1712167121288903,0.004903324999999903,0.004903324999999903,-0.0009225269208445715,9.629823551872152,0.9819687203960732,43.66244274790746,-79.39468215433513,108.7,16.335582488136275,151.41193369039672,1.0,2.2068525840739577,208.0,2.2068525840739577,2.2199963602732025,7.99198689698353,0.6005691329731467,2.2068525840739577,0.0,2.2199963602732025,7.99198689698353,1.0415203673911568,0.0,0.0,0.0,0.0,0.0,0.0,3.386496898348212,0.0005649345160366441,2.0337642577319186,72.01267077224996,0.02000351965895832,0.3368487811638182,129457.70404322239,1783556735457704.0,1783556735886173.5
209.0,133.93594969436063,24288.0,117.62396646290708,-972.3119832314535,40.24793292581417,980.3119832314535,0.11762396646290708,-0.9723119832314535,0.04024793292581417,0.9803119832314535,0.9802325741214627,0.9802325741214627,9.612797773008243,-0.019767425878537324,-0.19385222699175805,1.1534970707134677,1.1368065224108164,0.016690548302651226,0.004903324999999903,-9.535123310356733,-9.5516771,0.01655378964326579,-0.004138447410815698,0.3946973914269355,0.37755602499999996,0.017141366426935534,0.03387245687571576,0.11762396646290708,1.1534970707134677,0.004903324999999903,0.004903324999999903,0.0,9.612797773008243,0.9802325741214627,43.66244540392454,-79.3946938915221,108.7,15.390362456423565,151.70552981867618,1.0,2.718684996466419,209.0,2.718684996466419,2.6661977694918777,9.59831197017076,0.6001559916157267,0.7320775960685942,0.0,2.6661977694918777,9.59831197017076,1.3043846961501304,0.0,0.0,0.0,0.0,0.0,0.0,3.253036346176631,0.0005423190112201123,1.9523484403924038,74.49958752454161,0.020694329867928216,0.22494328163241922,130219.75096105179,1783556736219751.0,1783556736155991.5
210.0,135.21443396896058,24288.0,118.47628931264038,-972.7381446563202,41.952578625280765,980.7381446563202,0.11847628931264038,-0.9727381446563201,0.04195257862528076,0.9807381446563201,0.9808332466150831,0.9808332466150831,9.618688357917804,-0.019166753384916965,-0.18796164208219596,1.1618555025878048,1.1357617184265243,0.026093784161280355,0.004903324999999903,-9.539302526293902,-9.5516771,0.01237457370609735,-0.0030936434265237773,0.4114142551756096,0.37755602499999996,0.03385823017560963,0.026558828985670836,0.11847628931264038,1.1618555025878048,0.004903324999999903,0.004903324999999903,0.0,9.618688357917804,0.9808332466150831,43.66244732165095,-79.3947060371227,108.7,14.41225202586235,151.91751529621448,1.0,3.2171405472763923,210.0,3.2171405472763923,3.092957058517024,11.134645410661285,0.6003690723281601,1.7320775960685972,0.0,3.092957058517024,11.134645410661285,1.4807100401341229,0.0,0.0,0.0,0.0,0.0,0.0,3.2840881722381146,0.0005476941398147367,1.9716989033330519,74.93192727409999,0.02081442424280554,0.20332370798977098,130347.81246922421,1783556736347812.5,1783556736369072.2
211.0,136.49291824356052,24288.0,119.32861216237367,-973.1643060811869,43.65722432474736,981.1643060811869,0.11932861216237368,-0.9731643060811869,0.04365722432474736,0.9811643060811869,0.9814339191087034,0.9814339191087034,9.624578942827366,-0.018566080891296608,-0.1820710571726339,1.1702139344621416,1.1347169144422322,0.03549702001990949,0.004903324999999903,-9.54348174223107,-9.5516771,0.008195357768928912,-0.002048839442231857,0.4281311189242837,0.37755602499999996,0.050575093924283714,0.019245201095625913,0.11932861216237368,1.1702139344621416,0.004903324999999903,0.004903324999999903,0.0,9.624578942827366,0.9814339191087034,43.662449239377366,-79.39471818272331,108.7,13.434141595301133,152.12950077375277,1.0,3.7155960980863663,211.0,3.7155960980863663,3.51971634754217,12.670978851151812,0.6005821530405934,2.7320775960686,0.0,3.51971634754217,12.670978851151812,1.6570353841181154,0.0,0.0,0.0,0.0,0.0,0.0,3.3151399982995984,0.000553069268409361,1.9910493662736997,75.36426702365836,0.02093451861768287,0.18170413434712274,130475.87397739665,1783556736475874.0,1783556736582153.0
212.0,137.77140251816047,24288.0,120.18093501210697,-973.5904675060535,45.36187002421396,981.5904675060535,0.12018093501210697,-0.9735904675060535,0.045361870024213956,0.9815904675060535,0.9820345916023238,0.9820345916023238,9.630469527736928,-0.017965408397676248,-0.1761804722630718,1.1785723663364787,1.1336721104579401,0.04490025587853862,0.004903324999999903,-9.547660958168239,-9.5516771,0.004016141831760472,-0.0010040354579399363,0.4448479826729578,0.37755602499999996,0.06729195767295781,0.01193157320558099,0.12018093501210697,1.1785723663364787,0.004903324999999903,0.004903324999999903,0.0,9.630469527736928,0.9820345916023238,43.662451157103774,-79.39473032832392,108.7,12.456031164739917,152.34148625129106,1.0,4.21405164889634,212.0,4.21405164889634,3.9464756365673157,14.207312291642337,0.6007952337530267,3.732077596068603,0.0,3.9464756365673157,14.207312291642337,1.8333607281021078,0.0,0.0,0.0,0.0,0.0,0.0,3.3461918243610818,0.0005584443970039854,2.0103998292143475,75.79660677321674,0.021054612992560198,0.1600845607044745,130603.93548556908,1783556736603935.5,1783556736795233.8
213.0,137.04478310879182,24288.0,116.99104337824164,-974.0268698652751,41.973130134724904,982.0268698652751,0.11699104337824165,-0.9740268698652751,0.04197313013472491,0.9820268698652751,0.98192519745352,0.98192519745352,9.62939673760756,-0.01807480254647997,-0.1772532623924378,1.1472902155452334,1.132668075,0.014622140545233267,0.004947242227383234,-9.551940603364299,-9.556580425,0.004639821635700808,4.391722738333855e-05,0.4116157966357,0.3726966172273833,0.03891917940831673,0.004947242227383346,0.11699104337824165,1.1472902155452334,0.004947242227383234,0.004947242227383234,7.319537897221767e-05,9.62939673760756,0.98192519745352,43.66245302686986,-79.39474248365757,108.7,11.477136911956693,152.54817019463007,1.0,4.690043656646862,213.0,4.690043656646862,4.356582665855563,15.683697597080027,0.6059462602694498,0.03902026309711454,0.0,4.356582665855563,15.683697597080027,1.9848674366706065,0.000359808166772935,0.000359808166772935,0.0,0.0,0.0,0.0,3.328543692146336,0.0005602533707497067,2.016912134698944,78.24704912217356,0.021735291422825983,0.1392426082933906,131338.37397305502,1783556737338374.0,1783556737008956.5
214.0,138.19247164898346,24288.0,116.7615056702033,-974.7154829893901,41.28451701060992,982.7154829893901,0.11676150567020331,-0.97471548298939,0.04128451701060992,0.98271548298939,0.9825528109149709,0.9825528109149709,9.635551523159299,-0.017447189085029034,-0.17109847684069995,1.145039219580699,1.132668075,0.012371144580699184,0.00607274020965025,-9.558693591257901,-9.556580425,-0.002113166257901291,0.0011694152096505589,0.4048628087420978,0.3738221152096503,0.031040693532447455,0.006072740209650387,0.11676150567020331,1.145039219580699,0.00607274020965025,0.00607274020965025,0.0019490253494172452,9.635551523159299,0.9825528109149709,43.66245371548299,-79.3947548786938,108.7,10.478938912532668,152.62428948935784,1.0,4.612810032744112,214.0,4.612810032744112,4.356582665855563,15.683697597080027,0.6045690340212199,1.039020263097113,0.0,4.356582665855563,15.683697597080027,1.5251479812198894,0.009580867642395526,0.009580867642395526,0.0,0.0,0.0,0.0,3.3564187514105104,0.0005636262529206717,2.029054510514418,78.7220401320351,0.021867233370009745,0.13755168632664241,131476.09659787803,1783556737476096.5,1783556737238494.2
215.0,139.34016018917512,24288.0,116.53196796216498,-975.404096113505,40.59590388649494,983.404096113505,0.11653196796216499,-0.9754040961135051,0.040595903886494936,0.9834040961135051,0.983180424376422,0.983180424376422,9.641706308711036,-0.016819575623578095,-0.16494369128896214,1.142788223616165,1.132668075,0.0101201486161651,0.007198238191917266,-9.565446579151503,-9.556580425,-0.00886615415150339,0.002294913191917779,0.39810982084849555,0.3749476131919174,0.023162207656578174,0.007198238191917429,0.11653196796216499,1.142788223616165,0.007198238191917266,0.007198238191917266,0.003824855319862273,9.641706308711036,0.983180424376422,43.66245440409611,-79.39476727373004,108.7,9.480740913108642,152.70040878408562,1.0,4.535576408841362,215.0,4.535576408841362,4.356582665855563,15.683697597080027,0.6031918077729899,2.0390202630971115,0.0,4.356582665855563,15.683697597080027,1.0654285257691722,0.018801927118018116,0.018801927118018116,0.0,0.0,0.0,0.0,3.384293810674685,0.0005669991350916368,2.041196886329893,79.19703114189663,0.021999175317193503,0.1358607643598942,131613.81922270101,1783556737613819.2,1783556737468032.0
216.0,140.48784872936676,24288.0,116.30243025412665,-976.09270923762,39.90729076237995,984.09270923762,0.11630243025412665,-0.97609270923762,0.03990729076237995,0.98409270923762,0.9838080378378729,0.9838080378378729,9.647861094262774,-0.01619196216212716,-0.1587889057372243,1.140537227651631,1.132668075,0.007869152651631016,0.008323736174184283,-9.572199567045105,-9.556580425,-0.015619142045105488,0.0034204111741849993,0.3913568329548933,0.3760731111741844,0.015283721780708893,0.00832373617418447,0.11630243025412665,1.140537227651631,0.008323736174184283,0.008323736174184283,0.0057006852903073,9.647861094262774,0.9838080378378729,43.66245509270924,-79.39477966876628,108.7,8.482542913684616,152.77652807881339,1.0,4.458342784938613,216.0,4.458342784938613,4.356582665855563,15.683697597080027,0.6018145815247599,3.03902026309711,0.0,4.356582665855563,15.683697597080027,0.6057090703184551,0.028022986593640706,0.028022986593640706,0.0,0.0,0.0,0.0,3.4121688699388595,0.0005703720172626019,2.053339262145367,79.67202215175817,0.022131117264377262,0.134169842393146,131751.541847524,1783556737751541.8,1783556737697569.8
217.0,141.6355372695584,24288.0,116.07289254608833,-976.7813223617351,39.218677638264964,984.7813223617351,0.11607289254608832,-0.976781322361735,0.03921867763826496,0.984781322361735,0.9844356512993238,0.9844356512993238,9.654015879814512,-0.015564348700676222,-0.15263412018548644,1.138286231687097,1.132668075,0.005618156687096931,0.0094492341564513,-9.578952554938708,-9.556580425,-0.02237212993870759,0.00454590915645222,0.3846038450612911,0.3771986091564514,0.007405235904839609,0.009449234156451514,0.11607289254608832,1.138286231687097,0.0094492341564513,0.0094492341564513,0.007576515260752328,9.654015879814512,0.9844356512993238,43.66245578132236,-79.39479206380251,108.7,7.484344914260591,152.85264737354117,1.0,4.381109161035863,217.0,4.381109161035863,4.356582665855563,15.683697597080027,0.6004373552765299,4.039020263097108,0.0,4.356582665855563,15.683697597080027,0.1459896148677382,0.03724404606926329,0.03724404606926329,0.0,0.0,0.0,0.0,3.440043929203034,0.000573744899433567,2.065481637960841,80.14701316161971,0.022263059211561024,0.13247892042639778,131889.26447234701,1783556737889264.5,1783556737927107.5
218.0,141.83371311455474,24288.0,116.0,-976.8337131145547,39.0,984.8337131145547,0.116,-0.9768337131145547,0.039,0.9848337131145547,0.9844699615635719,0.9844699615635719,9.654352348567402,-0.015530038436428042,-0.15229765143259705,1.1375714,1.132668075,0.004903324999999903,0.009806649999999842,-9.579466332714848,-9.556580425,-0.02288590771484697,0.004903325000000791,0.38245935,0.37755602499999996,0.004903325000000014,0.009806650000000028,0.116,1.1375714,0.009806649999999842,0.009806649999999842,0.00681327726237352,9.654352348567402,0.9844699615635719,43.66245616628689,-79.39480448063115,108.7,6.484391926709982,152.89520135207252,1.0,4.3145777004072094,218.0,4.3145777004072094,4.356582665855563,15.683697597080027,0.6001662868854453,4.3145777004072094,0.0,4.356582665855563,15.683697597080027,0.0,0.04017230787232062,0.04017230787232062,0.0,0.0,0.0,0.0,3.4448572241263054,0.0005743010560761038,2.0674838018739736,80.64010235431273,0.022400028431753528,0.13118035711736845,132032.9384181526,1783556738032938.5,1783556738166287.0
219.0,141.59004704733132,24288.0,116.0,-976.5900470473313,39.0,984.5900470473313,0.116,-0.9765900470473313,0.039,0.9845900470473313,0.9842281868207373,0.9842281868207373,9.651981348285583,-0.015771813179262635,-0.1546686517144159,1.1375714,1.132668075,0.004903324999999903,0.009806649999999896,-9.577076784876711,-9.556580425,-0.02049635987671039,0.004903325000000791,0.38245935,0.37755602499999996,0.004903325000000014,0.009806650000000028,0.116,1.1375714,0.009806649999999896,0.009806649999999896,0.004821987397259793,9.651981348285583,0.9842281868207373,43.66245640995295,-79.39481690760059,108.7,5.483622280979134,152.92213619926676,1.0,4.253026335684427,219.0,4.253026335684427,4.356582665855563,15.683697597080027,0.6004099529526686,4.253026335684427,0.0,4.356582665855563,15.683697597080027,0.0,0.04017230787232062,0.04017230787232062,0.0,0.0,0.0,0.0,3.4389390626855825,0.0005735464904924116,2.064767365772682,81.14161327296101,0.02253933702026694,0.13006437219879108,132179.38172455388,1783556738179381.8,1783556738409953.0
220.0,141.34638098010788,24288.0,116.0,-976.3463809801079,39.0,984.3463809801079,0.116,-0.9763463809801078,0.039,0.9843463809801078,0.9839864120779028,0.9839864120779028,9.649610348003764,-0.016013587922097224,-0.15703965199623474,1.1375714,1.132668075,0.004903324999999903,0.009806649999999952,-9.574687237038574,-9.556580425,-0.01810681203857381,0.004903325000000791,0.38245935,0.37755602499999996,0.004903325000000014,0.009806650000000028,0.116,1.1375714,0.009806649999999952,0.009806649999999952,0.002830697532146067,9.649610348003764,0.9839864120779028,43.662456653619024,-79.39482933457002,108.7,4.482852635248285,152.94907104646103,1.0,4.191474970961644,220.0,4.191474970961644,4.356582665855563,15.683697597080027,0.6006536190198921,4.191474970961644,0.0,4.356582665855563,15.683697597080027,0.0,0.04017230787232062,0.04017230787232062,0.0,0.0,0.0,0.0,3.43302090124486,0.0005727919249087196,2.0620509296713907,81.64312419160929,0.02267864560878035,0.1289483872802137,132325.82503095517,1783556738325825.0,1783556738653619.0
221.0,141.10271491288447,24288.0,116.0,-976.1027149128845,39.0,984.1027149128845,0.116,-0.9761027149128845,0.039,0.9841027149128845,0.9837446373350682,0.9837446373350682,9.647239347721944,-0.016255362664931817,-0.1594106522780536,1.1375714,1.132668075,0.004903324999999903,0.009806650000000005,-9.572297689200438,-9.556580425,-0.01571726420043723,0.004903325000000791,0.38245935,0.37755602499999996,0.004903325000000014,0.009806650000000028,0.116,1.1375714,0.009806650000000005,0.009806650000000005,0.0008394076670323403,9.647239347721944,0.9837446373350682,43.66245689728509,-79.39484176153944,108.7,3.4820829895174366,152.9760058936553,1.0,4.129923606238862,221.0,4.129923606238862,4.356582665855563,15.683697597080027,0.6008972850871155,4.129923606238862,0.0,4.356582665855563,15.683697597080027,0.0,0.04017230787232062,0.04017230787232062,0.0,0.0,0.0,0.0,3.4271027398041376,0.0005720373593250275,2.059334493570099,82.14463511025755,0.02281795419729376,0.12783240236163634,132472.26833735645,1783556738472268.2,1783556738897285.0
222.0,136.74348565406677,24288.0,112.76954303779968,-972.3847715188998,42.71742827033387,979.5130286918665,0.11276954303779968,-0.9723847715188998,0.04271742827033387,0.9795130286918664,0.9798412624632893,0.9798412624632893,9.608960316535615,-0.02015873753671071,-0.1976896834643841,1.1058914392316381,1.12776475,-0.02187331076836188,0.00980665,-9.535837119615818,-9.556580425,0.02074330538418137,0.0006288866026366188,0.4189148679472696,0.37755602499999996,0.041358842947269644,0.004903325000000014,0.11276954303779968,1.1058914392316381,0.00980665,0.00980665,-4.684015345423187e-17,9.608960316535615,0.9798412624632893,43.66245725651435,-79.39485418240169,108.7,2.481805168068157,153.01571509590542,1.0,4.156073075385454,222.0,4.156073075385454,4.376280022140995,15.754608079707582,0.6010260573837329,0.5784603328034169,0.0,4.376280022140995,15.754608079707582,0.019697356285432236,0.04017230787232062,0.04017230787232062,0.0,0.0,0.0,0.0,3.321225779565974,0.0005544721629927662,1.9960997867739585,84.60820370261244,0.023502278806281227,0.1230877053299462,133211.9803611637,1783556739211980.2,1783556739128257.2
223.0,136.30004237647836,24288.0,114.0998728705649,-973.0499364352825,40.50021188239185,980.3999152470433,0.11409987287056489,-0.9730499364352824,0.04050021188239185,0.9803999152470433,0.9805691011218103,0.9805691011218103,9.616097975516201,-0.0194308988781897,-0.190552024483799,1.1189375182861252,1.12776475,-0.008827231713874933,0.00980664999999995,-9.542360159143062,-9.556580425,0.014220265856938022,0.0017160598571773742,0.397171402856458,0.37755602499999996,0.01961537785645806,0.004903325000000014,0.11409987287056489,1.1189375182861252,0.00980664999999995,0.00980664999999995,-1.2781399175914808e-16,9.616097975516201,0.9805691011218103,43.66245769995763,-79.39486659881345,108.7,1.4818857522557307,153.06473331568628,1.0,4.246132510740088,223.0,4.246132510740088,4.410331373925088,15.877192946130315,0.6027998304940865,1.5784603328034177,0.0,4.410331373925088,15.877192946130315,0.05374870806952452,0.04017230787232062,0.04017230787232062,0.0,0.0,0.0,0.0,3.310455429239907,0.0005542926571539985,1.9954535657543946,85.05021887999423,0.023625060799998394,0.12361619725142188,133346.7871175506,1783556739346787.0,1783556739349978.8
224.0,135.85659909888997,24288.0,115.4302027033301,-973.715101351665,38.282995494449835,981.2868018022201,0.1154302027033301,-0.9737151013516651,0.038282995494449835,0.98128680180222,0.9812969397803313,0.9812969397803313,9.623235634496785,-0.018703060219668687,-0.1834143655032139,1.131983597340612,1.12776475,0.0042188473406120156,0.009806649999999901,-9.548883198670305,-9.556580425,0.007697226329694672,0.0028032331117181296,0.3754279377656464,0.37755602499999996,-0.0021280872343535304,0.004903325000000014,0.1154302027033301,1.131983597340612,0.009806649999999901,0.009806649999999901,-2.087878300640643e-16,9.623235634496785,0.9812969397803313,43.662458143400904,-79.39487901522523,108.7,0.4819663364433042,153.11375153546715,1.0,4.336191946094722,224.0,4.336191946094722,4.44438272570918,15.999777812553047,0.6045736036044401,2.5784603328034184,0.0,4.44438272570918,15.999777812553047,0.0878000598536168,0.04017230787232062,0.04017230787232062,0.0,0.0,0.0,0.0,3.2996850789138397,0.0005541131513152307,1.9948073447348305,85.49223405737602,0.023747842793715557,0.12414468917289756,133481.59387393744,1783556739481593.8,1783556739571700.5
225.0,135.41315582130156,24288.0,116.76053253609531,-974.3802662680476,36.06577910650781,982.1736883573968,0.11676053253609531,-0.9743802662680476,0.036065779106507816,0.9821736883573968,0.9820247784388523,0.9820247784388523,9.630373293477371,-0.017975221561147673,-0.17627670652262883,1.1450296763950991,1.12776475,0.01726492639509896,0.009806649999999851,-9.555406238197548,-9.556580425,0.0011741868024513213,0.0038904063662588847,0.3536844726748348,0.37755602499999996,-0.02387155232516512,0.004903325000000014,0.11676053253609531,1.1450296763950991,0.009806649999999851,0.009806649999999851,-2.8976166836898047e-16,9.630373293477371,0.9820247784388523,43.66245858684418,-79.394891431637,108.7,-0.5179530793691227,153.162769755248,1.0,4.426251381449355,225.0,4.426251381449355,4.478434077493272,16.12236267897578,0.6063473767147938,3.578460332803419,0.0,4.478434077493272,16.12236267897578,0.12185141163770909,0.04017230787232062,0.04017230787232062,0.0,0.0,0.0,0.0,3.288914728587773,0.0005539336454764629,1.9941611237152665,85.93424923475783,0.023870624787432723,0.12467318109437325,133616.40063032432,1783556739616400.8,1783556739793422.0
226.0,136.928122799063,24288.0,114.0431263205622,-974.0,35.071877200937,982.0,0.11404312632056221,-0.974,0.035071877200937004,0.982,0.9812809734099845,0.9812809734099845,9.623079057891024,-0.018719026590015456,-0.18357094210897507,1.1183810247315413,1.1276942625447433,-0.009313237813201848,0.004903324999999903,-9.5516771,-9.561483749999999,0.009806649999999806,0.00497381245525766,0.3439376245525689,0.38245935,-0.03852172544743111,0.009736162544743144,0.11404312632056221,1.1183810247315413,0.004903324999999903,0.004903324999999903,-0.008041327029522498,9.623079057891024,0.9812809734099845,43.662458971249116,-79.39490384815097,108.7,-1.5178807251667055,153.20526187731076,1.0,4.513624801794454,226.0,4.513624801794454,4.5113146896349114,16.24073288268568,0.6009856245598125,0.06830063238652431,0.0,4.5113146896349114,16.24073288268568,0.1525242863048539,0.03959481326331226,0.03959481326331226,0.0,0.0,0.0,0.0,3.3257102465436423,0.0005551960473004114,1.9987057702814812,88.37352828674871,0.024548202301874635,0.12516557668340098,134351.62526411243,1783556740351625.2,1783556740014375.5
227.0,135.87575771215964,24288.0,114.67454537270422,-974.0,36.12424228784037,982.0,0.11467454537270423,-0.974,0.03612424228784037,0.982,0.981395479185582,0.981395479185582,9.624201975955286,-0.018604520814418022,-0.1824480240447125,1.12457313037923,1.1266622449367951,-0.0020891145575651915,0.004903324999999903,-9.5516771,-9.561483749999999,0.009806649999999806,0.006005830063205547,0.3542578006320498,0.38245935,-0.02820154936795018,0.008704144936795048,0.11467454537270423,1.12457313037923,0.004903324999999903,0.004903324999999903,-0.006324159628610562,9.624201975955286,0.981395479185582,43.662458550303086,-79.394916266059,108.7,-2.517920637449942,153.15873050274573,1.0,4.564357880778994,227.0,4.564357880778994,4.528225063340977,16.301610228027517,0.6007751515424319,1.0683006323865247,0.0,4.528225063340977,16.301610228027517,0.13711083814641978,0.03113962641027953,0.03113962641027953,0.0,0.0,0.0,0.0,3.300150403312933,0.000550741534621815,1.9826695246385342,88.77839620352313,0.024660665612089756,0.12516557668340098,134477.90907454083,1783556740477909.0,1783556740224848.5
228.0,134.82339262525625,24288.0,115.30596442484625,-974.0,37.17660737474374,982.0,0.11530596442484625,-0.974,0.03717660737474374,0.982,0.9815099849611794,0.9815099849611794,9.625324894019549,-0.018490015038820588,-0.1813251059804499,1.1307652360269185,1.125630227328847,0.005135008698071463,0.004903324999999903,-9.5516771,-9.561483749999999,0.009806649999999806,0.007037847671153433,0.36457797671153075,0.38245935,-0.017881373288469244,0.0076721273288469505,0.11530596442484625,1.1307652360269185,0.004903324999999903,0.004903324999999903,-0.004606992227698626,9.625324894019549,0.9815099849611794,43.66245812935705,-79.39492868396702,108.7,-3.5179605497331785,153.1121991281807,1.0,4.615090959763533,228.0,4.615090959763533,4.545135437047042,16.362487573369354,0.6005646785250512,2.068300632386525,0.0,4.545135437047042,16.362487573369354,0.12169738998798564,0.022684439557246798,0.022684439557246798,0.0,0.0,0.0,0.0,3.274590560082224,0.0005462870219432186,1.9666332789955874,89.18326412029757,0.024773128922304877,0.12516557668340098,134604.19288496926,1783556740604193.0,1783556740435321.5
229.0,133.77102753835288,24288.0,115.93738347698827,-974.0,38.22897246164711,982.0,0.11593738347698827,-0.974,0.038228972461647116,0.982,0.9816244907367768,0.9816244907367768,9.626447812083812,-0.018375509263223153,-0.1802021879161873,1.136957341674607,1.1245982097208989,0.012359131953708118,0.004903324999999903,-9.5516771,-9.561483749999999,0.009806649999999806,0.008069865279101321,0.3748981527910117,0.38245935,-0.0075611972089883045,0.006640109720898854,0.11593738347698827,1.136957341674607,0.004903324999999903,0.004903324999999903,-0.0028898248267866895,9.626447812083812,0.9816244907367768,43.66245770841102,-79.39494110187505,108.7,-4.518000462016414,153.06566775361566,1.0,4.665824038748072,229.0,4.665824038748072,4.562045810753108,16.423364918711187,0.6003542055076706,3.0683006323865256,0.0,4.562045810753108,16.423364918711187,0.1062839418295515,0.014229252704214067,0.014229252704214067,0.0,0.0,0.0,0.0,3.249030716851515,0.0005418325092646223,1.9505970333526403,89.588132037072,0.024885592232519994,0.12516557668340098,134730.47669539767,1783556740730476.8,1783556740645794.5
230.0,132.71866245144952,24288.0,116.5688025291303,-974.0,39.28133754855048,982.0,0.1165688025291303,-0.974,0.03928133754855048,0.982,0.9817389965123743,0.9817389965123743,9.627570730148074,-0.01826100348762572,-0.17907926985192474,1.1431494473222954,1.1235661921129507,0.019583255209344775,0.004903324999999903,-9.5516771,-9.561483749999999,0.009806649999999806,0.009101882887049207,0.3852183288704926,0.38245935,0.0027589788704926316,0.005608092112950757,0.1165688025291303,1.1431494473222954,0.004903324999999903,0.004903324999999903,-0.0011726574258747527,9.627570730148074,0.9817389965123743,43.66245728746498,-79.39495351978307,108.7,-5.518040374299651,153.01913637905062,1.0,4.716557117732611,230.0,4.716557117732611,4.578956184459174,16.484242264053023,0.6001437324902898,4.068300632386526,0.0,4.578956184459174,16.484242264053023,0.09087049367111737,0.005774065851181336,0.005774065851181336,0.0,0.0,0.0,0.0,3.2234708736208058,0.000537377996586026,1.9345607877096935,89.99299995384644,0.024998055542735115,0.12516557668340098,134856.76050582607,1783556740856760.5,1783556740856267.5
231.0,132.621692050826,24288.0,116.93092310546378,-974.0,40.0,982.0,0.11693092310546378,-0.974,0.04,0.982,0.9818089957716166,0.9818089957716166,9.628257188383724,-0.018191004228383323,-0.17839281161627532,1.1467006370721964,1.1232001314639017,0.023500505608294493,0.0038872056082944534,-9.5516771,-9.561483749999999,0.009806649999999806,0.009806649999999806,0.392266,0.38245935,0.009806650000000028,0.004903325000000014,0.11693092310546378,1.1467006370721964,0.0038872056082944534,0.0038872056082944534,-0.0016823168736845194,9.628257188383724,0.9818089957716166,43.662456861846216,-79.39496593738299,108.7,-6.5180554738122325,152.97208848031778,1.0,4.740102294205794,231.0,4.740102294205794,4.590504316161536,16.52581553818153,0.6002763075781449,4.740102294205794,0.0,4.590504316161536,16.52581553818153,0.07479465919629542,0.0,0.0,0.0,0.0,0.0,0.0,3.2211156565304617,0.0005371154552946812,1.9336156390608523,90.41236816852891,0.02511454671348025,0.1250832514288125,134984.72244429987,1783556740984722.5,1783556741069077.0
232.0,134.5822609513527,24288.0,116.71308211651636,-974.0,40.0,982.0,0.11671308211651638,-0.974,0.04,0.982,0.9817831457364545,0.9817831457364545,9.6280036861364,-0.018216854263545485,-0.1786463138635983,1.1445643467379352,1.1242682766310323,0.020296070106902733,0.0006827701069027411,-9.5516771,-9.561483749999999,0.009806649999999806,0.009806649999999806,0.392266,0.38245935,0.009806650000000028,0.004903325000000014,0.11671308211651638,1.1445643467379352,0.0006827701069027411,0.0006827701069027411,-0.006987673664068149,9.6280036861364,0.9817831457364545,43.66245642616423,-79.39497835431936,108.7,-7.518017136508046,152.92392819443177,1.0,4.705095566700133,232.0,4.705095566700133,4.590504316161536,16.52581553818153,0.6011476715339346,4.705095566700133,0.0,4.590504316161536,16.52581553818153,0.057292308645882854,0.0,0.0,0.0,0.0,0.0,0.0,3.2687339539864544,0.0005458807493078769,1.9651706975083572,90.86296424458916,0.02523971229016365,0.124823630393511,135116.2984016241,1783556741116298.5,1783556741286918.0
233.0,136.54282985187945,24288.0,116.49524112756895,-974.0,40.0,982.0,0.11649524112756895,-0.974,0.04,0.982,0.9817572957012923,0.9817572957012923,9.627750183889079,-0.018242704298707647,-0.17889981611092132,1.142428056403674,1.125336421798163,0.017091634605510973,-0.002521665394488971,-9.5516771,-9.561483749999999,0.009806649999999806,0.009806649999999806,0.392266,0.38245935,0.009806650000000028,0.004903325000000014,0.11649524112756895,1.142428056403674,-0.002521665394488971,-0.002521665394488971,-0.012293030454451778,9.627750183889079,0.9817572957012923,43.66245599048226,-79.39499077125573,108.7,-8.51797879920386,152.87576790854578,1.0,4.670088839194471,233.0,4.670088839194471,4.590504316161536,16.52581553818153,0.6020190354897241,4.670088839194471,0.0,4.590504316161536,16.52581553818153,0.039789958095470285,0.0,0.0,0.0,0.0,0.0,0.0,3.3163522514424475,0.0005546460433210726,1.9967257559558618,91.3135603206494,0.02536487786684705,0.12456400935820952,135247.87435894835,1783556741247874.2,1783556741504758.8
234.0,138.50339875240616,24288.0,116.27740013862154,-974.0,40.0,982.0,0.11627740013862155,-0.974,0.04,0.982,0.9817314456661302,0.9817314456661302,9.627496681641755,-0.018268554333869806,-0.17915331835824433,1.1402917660694127,1.1264045669652936,0.013887199104119213,-0.0057261008958806835,-9.5516771,-9.561483749999999,0.009806649999999806,0.009806649999999806,0.392266,0.38245935,0.009806650000000028,0.004903325000000014,0.11627740013862155,1.1402917660694127,-0.0057261008958806835,-0.0057261008958806835,-0.01759838724483541,9.627496681641755,0.9817314456661302,43.66245555480028,-79.3950031881921,108.7,-9.517940461899672,152.82760762265977,1.0,4.63508211168881,234.0,4.63508211168881,4.590504316161536,16.52581553818153,0.6028903994455138,4.63508211168881,0.0,4.590504316161536,16.52581553818153,0.022287607545057715,0.0,0.0,0.0,0.0,0.0,0.0,3.3639705488984406,0.0005634113373342684,2.028280814403366,91.76415639670965,0.025490043443530452,0.12430438832290805,135379.4503162726,1783556741379450.2,1783556741722599.8
235.0,140.46396765293287,24288.0,116.05955914967413,-974.0,40.0,982.0,0.11605955914967413,-0.974,0.04,0.982,0.981705595630968,0.981705595630968,9.627243179394432,-0.01829440436903197,-0.17940682060556734,1.1381554757351517,1.1274727121324242,0.010682763602727453,-0.008930536397272397,-9.5516771,-9.561483749999999,0.009806649999999806,0.009806649999999806,0.392266,0.38245935,0.009806650000000028,0.004903325000000014,0.11605955914967413,1.1381554757351517,-0.008930536397272397,-0.008930536397272397,-0.02290374403521904,9.627243179394432,0.981705595630968,43.6624551191183,-79.39501560512848,108.7,-10.517902124595485,152.77944733677379,1.0,4.600075384183149,235.0,4.600075384183149,4.590504316161536,16.52581553818153,0.6037617634013035,4.600075384183149,0.0,4.590504316161536,16.52581553818153,0.004785256994645146,0.0,0.0,0.0,0.0,0.0,0.0,3.4115888463544333,0.0005721766313474641,2.059835872850871,92.21475247276989,0.025615209020213855,0.12404476728760656,135511.02627359683,1783556741511026.2,1783556741940440.8
236.0,146.47906841001273,24288.0,115.47906841001273,-975.1736438633291,37.131780683354556,983.0,0.11547906841001274,-0.975173643863329,0.03713178068335456,0.983,0.9826916157100017,0.9826916157100017,9.636912733202488,-0.01730838428999823,-0.16973726679751114,1.1324628062230513,1.122861425,0.00960138122305132,-0.009806650000000028,-9.563186614592315,-9.561483749999999,-0.0017028645923161778,0.009806649999999806,0.3641383770384189,0.38245935,-0.01832097296158108,0.0023490281115256897,0.11547906841001274,1.1324628062230513,-0.009806650000000028,-0.009806650000000028,0.0,9.636912733202488,0.9826916157100017,43.66245517364386,-79.3950280294809,108.7,-11.5184610175339,152.7854745925542,1.0,4.519984878428408,236.0,4.519984878428408,4.519984878428408,16.271945562342268,0.6041317806833545,0.7265934663540196,0.0,4.519984878428408,16.271945562342268,-0.0705194377331279,0.0,0.0,0.0,0.0,0.0,0.0,3.557683613542389,0.0005970450037342551,2.1493620134433185,94.8623903939792,0.02635066399832755,0.12728506950841262,136256.18631799746,1783556742256186.2,1783556742173643.8
237.0,145.76211785360152,24288.0,114.76211785360152,-975.4126273821329,35.93686308933586,983.0,0.11476211785360152,-0.9754126273821329,0.035936863089335865,0.983,0.9828021298621111,0.9828021298621111,9.637996506812271,-0.017197870137888923,-0.1686534931877284,1.1254319230490213,1.122861425,0.0025704980490213036,-0.009806650000000028,-9.565530242316992,-9.561483749999999,-0.004046492316992815,0.009806649999999806,0.3524202384150355,0.38245935,-0.030039111584964494,-0.0011664134754893456,0.11476211785360152,1.1254319230490213,-0.009806650000000028,-0.009806650000000028,0.0,9.637996506812271,0.9828021298621111,43.66245541262738,-79.39504045662387,108.7,-12.519244639509912,152.8118918306561,1.0,4.422930003868377,237.0,4.422930003868377,4.422930003868377,15.922548013926155,0.6029368630893358,1.7265934663540217,0.0,4.422930003868377,15.922548013926155,-0.16757431229315972,0.0,0.0,0.0,0.0,0.0,0.0,3.5402703184282736,0.0005929577164088585,2.1346477790718907,95.36389329326572,0.026489970359240472,0.13020209659874288,136399.5764292797,1783556742399576.5,1783556742412627.5
238.0,145.0451672971903,24288.0,114.0451672971903,-975.6516109009366,34.74194549531717,983.0,0.1140451672971903,-0.9756516109009366,0.034741945495317166,0.983,0.9829126440142204,0.9829126440142204,9.639080280422053,-0.017087355985779616,-0.16756971957794567,1.1184010398749913,1.122861425,-0.004460385125008716,-0.009806650000000028,-9.567873870041668,-9.561483749999999,-0.006390120041669453,0.009806649999999806,0.34070209979165206,0.38245935,-0.041757250208347904,-0.0046818550625043805,0.1140451672971903,1.1184010398749913,-0.009806650000000028,-0.009806650000000028,0.0,9.639080280422053,0.9829126440142204,43.6624556516109,-79.39505288376685,108.7,-13.520028261485924,152.83830906875795,1.0,4.325875129308344,238.0,4.325875129308344,4.325875129308344,15.573150465510041,0.6017419454953171,2.726593466354024,0.0,4.325875129308344,15.573150465510041,-0.26462918685319153,0.0,0.0,0.0,0.0,0.0,0.0,3.522857023314158,0.000588870429083462,2.119933544700463,95.86539619255225,0.0266292767201534,0.13311912368907314,136542.96654056193,1783556742542966.5,1783556742651611.0
239.0,144.32821674077908,24288.0,113.32821674077908,-975.8905944197403,33.54702790129848,983.0,0.11332821674077909,-0.9758905944197402,0.03354702790129847,0.983,0.9830231581663297,0.9830231581663297,9.640164054031837,-0.01697684183367031,-0.1664859459681629,1.1113701567009613,1.122861425,-0.011491268299038734,-0.009806650000000028,-9.570217497766345,-9.561483749999999,-0.008733747766346089,0.009806649999999806,0.32898396116826867,0.38245935,-0.053475388831731314,-0.008197296649519417,0.11332821674077909,1.1113701567009613,-0.009806650000000028,-0.009806650000000028,0.0,9.640164054031837,0.9830231581663297,43.662455890594416,-79.39506531090983,108.7,-14.520811883461937,152.86472630685984,1.0,4.228820254748313,239.0,4.228820254748313,4.228820254748313,15.223752917093927,0.6005470279012984,3.7265934663540263,0.0,4.228820254748313,15.223752917093927,-0.36168406141322335,0.0,0.0,0.0,0.0,0.0,0.0,3.505443728200042,0.0005847831417580654,2.1052193103290353,96.36689909183879,0.026768583081066326,0.13603615077940337,136686.3566518442,1783556742686356.8,1783556742890594.5
240.0,140.25915588146395,24288.0,110.0,-974.0,43.481688237072085,981.0,0.11,-0.974,0.04348168823707208,0.981,0.9811566941649665,0.9811566941649665,9.621860294832869,-0.01884330583503349,-0.1847897051671312,1.0787315,1.122861425,-0.044129925000000014,-0.004903324999999903,-9.5516771,-9.561483749999999,0.009806649999999806,0.009806649999999806,0.42640969795008293,0.38245935,0.04395034795008294,-0.009806650000000028,0.11,1.0787315,-0.004903324999999903,-0.004903324999999903,0.007089638278671892,9.621860294832869,0.9811566941649665,43.66245612957794,-79.39507773805292,108.7,-15.521595514600294,152.8911435453053,1.0,4.184388960450868,240.0,4.184388960450868,4.184388969606042,15.063800290581751,0.601740844118536,0.5422044967479845,0.0,4.184388969606042,15.063800290581751,-0.3534917562491794,-4.5775866184972535e-09,4.5775866184972535e-09,0.0,0.0,0.0,0.0,3.406614378048997,0.0005694133483062606,2.0498880539025386,98.91161800888726,0.027475449446913124,0.13737464189312068,137431.7467644392,1783556743431746.8,1783556743129578.0
241.0,140.73712292714194,24288.0,110.0,-974.0,42.5257541457161,981.0,0.11,-0.974,0.0425257541457161,0.981,0.9811157712136935,0.9811157712136935,9.621458977772768,-0.01888422878630643,-0.18519102222723194,1.0787315,1.122861425,-0.044129925000000014,-0.004903324999999903,-9.5516771,-9.561483749999999,0.009806649999999806,0.009806649999999806,0.4170351868930867,0.38245935,0.034575836893086756,-0.009806650000000028,0.11,1.0787315,-0.004903324999999903,-0.004903324999999903,0.00514310359075735,9.621458977772768,0.9811157712136935,43.662456368561465,-79.39509016519611,108.7,-16.522379153474628,152.91756078404094,1.0,4.184388943565776,241.0,4.184388943565776,4.184388969606042,15.063800290581751,0.6012628770728581,1.5422044967479838,0.0,4.184388969606042,15.063800290581751,-0.2564368800503673,-1.3020133011883038e-08,1.3020133011883038e-08,0.0,0.0,0.0,0.0,3.418223241654424,0.0005708967031002874,2.0552281311610345,99.40615559847845,0.027612820999577344,0.13738033942775627,137575.1368781426,1783556743575137.0,1783556743368561.5
242.0,141.21508997281995,24288.0,110.0,-974.0,41.56982005436011,981.0,0.11,-0.974,0.04156982005436011,0.981,0.9810748482624206,0.9810748482624206,9.621057660712667,-0.018925151737579367,-0.18559233928733268,1.0787315,1.122861425,-0.044129925000000014,-0.004903324999999903,-9.5516771,-9.561483749999999,0.009806649999999806,0.009806649999999806,0.40766067583609056,0.38245935,0.025201325836090572,-0.009806650000000028,0.11,1.0787315,-0.004903324999999903,-0.004903324999999903,0.003196568902842808,9.621057660712667,0.9810748482624206,43.66245660754499,-79.3951025923393,108.7,-17.523162792348963,152.94397802277658,1.0,4.1843889266806835,242.0,4.1843889266806835,4.184388969606042,15.063800290581751,0.60078491002718,2.542204496747983,0.0,4.184388969606042,15.063800290581751,-0.1593820038515552,-2.146267940526882e-08,2.146267940526882e-08,0.0,0.0,0.0,0.0,3.429832105259851,0.0005723800578943142,2.060568208419531,99.90069318806965,0.027750192552241565,0.13738603696239185,137718.52699184598,1783556743718527.0,1783556743607545.0
243.0,141.69305701849794,24288.0,110.0,-974.0,40.61388596300412,981.0,0.11,-0.974,0.04061388596300412,0.981,0.9810339253111477,0.9810339253111477,9.620656343652566,-0.018966074688852304,-0.18599365634743345,1.0787315,1.122861425,-0.044129925000000014,-0.004903324999999903,-9.5516771,-9.561483749999999,0.009806649999999806,0.009806649999999806,0.39828616477909434,0.38245935,0.015826814779094388,-0.009806650000000028,0.11,1.0787315,-0.004903324999999903,-0.004903324999999903,0.001250034214928265,9.620656343652566,0.9810339253111477,43.662456846528514,-79.39511501948247,108.7,-18.523946431223294,152.9703952615122,1.0,4.18438890979559,243.0,4.18438890979559,4.184388969606042,15.063800290581751,0.600306942981502,3.5422044967479827,0.0,4.184388969606042,15.063800290581751,-0.06232712765274312,-2.9905225798654605e-08,2.9905225798654605e-08,0.0,0.0,0.0,0.0,3.4414409688652774,0.0005738634126883409,2.0659082856780273,100.39523077766084,0.027887564104905786,0.13739173449702746,137861.9171055494,1783556743861917.0,1783556743846528.5
244.0,141.9145784004792,24288.0,110.25626479856237,-974.0,39.82915680095842,981.0854215995208,0.11025626479856236,-0.974,0.03982915680095842,0.9810854215995207,0.9810299770858311,0.9810299770858311,9.620617624788764,-0.01897002291416894,-0.18603237521123483,1.0812445991868216,1.1232802748644704,-0.04203567567764866,-0.004903324999999903,-9.5516771,-9.561483749999999,0.009806649999999806,0.009806649999999806,0.3905906005421189,0.38245935,0.008131250542118936,-0.009806650000000028,0.11025626479856236,1.0812445991868216,-0.004903324999999903,-0.004903324999999903,0.0,9.620617624788764,0.9810299770858311,43.662457170843204,-79.39512744192318,108.7,-19.524351368534536,153.00624500735194,1.0,4.184767303982448,244.0,4.184767303982448,4.184388963570682,15.063800268854454,0.6004271079976039,4.184767303982448,0.0,4.184388963570682,15.063800268854454,-6.03536016528919e-09,-0.0068200742799286364,0.0068200742799286364,0.0,0.0,0.0,0.0,3.4468212801908384,0.0005748765126611003,2.069555445579961,100.88979907732048,0.028024944188144572,0.13743934427710716,138005.68006771008,1783556744005680.0,1783556744085421.5
245.0,141.6758476127578,24288.0,110.97245716172665,-974.0,39.35169522551557,981.3241523872422,0.11097245716172664,-0.974,0.03935169522551557,0.9813241523872422,0.9810923887185843,0.9810923887185843,9.621229673827104,-0.0189076112814157,-0.18542032617289528,1.0882680470250465,1.1244508495041745,-0.03618280247912786,-0.004903324999999903,-9.5516771,-9.561483749999999,0.009806649999999806,0.009806649999999806,0.3859083019833022,0.38245935,0.0034489519833022743,-0.009806650000000028,0.11097245716172664,1.0882680470250465,-0.004903324999999903,-0.004903324999999903,0.0,9.621229673827104,0.9810923887185843,43.66245764830477,-79.39513985592413,108.7,-20.52407663665749,153.05902360976813,1.0,4.1858248460027845,245.0,4.1858248460027845,4.184388946703446,15.063800208132404,0.6016207619362111,4.1858248460027845,0.0,4.184388946703446,15.063800208132404,-2.290259625692143e-08,-0.025880280137484796,0.025880280137484796,0.0,0.0,0.0,0.0,3.441022986818661,0.0005750456295511222,2.0701642663840403,101.38442249343412,0.02816233958150947,0.13756217545740357,138150.11219428154,1783556744150112.2,1783556744324152.5
246.0,141.43711682503636,24288.0,111.68864952489092,-974.0,38.87423365007272,981.5628831749636,0.11168864952489092,-0.974,0.03887423365007272,0.9815628831749637,0.9811548003513375,0.9811548003513375,9.621841722865444,-0.018845199648662464,-0.18480827713455575,1.0952914948632715,1.1256214241438787,-0.030329929280607057,-0.004903324999999903,-9.5516771,-9.561483749999999,0.009806649999999806,0.009806649999999806,0.3812260034244856,0.38245935,-0.0012333465755143876,-0.009806650000000028,0.11168864952489092,1.0952914948632715,-0.004903324999999903,-0.004903324999999903,0.0,9.621841722865444,0.9811548003513375,43.66245812576635,-79.39515226992509,108.7,-21.52380190478045,153.11180221218433,1.0,4.186882388023121,246.0,4.186882388023121,4.184388929836209,15.063800147410355,0.6028144158748182,4.186882388023121,0.0,4.184388929836209,15.063800147410355,-3.976983234855368e-08,-0.044940485995040955,0.044940485995040955,0.0,0.0,0.0,0.0,3.4352246934464827,0.0005752147464411441,2.070773087188119,101.87904590954776,0.028299734974874372,0.13768500663769997,138294.544320853,1783556744294544.2,1783556744562883.2
247.0,141.19838603731495,24288.0,112.4048418880552,-974.0,38.396772074629865,981.8016139626851,0.1124048418880552,-0.974,0.03839677207462987,0.9818016139626851,0.9812172119840907,0.9812172119840907,9.622453771903784,-0.018782788015909224,-0.1841962280962162,1.1023149427014967,1.1267919987835828,-0.02447705608208626,-0.004903324999999903,-9.5516771,-9.561483749999999,0.009806649999999806,0.009806649999999806,0.3765437048656689,0.38245935,-0.005915645134331047,-0.009806650000000028,0.1124048418880552,1.1023149427014967,-0.004903324999999903,-0.004903324999999903,0.0,9.622453771903784,0.9812172119840907,43.662458603227925,-79.39516468392605,108.7,-22.523527172903407,153.16458081460053,1.0,4.187939930043457,247.0,4.187939930043457,4.1843889129689735,15.063800086688305,0.6040080698134254,4.187939930043457,0.0,4.1843889129689735,15.063800086688305,-5.663706844018592e-08,-0.06400069185259712,0.06400069185259712,0.0,0.0,0.0,0.0,3.4294264000743047,0.000575383863331166,2.0713819079921976,102.37366932566141,0.028437130368239274,0.13780783781799638,138438.97644742447,1783556744438976.5,1783556744801614.0
248.0,133.0856144486847,24288.0,113.17122889736939,-974.9571927756576,33.38526501908114,982.0,0.1131712288973694,-0.9749571927756576,0.03338526501908114,0.982,0.9820732380588364,0.9820732380588364,9.630848520009687,-0.017926761941163626,-0.17580147999031223,1.1098306318663875,1.1275548522667016,-0.017724220400314045,-0.004903324999999903,-9.561063954533402,-9.561483749999999,0.0004197954665968826,0.0,0.327397609199372,0.38245935,-0.05506174080062798,-0.009806650000000028,0.1131712288973694,1.1098306318663875,-0.004903324999999903,-0.004903324999999903,0.0,9.630848520009687,0.9820732380588364,43.66245891438555,-79.39517709755398,108.7,-23.523222400303375,153.19897617848565,1.0,4.178503893800932,248.0,4.178503893800932,4.174263671618103,15.02734921782517,0.6009571927756576,0.1689968469989368,0.0,4.174263671618103,15.02734921782517,-0.010125294963446189,-0.07983978301707562,0.07983978301707562,0.0,0.0,0.0,0.0,3.232383403729654,0.0005395894627471586,1.9425220658897706,104.81033149905099,0.0291139809719586,0.13842442846731765,139185.6843346054,1783556745185684.2,1783556745042807.2
249.0,133.59221827121183,24288.0,114.18443654242368,-974.7038908643941,35.6649822204533,982.0,0.11418443654242369,-0.974703890864394,0.0356649822204533,0.982,0.9820275813817219,0.9820275813817219,9.630400780957062,-0.01797241861827816,-0.17624921904293753,1.1197668046187592,1.126312830672655,-0.0065460260538958825,-0.004903324999999903,-9.558579911345308,-9.561483749999999,0.002903838654689758,0.0,0.34975399789220835,0.38245935,-0.03270535210779166,-0.009806650000000028,0.11418443654242369,1.1197668046187592,-0.004903324999999903,-0.004903324999999903,0.0,9.630400780957062,0.9820275813817219,43.66245840778173,-79.39518950934765,108.7,-24.5227699093526,153.1429761920849,1.0,4.117468098287411,249.0,4.117468098287411,4.114349966043418,14.811659877756307,0.600703890864394,1.1689968469989376,0.0,4.114349966043418,14.811659877756307,-0.07003898264138897,-0.07983978301707562,0.07983978301707562,0.0,0.0,0.0,0.0,3.2446877973711934,0.0005414129055270921,1.9490864598975317,105.30865944153334,0.02925240540042592,0.13842442846731765,139337.66548136354,1783556745337665.5,1783556745296109.2
250.0,134.098822093739,24288.0,115.19764418747798,-974.4505889531305,37.94469942182546,982.0,0.115197644187478,-0.9744505889531305,0.03794469942182546,0.982,0.9819819247046073,0.9819819247046073,9.629953041904436,-0.018018075295392698,-0.1766969580955628,1.129702977371131,1.1250708090786086,0.004632168292522283,-0.004903324999999903,-9.556095868157216,-9.561483749999999,0.005387881842782633,0.0,0.37211038658504464,0.38245935,-0.010348963414955323,-0.009806650000000028,0.115197644187478,1.129702977371131,-0.004903324999999903,-0.004903324999999903,0.0,9.629953041904436,0.9819819247046073,43.66245790117791,-79.3952019211413,108.7,-25.522317418401826,153.08697620568412,1.0,4.05643230277389,250.0,4.05643230277389,4.0544362604687345,14.595970537687446,0.6004505889531305,2.168996846998938,0.0,4.0544362604687345,14.595970537687446,-0.12995267031933175,-0.07983978301707562,0.07983978301707562,0.0,0.0,0.0,0.0,3.256992191012733,0.0005432363483070258,1.955650853905293,105.80698738401567,0.029390829828893236,0.13842442846731765,139489.6466281217,1783556745489646.8,1783556745549411.0
251.0,134.60542591626614,24288.0,116.21085183253227,-974.197287041867,40.22441662319763,982.0,0.11621085183253228,-0.9741972870418669,0.040224416623197624,0.982,0.9819362680274928,0.9819362680274928,9.629505302851811,-0.018063731972507234,-0.17714469714818806,1.1396391501235026,1.123828787484562,0.015810362638940444,-0.004903324999999903,-9.553611824969124,-9.561483749999999,0.007871925030875509,0.0,0.394466775277881,0.38245935,0.012007425277880998,-0.009806650000000028,0.11621085183253228,1.1396391501235026,-0.004903324999999903,-0.004903324999999903,0.0,9.629505302851811,0.9819362680274928,43.66245739457408,-79.39521433293494,108.7,-26.521864927451055,153.03097621928336,1.0,3.995396507260369,251.0,3.995396507260369,3.9945225548940506,14.380281197618583,0.6001972870418669,3.168996846998939,0.0,3.9945225548940506,14.380281197618583,-0.18986635799727453,-0.07983978301707562,0.07983978301707562,0.0,0.0,0.0,0.0,3.2692965846542723,0.0005450597910869595,1.9622152479130544,106.30531532649802,0.029529254257360554,0.13842442846731765,139641.62777487983,1783556745641627.8,1783556745802713.0
252.0,134.059335787155,24288.0,121.52531370276016,-972.23734314862,35.118671574309964,981.1186715743099,0.12152531370276015,-0.9722373431486199,0.035118671574309965,0.98111867157431,0.9804342575247319,0.9804342575247319,9.614775611554911,-0.019565742475268138,-0.19187438844508828,1.1917562176231726,1.122861425,0.06889479262317276,-0.01441903235144824,-9.534391341188414,-9.561483749999999,0.0270924088115859,0.0005818852971033792,0.34439652059420683,0.38245935,-0.03806282940579317,-0.009224764702896635,0.12152531370276015,1.1917562176231726,-0.01441903235144824,-0.01441903235144824,-0.014868922747499479,9.614775611554911,0.9804342575247319,43.66245676265685,-79.39522672944621,108.7,-27.52018171377241,152.96112408850212,1.0,3.934747579557611,252.0,3.934747579557611,3.934747579557611,14.165091286407401,0.6012966789357749,0.22113875539753344,0.0,3.934747579557611,14.165091286407401,-0.23560657775407093,-0.08639503694282415,0.08639503694282415,0.0,0.0,0.0,0.0,3.2560331475984206,0.0005438468600932178,1.9578486963355841,108.76735372502675,0.030213153812507425,0.13899838304417184,140396.95748701593,1783556746396957.5,1783556746059335.8
253.0,134.32765504692614,24288.0,119.37875962459091,-973.3106201877046,35.65531009385227,981.6553100938522,0.11937875962459091,-0.9733106201877045,0.035655310093852276,0.9816553100938522,0.9812607032704758,0.9812607032704758,9.622880275727411,-0.01873929672952424,-0.18376972427258886,1.1707057130724943,1.122861425,0.047844288072494405,-0.013103375817030867,-9.544916593463752,-9.561483749999999,0.0165671565362469,0.003213198365938129,0.3496591467318764,0.38245935,-0.03280020326812358,-0.006593451634061826,0.11937875962459091,1.1707057130724943,-0.013103375817030867,-0.013103375817030867,-0.008319647620514374,9.622880275727411,0.9812607032704758,43.66245568937981,-79.39523907213216,108.7,-28.514163835941996,152.84248404447976,1.0,3.875461218737558,253.0,3.875461218737558,3.875461218737558,13.95166038745521,0.6026382752346306,1.2211387553975364,0.0,3.875461218737558,13.95166038745521,-0.2314271674326727,-0.11603820787396374,0.11603820787396374,0.0,0.0,0.0,0.0,3.262550085779742,0.0005461567526263753,1.9661643094549508,109.3005044376407,0.030361251232677963,0.14159383301775247,140559.55895843724,1783556746559559.0,1783556746327655.0
254.0,134.5959743066973,24288.0,117.23220554642167,-974.3838972267891,36.19194861339459,982.1919486133946,0.11723220554642166,-0.9743838972267892,0.03619194861339459,0.9821919486133945,0.9820871490162196,0.9820871490162196,9.63098493989991,-0.01791285098378034,-0.17566506010008945,1.149655208521816,1.122861425,0.026793783521816043,-0.01178771928261349,-9.555441845739091,-9.561483749999999,0.0060419042609079,0.005844511434772879,0.354921772869546,0.38245935,-0.02753757713045399,-0.003962138565227017,0.11723220554642166,1.149655208521816,-0.01178771928261349,-0.01178771928261349,-0.0017703724935292688,9.63098493989991,0.9820871490162196,43.66245461610277,-79.3952514148181,108.7,-29.50814595811158,152.72384400045738,1.0,3.8161748579175048,254.0,3.8161748579175048,3.8161748579175048,13.738229488503018,0.6039798715334864,2.221138755397539,0.0,3.8161748579175048,13.738229488503018,-0.22724775711127448,-0.14568137880510332,0.14568137880510332,0.0,0.0,0.0,0.0,3.269067023961064,0.0005484666451595327,1.9744799225743175,109.83365515025463,0.0305093486528485,0.1441892829913331,140722.16042985854,1783556746722160.5,1783556746595974.2
255.0,134.86429356646843,24288.0,115.08565146825242,-975.4571742658737,36.728587132936894,982.7285871329369,0.11508565146825242,-0.9754571742658737,0.03672858713293689,0.9827285871329369,0.9829135947619636,0.9829135947619636,9.639089604072408,-0.01708640523803644,-0.16756039592759003,1.1286047039711375,1.122861425,0.005743278971137689,-0.010472062748196117,-9.565967098014431,-9.561483749999999,-0.0044833480144311,0.00847582450360763,0.36018439900721555,0.38245935,-0.022274950992784398,-0.0013308254963922076,0.11508565146825242,1.1286047039711375,-0.010472062748196117,-0.010472062748196117,0.0047789026334558345,9.639089604072408,0.9829135947619636,43.66245354282574,-79.39526375750405,108.7,-30.502128080281164,152.60520395643502,1.0,3.7568884970974517,255.0,3.7568884970974517,3.7568884970974517,13.524798589550826,0.6053214678323422,3.221138755397542,0.0,3.7568884970974517,13.524798589550826,-0.22306834678987625,-0.1753245497362429,0.1753245497362429,0.0,0.0,0.0,0.0,3.275583962142386,0.0005507765376926902,1.9827955356936844,110.36680586286857,0.03065744607301904,0.14678473296491373,140884.76190127988,1783556746884762.0,1783556746864293.5
256.0,135.0,24288.0,114.13854896843026,-975.8614510315697,37.138548968430264,982.8614510315697,0.11413854896843027,-0.9758614510315697,0.03713854896843026,0.9828614510315697,0.9832155033718478,0.9832155033718478,9.64205031614153,-0.016784496628152217,-0.16459968385846893,1.1193168012412567,1.1235407756206284,-0.004223974379371601,-0.009806650000000028,-9.569931698758742,-9.560804399379371,-0.009127299379371382,0.008447948758743202,0.3642047512412566,0.38245935,-0.018254598758743374,0.0,0.11413854896843027,1.1193168012412567,-0.009806650000000028,-0.009806650000000028,0.006970254751438286,9.64205031614153,0.9832155033718478,43.66245244580413,-79.3952760961546,108.71385489684303,-31.495785223681523,152.48393918788776,1.0,3.7047801140222387,256.0,3.7047801140222387,3.7047801140222387,13.33720841048006,0.6051687061894184,3.7047801140222387,0.013854896843025424,3.7047801140222387,13.33720841048006,-0.2124649528540391,-0.1903170217975556,0.1903170217975556,0.3883943552906037,0.0,0.0,0.0,3.2788800000000005,0.0005511876575973224,1.9842755673503605,110.90902598496398,0.030808062773601094,0.14845053513859355,141050.12938105816,1783556747050129.5,1783556747138549.0
257.0,135.0,24288.0,114.4188789915918,-975.5811210084082,37.418878991591804,982.5811210084082,0.11441887899159181,-0.9755811210084082,0.0374188789915918,0.9825811210084082,0.9829806383831228,0.9829806383831228,9.63974707739985,-0.017019361616877223,-0.16690292260014902,1.1220658996628938,1.124915324831447,-0.002849425168553069,-0.009806650000000028,-9.567182600337105,-9.559429850168552,-0.0077527501685526,0.005698850337106138,0.36695384966289374,0.38245935,-0.015505500337106263,0.0,0.11441887899159181,1.1220658996628938,-0.009806650000000028,-0.009806650000000028,0.004702021730285593,9.63974707739985,0.9829806383831228,43.66245132448403,-79.39528843067563,108.74188789915918,-32.48910980717048,152.35998846493942,1.0,3.66001715738384,257.0,3.66001715738384,3.66001715738384,13.176061766581824,0.6034867260504492,3.66001715738384,0.04188789915917785,3.66001715738384,13.176061766581824,-0.1952877158737476,-0.1903170217975556,0.1903170217975556,1.1742435741480495,0.0,0.0,0.0,3.2788800000000005,0.0005496557100867492,1.9787605563122972,111.46052708877032,0.030961257524658413,0.14916500258136997,141218.3273949551,1783556747218327.5,1783556747418879.0
258.0,135.0,24288.0,114.69920901475334,-975.3007909852466,37.69920901475334,982.3007909852466,0.11469920901475335,-0.9753007909852467,0.03769920901475334,0.9823007909852467,0.9827457733943977,0.9827457733943977,9.63744383865817,-0.017254226605602233,-0.16920616134182911,1.124814998084531,1.1262898740422655,-0.0014748759577345371,-0.009806650000000028,-9.564433501915468,-9.558055300957735,-0.00637820095773382,0.0029497519154690743,0.3697029480845308,0.38245935,-0.012756401915469152,0.0,0.11469920901475335,1.124814998084531,-0.009806650000000028,-0.009806650000000028,0.0024337887091329,9.63744383865817,0.9827457733943977,43.66245020316394,-79.39530076519665,108.76992090147533,-33.482434390659435,152.23603774199105,1.0,3.615254200745442,258.0,3.615254200745442,3.615254200745442,13.014915122683592,0.6018047459114799,3.615254200745442,0.06992090147533027,3.615254200745442,13.014915122683592,-0.1781104788934561,-0.1903170217975556,0.1903170217975556,1.9600927930054952,0.0,0.0,0.0,3.2788800000000005,0.000548123762576176,1.9732455452742337,112.01202819257666,0.031114452275715732,0.1498794700241464,141386.525408852,1783556747386525.5,1783556747699209.0
259.0,135.0,24288.0,114.97953903791489,-975.0204609620852,37.97953903791488,982.0204609620852,0.11497953903791489,-0.9750204609620851,0.03797953903791488,0.9820204609620851,0.9825109084056728,0.9825109084056728,9.63514059991649,-0.01748909159432724,-0.1715094000835092,1.1275640965061682,1.1276644232530841,-0.00010032674691600515,-0.009806650000000028,-9.561684403493832,-9.556680751746915,-0.005003651746915038,0.0002006534938320103,0.3724520465061679,0.38245935,-0.010007303493832043,0.0,0.11497953903791489,1.1275640965061682,-0.009806650000000028,-0.009806650000000028,0.00016555568798020705,9.63514059991649,0.9825109084056728,43.66244908184385,-79.39531309971767,108.79795390379148,-34.47575897414839,152.11208701904272,1.0,3.5704912441070435,259.0,3.5704912441070435,3.5704912441070435,12.853768478785357,0.6001227657725107,3.5704912441070435,0.0979539037914827,3.5704912441070435,12.853768478785357,-0.1609332419131646,-0.1903170217975556,0.1903170217975556,2.7459420118629407,0.0,0.0,0.0,3.2788800000000005,0.0005465918150656028,1.9677305342361702,112.56352929638301,0.03126764702677305,0.15059393746692282,141554.72342274894,1783556747554723.5,1783556747979539.0
260.0,137.19113394570766,24288.0,110.4118214057231,-975.0,40.191133945707676,982.3014776757154,0.1104118214057231,-0.975,0.040191133945707676,0.9823014776757154,0.9820652018974022,0.9820652018974022,9.63076971218716,-0.01793479810259774,-0.17588028781284015,1.0827700883884344,1.12776475,-0.04499466161156577,-0.009806650000000028,-9.561483749999999,-9.5516771,-0.009806649999999806,-0.006381568024276405,0.39414038370867416,0.38245935,0.01168103370867419,-0.006850163951445716,0.1104118214057231,1.0827700883884344,-0.009806650000000028,-0.009806650000000028,0.0,9.63076971218716,0.9820652018974022,43.66244809556697,-79.39532545615168,108.8,-35.4708482562293,152.00306397324883,1.0,3.418796797261945,260.0,3.418796797261945,3.5672240480062953,12.842006572822664,0.6016985223242846,0.9270111640046231,0.0,3.5672240480062953,12.842006572822664,-0.11153969225368063,-0.1903170217975556,0.1903170217975556,0.0,0.0,0.0,0.0,3.3320982612733485,0.0005569303579846615,2.0049492887447813,115.22144657360624,0.03200595738155728,0.14963415163863653,142350.18808310493,1783556748350188.0,1783556748301477.8
261.0,135.23984562844714,24288.0,113.01353916207049,-975.0,38.23984562844713,982.6266923952588,0.11301353916207049,-0.975,0.03823984562844713,0.9826266923952588,0.9822843959132068,0.9822843959132068,9.63291927118225,-0.017715604086793183,-0.17373072881775037,1.1082842238237185,1.12776475,-0.019480526176281605,-0.009806650000000028,-9.561483749999999,-9.5516771,-0.009806649999999806,-0.007976201488981923,0.375004782132211,0.38245935,-0.007454567867788954,-0.003660897022035187,0.11301353916207049,1.1082842238237185,-0.009806650000000028,-0.009806650000000028,0.0,9.63291927118225,0.9822843959132068,43.66244711992282,-79.39533781431102,108.8,-36.46607648301888,151.89521626797068,1.0,3.258683028941017,261.0,3.258683028941017,3.5672240480062953,12.842006572822664,0.6013733076047412,1.9270111640046208,0.0,3.5672240480062953,12.842006572822664,-0.05960956994672252,-0.1903170217975556,0.1903170217975556,0.0,0.0,0.0,0.0,3.2847053706237244,0.0005487133961567522,1.9753682261643077,115.85282256165566,0.032181339600459886,0.15129187867340047,142545.64212955054,1783556748545642.2,1783556748626692.5
262.0,133.2885573111866,24288.0,115.61525691841788,-975.0,36.28855731118659,982.9519071148022,0.1156152569184179,-0.975,0.03628855731118658,0.9829519071148022,0.9825035899290113,0.9825035899290113,9.635068830177339,-0.017496410070988625,-0.17158116982266058,1.1337983592590026,1.12776475,0.006033609259002565,-0.009806650000000028,-9.561483749999999,-9.5516771,-0.009806649999999806,-0.00957083495368744,0.3558691805557479,0.38245935,-0.026590169444252097,-0.00047163009262465687,0.1156152569184179,1.1337983592590026,-0.009806650000000028,-0.009806650000000028,0.0,9.635068830177339,0.9825035899290113,43.66244614427866,-79.39535017247036,108.8,-37.461304709808466,151.78736856269256,1.0,3.0985692606200894,262.0,3.0985692606200894,3.5672240480062953,12.842006572822664,0.6010480928851978,2.9270111640046186,0.0,3.5672240480062953,12.842006572822664,-0.007679447639764414,-0.1903170217975556,0.1903170217975556,0.0,0.0,0.0,0.0,3.2373124799741,0.0005404964343288429,1.9457871635838342,116.48419854970506,0.0323567218193625,0.15294960570816438,142741.09617599615,1783556748741096.2,1783556748951907.0
263.0,135.21940360368856,24288.0,116.633956306455,-974.4145527027664,39.19514909907786,982.2194036036885,0.116633956306455,-0.9744145527027664,0.039195149099077856,0.9822194036036885,0.9821560536356665,0.9821560536356665,9.631660663386208,-0.01784394636433353,-0.1749893366137914,1.1437883876126969,1.12776475,0.0160236376126968,-0.005860204456235861,-9.555742473262583,-9.5516771,-0.0040653732625843195,-0.009806649999999806,0.38437310891247184,0.38245935,0.0019137589124718726,-0.0019137589124718726,0.116633956306455,1.1437883876126969,-0.005860204456235861,-0.005860204456235861,0.004930904967697117,9.631660663386208,0.9821560536356665,43.66244521940361,-79.39536253805134,108.8,-38.45713061687085,151.6851328743688,1.0,3.32694884409539,263.0,3.32694884409539,3.47114580873823,12.49612491145763,0.6042194036036885,0.8521195926639404,0.0,3.47114580873823,12.49612491145763,-0.09607823926806515,-0.1903170217975556,0.1903170217975556,0.0,0.0,0.0,0.0,3.2842088747263882,0.00055123437907593,1.984443764673348,118.95199965955155,0.0330422221276532,0.15752461541814541,143492.2846085458,1783556749492284.5,1783556749195149.0
264.0,134.303339235457,24288.0,115.03084366204976,-973.7275044265928,39.42416519113575,981.303339235457,0.11503084366204976,-0.9737275044265927,0.03942416519113575,0.981303339235457,0.9812963781093983,0.9812963781093983,9.62323012638653,-0.018703621890601724,-0.18341987361346937,1.1280672229984403,1.12776475,0.00030247299844021053,-0.006983144785825646,-9.549004831285044,-9.5516771,0.002672268714954089,-0.009806649999999806,0.38661898957165136,0.38245935,0.004159639571651393,-0.004159639571651393,0.11503084366204976,1.1280672229984403,-0.006983144785825646,-0.006983144785825646,0.0012063521219296443,9.62323012638653,0.9812963781093983,43.662444303339235,-79.39537490492032,108.8,-39.45306024787406,151.58387111900038,1.0,3.622749192925202,264.0,3.622749192925202,3.358393748939088,12.090217496180717,0.603303339235457,1.8521195926639418,0.0,3.358393748939088,12.090217496180717,-0.2088302990672073,-0.1903170217975556,0.1903170217975556,0.0,0.0,0.0,0.0,3.26195950335078,0.0005466794383248679,1.9680459779695247,119.393271442044,0.03316479762278998,0.16260590259673485,143629.92327987257,1783556749629923.2,1783556749424165.2
265.0,133.38727486722544,24288.0,113.42773101764453,-973.0404561504191,39.65318128319364,980.3872748672254,0.11342773101764453,-0.973040456150419,0.03965318128319364,0.9803872748672254,0.9804367025831301,0.9804367025831301,9.614799589386852,-0.019563297416869914,-0.19185041061314734,1.1123460583841838,1.12776475,-0.015418691615816382,-0.008106085115415431,-9.542267189307507,-9.5516771,0.009409910692492498,-0.009806649999999806,0.3888648702308309,0.38245935,0.006405520230830913,-0.006405520230830913,0.11342773101764453,1.1123460583841838,-0.008106085115415431,-0.008106085115415431,-0.0025182007238378264,9.614799589386852,0.9804367025831301,43.66244338727487,-79.39538727178929,108.8,-40.44898987887727,151.48260936363198,1.0,3.9185495417550142,265.0,3.9185495417550142,3.245641689139946,11.684310080903805,0.6023872748672254,2.8521195926639433,0.0,3.245641689139946,11.684310080903805,-0.32158235886634945,-0.1903170217975556,0.1903170217975556,0.0,0.0,0.0,0.0,3.2397101319751718,0.0005421244975738059,1.9516481912657013,119.83454322453643,0.03328737311792677,0.16768718977532432,143767.56195119937,1783556749767562.0,1783556749653181.2
266.0,132.47121049899388,24288.0,111.82461837323929,-972.3534078742454,39.88219737525153,979.4712104989939,0.1118246183732393,-0.9723534078742454,0.03988219737525153,0.9794712104989939,0.9795770270568619,0.9795770270568619,9.606369052387175,-0.020422972943138107,-0.2002809476128253,1.0966248937699272,1.12776475,-0.031139856230072968,-0.009229025445005219,-9.535529547329968,-9.5516771,0.016147552670030905,-0.009806649999999806,0.3911107508900104,0.38245935,0.008651400890010433,-0.008651400890010433,0.1118246183732393,1.0966248937699272,-0.009229025445005219,-0.009229025445005219,-0.006242753569605299,9.606369052387175,0.9795770270568619,43.6624424712105,-79.39539963865826,108.8,-41.44491950988048,151.38134760826358,1.0,4.214349890584827,266.0,4.214349890584827,3.132889629340804,11.278402665626894,0.6014712104989939,3.8521195926639447,0.0,3.132889629340804,11.278402665626894,-0.4343344186654916,-0.1903170217975556,0.1903170217975556,0.0,0.0,0.0,0.0,3.2174607605995633,0.0005375695568227438,1.9352504045618781,120.27581500702887,0.03340994861306356,0.17276847695391376,143905.20062252617,1783556749905200.5,1783556749882197.5
267.0,131.5430935168985,24288.0,111.68535972465227,-972.2284532415507,40.22845324155076,979.4569064831015,0.11168535972465228,-0.9722284532415507,0.040228453241550756,0.9794569064831015,0.979449701288247,0.979449701288247,9.605120413138389,-0.020550298711752905,-0.2015295868616116,1.0952592329437612,1.12776475,-0.03250551705623887,-0.009806650000000028,-9.534304160981254,-9.5516771,0.017372939018745915,-0.009806649999999806,0.39450636098125375,0.38245935,0.012047010981253763,-0.007566289018746281,0.11168535972465228,1.0952592329437612,-0.009806650000000028,-0.009806650000000028,-0.006294749599622672,9.605120413138389,0.979449701288247,43.66244017237407,-79.39541148287779,108.8,-42.398759096960205,151.12723422905484,1.0,3.8545772824362032,267.0,3.8545772824362032,2.9547587862314426,10.637131630433194,0.6012284532415507,3.8545772824362032,0.0,2.9547587862314426,10.637131630433194,-0.49999031155987966,-0.1650781304100336,0.1650781304100336,0.0,0.0,0.0,0.0,3.1949186553384306,0.0005335742886837218,1.9208674392613985,120.93703804060722,0.03359362167794643,0.18038901738886684,144113.52885141355,1783556750113528.8,1783556750228453.2
268.0,130.6022098296316,24288.0,113.09668525555263,-972.6988950851842,40.698895085184205,980.3977901703685,0.11309668525555262,-0.9726988950851841,0.04069889508518421,0.9803977901703684,0.9800981154167209,0.9800981154167209,9.611479183551387,-0.019901884583279097,-0.19517081644861395,1.1090996084613651,1.12776475,-0.018665141538634907,-0.009806650000000028,-9.53891761948712,-9.5516771,0.012759480512878032,-0.009806649999999806,0.3991198194871217,0.38245935,0.016660469487121726,-0.002952830512878292,0.11309668525555262,1.1090996084613651,-0.009806650000000028,-0.009806650000000028,-0.00245659776445787,9.611479183551387,0.9800981154167209,43.66243640883932,-79.39542277348204,108.8,-43.30801489603367,150.71121309783476,1.0,2.800390437284155,268.0,2.800390437284155,2.7073756082822977,9.746552189816272,0.6016988950851841,2.800390437284155,0.0,2.7073756082822977,9.746552189816272,-0.5157596915058295,-0.11310499789936096,0.11310499789936096,0.0,0.0,0.0,0.0,3.172066472342092,0.0005301718525487115,1.9086186691753613,121.83124396125395,0.03384201221145942,0.19069925634449003,144396.7348412809,1783556750396734.8,1783556750698895.0
269.0,132.56484500423016,24288.0,112.0,-975.0,44.0115212425972,982.0,0.112,-0.975,0.04401152124259719,0.982,0.9824011124061455,0.9824011124061455,9.634063868977725,-0.01759888759385452,-0.17258613102227344,1.0983448,1.12776475,-0.029419950000000084,-0.011883863972775209,-9.561483749999999,-9.5516771,-0.009806649999999806,-0.009806649999999806,0.43160558479371575,0.38245935,0.04914623479371578,0.001384809315183464,0.112,1.0983448,-0.011883863972775209,-0.011883863972775209,-0.0034108603822252553,9.634063868977725,0.9824011124061455,43.66243230546498,-79.39543381270379,108.8,-44.19702633920242,150.2576260992541,1.0,2.1854469190482892,269.0,2.1854469190482892,2.549038734699948,9.176539444919813,0.6004121125105755,0.35995294872111766,0.0,2.549038734699948,9.176539444919813,-0.45159649970653515,-0.07983974769017821,0.07983974769017821,0.0,0.0,0.0,0.0,3.2197349554627426,0.0005370238008831987,1.933285683179515,124.60804609981156,0.03461334613883653,0.18798018410641396,145262.99765189405,1783556751262997.8,1783556751141211.2
270.0,134.13406399864883,24288.0,112.0,-975.0,41.26538800236457,982.0,0.112,-0.975,0.04126538800236457,0.982,0.9822850937673318,0.9822850937673318,9.632926114793403,-0.01771490623266829,-0.17372388520659648,1.0983448,1.12776475,-0.029419950000000084,-0.017654657017131023,-9.561483749999999,-9.5516771,-0.009806649999999806,-0.009806649999999806,0.40467521725338845,0.38245935,0.022215867253388498,0.00523200467808737,0.112,1.0983448,-0.017654657017131023,-0.017654657017131023,-0.012886711029771751,9.632926114793403,0.9822850937673318,43.662427597808005,-79.395444404932,108.8,-45.05004046564437,149.7372416964063,1.0,2.3515399145720277,270.0,2.3515399145720277,2.549038734699948,9.176539444919813,0.604335159996622,1.359952948721123,0.0,2.549038734699948,9.176539444919813,-0.24530193482514556,-0.07983974769017821,0.07983974769017821,0.0,0.0,0.0,0.0,3.2578481463991826,0.0005469649915191201,1.9690739694688324,125.39721783134148,0.03483256050870595,0.18798018410641396,145501.91124379428,1783556751501911.2,1783556751533516.0
271.0,135.70328299306746,24288.0,112.0,-975.0,38.51925476213194,982.0,0.112,-0.975,0.038519254762131944,0.982,0.9821690751285179,0.9821690751285179,9.63178836060908,-0.017830924871482058,-0.1748616393909195,1.0983448,1.12776475,-0.029419950000000084,-0.023425450061486844,-9.561483749999999,-9.5516771,-0.009806649999999806,-0.009806649999999806,0.3777448497130612,0.38245935,-0.004714500286938789,0.009079200040991277,0.112,1.0983448,-0.023425450061486844,-0.023425450061486844,-0.02236256167731825,9.63178836060908,0.9821690751285179,43.66242289015102,-79.3954549971602,108.8,-45.90305459208633,149.21685729355852,1.0,2.5176329100957657,271.0,2.5176329100957657,2.549038734699948,9.176539444919813,0.6082582074826687,2.359952948721128,0.0,2.549038734699948,9.176539444919813,-0.03900736994375592,-0.07983974769017821,0.07983974769017821,0.0,0.0,0.0,0.0,3.2959613373356227,0.0005569061821550415,2.0048622557581495,126.1863895628714,0.03505177487857537,0.18798018410641396,145740.8248356945,1783556751740824.8,1783556751925820.8
272.0,131.65857685315595,24288.0,114.0,-975.0,38.44714104894802,982.723570524474,0.114,-0.975,0.03844714104894802,0.982723570524474,0.9823950231564726,0.9823950231564726,9.634004153837422,-0.017604976843527353,-0.17264584616257753,1.1179581,1.1264093264419166,-0.008451226441916522,-0.009806650000000028,-9.561483749999999,-9.5516771,-0.009806649999999806,-0.009806649999999806,0.37703765576766607,0.38245935,-0.005421694232333887,0.009806650000000028,0.114,1.1179581,-0.009806650000000028,-0.009806650000000028,0.017769122413605235,9.634004153837422,0.9823950231564726,43.66241785355787,-79.39546529288427,108.8,-46.732190624325234,148.6601122864369,1.0,2.6553235081925886,272.0,2.6553235081925886,2.6553235081925886,9.559164629493319,0.5995528589510519,0.8109142140211788,0.0,2.6553235081925886,9.559164629493319,0.10628477349264069,-0.07140786389455808,0.07140786389455808,0.0,0.0,0.0,0.0,3.197723514609452,0.0005325729364574139,1.91726257124669,128.77568617168637,0.035771023936579535,0.19661423369536382,146551.13411479112,1783556752551134.0,1783556752276429.5
273.0,133.70389413145514,24288.0,114.0,-975.0,37.765368622848285,982.3826843114241,0.114,-0.975,0.03776536862284829,0.9823826843114242,0.9823686510681406,0.9823686510681406,9.63374553199738,-0.017631348931859348,-0.17290446800261847,1.1179581,1.1247378505513137,-0.006779750551313744,-0.009806650000000028,-9.561483749999999,-9.5516771,-0.009806649999999806,-0.009806649999999806,0.3703517522052551,0.38245935,-0.012107597794744828,0.009806650000000028,0.114,1.1179581,-0.009806650000000028,-0.009806650000000028,0.009397790741137484,9.63374553199738,0.9823686510681406,43.66241274026467,-79.39547551947065,108.8,-47.55575885650342,148.09488885666727,1.0,2.7863913470032973,273.0,2.7863913470032973,2.7863913470032973,10.03100884921187,0.6002346313771517,1.8109142140211754,0.0,2.7863913470032973,10.03100884921187,0.23735261230334928,-0.061009866609730776,0.061009866609730776,0.0,0.0,0.0,0.0,3.2474001806647825,0.0005414641397430578,1.9492709030750082,129.45241483446947,0.03595900412068594,0.20726153699781197,146756.0067288341,1783556752756006.8,1783556752617315.8
274.0,135.74921140975434,24288.0,114.0,-975.0,37.08359619674856,982.0417980983743,0.114,-0.975,0.03708359619674855,0.9820417980983742,0.9823422789798086,0.9823422789798086,9.633486910157341,-0.01765772102019134,-0.17316308984265938,1.1179581,1.123066374660711,-0.005108274660710966,-0.009806650000000028,-9.561483749999999,-9.5516771,-0.009806649999999806,-0.009806649999999806,0.3636658486428442,0.38245935,-0.01879350135715577,0.009806650000000028,0.114,1.1179581,-0.009806650000000028,-0.009806650000000028,0.0010264590686697335,9.633486910157341,0.9823422789798086,43.66240762697148,-79.39548574605705,108.8,-48.379327088681606,147.52966542689762,1.0,2.917459185814006,274.0,2.917459185814006,2.917459185814006,10.50285306893042,0.6009164038032514,2.810914214021172,0.0,2.917459185814006,10.50285306893042,0.3684204511140579,-0.050611869324903455,0.050611869324903455,0.0,0.0,0.0,0.0,3.2970768467201137,0.0005503553430287018,1.9812792349033264,130.12914349725256,0.03614698430479236,0.21790884030026014,146960.87934287707,1783556752960879.2,1783556752958202.0
275.0,137.09756732360455,24288.0,110.70729802918635,-975.2743918309011,36.451216338197725,982.0,0.11070729802918634,-0.9752743918309011,0.03645121633819772,0.982,0.9822293879813659,0.9822293879813659,9.632379827647462,-0.01777061201863401,-0.1742701723525372,1.0856677242179202,1.122861425,-0.037193700782079675,-0.009806650000000028,-9.564174614648506,-9.5516771,-0.012497514648506399,-0.009806649999999806,0.3574643207029867,0.38245935,-0.024995029297013277,0.009806650000000028,0.11070729802918634,1.0856677242179202,-0.009806650000000028,-0.009806650000000028,0.0,9.632379827647462,0.9822293879813659,43.662402060947045,-79.39549550614676,108.8,-49.165327374222336,146.91439708608326,1.0,3.0059774920394116,275.0,3.0059774920394116,2.9335301978132873,10.560708712127834,0.6004512163381978,3.0059774920394116,0.0,2.9335301978132873,10.560708712127834,0.2789901465838128,-0.10980515772806197,0.10980515772806197,0.0,0.0,0.0,0.0,3.3298257151557076,0.0005553775596521335,1.9993592147476806,130.77100024623942,0.0363252778461776,0.2149291671603137,147150.3607067098,1783556753150360.8,1783556753274391.8
276.0,138.34852164158758,24288.0,106.95443507523723,-975.5871304103969,35.8257391792062,982.0,0.10695443507523723,-0.9755871304103969,0.03582573917920621,0.982,0.9821044058106614,0.9821044058106614,9.631154171243121,-0.01789559418933862,-0.17549582875687755,1.0488647107305753,1.122861425,-0.07399671426942478,-0.009806650000000028,-9.567241532439118,-9.5516771,-0.015564432439118427,-0.009806649999999806,0.3513304851217625,0.38245935,-0.031128864878237437,0.009806650000000028,0.10695443507523723,1.0488647107305753,-0.009806650000000028,-0.009806650000000028,0.0,9.631154171243121,0.9821044058106614,43.66239643165261,-79.39550520104272,108.8,-49.94607747210189,146.29213487954058,1.0,3.088549425067377,276.0,3.088549425067377,2.9335301978132873,10.560708712127834,0.5998257391792062,3.088549425067377,0.0,2.9335301978132873,10.560708712127834,0.15874483258150085,-0.17872395263733493,0.17872395263733493,0.0,0.0,0.0,0.0,3.3602088936308796,0.0005598590784772214,2.015492682517997,131.4079835829714,0.03650221766193649,0.21004509971669869,147337.69111582774,1783556753337691.0,1783556753587130.5
277.0,139.59947595957064,24288.0,103.20157212128811,-975.8998689898926,35.20026202021469,982.0,0.10320157212128811,-0.9758998689898927,0.03520026202021469,0.982,0.9819794236399567,0.9819794236399567,9.629928514838781,-0.018020576360043228,-0.1767214851612179,1.0120616972432301,1.122861425,-0.11079972775676988,-0.009806650000000028,-9.57030845022973,-9.5516771,-0.018631350229730455,-0.009806649999999806,0.34519664954053836,0.38245935,-0.037262700459461603,0.009806650000000028,0.10320157212128811,1.0120616972432301,-0.009806650000000028,-0.009806650000000028,0.0,9.629928514838781,0.9819794236399567,43.66239080235818,-79.39551489593869,108.8,-50.726827569981445,145.66987267299788,1.0,3.1711213580953417,277.0,3.1711213580953417,2.9335301978132873,10.560708712127834,0.5992002620202147,3.1711213580953417,0.0,2.9335301978132873,10.560708712127834,0.038499518579188874,-0.24764274754660787,0.24764274754660787,0.0,0.0,0.0,0.0,3.3905920721060516,0.0005643405973023092,2.031626150288313,132.04496691970337,0.03667915747769537,0.20516103227308363,147525.0215249457,1783556753525021.5,1783556753899869.0
278.0,138.5679141506884,24288.0,112.85187122603261,-975.0,43.14812877396738,982.2839570753442,0.11285187122603263,-0.975,0.04314812877396738,0.9822839570753442,0.9824591371441356,0.9824591371441356,9.634632897274537,-0.01754086285586442,-0.1720171027254628,1.1066988029587728,1.124253758826462,-0.017554955867689303,-0.009806650000000028,-9.561483749999999,-9.5516771,-0.009806649999999806,-0.009806649999999806,0.42313859704122714,0.38245935,0.040679247041227176,0.003510991173537876,0.11285187122603263,1.1066988029587728,-0.009806650000000028,-0.009806650000000028,0.0,9.634632897274537,0.9824591371441356,43.66238360481557,-79.39552197539905,108.8,-51.29695121009235,144.8742563126247,1.0,2.969414568364131,278.0,2.969414568364131,2.808377877493627,10.110160358977058,0.6028641716986232,0.6798252065070116,0.0,2.808377877493627,10.110160358977058,-0.12515232031965998,-0.21229131027096712,0.21229131027096712,0.0,0.0,0.0,0.0,3.3655374988919204,0.0005635895749002729,2.028922469640982,134.85269325746066,0.03745908146040573,0.22244505997009267,148359.37424520653,1783556754359374.2,1783556754283957.0
279.0,139.4032967538231,24288.0,114.10494513073466,-975.0,41.89505486926534,982.7016483769115,0.11410494513073467,-0.975,0.04189505486926534,0.9827016483769115,0.9825496895169661,0.9825496895169661,9.635520912701557,-0.01745031048303388,-0.17112908729844417,1.118987260166319,1.1263018350277199,-0.007314574861400764,-0.009806650000000028,-9.561483749999999,-9.5516771,-0.009806649999999806,-0.009806649999999806,0.4108501398336809,0.38245935,0.028390789833680926,0.0014629149722801592,0.11410494513073467,1.118987260166319,-0.009806650000000028,-0.009806650000000028,0.0,9.635520912701557,0.9825496895169661,43.66237566868084,-79.39552782307727,108.8,-51.76787687699669,143.99699597984133,1.0,2.6338220673020207,279.0,2.6338220673020207,2.624283026167505,9.447418894203018,0.6011934064923538,1.6798252065070012,0.0,2.624283026167505,9.447418894203018,-0.30924717164578225,-0.1278321027365529,0.1278321027365529,0.0,0.0,0.0,0.0,3.385827271556856,0.0005654156544401171,2.0354963559844217,135.70486370938795,0.03769579547482998,0.2271972963828454,148609.98902614694,1783556754609989.0,1783556754701648.5
280.0,140.22923153451987,24288.0,112.80231037081953,-974.8853842327401,40.114615767259934,982.0,0.11280231037081953,-0.9748853842327401,0.040114615767259935,0.982,0.9822119067622403,0.9822119067622403,9.632208395449924,-0.01778809323775961,-0.17444160455007526,1.1062127769979972,1.12776475,-0.021551973002002803,-0.009244651643000208,-9.560359753285999,-9.5516771,-0.008682653286000215,-0.009806649999999806,0.3933899967139996,0.38245935,0.010930646713999636,0.0,0.11280231037081953,1.1062127769979972,-0.009244651643000208,-0.009244651643000208,0.000936663928333034,9.632208395449924,0.9822119067622403,43.66236770768466,-79.39553360462074,108.8,-52.23347657448861,143.11698746186096,1.0,2.40542215614457,280.0,2.40542215614457,2.48147682290084,8.933316562443025,0.5991146157672599,0.28571262564264477,0.0,2.48147682290084,8.933316562443025,-0.4015371861525418,-0.06184916950638254,0.06184916950638254,0.0,0.0,0.0,0.0,3.4058875755104188,0.0005668116543311055,2.0405219555919802,138.58752870074383,0.03849653575020662,0.23129346587216074,149456.76946035595,1783556755456769.5,1783556755114615.8
281.0,141.0315465669909,24288.0,115.61041298446816,-974.4842267165045,40.51577328349545,982.0,0.11561041298446814,-0.9744842267165045,0.040515773283495454,0.982,0.9821606471591199,0.9821606471591199,9.631705710462983,-0.0178393528408801,-0.17494428953701685,1.1337508564941345,1.12776475,0.005986106494134488,-0.007277645964704636,-9.556425741929408,-9.5516771,-0.0047486419294092514,-0.009806649999999806,0.39732400807059065,0.38245935,0.014864658070590668,0.0,0.11561041298446814,1.1337508564941345,-0.007277645964704636,-0.007277645964704636,0.00421500672549232,9.631705710462983,0.9821606471591199,43.66235968453433,-79.39553922082597,108.8,-52.685761240140614,142.23010842500105,1.0,2.44500589961682,281.0,2.44500589961682,2.4418930794285902,8.790815085942926,0.5995157732834955,1.2857126256426425,0.0,2.4418930794285902,8.790815085942926,-0.26431324166812326,-0.04205729777025758,0.04205729777025758,0.0,0.0,0.0,0.0,3.425374203019075,0.0005704383322285499,2.05357799602278,139.4176590326126,0.03872712750905905,0.23374945471110845,149697.46397009728,1783556755697464.0,1783556755515773.2
282.0,141.83386159946193,24288.0,118.41851559811677,-974.083069200269,40.91693079973097,982.0,0.11841851559811677,-0.974083069200269,0.04091693079973097,0.982,0.9821093875559994,0.9821093875559994,9.63120302547604,-0.017890612444000593,-0.1754469745239584,1.1612889359902718,1.12776475,0.03352418599027178,-0.005310640286409064,-9.552491730572818,-9.5516771,-0.0008146305728182861,-0.009806649999999806,0.4012580194271817,0.38245935,0.0187986694271817,0.0,0.11841851559811677,1.1612889359902718,-0.005310640286409064,-0.005310640286409064,0.007493349522651606,9.63120302547604,0.9821093875559994,43.66235166138401,-79.3955448370312,108.8,-53.13804590579262,141.34322938814114,1.0,2.4845896430890697,282.0,2.4845896430890697,2.4023093359563403,8.648313609442825,0.599916930799731,2.28571262564264,0.0,2.4023093359563403,8.648313609442825,-0.1270892971837047,-0.022265426034132625,0.022265426034132625,0.0,0.0,0.0,0.0,3.4448608305277313,0.0005740650101259942,2.06663403645358,140.24778936448135,0.038957719267911486,0.23620544355005615,149938.15847983857,1783556755938158.5,1783556755916930.8
283.0,140.28720101509128,24288.0,116.85900126886412,-974.0,40.14360050754564,981.5718002537728,0.11685900126886412,-0.974,0.040143600507545646,0.9815718002537728,0.9818098206080799,0.9818098206080799,9.628265277266225,-0.018190179391920188,-0.17838472273377412,1.1459953247933063,1.12776475,0.018230574793306187,-0.004903324999999903,-9.5516771,-9.5516771,0.0,-0.009806649999999806,0.3936742399173225,0.38245935,0.011214889917322505,0.0,0.11685900126886412,1.1459953247933063,-0.004903324999999903,-0.004903324999999903,0.004672870798884496,9.628265277266225,0.9818098206080799,43.66234357700381,-79.39555028199746,108.8,-53.57654034269897,140.44958200074868,1.0,2.2183021225429593,283.0,2.2183021225429593,2.177438734089135,7.838779442720886,0.6021409987311359,2.2183021225429593,0.0,2.177438734089135,7.838779442720886,-0.2730955605576432,-0.01816704848813666,0.01816704848813666,0.0,0.0,0.0,0.0,3.4072955382545373,0.0005698759451677263,2.0515534026038145,141.2879932217822,0.03924666478382838,0.25029637162723467,150247.06084646744,1783556756247060.8,1783556756428199.8
284.0,138.1271022245746,24288.0,114.15887778071826,-974.0,39.06355111228731,981.0317755561437,0.11415887778071827,-0.974,0.039063551112287306,0.9810317755561436,0.9814454078562811,0.9814454078562811,9.6246916089538,-0.018554592143718858,-0.18195839104620054,1.119516158788281,1.12776475,-0.008248591211719267,-0.004903324999999903,-9.5516771,-9.5516771,0.0,-0.009806649999999806,0.3830825735153123,0.38245935,0.0006232235153123024,0.0,0.11415887778071827,1.119516158788281,-0.004903324999999903,-0.004903324999999903,0.000259676464713466,9.6246916089538,0.9814454078562811,43.66233547663334,-79.39555568224444,108.8,-54.011433442442254,139.55416704932554,1.0,1.872135901611135,284.0,1.872135901611135,1.9041802148585896,6.855048773490923,0.6048411222192818,1.872135901611135,0.0,1.9041802148585896,6.855048773490923,-0.4930677814278146,-0.01816704848813666,0.01816704848813666,0.0,0.0,0.0,0.0,3.3548310588304684,0.0005636457882361182,2.0291248376500257,142.38305806856107,0.03955084946348918,0.26742578005463286,150573.7757885331,1783556756573775.8,1783556756968224.5
285.0,140.0,24288.0,114.50459452943952,-974.4984684901868,38.003063019626346,982.0,0.11450459452943952,-0.9744984684901868,0.038003063019626346,0.982,0.9819400288001707,0.9819400288001707,9.629542183433195,-0.01805997119982927,-0.1771078165668057,1.122906481942128,1.12776475,-0.004858268057872105,0.0,-9.55656540601929,-9.5516771,-0.004888306019290563,0.0,0.37268273796141865,0.3800001780096453,-0.007317440048226643,0.004903325000000014,0.11450459452943952,1.122906481942128,0.0,0.0,0.004105462421293191,9.629542183433195,0.9819400288001707,43.662327522972646,-79.39556148315339,108.84984684901869,-54.478592682856984,138.67496939621742,1.0,1.86987864764679,285.0,1.86987864764679,1.8699900266342038,6.731964095883134,0.5994984684901868,0.9411590686812099,0.04984684901868708,1.8699900266342038,6.731964095883134,-0.27189193939061185,-0.01816704848813666,0.01816704848813666,2.6400514427101545,0.0,0.0,0.0,3.4003200000000002,0.0005662462867712645,2.0384866323765523,145.50125580993125,0.04041701550275868,0.2987851823514874,151491.0810941121,1783556757491081.0,1783556757498468.5
286.0,140.85673783454155,24288.0,129.79943296835816,-970.085957299275,20.25787189782523,979.0573048661834,0.12979943296835816,-0.970085957299275,0.020257871897825228,0.9790573048661834,0.9789426748602983,0.9789426748602983,9.600148182418744,-0.021057325139701745,-0.20650181758125613,1.2728976093191495,1.12776475,0.1451328593191495,0.0,-9.513293453148936,-9.5516771,0.03838364685106332,0.0,0.19866185944680778,0.38245935,-0.1837974905531922,0.0,0.12979943296835816,1.2728976093191495,0.0,0.0,0.0,9.600148182418744,0.9789426748602983,43.662319570213505,-79.39556728652433,108.9,-54.94595019206388,137.79587140062424,1.0,1.8870603688137089,286.0,1.8870603688137089,1.852808392402555,6.670110212649198,0.600085957299275,0.05305763958494907,0.0,1.852808392402555,6.670110212649198,-0.034251976411153885,-0.01958067096242114,0.01958067096242114,0.0,0.0,0.0,0.0,3.421128448525345,0.0005702669445876496,2.0529610005155385,148.6363113954667,0.04128786427651853,0.2987851823514874,152409.27741715428,1783556758409277.5,1783556758028652.5
287.0,138.15661459914796,24288.0,126.01926043880715,-971.7060312405113,25.118093721533665,980.1373541603408,0.12601926043880715,-0.9717060312405112,0.025118093721533667,0.9801373541603408,0.9801822207502238,0.9801822207502238,9.612303975120183,-0.01981777924977623,-0.19434602487981809,1.235826780382228,1.12776475,0.10806203038222799,0.0,-9.52918095126476,-9.5516771,0.02249614873524018,0.0,0.2463243537942781,0.38245935,-0.13613499620572186,0.0,0.12601926043880715,1.235826780382228,0.0,0.0,0.0,9.612303975120183,0.9801822207502238,43.6623114698438,-79.3955726867708,108.9,-55.380843251097836,136.90045653344296,1.0,1.867439060917173,287.0,1.867439060917173,1.8724297002990908,6.740746921076727,0.6017060312405113,1.0530576395849438,0.0,1.8724297002990908,6.740746921076727,0.0049906393819177525,-0.04622381764860498,0.04622381764860498,0.0,0.0,0.0,0.0,3.355547855384106,0.0005608233391753112,2.0189640210311204,149.71193805193204,0.041586649458870015,0.2987851823514874,152734.91227934277,1783556758734912.2,1783556758568677.0
288.0,136.02047463486693,24288.0,122.85667755593147,-973.0204746348669,29.143322444068534,981.0204746348669,0.12285667755593146,-0.973020474634867,0.029143322444068538,0.981020474634867,0.9811798628396603,0.9811798628396603,9.622087501916555,-0.018820137160339732,-0.18456249808344563,1.204812436953875,1.12776475,0.07704768695387508,0.0,-9.542071237578018,-9.5516771,0.009605862421981996,0.0,0.28579836304612466,0.38245935,-0.0966609869538753,0.0,0.12285667755593146,1.204812436953875,0.0,0.0,0.0,9.622087501916555,0.9811798628396603,43.662304242438516,-79.39557927268447,108.9,-55.91122055092185,136.10153915305852,1.0,2.015143379601267,288.0,2.015143379601267,1.9987857876639148,7.195628835590094,0.603020474634867,2.015143379601267,0.0,1.9987857876639148,7.195628835590094,0.14627452817511072,-0.06750395714649327,0.06750395714649327,0.0,0.0,0.0,0.0,3.3036652879316484,0.000553382860297061,1.9921782970694197,150.61220106976802,0.041836722519380004,0.2964536493620438,153007.36667945964,1783556759007366.8,1783556759020474.8
289.0,136.12219157854292,24288.0,122.14465895019957,-973.1221915785429,29.855341049800437,981.1221915785429,0.12214465895019956,-0.9731221915785429,0.029855341049800435,0.9811221915785429,0.9812176429638341,0.9812176429638341,9.622457998371283,-0.018782357036165976,-0.18419200162871704,1.1978299196939743,1.12776475,0.07006516969397433,0.0,-9.543068740043717,-9.5516771,0.008608359956281909,0.0,0.2927808803060254,0.38245935,-0.08967846969397456,0.0,0.12214465895019956,1.1978299196939743,0.0,0.0,0.0,9.622457998371283,0.9812176429638341,43.6623004789116,-79.39559056326522,108.9,-56.82047445719472,135.68551888769446,1.0,2.8267872661789863,289.0,2.8267872661789863,2.548660046199302,9.175176166317486,0.6031221915785429,2.8267872661789863,0.0,2.548660046199302,9.175176166317486,0.6924529934148443,-0.06750395714649327,0.06750395714649327,0.0,0.0,0.0,0.0,3.3061357890596508,0.0005538906855289281,1.9940064679041414,150.81663009710795,0.041893508360307766,0.28487071216647314,153068.80371343993,1783556759068803.8,1783556759122191.5
290.0,136.2239085222189,24288.0,121.43264034446766,-973.223908522219,30.567359655532336,981.223908522219,0.12143264034446766,-0.9732239085222189,0.030567359655532336,0.9812239085222189,0.9812554230880077,0.9812554230880077,9.622828494826011,-0.018744576911992217,-0.1838215051739885,1.1908474024340736,1.12776475,0.0630826524340736,0.0,-9.544066242509418,-9.5516771,0.007610857490581823,0.0,0.2997633975659262,0.38245935,-0.08269595243407382,0.0,0.12143264034446766,1.1908474024340736,0.0,0.0,0.0,9.622828494826011,0.9812554230880077,43.66229671538468,-79.39560185384597,108.9,-57.7297283634676,135.26949862233042,1.0,3.6384311527567057,290.0,3.6384311527567057,3.098534304734689,11.15472349704488,0.6032239085222189,3.6384311527567057,0.0,3.098534304734689,11.15472349704488,1.238631458654578,-0.06750395714649327,0.06750395714649327,0.0,0.0,0.0,0.0,3.308606290187653,0.0005543985107607953,1.9958346387388632,151.02105912444787,0.04195029420123553,0.2732877749709024,153130.2407474202,1783556759130240.8,1783556759223908.5
291.0,136.3256254658949,24288.0,120.72062173873576,-973.3256254658949,31.279378261264238,981.3256254658949,0.12072062173873577,-0.9733256254658949,0.031279378261264236,0.9813256254658949,0.9812932032121815,0.9812932032121815,9.62319899128074,-0.01870679678781846,-0.1834510087192599,1.1838648851741729,1.12776475,0.05610013517417286,0.0,-9.545063744975117,-9.5516771,0.006613355024881737,0.0,0.3067459148258269,0.38245935,-0.07571343517417309,0.0,0.12072062173873577,1.1838648851741729,0.0,0.0,0.0,9.62319899128074,0.9812932032121815,43.662292951857765,-79.39561314442672,108.9,-58.638982269740474,134.85347835696638,1.0,4.4500750393344255,291.0,4.4500750393344255,3.648408563270076,13.134270827772273,0.6033256254658949,4.4500750393344255,0.0,3.648408563270076,13.134270827772273,1.7848099238943114,-0.06750395714649327,0.06750395714649327,0.0,0.0,0.0,0.0,3.3110767913156556,0.0005549063359926625,1.9976628095735849,151.22548815178783,0.04200708004216328,0.2617048377753317,153191.6777814005,1783556759191677.8,1783556759325625.5
292.0,136.42734240957088,24288.0,120.00860313300386,-973.4273424095709,31.991396866996137,981.4273424095709,0.12000860313300386,-0.9734273424095709,0.03199139686699614,0.9814273424095709,0.9813309833363553,0.9813309833363553,9.623569487735468,-0.018669016663644705,-0.18308051226453134,1.1768823679142721,1.12776475,0.04911761791427212,0.0,-9.546061247440818,-9.5516771,0.00561585255918165,0.0,0.31372843208572765,0.38245935,-0.06873091791427234,0.0,0.12000860313300386,1.1768823679142721,0.0,0.0,0.0,9.623569487735468,0.9813309833363553,43.662289188330845,-79.39562443500746,108.9,-59.548236176013354,134.43745809160234,1.0,5.261718925912145,292.0,5.261718925912145,4.198282821805463,15.113818158499665,0.6034273424095709,5.261718925912145,0.0,4.198282821805463,15.113818158499665,2.330988389134045,-0.06750395714649327,0.06750395714649327,0.0,0.0,0.0,0.0,3.3135472924436575,0.0005554141612245296,1.9994909804083068,151.42991717912776,0.042063865883091044,0.250121900579761,153253.1148153808,1783556759253114.8,1783556759427342.5
293.0,136.52905935324685,24288.0,119.29658452727196,-973.5290593532469,32.70341547272804,981.5290593532469,0.11929658452727196,-0.9735290593532469,0.03270341547272804,0.9815290593532469,0.981368763460529,0.981368763460529,9.623939984190198,-0.018631236539470946,-0.18271001580980276,1.1698998506543714,1.12776475,0.04213510065437138,0.0,-9.547058749906517,-9.5516771,0.004618350093481564,0.0,0.3207109493456284,0.38245935,-0.0617484006543716,0.0,0.11929658452727196,1.1698998506543714,0.0,0.0,0.0,9.623939984190198,0.981368763460529,43.66228542480393,-79.39563572558822,108.9,-60.45749008228623,134.0214378262383,1.0,6.073362812489864,293.0,6.073362812489864,4.7481570803408495,17.093365489227057,0.6035290593532469,6.073362812489864,0.0,4.7481570803408495,17.093365489227057,2.8771668543737787,-0.06750395714649327,0.06750395714649327,0.0,0.0,0.0,0.0,3.31601779357166,0.0005559219864563967,2.0013191512430284,151.6343462064677,0.042120651724018805,0.23853896338419034,153314.5518493611,1783556759314551.8,1783556759529059.2
294.0,136.63077629692285,24288.0,118.58456592154006,-973.6307762969228,33.41543407845994,981.6307762969228,0.11858456592154007,-0.9736307762969229,0.03341543407845994,0.9816307762969229,0.9814065435847028,0.9814065435847028,9.624310480644926,-0.01859345641529719,-0.18233951935507417,1.1629173333944707,1.12776475,0.03515258339447064,0.0,-9.548056252372218,-9.5516771,0.003620847627781478,0.0,0.3276934666055291,0.38245935,-0.05476588339447086,0.0,0.11858456592154007,1.1629173333944707,0.0,0.0,0.0,9.624310480644926,0.9814065435847028,43.662281661277014,-79.39564701616897,108.9,-61.36674398855911,133.60541756087423,1.0,6.885006699067584,294.0,6.885006699067584,5.298031338876237,19.072912819954453,0.6036307762969229,6.885006699067584,0.0,5.298031338876237,19.072912819954453,3.423345319613512,-0.06750395714649327,0.06750395714649327,0.0,0.0,0.0,0.0,3.3184882946996623,0.0005564298116882639,2.00314732207775,151.83877523380764,0.04217743756494657,0.22695602618861965,153375.9888833414,1783556759375989.0,1783556759630776.2
295.0,136.73249324059884,24288.0,117.87254731580816,-973.7324932405988,34.12745268419184,981.7324932405988,0.11787254731580817,-0.9737324932405989,0.03412745268419184,0.9817324932405989,0.9814443237088766,0.9814443237088766,9.624680977099654,-0.01855567629112343,-0.1819690229003456,1.15593481613457,1.12776475,0.028170066134569904,0.0,-9.549053754837917,-9.5516771,0.0026233451620813917,0.0,0.33467598386542985,0.38245935,-0.04778336613457013,0.0,0.11787254731580817,1.15593481613457,0.0,0.0,0.0,9.624680977099654,0.9814443237088766,43.662277897750094,-79.39565830674971,108.9,-62.27599789483199,133.1893972955102,1.0,7.696650585645303,295.0,7.696650585645303,5.847905597411623,21.052460150681846,0.6037324932405989,7.696650585645303,0.0,5.847905597411623,21.052460150681846,3.9695237848532456,-0.06750395714649327,0.06750395714649327,0.0,0.0,0.0,0.0,3.3209587958276647,0.0005569376369201311,2.0049754929124717,152.0432042611476,0.04223422340587433,0.21537308899304897,153437.4259173217,1783556759437426.0,1783556759732493.2
296.0,136.8342101842748,24288.0,117.16052871007626,-973.8342101842749,34.839471289923736,981.8342101842749,0.11716052871007626,-0.9738342101842749,0.034839471289923735,0.9818342101842749,0.9814821038330503,0.9814821038330503,9.625051473554382,-0.018517896166949675,-0.18159852644561703,1.1489522988746692,1.12776475,0.021187548874669164,0.0,-9.550051257303618,-9.5516771,0.0016258426963813057,0.0,0.3416585011253306,0.38245935,-0.040800848874669386,0.0,0.11716052871007626,1.1489522988746692,0.0,0.0,0.0,9.625051473554382,0.9814821038330503,43.66227413422318,-79.39566959733047,108.9,-63.18525180110486,132.77337703014615,1.0,8.508294472223023,296.0,8.508294472223023,6.397779855947011,23.032007481409238,0.6038342101842749,8.508294472223023,0.0,6.397779855947011,23.032007481409238,4.515702250092979,-0.06750395714649327,0.06750395714649327,0.0,0.0,0.0,0.0,3.323429296955667,0.0005574454621519981,2.0068036637471938,152.24763328848752,0.04229100924680209,0.20379015179747825,153498.862951302,1783556759498863.0,1783556759834210.2
297.0,136.9359271279508,24288.0,116.44851010434436,-973.9359271279508,35.55148989565564,981.9359271279508,0.11644851010434437,-0.9739359271279507,0.03555148989565564,0.9819359271279507,0.9815198839572241,0.9815198839572241,9.625421970009112,-0.018480116042775916,-0.18122802999088847,1.1419697816147685,1.12776475,0.014205031614768424,0.0,-9.551048759769317,-9.5516771,0.0006283402306812187,0.0,0.3486410183852313,0.38245935,-0.033818331614768646,0.0,0.11644851010434437,1.1419697816147685,0.0,0.0,0.0,9.625421970009112,0.9815198839572241,43.66227037069626,-79.39568088791121,108.9,-64.09450570737773,132.3573567647821,1.0,9.31993835880074,297.0,9.31993835880074,6.947654114482398,25.01155481213663,0.6039359271279507,9.31993835880074,0.0,6.947654114482398,25.01155481213663,5.0618807153327126,-0.06750395714649327,0.06750395714649327,0.0,0.0,0.0,0.0,3.3258997980836695,0.0005579532873838653,2.0086318345819154,152.45206231582745,0.042347795087729845,0.19220721460190754,153560.2999852823,1783556759560300.0,1783556759935927.2
298.0,133.69557020585245,24288.0,113.10147659804919,-974.9492617009754,40.0,981.9492617009754,0.11310147659804919,-0.9749492617009754,0.04,0.9819492617009754,0.9823025093546492,0.9823025093546492,9.63309690336277,-0.017697490645350783,-0.17355309663722926,1.109146595480259,1.12776475,-0.01861815451974103,0.0004975727401295017,-9.560986177259869,-9.5516771,-0.009309077259870305,0.0,0.392266,0.38245935,0.009806650000000028,0.0002487863700647565,0.11310147659804919,1.109146595480259,0.0004975727401295017,0.0004975727401295017,0.0008292879002158363,9.63309690336277,0.9823025093546492,43.66226657932762,-79.39569216054052,108.9,-65.00231394763665,131.9382588754364,1.0,9.702471750880935,298.0,9.702471750880935,7.294027311877251,26.258498322758104,0.6,0.37008653884356624,0.0,7.294027311877251,26.258498322758104,5.131638398835661,-0.07559561868595842,0.07559561868595842,0.0,0.0,0.0,0.0,3.2471980091597445,0.0005411996681932908,1.9483188054958465,154.6282331947553,0.04295228699854313,0.11457474213978594,154229.44297941474,1783556760229443.0,1783556760050738.2
299.0,132.87297937318175,24288.0,113.37567354227275,-974.8121632288636,40.0,981.8121632288636,0.11337567354227275,-0.9748121632288635,0.04,0.9818121632288636,0.9821982852438291,0.9821982852438291,9.632074813986396,-0.017801714756170903,-0.1745751860136034,1.1118355489433291,1.12776475,-0.01592920105667095,0.001842049471664511,-9.559641700528335,-9.5516771,-0.007964600528335294,0.0,0.392266,0.38245935,0.009806650000000028,0.0009210247358322763,0.11337567354227275,1.1118355489433291,0.001842049471664511,0.001842049471664511,0.003070082452774185,9.632074813986396,0.9821982852438291,43.662262740570405,-79.39570340261524,108.9,-65.90766156210414,131.5139226524283,1.0,9.354628735183324,299.0,9.354628735183324,7.294027311877251,26.258498322758104,0.6,1.370086538843567,0.0,7.294027311877251,26.258498322758104,4.390494219956837,-0.09745986039750434,0.09745986039750434,0.0,0.0,0.0,0.0,3.227218923015838,0.0005378698205026397,1.9363313538095028,154.8839654973973,0.04302332374927702,0.11457474213978594,154311.7020626818,1783556760311702.0,1783556760187836.8
300.0,132.05038854051102,24288.0,113.64987048649633,-974.6750647567518,40.0,981.6750647567518,0.11364987048649633,-0.9746750647567518,0.04,0.9816750647567518,0.982094061133009,0.982094061133009,9.631052724610022,-0.017905938866991024,-0.1755972753899775,1.1145245024063992,1.12776475,-0.01324024759360087,0.0031865262031995204,-9.5582972237968,-9.5516771,-0.006620123796800286,0.0,0.392266,0.38245935,0.009806650000000028,0.0015932631015997962,0.11364987048649633,1.1145245024063992,0.0031865262031995204,0.0031865262031995204,0.005310877005332534,9.631052724610022,0.982094061133009,43.66225890181319,-79.39571464468995,108.9,-66.81300917657164,131.0895864294202,1.0,9.006785719485713,300.0,9.006785719485713,7.294027311877251,26.258498322758104,0.6,2.370086538843568,0.0,7.294027311877251,26.258498322758104,3.6493500410780118,-0.11932410210905026,0.11932410210905026,0.0,0.0,0.0,0.0,3.207239836871932,0.0005345399728119886,1.9243439021231592,155.1396978000393,0.043094360500010906,0.11457474213978594,154393.9611459489,1783556760393961.2,1783556760324935.2
301.0,131.22779770784032,24288.0,113.92406743071989,-974.5379662846401,40.0,981.5379662846401,0.1139240674307199,-0.9745379662846401,0.04,0.9815379662846401,0.9819898370221889,0.9819898370221889,9.630030635233647,-0.01801016297781114,-0.17661936476635162,1.1172134558694693,1.12776475,-0.010551294130530792,0.0045310029347345295,-9.556952747065264,-9.5516771,-0.005275647065265276,0.0,0.392266,0.38245935,0.009806650000000028,0.002265501467367316,0.1139240674307199,1.1172134558694693,0.0045310029347345295,0.0045310029347345295,0.007551671557890883,9.630030635233647,0.9819898370221889,43.662255063055966,-79.39572588676467,108.9,-67.71835679103913,130.6652502064121,1.0,8.658942703788101,301.0,8.658942703788101,7.294027311877251,26.258498322758104,0.6,3.370086538843569,0.0,7.294027311877251,26.258498322758104,2.908205862199187,-0.1411883438205962,0.1411883438205962,0.0,0.0,0.0,0.0,3.1872607507280257,0.0005312101251213376,1.9123564504368153,155.39543010268127,0.043165397250744794,0.11457474213978594,154476.22022921598,1783556760476220.2,1783556760462033.8
302.0,130.40520687516963,24288.0,114.19826437494346,-974.4008678125283,40.0,981.4008678125283,0.11419826437494347,-0.9744008678125282,0.04,0.9814008678125282,0.9818856129113688,0.9818856129113688,9.629008545857273,-0.01811438708863126,-0.17764145414272575,1.1199024093325394,1.12776475,-0.007862340667460712,0.005875479666269539,-9.55560827033373,-9.5516771,-0.003931170333730267,0.0,0.392266,0.38245935,0.009806650000000028,0.002937739833134836,0.11419826437494347,1.1199024093325394,0.005875479666269539,0.005875479666269539,0.009792466110449231,9.629008545857273,0.9818856129113688,43.66225122429875,-79.39573712883937,108.9,-68.62370440550661,130.240913983404,1.0,8.31109968809049,302.0,8.31109968809049,7.294027311877251,26.258498322758104,0.6,4.3700865388435695,0.0,7.294027311877251,26.258498322758104,2.167061683320362,-0.1630525855321421,0.1630525855321421,0.0,0.0,0.0,0.0,3.1672816645841197,0.0005278802774306866,1.9003689987504717,155.65116240532328,0.04323643400147868,0.11457474213978594,154558.47931248305,1783556760558479.2,1783556760599132.2
303.0,129.5826160424989,24288.0,114.47246131916704,-974.2637693404165,40.0,981.2637693404165,0.11447246131916704,-0.9742637693404165,0.04,0.9812637693404165,0.9817813888005487,0.9817813888005487,9.6279864564809,-0.01821861119945138,-0.17866354351909988,1.1225913627956094,1.12776475,-0.005173387204390633,0.0072199563978045484,-9.554263793602194,-9.5516771,-0.0025866936021952574,0.0,0.392266,0.38245935,0.009806650000000028,0.0036099781989023558,0.11447246131916704,1.1225913627956094,0.0072199563978045484,0.0072199563978045484,0.01203326066300758,9.6279864564809,0.9817813888005487,43.66224738554153,-79.39574837091409,108.9,-69.52905201997412,129.8165777603959,1.0,7.963256672392879,303.0,7.963256672392879,7.294027311877251,26.258498322758104,0.6,5.37008653884357,0.0,7.294027311877251,26.258498322758104,1.425917504441537,-0.18491682724368802,0.18491682724368802,0.0,0.0,0.0,0.0,3.1473025784402133,0.0005245504297400356,1.888381547064128,155.90689470796528,0.04330747075221257,0.11457474213978594,154640.73839575012,1783556760640738.5,1783556760736230.8
304.0,128.7600252098282,24288.0,114.7466582633906,-974.1266708683047,40.0,981.1266708683047,0.1147466582633906,-0.9741266708683046,0.04,0.9811266708683046,0.9816771646897285,0.9816771646897285,9.626964367104526,-0.018322835310271502,-0.179685632895474,1.1252803162586795,1.12776475,-0.0024844337413205547,0.008564433129339558,-9.552919316870659,-9.5516771,-0.0012422168706602479,0.0,0.392266,0.38245935,0.009806650000000028,0.004282216564669875,0.1147466582633906,1.1252803162586795,0.008564433129339558,0.008564433129339558,0.014274055215565929,9.626964367104526,0.9816771646897285,43.66224354678431,-79.3957596129888,108.9,-70.4343996344416,129.3922415373878,1.0,7.615413656695267,304.0,7.615413656695267,7.294027311877251,26.258498322758104,0.6,6.370086538843571,0.0,7.294027311877251,26.258498322758104,0.6847733255627118,-0.20678106895523396,0.20678106895523396,0.0,0.0,0.0,0.0,3.1273234922963074,0.0005212205820493846,1.8763940953777842,156.16262701060728,0.043378507502946466,0.11457474213978594,154722.99747901718,1783556760722997.5,1783556760873329.2
305.0,124.13047170794434,24288.0,115.0,-973.0163089634931,36.98369103650696,980.0326179269861,0.115,-0.973016308963493,0.036983691036506956,0.980032617926986,0.9804863835668075,0.9804863835668075,9.615286793405431,-0.019513616433192525,-0.19136320659456746,1.12776475,1.12776475,0.0,0.0001599362968390311,-9.542030386296839,-9.5516771,0.009646713703160774,0.0,0.36268611370316095,0.38245935,-0.019773236296839036,0.009806650000000028,0.115,1.12776475,0.0001599362968390311,0.0001599362968390311,-0.015652108982431277,9.615286793405431,0.9804863835668075,43.662239722747614,-79.39577086437507,108.9,-71.34049712759743,128.96953252145917,1.0,7.25112851369692,305.0,7.25112851369692,7.25112851369692,26.10406264930891,0.6059021462190417,0.07605922696632167,0.0,7.25112851369692,26.10406264930891,-0.04289879818033118,-0.22613562942012996,0.22613562942012996,0.0,0.0,0.0,0.0,3.014880896842552,0.0005074178063053261,1.8267041026991737,158.2553780627413,0.043959827239650355,0.11457474213978594,155414.7853780958,1783556761414785.5,1783556761016309.0
306.0,125.84586789520905,24288.0,115.0,-973.2307334869012,36.76926651309887,980.4614669738023,0.115,-0.9732307334869011,0.036769266513098864,0.9804614669738022,0.9806912014527969,0.9806912014527969,9.617295370727069,-0.019308798547203174,-0.18935462927292998,1.12776475,1.12776475,0.0,0.002262722549318939,-9.544133172549317,-9.5516771,0.0075439274506808665,0.0,0.360583327450681,0.38245935,-0.02187602254931899,0.009806650000000028,0.115,1.12776475,0.002262722549318939,0.002262722549318939,-0.008677520917275146,9.617295370727069,0.9806912014527969,43.66223607753072,-79.39578222887481,108.9,-72.2557038836609,128.566590245568,1.0,6.687110183622041,306.0,6.687110183622041,6.687110183622041,24.073596661039346,0.6046155990785932,1.0760592269663165,0.0,6.687110183622041,24.073596661039346,-0.6069171282552103,-0.2150034636378006,0.2150034636378006,0.0,0.0,0.0,0.0,3.0565444394388375,0.0005132854218876363,1.8478275187954905,158.66784713444451,0.04407440198179014,0.11457474213978594,155543.4400921407,1783556761543440.0,1783556761230733.5
307.0,127.56126408247378,24288.0,115.0,-973.4451580103092,36.55484198969078,980.8903160206185,0.115,-0.9734451580103092,0.03655484198969078,0.9808903160206184,0.9808960193387862,0.9808960193387862,9.619303948048707,-0.019103980661213823,-0.18734605195129253,1.12776475,1.12776475,0.0,0.004365508801798847,-9.546235958801798,-9.5516771,0.005441141198200959,0.0,0.35848054119820105,0.38245935,-0.023978808801798944,0.009806650000000028,0.115,1.12776475,0.004365508801798847,0.004365508801798847,-0.0017029328521190167,9.619303948048707,0.9808960193387862,43.66223243231382,-79.39579359337455,108.9,-73.17091063972437,128.16364796967682,1.0,6.1230918535471615,307.0,6.1230918535471615,6.1230918535471615,22.043130672769784,0.6033290519381447,2.0760592269663114,0.0,6.1230918535471615,22.043130672769784,-1.1709354583300895,-0.2038712978554712,0.2038712978554712,0.0,0.0,0.0,0.0,3.0982079820351234,0.0005191530374699465,1.8689509348918072,159.08031620614776,0.04418897672392993,0.11457474213978594,155672.09480618555,1783556761672094.8,1783556761445158.0
308.0,129.2766602697385,24288.0,115.0,-973.6595825337173,36.34041746628269,981.3191650674346,0.115,-0.9736595825337173,0.036340417466282686,0.9813191650674347,0.9811008372247755,0.9811008372247755,9.621312525370344,-0.018899162775224472,-0.18533747462965505,1.12776475,1.12776475,0.0,0.006468295054278755,-9.548338745054279,-9.5516771,0.003338354945721051,0.0,0.35637775494572105,0.38245935,-0.0260815950542789,0.009806650000000028,0.115,1.12776475,0.006468295054278755,0.006468295054278755,0.005271655213037112,9.621312525370344,0.9811008372247755,43.66222878709692,-79.39580495787428,108.9,-74.08611739578784,127.76070569378562,1.0,5.559073523472282,308.0,5.559073523472282,5.559073523472282,20.012664684500216,0.602042504797696,3.0760592269663065,0.0,5.559073523472282,20.012664684500216,-1.7349537884049686,-0.19273913207314183,0.19273913207314183,0.0,0.0,0.0,0.0,3.139871524631409,0.0005250206530522567,1.8900743509881242,159.49278527785097,0.044303551466069714,0.11457474213978594,155800.7495202304,1783556761800749.5,1783556761659582.5
309.0,130.99205645700323,24288.0,115.0,-973.8740070571254,36.125992942874596,981.7480141142509,0.115,-0.9738740070571253,0.036125992942874594,0.9817480141142508,0.9813056551107648,0.9813056551107648,9.623321102691982,-0.01869434488923512,-0.1833288973080176,1.12776475,1.12776475,0.0,0.008571081306758663,-9.550441531306758,-9.5516771,0.0012355686932411427,0.0,0.3542749686932411,0.38245935,-0.028184381306758856,0.009806650000000028,0.115,1.12776475,0.008571081306758663,0.008571081306758663,0.012246243278193243,9.623321102691982,0.9813056551107648,43.66222514188003,-79.39581632237402,108.9,-75.00132415185129,127.35776341789445,1.0,4.995055193397404,309.0,4.995055193397404,4.995055193397404,17.982198696230654,0.6007559576572475,4.076059226966302,0.0,4.995055193397404,17.982198696230654,-2.2989721184798477,-0.18160696629081247,0.18160696629081247,0.0,0.0,0.0,0.0,3.1815350672276943,0.0005308882686345669,1.911197767084441,159.90525434955418,0.0444181262082095,0.11457474213978594,155929.40423427525,1783556761929404.2,1783556761874007.0
310.0,132.3921671158772,24288.0,114.86927762804092,-974.0,36.78433423175446,982.0,0.11486927762804093,-0.974,0.03678433423175445,0.982,0.9814419193015865,0.9814419193015865,9.624657397918904,-0.018558080698413457,-0.18199260208109633,1.1264828014510275,1.12776475,-0.001281948548972475,0.00852470145102736,-9.5516771,-9.5516771,0.0,0.0,0.3607310912938348,0.38245935,-0.021728258706165193,0.009806650000000028,0.11486927762804093,1.1264828014510275,0.00852470145102736,0.00852470145102736,0.012078353112223154,9.624657397918904,0.9814419193015865,43.66222260783288,-79.3958280981725,108.9,-75.94965364918174,127.07764984652508,1.0,4.466416403088895,310.0,4.466416403088895,4.466416403088895,16.079099051120025,0.6002614447439182,4.466416403088895,0.0,4.466416403088895,16.079099051120025,-2.483761181322886,-0.182268936064203,0.182268936064203,0.0,0.0,0.0,0.0,3.215540954910426,0.0005361616163578316,1.9301818188881938,160.40564661252347,0.044557124059034295,0.11844542805584508,156083.69486791937,1783556762083694.8,1783556762130722.2
311.0,133.3430745452254,24288.0,114.55230848492486,-974.0,38.6861490904508,982.0,0.11455230848492487,-0.974,0.0386861490904508,0.982,0.9814805115776126,0.9814805115776126,9.625035858862594,-0.018519488422387365,-0.18161414113740504,1.1233743960036886,1.12776475,-0.0043903539963115685,0.005416296003688336,-9.5516771,-9.5516771,0.0,0.0,0.3793815239778693,0.38245935,-0.0030778260221306676,0.009806650000000028,0.11455230848492487,1.1233743960036886,0.005416296003688336,0.005416296003688336,0.0017342131684205328,9.625035858862594,0.9814805115776126,43.66222165692545,-79.39584045996908,108.9,-76.94517479030192,126.97253653930136,1.0,3.9881846314701144,311.0,3.9881846314701144,3.9881846314701144,14.357464673292414,0.6008953830301502,3.9881846314701144,0.0,3.9881846314701144,14.357464673292414,-2.1282431376496027,-0.1997346069403264,0.1997346069403264,0.0,0.0,0.0,0.0,3.2386365945544346,0.0005405882806229333,1.9461178102425598,161.03130749047966,0.04473091874735546,0.12783087585408998,156274.51029207523,1783556762274510.2,1783556762447691.5
312.0,134.29398197457357,24288.0,114.23533934180881,-974.0,40.587963949147145,982.0,0.11423533934180881,-0.974,0.04058796394914715,0.982,0.9815191038536387,0.9815191038536387,9.625414319806286,-0.01848089614636127,-0.18123568019371372,1.1202659905563495,1.12776475,-0.007498759443650662,0.002307890556349313,-9.5516771,-9.5516771,0.0,0.0,0.39803195666190383,0.38245935,0.01557260666190386,0.009806650000000028,0.11423533934180881,1.1202659905563495,0.002307890556349313,0.002307890556349313,-0.008609926775382085,9.625414319806286,0.9815191038536387,43.662220706018026,-79.39585282176566,108.9,-77.9406959314221,126.86742323207764,1.0,3.509952859851334,312.0,3.509952859851334,3.509952859851334,12.635830295464803,0.6015293213163824,3.509952859851334,0.0,3.509952859851334,12.635830295464803,-1.7727250939763197,-0.21720027781644982,0.21720027781644982,0.0,0.0,0.0,0.0,3.261732234198443,0.0005450149448880349,1.9620538015969258,161.65696836843586,0.044904713435676626,0.13721632365233488,156465.3257162311,1783556762465325.8,1783556762764660.8
313.0,134.75267444576642,24288.0,116.0,-974.9059156942792,41.0,982.9059156942792,0.116,-0.9749059156942792,0.041,0.9829059156942792,0.9826385631517589,0.9826385631517589,9.636392465332197,-0.01736143684824107,-0.17025753466780327,1.1375714,1.12776475,0.009806649999999806,0.0,-9.560561098143301,-9.5516771,-0.008883998143302908,0.0,0.40207265,0.38245935,0.0196133,0.009806650000000028,0.116,1.1375714,0.0,0.0,0.0,9.636392465332197,0.9826385631517589,43.66221990591569,-79.39586519886639,108.9,-78.93744954697982,126.77897992043108,1.0,3.115588747466392,313.0,3.115588747466392,3.115588747466392,11.216119490879013,0.6013763372228832,0.25753232792556247,0.0,3.115588747466392,11.216119490879013,-1.4061058671025393,-0.23016797381306353,0.23016797381306353,0.0,0.0,0.0,0.0,3.272872956938775,0.0005467484986285714,1.9682945950628565,164.27382576232628,0.045631618267312865,0.177365457386902,157264.9210049611,1783556763264921.0,1783556763094084.2
314.0,137.6753150782232,24288.0,116.0,-974.5405856152221,41.0,982.5405856152221,0.116,-0.974540585615222,0.041,0.9825405856152221,0.9822761103212196,0.9822761103212196,9.632838017281587,-0.017723889678780375,-0.17381198271841156,1.1375714,1.12776475,0.009806649999999806,0.0,-9.556978433923517,-9.5516771,-0.005301333923517691,0.0,0.40207265,0.38245935,0.0196133,0.009806650000000028,0.116,1.1375714,0.0,0.0,0.0,9.632838017281587,0.9822761103212196,43.66221954058562,-79.39587762008908,108.9,-79.93775639577206,126.73859633359407,1.0,2.96301573841695,314.0,2.96301573841695,2.96301573841695,10.66685665830102,0.6028376575391116,1.2575323279255726,0.0,2.96301573841695,10.66685665830102,-1.0074818441142774,-0.23016797381306353,0.23016797381306353,0.0,0.0,0.0,0.0,3.3438580526198853,0.0005599990498223786,2.0159965793605625,165.03611695857182,0.04584336582182551,0.19123078099307933,157485.94570279063,1783556763485945.8,1783556763459414.5
315.0,140.59795571068,24288.0,116.0,-974.175255536165,41.0,982.175255536165,0.116,-0.974175255536165,0.041,0.982175255536165,0.9819136574906803,0.9819136574906803,9.62928356923098,-0.018086342509319682,-0.17736643076901984,1.1375714,1.12776475,0.009806649999999806,0.0,-9.553395769703732,-9.5516771,-0.0017186697037324724,0.0,0.40207265,0.38245935,0.0196133,0.009806650000000028,0.116,1.1375714,0.0,0.0,0.0,9.62928356923098,0.9819136574906803,43.66221917525554,-79.39589004131176,108.9,-80.93806324456429,126.69821274675705,1.0,2.810442729367508,315.0,2.810442729367508,2.810442729367508,10.117593825723029,0.6042989778553399,2.2575323279255826,0.0,2.810442729367508,10.117593825723029,-0.6088578211260157,-0.23016797381306353,0.23016797381306353,0.0,0.0,0.0,0.0,3.4148431483009953,0.0005732496010161858,2.0636985636582685,165.79840815481734,0.04605511337633816,0.20509610459925667,157706.97040062016,1783556763706970.5,1783556763824744.5
316.0,137.0,24288.0,115.35594171797271,-973.0,40.0,981.0,0.11535594171797273,-0.973,0.04,0.981,0.980631169177581,0.980631169177581,9.616706655215324,-0.019368830822419,-0.18994334478467528,1.131255345848557,1.12776475,0.003490595848556998,0.0,-9.54187045,-9.5516771,0.009806649999999806,0.0,0.392266,0.38245935,0.009806650000000028,0.007701298616185743,0.11535594171797273,1.131255345848557,0.0,0.0,0.0,9.616706655215324,0.980631169177581,43.662218570627815,-79.39590244058282,108.9,-81.93660228254679,126.63137719812597,1.0,2.6698826754162908,316.0,2.6698826754162908,2.6698826754162908,9.611577631498646,0.6017853139059909,0.5202816679717968,0.0,2.6698826754162908,9.611577631498646,-0.3953390784990112,-0.23016797381306353,0.23016797381306353,0.0,0.0,0.0,0.0,3.327456,0.0005562261537412147,2.002414153468373,168.59655120550792,0.04683237533486331,0.21549832549184084,158544.02634249948,1783556764544026.2,1783556764214686.0
317.0,137.0,24288.0,114.11803863263435,-973.0,40.0,981.0,0.11411803863263437,-0.973,0.04,0.981,0.9804866149801412,0.9804866149801412,9.615289062795002,-0.01951338501985873,-0.1913609372049976,1.1191156635567236,1.12776475,-0.008649086443276381,0.0,-9.54187045,-9.5516771,0.009806649999999806,0.0,0.392266,0.38245935,0.009806650000000028,0.003654737852241253,0.11411803863263437,1.1191156635567236,0.0,0.0,0.0,9.615289062795002,0.9804866149801412,43.66221774535909,-79.39591481961368,108.9,-82.93351133564765,126.54015199332999,1.0,2.5403989963158633,317.0,2.5403989963158633,2.5403989963158633,9.145436386737108,0.6013726795442115,1.5202816679717883,0.0,2.5403989963158633,9.145436386737108,-0.35249403400685453,-0.23016797381306353,0.23016797381306353,0.0,0.0,0.0,0.0,3.327456,0.0005558447585515177,2.0010411307854636,169.42173783793635,0.047061593843871215,0.22270744164966946,158792.0195939289,1783556764792019.5,1783556764627320.5
318.0,136.82989503520284,24288.0,113.12757872359786,-973.0,39.829895035202846,981.0,0.11312757872359787,-0.973,0.039829895035202845,0.981,0.9803643638959123,0.9803643638959123,9.614090189199848,-0.019635636104087723,-0.19255981080015186,1.1094025698897712,1.12776475,-0.01836218011022905,0.0,-9.54187045,-9.5516771,0.009806649999999806,0.0,0.39059784014697196,0.38245935,0.00813849014697201,0.0,0.11312757872359787,1.1094025698897712,0.0,0.0,0.0,9.614090189199848,0.9803643638959123,43.662216872421276,-79.39592719073475,108.9,-83.92978339824214,126.44365744750672,1.0,2.417221319299176,318.0,2.417221319299176,2.417221319299176,8.701996749477034,0.6009574737588007,2.417221319299176,0.0,2.417221319299176,8.701996749477034,-0.30668470753910837,-0.23016797381306353,0.23016797381306353,0.0,0.0,0.0,0.0,3.323324490615007,0.0005547724017146023,1.997180646172568,170.24944639623064,0.04729151288784184,0.2293723432641736,159041.51574471957,1783556765041515.8,1783556765042526.2
319.0,135.0731318247307,24288.0,114.44515113145198,-973.0,38.073131824730694,981.0,0.11444515113145198,-0.973,0.0380731318247307,0.981,0.9804501456490684,0.9804501456490684,9.614931420829436,-0.01954985435093162,-0.19171857917056356,1.1223235413432535,1.12776475,-0.005441208656746573,0.0,-9.54187045,-9.5516771,0.009806649999999806,0.0,0.37336987820899525,0.38245935,-0.009089471791004732,0.0,0.11444515113145198,1.1223235413432535,0.0,0.0,0.0,9.614931420829436,0.9804501456490684,43.66221555484886,-79.39593948807723,108.9,-84.92011391621118,126.2980129935653,1.0,2.3528630319184147,319.0,2.3528630319184147,2.3528630319184147,8.470306914906294,0.6005182829561827,2.3528630319184147,0.0,2.3528630319184147,8.470306914906294,-0.2332259679887776,-0.23016797381306353,0.23016797381306353,0.0,0.0,0.0,0.0,3.2806562257590595,0.0005472550831076899,1.9701182991876833,171.10067828010676,0.04752796618891856,0.23096107033191074,159305.0302262904,1783556765305030.2,1783556765481717.0
320.0,133.31636861425855,24288.0,115.7627235393061,-973.0,36.31636861425854,981.0,0.1157627235393061,-0.973,0.03631636861425854,0.981,0.9805359274022245,0.9805359274022245,9.615772652459023,-0.01946407259777552,-0.1908773475409753,1.1352445127967359,1.12776475,0.0074797627967359,0.0,-9.54187045,-9.5516771,0.009806649999999806,0.0,0.3561419162710185,0.38245935,-0.026317433728981474,0.0,0.1157627235393061,1.1352445127967359,0.0,0.0,0.0,9.615772652459023,0.9805359274022245,43.66221423727646,-79.3959517854197,108.9,-85.91044443418023,126.15236853962386,1.0,2.2885047445376534,320.0,2.2885047445376534,2.2885047445376534,8.238617080335551,0.6000790921535646,2.2885047445376534,0.0,2.2885047445376534,8.238617080335551,-0.1597672284384468,-0.23016797381306353,0.23016797381306353,0.0,0.0,0.0,0.0,3.2379879609031117,0.0005397377645007773,1.9430559522027986,171.95191016398292,0.04776441948999527,0.23254979739964787,159568.5447078612,1783556765568544.8,1783556765920907.8
321.0,130.25302755930622,24288.0,112.24091732208137,-973.6265137796531,34.481834644162745,981.0,0.11224091732208137,-0.973626513779653,0.03448183464416275,0.981,0.9807027873954541,0.9807027873954541,9.61740899001163,-0.019297212604545894,-0.18924100998836998,1.1007073918565893,1.12776475,-0.027057358143410856,0.0036626486427648115,-9.548014451357234,-9.5516771,0.0036626486427648115,0.0,0.3381512837131786,0.38245935,-0.0443080662868214,-0.003662648642764895,0.11224091732208137,1.1007073918565893,0.0036626486427648115,0.0036626486427648115,0.00610441440460802,9.61740899001163,0.9807027873954541,43.66221175908268,-79.39596371064172,108.8626513779653,-86.87080731997969,125.8784289989187,1.0,2.2464323542871663,321.0,2.2464323542871663,2.2464323542871663,8.087156475433797,0.6043855964575717,0.8199139119190034,-0.03734862203469275,2.2464323542871663,8.087156475433797,-0.12229064190837924,-0.1868096100137561,0.1868096100137561,-1.7013000360311203,0.0,0.0,0.0,3.163585533360429,0.0005311403041838929,1.9121050950620142,174.7386275389514,0.048538507649708726,0.2364533010767089,160447.09173220815,1783556766447091.8,1783556766373486.2
322.0,129.3419899127495,24288.0,114.9740302617515,-973.1709949563748,39.94806052350299,981.0,0.1149740302617515,-0.9731709949563747,0.039948060523503,0.981,0.9807661880544291,0.9807661880544291,9.618030738083966,-0.019233811945570896,-0.18861926191603282,1.1275100738664052,1.12776475,-0.00025467613359487357,0.008129762311067391,-9.543547337688931,-9.5516771,0.008129762311067391,0.0,0.3917566477328106,0.38245935,0.009297297732810642,-0.008129762311067575,0.1149740302617515,1.1275100738664052,0.008129762311067391,0.008129762311067391,0.013549603851778986,9.618030738083966,0.9807661880544291,43.66220902596974,-79.39597555413113,108.81709949563748,-87.82458810786858,125.57631069461478,1.0,2.2092548438225013,322.0,2.2092548438225013,2.2092548438225013,7.953317437761004,0.6011969646946232,1.819913911919005,-0.082900504362532,2.2092548438225013,7.953317437761004,-0.09271718408969669,-0.13392800480007272,0.13392800480007272,-3.7762740196402538,0.0,0.0,0.0,3.1414582510008597,0.0005246342685234472,1.88868336668441,175.5949533662667,0.0487763759350741,0.2364533010767089,160720.40302617516,1783556766720403.0,1783556766829005.0
323.0,127.19383179649886,24288.0,114.39922897456236,-974.0,38.399228974562355,981.6007710254377,0.11439922897456237,-0.974,0.038399228974562355,0.9816007710254376,0.9814469716890406,0.9814469716890406,9.62470694491433,-0.018553028310959403,-0.18194305508567005,1.121873198823392,1.12776475,-0.005891551176608086,0.0,-9.5516771,-9.5516771,0.0,0.0,0.37656779882339186,0.38245935,-0.005891551176608086,-0.009806650000000028,0.11439922897456237,1.121873198823392,0.0,0.0,-0.009802913771394264,9.62470694491433,0.9814469716890406,43.662204806168205,-79.39598638766358,108.8,-88.69703496651671,125.10985383293217,1.0,1.9434869583869345,323.0,1.9434869583869345,2.1952989621878523,7.903076263876268,0.601,0.6246149497311434,0.0,2.1952989621878523,7.903076263876268,-0.049032377903354324,-0.08605617932138869,0.08605617932138869,0.0,0.0,0.0,0.0,3.0892837866733642,0.0005157387654974143,1.8566595557906918,178.49568481454642,0.04958213467070734,0.2364533010767089,161663.93661371197,1783556767663936.5,1783556767399229.0
324.0,132.03612450970584,24288.0,115.0,-974.0,38.963875490294164,981.0,0.115,-0.974,0.03896387549029416,0.981,0.98153922714832,0.98153922714832,9.625611661914071,-0.018460772851679977,-0.18103833808592745,1.12776475,1.12776475,0.0,0.0,-9.5516771,-9.5516771,0.0,0.0,0.3821050895768932,0.38245935,-0.0003542604231067667,-0.009806650000000028,0.115,1.12776475,0.0,0.0,0.0,9.625611661914071,0.98153922714832,43.662199602630395,-79.39599650574313,108.8,-89.51186491676947,124.53465476330858,1.0,1.5963555920045127,324.0,1.5963555920045127,2.214411568143674,7.971881645317226,0.6011264357839704,1.5963555920045127,0.0,2.214411568143674,7.971881645317226,0.019112605955821683,-0.04347252478841285,0.04347252478841285,0.0,0.0,0.0,0.0,3.2068933920917355,0.0005354873404272657,1.9277544255381567,179.68900125224894,0.049913611458958035,0.23582347995788405,162035.98185095057,1783556768035981.8,1783556768018062.2
325.0,132.63758017503915,24288.0,115.0,-974.0,38.362419824960845,981.0,0.115,-0.974,0.038362419824960844,0.981,0.9815159410853387,0.9815159410853387,9.625383303644536,-0.018484058914661306,-0.1812666963554633,1.12776475,1.12776475,0.0,0.0,-9.5516771,-9.5516771,0.0,0.0,0.37620682437645225,0.38245935,-0.006252525623547741,-0.009806650000000028,0.115,1.12776475,0.0,0.0,0.0,9.625383303644536,0.9815159410853387,43.662192986618074,-79.39600492612244,108.8,-90.18997554321511,123.80332076156002,1.0,2.1258509141069357,325.0,2.1258509141069357,2.532627240135318,9.117458064487145,0.603231530612637,2.1258509141069357,0.0,2.532627240135318,9.117458064487145,0.33732827794746584,-0.03652848379124172,0.03652848379124172,0.0,0.0,0.0,0.0,3.221501547291351,0.0005398292087782626,1.9433851516017455,180.28407906246048,0.050078910850683465,0.22533726206459198,162218.82437321192,1783556768218824.2,1783556768318790.0
326.0,133.23903584037248,24288.0,115.0,-974.0,37.76096415962753,981.0,0.115,-0.974,0.03776096415962753,0.981,0.9814926550223574,0.9814926550223574,9.625154945375,-0.018507344977642635,-0.18149505462499915,1.12776475,1.12776475,0.0,0.0,-9.5516771,-9.5516771,0.0,0.0,0.37030855917601124,0.38245935,-0.012150790823988716,-0.009806650000000028,0.115,1.12776475,0.0,0.0,0.0,9.625154945375,0.9814926550223574,43.66218637060575,-79.39601334650176,108.8,-90.86808616966076,123.07198675981145,1.0,2.6553462362093585,326.0,2.6553462362093585,2.850842912126962,10.263034483657064,0.6053366254413036,2.6553462362093585,0.0,2.850842912126962,10.263034483657064,0.6555439499391099,-0.02958444279407059,0.02958444279407059,0.0,0.0,0.0,0.0,3.2361097024909666,0.0005441710771292594,1.9590158776653344,180.879156872672,0.050244210242408896,0.2148510441712999,162401.66689547323,1783556768401667.0,1783556768619518.0
327.0,133.84049150570578,24288.0,115.0,-974.0,37.15950849429421,981.0,0.115,-0.974,0.03715950849429421,0.981,0.9814693689593761,0.9814693689593761,9.624926587105465,-0.018530631040623965,-0.181723412894535,1.12776475,1.12776475,0.0,0.0,-9.5516771,-9.5516771,0.0,0.0,0.3644102939755703,0.38245935,-0.018049056024429688,-0.009806650000000028,0.115,1.12776475,0.0,0.0,0.0,9.624926587105465,0.9814693689593761,43.66217975459343,-79.39602176688108,108.8,-91.5461967961064,122.34065275806289,1.0,3.1848415583117813,327.0,3.1848415583117813,3.1690585841186065,11.408610902826982,0.6074417202699702,3.1848415583117813,0.0,3.1690585841186065,11.408610902826982,0.973759621930754,-0.022640401796899457,0.022640401796899457,0.0,0.0,0.0,0.0,3.2507178576905824,0.0005485129454802564,1.9746466037289232,181.47423468288355,0.05040950963413432,0.20436482627800787,162584.50941773457,1783556768584509.5,1783556768920245.8
328.0,133.64489246101306,24288.0,115.22585125649782,-975.5482974870043,36.870743717510884,982.5482974870043,0.11522585125649783,-0.9755482974870043,0.03687074371751088,0.9825482974870043,0.9830236219245078,0.9830236219245078,9.640168601945973,-0.016976378075492186,-0.16648139805402545,1.1299795942245345,1.12776475,0.0022148442245343313,0.0,-9.56686071155093,-9.5516771,-0.01518361155093095,0.0,0.3615784788773281,0.38245935,-0.020880871122671896,-0.009806650000000028,0.11522585125649783,1.1299795942245345,0.0,0.0,0.0,9.640168601945973,0.9830236219245078,43.6621728054211,-79.3960296462814,108.8,-92.1807412622198,121.57249124798474,1.0,3.3090463233736407,328.0,3.3090463233736407,3.2534506775442753,11.712422439159392,0.6002258512564979,0.7347959234770679,0.0,3.2534506775442753,11.712422439159392,0.8191668208778482,-0.02079881381690729,0.02079881381690729,0.0,0.0,0.0,0.0,3.2459671480930856,0.0005411910875477361,1.94828791517185,184.0246631599152,0.05111796198886533,0.1724891330765948,163368.7366051552,1783556769368736.5,1783556769225851.2
329.0,131.80069668407606,24288.0,115.53321721932066,-974.9335655613587,35.333913903396706,981.9335655613587,0.11553321721932067,-0.9749335655613587,0.035333913903396706,0.9819335655613587,0.9823941622623025,0.9823941622623025,9.633995711349607,-0.017605837737697555,-0.1726542886503917,1.132993824643851,1.12776475,0.005229074643850832,0.0,-9.560832250712297,-9.5516771,-0.009155150712297947,0.0,0.3465073267807453,0.38245935,-0.0359520232192547,-0.009806650000000028,0.11553321721932067,1.132993824643851,0.0,0.0,0.0,9.633995711349607,0.9823941622623025,43.662165736003956,-79.39603733043049,108.8,-92.79956173892415,120.79103787682637,1.0,3.2869727756833163,329.0,3.2869727756833163,3.2534506775442753,11.712422439159392,0.6005332172193206,1.734795923477071,0.0,3.2534506775442753,11.712422439159392,0.49392700007468615,-0.02079881381690729,0.02079881381690729,0.0,0.0,0.0,0.0,3.201175321062839,0.000533993289787459,1.9223758432348523,184.60344075288654,0.05127873354246848,0.1724891330765948,163553.4635488117,1783556769553463.5,1783556769533217.2
330.0,129.95650090713903,24288.0,115.84058318214349,-974.318833635713,33.79708408928253,981.318833635713,0.1158405831821435,-0.974318833635713,0.03379708408928253,0.981318833635713,0.9817647026000971,0.9817647026000971,9.627822820753241,-0.01823529739990292,-0.17882717924675795,1.1360080550631675,1.12776475,0.008243305063167334,0.0,-9.554803789873665,-9.5516771,-0.0031266898736649444,0.0,0.3314361746841625,0.38245935,-0.05102317531583749,-0.009806650000000028,0.1158405831821435,1.1360080550631675,0.0,0.0,0.0,9.627822820753241,0.9817647026000971,43.66215866658681,-79.39604501457956,108.8,-93.4183822156285,120.00958450566799,1.0,3.2648992279929914,330.0,3.2648992279929914,3.2534506775442753,11.712422439159392,0.6008405831821435,2.734795923477074,0.0,3.2534506775442753,11.712422439159392,0.168687179271524,-0.02079881381690729,0.02079881381690729,0.0,0.0,0.0,0.0,3.156383494032593,0.0005267954920271818,1.896463771297855,185.18221834585785,0.051439505096071626,0.1724891330765948,163738.19049246825,1783556769738190.5,1783556769840583.2
331.0,131.03760969627467,24288.0,116.40708017355733,-975.0,37.296459913221334,982.1482299566106,0.11640708017355735,-0.975,0.03729645991322133,0.9821482299566107,0.9826337772062271,0.9826337772062271,9.636345531239447,-0.017366222793772833,-0.17030446876055236,1.141563492784016,1.12776475,0.01379874278401591,0.0,-9.561483749999999,-9.5516771,-0.009806649999999806,0.0,0.3657533286079919,0.38245935,-0.01670602139200803,-0.009806650000000028,0.11640708017355735,1.141563492784016,0.0,0.0,0.0,9.636345531239447,0.9826337772062271,43.66215144248104,-79.39605240928901,108.8,-94.01389351859477,119.21103185400648,1.0,3.2525370707097507,331.0,3.2525370707097507,3.2525370707097507,11.709133454555102,0.6042964599132213,0.4813452459328041,0.0,3.2525370707097507,11.709133454555102,-0.0009136068345247416,-0.02079881381690729,0.02079881381690729,0.0,0.0,0.0,0.0,3.1826414643031193,0.0005342505282655811,1.923301901756092,187.68839442305338,0.05213566511751482,0.1724891330765948,164527.82735370606,1783556770527827.2,1783556770148230.0
332.0,133.19325516081824,24288.0,115.17528276524672,-975.0,37.91235861737664,982.4561793086883,0.11517528276524672,-0.975,0.03791235861737664,0.9824561793086883,0.9825134179211265,0.9825134179211265,9.635165209856213,-0.01748658207887359,-0.17148479014378568,1.1294836867298066,1.12776475,0.0017189367298065805,0.0,-9.561483749999999,-9.5516771,-0.009806649999999806,0.0,0.37179323163509664,0.38245935,-0.010666118364903348,-0.009806650000000028,0.11517528276524672,1.1294836867298066,0.0,0.0,0.0,9.635165209856213,0.9825134179211265,43.66214405169659,-79.39605949212411,108.8,-94.58428893255045,118.39405454104622,1.0,3.250639042543389,332.0,3.250639042543389,3.250639042543389,11.702300553156201,0.6049123586173766,1.4813452459328116,0.0,3.250639042543389,11.702300553156201,-0.002811635000886414,-0.02079881381690729,0.02079881381690729,0.0,0.0,0.0,0.0,3.234997781345954,0.000543604025857916,1.9569744930884978,188.30935530212912,0.05230815425059142,0.1724891330765948,164714.44466106512,1783556770714444.8,1783556770456179.2
333.0,135.34890062536184,24288.0,113.9434853569361,-975.0,38.52825732153195,982.764128660766,0.1139434853569361,-0.975,0.03852825732153195,0.982764128660766,0.9823930586360257,0.9823930586360257,9.63398488847298,-0.01760694136397434,-0.17266511152701897,1.1174038806755973,1.12776475,-0.010360869324402753,0.0,-9.561483749999999,-9.5516771,-0.009806649999999806,0.0,0.3778331346622013,0.38245935,-0.004626215337798665,-0.009806650000000028,0.1139434853569361,1.1174038806755973,0.0,0.0,0.0,9.63398488847298,0.9823930586360257,43.66213666091214,-79.3960665749592,108.8,-95.15468434650612,117.57707722808597,1.0,3.248741014377027,333.0,3.248741014377027,3.248741014377027,11.695467651757298,0.6055282573215319,2.481345245932819,0.0,3.248741014377027,11.695467651757298,-0.004709663167248086,-0.02079881381690729,0.02079881381690729,0.0,0.0,0.0,0.0,3.2873540983887883,0.000552957523450251,1.9906470844209039,188.93031618120486,0.052480643383668014,0.1724891330765948,164901.06196842418,1783556770901062.0,1783556770764128.8
334.0,137.21861960125904,24288.0,113.14574640083936,-974.9271267995804,38.85425359916065,982.8542535991606,0.11314574640083935,-0.9749271267995803,0.03885425359916065,0.9828542535991607,0.982239826201513,0.982239826201513,9.632482191619065,-0.01776017379848709,-0.1741678083809334,1.1095807339417914,1.12776475,-0.01818401605820883,0.0,-9.560769108029103,-9.5516771,-0.009092008029104209,0.0,0.38103006605820877,0.38245935,-0.0014292839417912213,-0.009092008029104415,0.11314574640083935,1.1095807339417914,0.0,0.0,0.0,9.632482191619065,0.982239826201513,43.66212917816999,-79.39607345746401,108.8,-95.70894674653562,116.74993491068301,1.0,3.2447050324431084,334.0,3.2447050324431084,3.2447050324431084,11.68093811679519,0.605562760797482,3.2447050324431084,0.0,3.2447050324431084,11.68093811679519,-0.00829649531066971,-0.019507712584384947,0.019507712584384947,0.0,0.0,0.0,0.0,3.3327658328753795,0.0005606025948659371,2.018169341517374,189.55461151251063,0.05265405875347517,0.17259518234929344,165087.7239202518,1783556771087724.0,1783556771072873.2
335.0,138.1526598432569,24288.0,113.7684398955046,-974.6157800522477,38.2315601044954,982.2315601044954,0.1137684398955046,-0.9746157800522477,0.038231560104495396,0.9822315601044954,0.9819790181906108,0.9819790181906108,9.629924538738953,-0.018020981809389103,-0.17672546126104563,1.1156872711012502,1.12776475,-0.012077478898749822,0.0,-9.557715839449374,-9.5516771,-0.006038739449374775,0.0,0.37492352889874975,0.38245935,-0.007535821101250212,-0.006038739449374911,0.1137684398955046,1.1156872711012502,0.0,0.0,0.0,9.629924538738953,0.9819790181906108,43.662121394501305,-79.39607968439896,108.8,-96.2104147443539,115.88952817440074,1.0,3.2336727141996944,335.0,3.2336727141996944,3.2336727141996944,11.6412217711189,0.6036946803134862,3.2336727141996944,0.0,3.2336727141996944,11.6412217711189,-0.017409845736955802,-0.013991553462677945,0.013991553462677945,0.0,0.0,0.0,0.0,3.355451802273024,0.0005626569354280572,2.025564967541006,190.18981865564467,0.05283050518212352,0.17304827204374293,165274.53196865137,1783556771274532.0,1783556771384220.0
336.0,139.0867000852548,24288.0,114.39113339016986,-974.304433304915,37.608866609830145,981.6088666098301,0.11439113339016986,-0.974304433304915,0.03760886660983014,0.9816088666098302,0.9817182101797088,0.9817182101797088,9.62736688585884,-0.01828178982029112,-0.17928311414115788,1.1217938082607093,1.12776475,-0.005970941739290815,0.0,-9.554662570869645,-9.5516771,-0.002985470869645339,0.0,0.3688169917392908,0.38245935,-0.013642358260709203,-0.0029854708696454074,0.11439113339016986,1.1217938082607093,0.0,0.0,0.0,9.62736688585884,0.9817182101797088,43.66211361083263,-79.3960859113339,108.8,-96.7118827421722,115.02912143811845,1.0,3.2226403959562804,336.0,3.2226403959562804,3.2226403959562804,11.601505425442609,0.6018265998294904,3.2226403959562804,0.0,3.2226403959562804,11.601505425442609,-0.026523196163241895,-0.00847539434097094,0.00847539434097094,0.0,0.0,0.0,0.0,3.3781377716706684,0.0005647112759901772,2.032960593564638,190.8250257987787,0.05300695161077186,0.17350136173819244,165461.34001705097,1783556771461340.0,1783556771695566.8
337.0,136.0069995871122,24288.0,115.0,-975.0,39.0069995871122,982.0,0.115,-0.975,0.03900699958711219,0.982,0.9825332324945293,0.9825332324945293,9.635359524442475,-0.017466767505470767,-0.17129047555752488,1.12776475,1.12776475,0.0,0.0,-9.561483749999999,-9.5516771,-0.009806649999999806,-6.864250095379583e-05,0.38252799250095376,0.38245935,6.864250095379739e-05,-0.00973800749904623,0.115,1.12776475,0.0,0.0,0.0,9.635359524442475,0.9825332324945293,43.66210582501032,-79.39609213299215,108.79930004128877,-97.2129257969408,114.16847664097253,1.0,3.2115763658102447,337.0,3.2115763658102447,3.2115763658102447,11.561674916916882,0.6010069995871121,0.02220496111419839,-0.0006999587112193592,3.2115763658102447,11.561674916916882,-0.03546284443326713,-0.0030817213180611702,0.0030817213180611702,-0.022064537509980744,0.0,0.0,0.0,3.3033380059717814,0.0005514803978908818,1.9853294324071746,193.44535323251668,0.05373482034236574,0.17540697514215747,166249.21375144154,1783556772249213.8,1783556772006999.5
338.0,136.3222258591239,24288.0,115.0,-975.0,39.32222585912392,982.0,0.115,-0.975,0.03932222585912391,0.982,0.982545905029332,0.982545905029332,9.635483799555898,-0.017454094970667997,-0.1711662004441013,1.12776475,1.12776475,0.0,0.0,-9.561483749999999,-9.5516771,-0.009806649999999806,-0.0031599562213774856,0.3856193062213775,0.38245935,0.0031599562213775576,-0.006646693778622471,0.115,1.12776475,0.0,0.0,0.0,9.635483799555898,0.982545905029332,43.662097944353526,-79.39609812229132,108.7677774140876,-97.69525649262621,113.29734883823922,1.0,3.199115902637494,338.0,3.199115902637494,3.199115902637494,11.516817249494979,0.6013222258591239,1.0222049611142006,-0.032222585912389745,3.199115902637494,11.516817249494979,-0.03675352156742176,-0.0030817213180611702,0.0030817213180611702,-1.015740563174002,0.0,0.0,0.0,3.310994221666402,0.0005530499221082791,1.9909797195898045,194.07679196571482,0.053910219990476335,0.17573694786868693,166438.9799671926,1783556772438980.0,1783556772322225.8
339.0,136.63745213113563,24288.0,115.0,-975.0,39.63745213113564,982.0,0.115,-0.975,0.03963745213113564,0.982,0.9825585775641348,0.9825585775641348,9.635608074669321,-0.017441422435865227,-0.17104192533067775,1.12776475,1.12776475,0.0,0.0,-9.561483749999999,-9.5516771,-0.009806649999999806,-0.0062512699418011755,0.3887106199418013,0.38245935,0.006251269941801318,-0.00355538005819871,0.115,1.12776475,0.0,0.0,0.0,9.635608074669321,0.9825585775641348,43.66209006369672,-79.39610411159049,108.73625478688643,-98.17758718831163,112.42622103550592,1.0,3.1866554394647433,339.0,3.1866554394647433,3.1866554394647433,11.471959582073076,0.6016374521311356,2.022204961114203,-0.06374521311356013,3.1866554394647433,11.471959582073076,-0.03804419870157639,-0.0030817213180611702,0.0030817213180611702,-2.009416588838023,0.0,0.0,0.0,3.3186504373610224,0.0005546194463256763,1.9966300067724345,194.70823069891296,0.054085619638586935,0.1760669205952164,166628.74618294367,1783556772628746.2,1783556772637452.2
340.0,136.95267840314736,24288.0,115.0,-975.0,39.95267840314736,982.0,0.115,-0.975,0.03995267840314736,0.982,0.9825712500989375,0.9825712500989375,9.635732349782746,-0.017428749901062458,-0.17091765021725416,1.12776475,1.12776475,0.0,0.0,-9.561483749999999,-9.5516771,-0.009806649999999806,-0.009342583662224865,0.39180193366222504,0.38245935,0.009342583662225078,-0.00046406633777494946,0.115,1.12776475,0.0,0.0,0.0,9.635732349782746,0.9825712500989375,43.66208218303992,-79.39611010088966,108.70473215968526,-98.65991788399707,111.5550932327726,1.0,3.1741949762919925,340.0,3.1741949762919925,3.1741949762919925,11.427101914651173,0.6019526784031474,3.022204961114205,-0.09526784031473051,3.1741949762919925,11.427101914651173,-0.03933487583573102,-0.0030817213180611702,0.0030817213180611702,-3.0030926145020445,0.0,0.0,0.0,3.326306653055643,0.0005561889705430735,2.0022802939550646,195.3396694321111,0.05426101928669753,0.17639689332174585,166818.5123986947,1783556772818512.5,1783556772952678.5
341.0,131.68268262359035,24288.0,116.0,-974.0,39.43910579213655,982.0,0.116,-0.974,0.03943910579213655,0.982,0.9816762444807099,0.9816762444807099,9.626955342936753,-0.01832375551929013,-0.17969465706324653,1.1375714,1.12776475,0.009806649999999806,0.007056403408227814,-9.5516771,-9.5516771,0.0,0.0,0.3867655068164559,0.38245935,0.0043061568164559205,0.0,0.116,1.1375714,0.007056403408227814,0.007056403408227814,0.007087359250623235,9.626955342936753,0.9816762444807099,43.6620739888224,-79.39611520670655,108.7,-99.07109991809254,110.64930442812494,1.0,3.1325357652633623,341.0,3.1325357652633623,3.1325357652633623,11.277128754948105,0.6038782115842731,0.8498805427902801,0.0,3.1325357652633623,11.277128754948105,-0.06823159439626819,-0.0030817213180611702,0.0030817213180611702,0.0,0.0,0.0,0.0,3.1983089955617627,0.0005364643018659073,1.9312714867172665,197.90145657553938,0.054972626826538716,0.1779479974645276,167620.54870946298,1783556773620548.8,1783556773280447.0
342.0,133.66258749123898,24288.0,116.0,-974.0,38.77913750292034,982.0,0.116,-0.974,0.03877913750292034,0.982,0.9816500248173243,0.9816500248173243,9.626698215874812,-0.01834997518267563,-0.17995178412518595,1.1375714,1.12776475,0.009806649999999806,0.003820364396506813,-9.5516771,-9.5516771,0.0,0.0,0.38029342879301375,0.38245935,-0.002165921206986228,0.0,0.116,1.1375714,0.003820364396506813,0.003820364396506813,-0.0036458898744865034,9.626698215874812,0.9816500248173243,43.66206573921879,-79.39612015646873,108.7,-99.4697145407445,109.73739324447017,1.0,3.0857190056633335,342.0,3.0857190056633335,3.0857190056633335,11.108588420388001,0.6025582750058407,1.8498805427902707,0.0,3.0857190056633335,11.108588420388001,-0.10200453231468277,-0.0030817213180611702,0.0030817213180611702,0.0,0.0,0.0,0.0,3.2463969249872124,0.0005433346421532656,1.9560047117517563,198.55654240879247,0.05515459511355346,0.1797147973153058,167818.86918037245,1783556773818869.2,1783556773610431.2
343.0,135.6424923588876,24288.0,116.0,-974.0,38.11916921370413,982.0,0.116,-0.974,0.03811916921370413,0.982,0.9816238051539389,0.9816238051539389,9.626441088812873,-0.01837619484606113,-0.18020891118712537,1.1375714,1.12776475,0.009806649999999806,0.0005843253847858127,-9.5516771,-9.5516771,0.0,0.0,0.37382135076957157,0.38245935,-0.008637999230428378,0.0,0.116,1.1375714,0.0005843253847858127,0.0005843253847858127,-0.014379138999596242,9.626441088812873,0.9816238051539389,43.66205748961517,-79.3961251062309,108.7,-99.86832916339647,108.8254820608154,1.0,3.0389022460633046,343.0,3.0389022460633046,3.0389022460633046,10.940048085827897,0.6012383384274083,2.8498805427902614,0.0,3.0389022460633046,10.940048085827897,-0.13577747023309739,-0.0030817213180611702,0.0030817213180611702,0.0,0.0,0.0,0.0,3.294484854412662,0.0005502049824406239,1.980737936786246,199.21162824204558,0.05533656340056821,0.18148159716608397,168017.18965128192,1783556774017189.8,1783556773940415.5
344.0,136.55179484921695,24288.0,116.0,-974.2758974246085,38.275897424608466,982.2758974246085,0.116,-0.9742758974246084,0.03827589742460847,0.9822758974246084,0.9819036386785622,0.9819036386785622,9.62918531824712,-0.018096361321437816,-0.17746468175287813,1.1375714,1.12776475,0.009806649999999806,0.0,-9.554382729479036,-9.5516771,-0.0027056294790365905,0.0,0.3753583294790366,0.38245935,-0.007101020520963376,0.0,0.116,1.1375714,0.0,0.0,-0.01181534196499703,9.62918531824712,0.9819036386785622,43.66204910256438,-79.39612958666652,108.7,-100.22914794539302,107.89837746684343,1.0,3.013787569486556,344.0,3.013787569486556,3.0304486331839087,10.909615079462071,0.601,3.013787569486556,0.0,3.0304486331839087,10.909615079462071,-0.10273262140557582,-0.0030817213180611702,0.0030817213180611702,0.0,0.0,0.0,0.0,3.3165699932977812,0.0005536829349922129,1.9932585659719666,199.8856831000657,0.055523800861129353,0.1818237536221837,168218.8143521897,1783556774218814.2,1783556774275897.5
345.0,137.22518191499768,24288.0,116.0,-974.6125909574988,38.612590957498846,982.6125909574988,0.116,-0.9746125909574989,0.038612590957498846,0.9826125909574989,0.9822509133646411,0.9822509133646411,9.632590919547358,-0.017749086635358888,-0.17405908045264223,1.1375714,1.12776475,0.009806649999999806,0.0,-9.557684565113355,-9.5516771,-0.006007465113355927,0.0,0.378660165113356,0.38245935,-0.0037991848866439646,0.0,0.116,1.1375714,0.0,0.0,-0.0063214390792743404,9.632590919547358,0.9822509133646411,43.66204068522606,-79.39613396368244,108.7,-100.58163812474187,106.96792488867,1.0,2.993455112937047,345.0,2.993455112937047,3.0304486331839087,10.909615079462071,0.601,2.993455112937047,0.0,3.0304486331839087,10.909615079462071,-0.05496396207519043,-0.0030817213180611702,0.0030817213180611702,0.0,0.0,0.0,0.0,3.3329252183514644,0.0005564133489525639,2.00308805622923,200.56391792781687,0.05571219942439357,0.18185197900694816,168421.1671654568,1783556774421167.2,1783556774612591.0
346.0,137.89856898077844,24288.0,116.0,-974.9492844903892,38.94928449038922,982.9492844903892,0.116,-0.9749492844903892,0.03894928449038922,0.9829492844903892,0.9825981880507201,0.9825981880507201,9.635996520847593,-0.017401811949279963,-0.17065347915240633,1.1375714,1.12776475,0.009806649999999806,0.0,-9.560986400747675,-9.5516771,-0.009309300747675263,0.0,0.38196200074767545,0.38245935,-0.000497349252324553,0.0,0.116,1.1375714,0.0,0.0,-0.0008275361935516506,9.635996520847593,0.9825981880507201,43.66203226788774,-79.39613834069839,108.7,-100.9341283040907,106.03747231049655,1.0,2.9731226563875373,346.0,2.9731226563875373,3.0304486331839087,10.909615079462071,0.601,2.9731226563875373,0.0,3.0304486331839087,10.909615079462071,-0.007195302744805038,-0.0030817213180611702,0.0030817213180611702,0.0,0.0,0.0,0.0,3.349280443405147,0.0005591437629129148,2.0129175464864937,201.24215275556804,0.055900597987657785,0.18188020439171262,168623.51997872393,1783556774623520.0,1783556774949284.5
347.0,141.46133684276796,24288.0,115.92267368553595,-974.0,39.46133684276798,981.7306684213839,0.11592267368553595,-0.974,0.03946133684276797,0.981730668421384,0.9816695676747996,0.9816695676747996,9.626889865838073,-0.018330432325200423,-0.1797601341619267,1.1368130878982612,1.12776475,0.009048337898260985,0.002641240525434667,-9.5516771,-9.5516771,0.0,0.0,0.3869835189491305,0.38245935,0.004524168949130574,0.0,0.11592267368553595,1.1368130878982612,0.002641240525434667,0.002641240525434667,0.004351302348327294,9.626889865838073,0.9816695676747996,43.66202372804738,-79.39614223197894,108.7,-101.24750120633423,105.09347835690235,1.0,3.019500956659554,347.0,3.019500956659554,3.0572458541999783,11.006085075119922,0.6011546526289281,0.8493718926662761,0.0,3.0572458541999783,11.006085075119922,0.026797221016069663,-0.002251716450613136,0.002251716450613136,0.0,0.0,0.0,0.0,3.4358129492371483,0.0005737162402834024,2.0653784650202485,203.9661015149136,0.056657250420809324,0.18242138033629413,169416.4842682199,1783556775416484.2,1783556775269331.5
348.0,140.82714684674505,24288.0,114.65429369349008,-974.0,38.82714684674504,981.4135734233726,0.11465429369349008,-0.974,0.038827146846745035,0.9814135734233725,0.9814957626702785,0.9814957626702785,9.625185420990485,-0.018504237329721535,-0.18146457900951368,1.1243745292492644,1.12776475,-0.0033902207507356535,0.005750880187683775,-9.5516771,-9.5516771,0.0,0.0,0.3807642396246322,0.38245935,-0.00169511037536778,0.0,0.11465429369349008,1.1243745292492644,0.005750880187683775,0.005750880187683775,0.009474267195525164,9.625185420990485,0.9814957626702785,43.66201516648243,-79.39614603711892,108.7,-101.5539370278181,104.1470829678852,1.0,3.0777097814940007,348.0,3.0777097814940007,3.0887953100360432,11.119663116129756,0.6036914126130198,1.8493718926662672,0.0,3.0887953100360432,11.119663116129756,0.05834667685213443,-0.0012745180353906289,0.0012745180353906289,0.0,0.0,0.0,0.0,3.420409742613743,0.0005735493722116489,2.064777739961936,204.62058376434206,0.05683905104565057,0.18295482549200995,169608.96093201288,1783556775608961.0,1783556775586426.5
349.0,140.1929568507221,24288.0,113.3859137014442,-974.0,38.1929568507221,981.096478425361,0.1133859137014442,-0.974,0.0381929568507221,0.9810964784253611,0.9813219576657574,0.9813219576657574,9.623480976142899,-0.018678042334242646,-0.18316902385710063,1.1119359706002678,1.12776475,-0.015828779399732297,0.008860519849932882,-9.5516771,-9.5516771,0.0,0.0,0.37454496030013384,0.38245935,-0.007914389699866135,0.0,0.1133859137014442,1.1119359706002678,0.008860519849932882,0.008860519849932882,0.014597232042723033,9.623480976142899,0.9813219576657574,43.66200660491749,-79.3961498422589,108.7,-101.86037284930197,103.20068757886803,1.0,3.1359186063284477,349.0,3.1359186063284477,3.1203447658721077,11.233241157139588,0.6062281725971116,2.8493718926662583,0.0,3.1203447658721077,11.233241157139588,0.0898961326881992,-0.0002973196201681216,0.0002973196201681216,0.0,0.0,0.0,0.0,3.4050065359903385,0.0005733825041398953,2.064177014903623,205.27506601377056,0.05702085167049181,0.18348827064772574,169801.43759580585,1783556775801437.5,1783556775903521.5
350.0,140.44457207759345,24288.0,115.44457207759343,-974.5554279224066,41.55542792240656,982.5554279224066,0.11544457207759344,-0.9745554279224066,0.04155542792240657,0.9825554279224066,0.9822494996444443,0.9822494996444443,9.63257705568819,-0.017750500355555646,-0.17407294431180978,1.1321245127647317,1.12776475,0.00435976276473166,0.009806649999999806,-9.557123987235267,-9.5516771,-0.005446887235268196,0.0,0.4075195372352683,0.38245935,0.02506018723526833,0.0,0.11544457207759344,1.1321245127647317,0.009806649999999806,0.009806649999999806,0.0,9.63257705568819,0.9822494996444443,43.66199799827695,-79.39615344514642,108.7,-102.15052086156707,102.24930953440612,1.0,3.1483641814418752,350.0,3.1483641814418752,3.1299439138850054,11.26779808998602,0.6007777139612033,0.6957428342733981,0.0,3.1299439138850054,11.26779808998602,0.07737886887508223,0.0,0.0,0.0,0.0,0.0,0.0,3.4111177666205896,0.0005692542045302535,2.0493151363089126,207.97777410603712,0.05777160391834364,0.18365057515887442,170594.37162327804,1783556776594371.5,1783556776222286.0
351.0,141.08356116334915,24288.0,116.08356116334913,-973.9164388366509,40.91643883665086,981.9164388366509,0.11608356116334914,-0.9739164388366508,0.040916438836650866,0.9819164388366508,0.9816643644035564,0.9816643644035564,9.626838839178136,-0.018335635596443568,-0.1798111608218633,1.1383908550825579,1.12776475,0.010626105082557704,0.009806649999999806,-9.550857644917441,-9.5516771,0.0008194550825577785,0.0,0.4012531949174422,0.38245935,0.01879384491744223,0.0,0.11608356116334914,1.1383908550825579,0.009806649999999806,0.009806649999999806,0.0,9.626838839178136,0.9816643644035564,43.6619893719243,-79.3961569595864,108.7,-102.43354600827804,101.29575251152184,1.0,3.140796907024345,351.0,3.140796907024345,3.1299439138850054,11.26779808998602,0.6004582194183254,1.6957428342733905,0.0,3.1299439138850054,11.26779808998602,0.04559066964898216,0.0,0.0,0.0,0.0,0.0,0.0,3.4266375335354238,0.0005715390591038262,2.0575406127737743,208.6389161766091,0.057955254493502514,0.18365057515887442,170786.06834900475,1783556776786068.2,1783556776541780.5
352.0,141.72255024910484,24288.0,116.72255024910483,-973.2774497508951,40.27744975089517,981.2774497508951,0.11672255024910484,-0.9732774497508951,0.04027744975089517,0.9812774497508951,0.9810792291626685,0.9810792291626685,9.621100622668083,-0.01892077083733149,-0.18554937733191684,1.1446571974003839,1.12776475,0.01689244740038375,0.009806649999999806,-9.544591302599615,-9.5516771,0.007085797400383752,0.0,0.39498685259961613,0.38245935,0.012527502599616134,0.0,0.11672255024910484,1.1446571974003839,0.009806649999999806,0.009806649999999806,0.0,9.621100622668083,0.9810792291626685,43.66198074557164,-79.39616047402637,108.7,-102.71657115498901,100.34219548863754,1.0,3.1332296326068145,352.0,3.1332296326068145,3.1299439138850054,11.26779808998602,0.6001387248754476,2.695742834273383,0.0,3.1299439138850054,11.26779808998602,0.013802470422882088,0.0,0.0,0.0,0.0,0.0,0.0,3.442157300450258,0.0005738239136773989,2.0657660892386365,209.30005824718103,0.05813890506866139,0.18365057515887442,170977.76507473146,1783556776977765.0,1783556776861275.0
353.0,140.5343513634888,24288.0,116.45038176130831,-973.1832060795639,39.6335878408722,981.0,0.11645038176130831,-0.9731832060795639,0.0396335878408722,0.981,0.9809276800148223,0.9809276800148223,9.619614433217357,-0.019072319985177676,-0.18703556678264266,1.141988136299534,1.12776475,0.014223386299533982,0.009806649999999806,-9.543667087900154,-9.5516771,0.00801001209984455,0.0,0.3886727241996894,0.38245935,0.006213374199689433,0.0,0.11645038176130831,1.141988136299534,0.009806649999999806,0.009806649999999806,0.0,9.619614433217357,0.9809276800148223,43.66197205343585,-79.39616364885472,108.6816793920436,-102.97224667233635,99.38136679882669,1.0,3.12231808055563,353.0,3.12231808055563,3.1299439138850054,11.26779808998602,0.6076946553416837,3.12231808055563,-0.018320607956391278,3.1299439138850054,11.26779808998602,0.0,0.0,0.0,-0.593222545672878,0.0,0.0,0.0,3.4132983259164162,0.0005758394331299029,2.0730219592676504,209.96992643625785,0.05832497956562717,0.18357902566961046,171178.61830308003,1783556777178618.2,1783556777183206.0
354.0,137.9439458612918,24288.0,115.47897969798443,-973.5070067673386,38.98598646532295,981.0,0.11547897969798443,-0.9735070067673385,0.038985986465322954,0.981,0.9811088701899393,0.9811088701899393,9.621391301848167,-0.018891129810060713,-0.1852586981518319,1.132461936255239,1.12776475,0.004697186255238883,0.009806649999999806,-9.546842487914919,-9.5516771,0.004834612085079564,0.0,0.3823219241701593,0.38245935,-0.0001374258298406806,0.0,0.11547897969798443,1.132461936255239,0.009806649999999806,0.009806649999999806,0.0,9.621391301848167,0.9811088701899393,43.66196331081728,-79.3961665630609,108.64929932326615,-103.20693374631851,98.414957742005,1.0,3.1088400885436607,354.0,3.1088400885436607,3.1299439138850054,11.26779808998602,0.621294284228218,3.1088400885436607,-0.05070067673385676,3.1299439138850054,11.26779808998602,0.0,0.0,0.0,-1.6416913997061795,0.0,0.0,0.0,3.350382557079055,0.000577648261483977,2.0795337413423174,210.6464911564504,0.058512914210125104,0.1834525682185873,171386.49834463134,1783556777386498.2,1783556777507006.8
355.0,135.35354035909478,24288.0,114.50757763466055,-973.8308074551131,38.338385089773695,981.0,0.11450757763466055,-0.9738308074551131,0.0383383850897737,0.981,0.9812900603650563,0.9812900603650563,9.623168170478978,-0.018709939634943752,-0.18348182952102113,1.1229357362109438,1.12776475,-0.004829013789056216,0.009806649999999806,-9.550017887929684,-9.5516771,0.001659212070314579,0.0,0.37597112414062916,0.38245935,-0.0064882258593707935,0.0,0.11450757763466055,1.1229357362109438,0.009806649999999806,0.009806649999999806,0.0,9.623168170478978,0.9812900603650563,43.66195456819871,-79.3961694772671,108.61691925448868,-103.44162082030067,97.44854868518331,1.0,3.0953620965316917,355.0,3.0953620965316917,3.1299439138850054,11.26779808998602,0.6348939131147524,3.0953620965316917,-0.08308074551132223,3.1299439138850054,11.26779808998602,0.0,0.0,0.0,-2.6901602537394806,0.0,0.0,0.0,3.2874667882416944,0.0005794570898380512,2.0860455234169843,211.32305587664297,0.05870084885462304,0.18332611076756414,171594.37838618265,1783556777594378.5,1783556777830807.5
356.0,137.90546954427379,24288.0,115.1509115907123,-974.0,38.0,982.0,0.11515091159071231,-0.974,0.038,0.982,0.981519158653178,0.981519158653178,9.625414857206186,-0.018480841346822048,-0.18123514279381242,1.1292446871510589,1.12776475,0.0014799371510587451,0.0,-9.5516771,-9.5516771,0.0,0.0,0.37265269999999995,0.38245935,-0.009806650000000028,0.0,0.11515091159071231,1.1292446871510589,0.0,0.0,-0.013740450245777329,9.625414857206186,0.981519158653178,43.661945774475456,-79.39617205638113,108.6,-103.64932222796692,96.47649051685947,1.0,3.099735701840378,356.0,3.099735701840378,3.1350784519638757,11.286282427069953,0.6052454420464385,0.4774793529635379,0.0,3.1350784519638757,11.286282427069953,0.005134538078870397,3.579135167767479e-09,3.579135167767479e-09,0.0,0.0,0.0,0.0,3.3494480442913224,0.0005630957767303219,2.027144796229159,214.0080236250882,0.05944667322919116,0.18326003413843292,172399.6978660181,1783556778399697.8,1783556778150911.5
357.0,139.8018228392464,24288.0,115.46697047320774,-974.0,38.0,982.0,0.11546697047320774,-0.974,0.038,0.982,0.9815563492397524,0.9815563492397524,9.625779572272016,-0.0184436507602476,-0.1808704277279821,1.1323441659910827,1.12776475,0.004579415991082528,0.0,-9.5516771,-9.5516771,0.0,0.0,0.37265269999999995,0.38245935,-0.009806650000000028,0.0,0.11546697047320774,1.1323441659910827,0.0,0.0,-0.008625798694582966,9.625779572272016,0.9815563492397524,43.66193692482675,-79.39617426879332,108.6,-103.82749237373339,95.49825034845759,1.0,3.1236448705712925,357.0,3.1236448705712925,3.145831876267989,11.32499475456476,0.6036651476339613,1.47747935296353,0.0,3.145831876267989,11.32499475456476,0.015887962382983605,1.1075030321250202e-08,1.1075030321250202e-08,0.0,0.0,0.0,0.0,3.3955066731196166,0.0005693243533417778,2.0495676720304,214.66775974798657,0.05962993326332959,0.18326003413843292,172589.64925439784,1783556778589649.2,1783556778466970.5
358.0,141.698176134219,24288.0,115.78302935570316,-974.0,38.0,982.0,0.11578302935570317,-0.974,0.038,0.982,0.9815935398263268,0.9815935398263268,9.626144287337848,-0.018406460173673152,-0.1805057126621518,1.1354436448311065,1.12776475,0.007678894831106313,0.0,-9.5516771,-9.5516771,0.0,0.0,0.37265269999999995,0.38245935,-0.009806650000000028,0.0,0.11578302935570317,1.1354436448311065,0.0,0.0,-0.003511147143388604,9.626144287337848,0.9815935398263268,43.66192807517804,-79.39617648120549,108.6,-104.00566251949986,94.5200101800557,1.0,3.147554039302207,358.0,3.147554039302207,3.156585300572102,11.363707082059568,0.6020848532214842,2.4774793529635217,0.0,3.156585300572102,11.363707082059568,0.02664138668709681,1.8570925474732927e-08,1.8570925474732927e-08,0.0,0.0,0.0,0.0,3.441565301947911,0.0005755529299532338,2.0719905478316414,215.32749587088492,0.05981319329746802,0.18326003413843292,172779.6006427776,1783556778779600.8,1783556778783029.2
359.0,142.9009117632869,24288.0,116.0,-974.0990882367131,38.099088236713094,982.0990882367131,0.116,-0.9740990882367131,0.03809908823671309,0.9820990882367131,0.9817212729684307,0.9817212729684307,9.62739692155586,-0.018278727031569315,-0.1792530784441392,1.1375714,1.12776475,0.009806649999999806,0.0,-9.552648823656561,-9.5516771,-0.0009717236565624229,0.0,0.3736244236565624,0.38245935,-0.008834926343437584,0.0,0.116,1.1375714,0.0,0.0,0.0,9.62739692155586,0.9817212729684307,43.66191922552937,-79.39617869361766,108.6,-104.18383266431552,93.54177001625165,1.0,3.163967402498013,359.0,3.163967402498013,3.1639673977979075,11.390282632072466,0.6009009117632869,3.163967402498013,0.0,3.1639673977979075,11.390282632072466,0.03065215688513639,0.001685687230650741,0.001685687230650741,0.0,0.0,0.0,0.0,3.470777344906712,0.0005793320664626909,2.085595439265687,215.98544384594814,0.05999595662387447,0.18326003413843292,172969.45294202786,1783556778969453.0,1783556779099088.2
360.0,142.58485288552976,24288.0,116.0,-974.4151471144702,38.41514711447024,982.4151471144702,0.116,-0.9744151471144702,0.03841514711447024,0.9824151471144702,0.9820472645210849,0.9820472645210849,9.630593806615696,-0.017952735478915086,-0.17605619338430262,1.1375714,1.12776475,0.009806649999999806,0.0,-9.55574830245012,-9.5516771,-0.004071202450119503,0.0,0.37672390245011955,0.38245935,-0.005735447549880432,0.0,0.116,1.1375714,0.0,0.0,0.0,9.630593806615696,0.9820472645210849,43.661910375880794,-79.39618090602981,108.6,-104.3620028070492,92.56352986251534,1.0,3.163967417489803,360.0,3.163967417489803,3.1639673977979075,11.390282632072466,0.6005848528855298,3.163967417489803,0.0,3.1639673977979075,11.390282632072466,0.01989873274223615,0.007062399302100861,0.007062399302100861,0.0,0.0,0.0,0.0,3.4631009068837466,0.0005777477349485065,2.0798918458146236,216.6394763655048,0.06017763232375132,0.18326003413843292,173159.08826868216,1783556779159088.2,1783556779415147.0
361.0,142.2687940077726,24288.0,116.0,-974.7312059922274,38.73120599222739,982.7312059922274,0.116,-0.9747312059922274,0.03873120599222739,0.9827312059922274,0.9823732560737392,0.9823732560737392,9.633790691675534,-0.017626743926260856,-0.172859308324466,1.1375714,1.12776475,0.009806649999999806,0.0,-9.558847781243676,-9.5516771,-0.007170681243676583,0.0,0.3798233812436767,0.38245935,-0.0026359687563232825,0.0,0.116,1.1375714,0.0,0.0,0.0,9.633790691675534,0.9823732560737392,43.661901526232214,-79.39618311844195,108.6,-104.54017294978287,91.58528970877902,1.0,3.163967432481593,361.0,3.163967432481593,3.1639673977979075,11.390282632072466,0.6002687940077726,3.163967432481593,0.0,3.1639673977979075,11.390282632072466,0.009145308599335912,0.012439111373550981,0.012439111373550981,0.0,0.0,0.0,0.0,3.4554244688607807,0.0005761634034343222,2.07418825236356,217.2935088850615,0.060359308023628176,0.18326003413843292,173348.72359533643,1783556779348723.5,1783556779731206.0
362.0,138.80945676187756,24288.0,115.0,-974.0476358095306,39.0,982.0,0.115,-0.9740476358095306,0.039,0.982,0.9815878959725461,0.9815878959725461,9.626088940039168,-0.018412104027453875,-0.18056105996083052,1.12776475,1.12776475,0.0,0.0,-9.552144247711533,-9.5516771,-0.00046714771153333714,0.0,0.38245935,0.38245935,0.0,0.0,0.115,1.12776475,0.0,0.0,0.0,9.626088940039168,0.9815878959725461,43.66189266619733,-79.39618523817904,108.59523641904693,-104.71087977899624,90.60590145267226,1.0,3.162793804583525,362.0,3.162793804583525,3.1639674000574423,11.390282640206792,0.6002858148571837,0.14954450993417404,-0.004763580953060626,3.1639674000574423,11.390282640206792,2.2595348751059174e-09,0.017011765673218937,0.017011765673218937,-0.15173879339570284,0.0,0.0,0.0,3.3714040858324825,0.0005621610011440032,2.0237796041184115,219.9700060465112,0.061102779457364205,0.18139657463848255,174138.86730057554,1783556780138867.2,1783556780047635.8
363.0,137.53529940092656,24288.0,115.0,-974.3661751497683,39.0,982.0,0.115,-0.9743661751497683,0.039,0.982,0.9819039906349051,0.9819039906349051,9.629188769759791,-0.01809600936509492,-0.17746123024020807,1.12776475,1.12776475,0.0,0.0,-9.555268051532474,-9.5516771,-0.003590951532475782,0.0,0.38245935,0.38245935,0.0,0.0,0.115,1.12776475,0.0,0.0,0.0,9.629188769759791,0.9819039906349051,43.66188374709581,-79.39618683087575,108.56338248502315,-104.83914295073112,89.61998397015307,1.0,3.154945702045792,363.0,3.154945702045792,3.1639674151668897,11.390282694600803,0.6021970508986101,1.1495445099341766,-0.03661751497683357,3.1639674151668897,11.390282694600803,1.7368982063107114e-08,0.017011765673218937,0.017011765673218937,-1.1664119061866374,0.0,0.0,0.0,3.340457351849705,0.0005587439659334049,2.0114782773602577,220.60294412329395,0.061278595589803864,0.17953007189295905,174331.90214075963,1783556780331902.2,1783556780366175.2
364.0,136.2611420399756,24288.0,115.0,-974.6847144900061,39.0,982.0,0.115,-0.974684714490006,0.039,0.982,0.982220085297264,0.982220085297264,9.632288599480413,-0.017779914702735964,-0.17436140051958562,1.12776475,1.12776475,0.0,0.0,-9.558391855353417,-9.5516771,-0.006714755353418226,0.0,0.38245935,0.38245935,0.0,0.0,0.115,1.12776475,0.0,0.0,0.0,9.632288599480413,0.982220085297264,43.66187482799428,-79.39618842357245,108.53152855099938,-104.967406122466,88.6340664876339,1.0,3.147097599508059,364.0,3.147097599508059,3.1639674302763368,11.390282748994812,0.6041082869400366,2.149544509934179,-0.0684714490006065,3.1639674302763368,11.390282748994812,3.2478429251108306e-08,0.017011765673218937,0.017011765673218937,-2.181085018977572,0.0,0.0,0.0,3.3095106178669274,0.0005553269307228066,1.9991769506021038,221.2358822000767,0.061454411722243515,0.17766356914743556,174524.9369809437,1783556780524937.0,1783556780684714.5
365.0,133.99695200251912,24288.0,117.99085600755735,-974.0030479974808,40.99390400503824,982.9969520025192,0.11799085600755735,-0.9740030479974808,0.04099390400503824,0.9829969520025191,0.9819797968297401,0.9819797968297401,9.629932174580372,-0.01802020317025989,-0.17671782541962916,1.1570950280665124,1.12776475,0.029330278066512235,0.0,-9.551706990644496,-9.5516771,-2.9890644495875048e-05,-1.4945322247937524e-05,0.4020128687110082,0.38245935,0.019553518711008248,0.0,0.11799085600755735,1.1570950280665124,0.0,0.0,0.0,9.629932174580372,0.9819797968297401,43.66186590856008,-79.396190012192,108.5,-105.09534095193489,87.64811223092973,1.0,3.139975841026267,365.0,3.139975841026267,3.1641798993496892,11.39104763765888,0.602,0.010214845806558443,0.0,3.1641798993496892,11.39104763765888,0.00021250140720428573,0.01706361734755894,0.01706361734755894,0.0,0.0,0.0,0.0,3.2545179702371847,0.000544227727245218,1.959219818082785,223.82754656298962,0.062174318489719334,0.1758067939036842,175319.8348944835,1783556781319835.0,1783556781003048.0
366.0,133.69856301666448,24288.0,117.09568904999348,-974.3014369833355,40.39712603332899,982.6985630166645,0.11709568904999347,-0.9743014369833355,0.040397126033328984,0.9826985630166645,0.9821453565976334,0.9821453565976334,9.63155576127818,-0.01785464340236663,-0.1750942387218187,1.1483164390221186,1.12776475,0.020551689022118437,0.0,-9.554633186992627,-9.5516771,-0.0029560869926270965,-0.0014780434963135483,0.3961604760147457,0.38245935,0.01370112601474569,0.0,0.11709568904999347,1.1483164390221186,0.0,0.0,0.0,9.63155576127818,0.9821453565976334,43.6618569568905,-79.39619120574794,108.5,-105.1914604895697,86.6585946759589,1.0,3.2032344462838713,366.0,3.2032344462838713,3.1849784627611317,11.465922465940075,0.602,1.0102148458065514,0.0,3.1849784627611317,11.465922465940075,0.021011050665002407,0.022139726700742664,0.022139726700742664,0.0,0.0,0.0,0.0,3.247270698548747,0.0005430158223684294,1.9548569605263457,224.40780661799604,0.062335501838332225,0.17489258177089614,175499.46506396797,1783556781499465.0,1783556781301437.0
367.0,133.40017403080986,24288.0,116.2005220924296,-974.5998259691901,39.80034806161973,982.4001740308099,0.11620052209242959,-0.9745998259691901,0.03980034806161973,0.9824001740308098,0.9823109163655266,0.9823109163655266,9.633179347975991,-0.01768908363447337,-0.17347065202400827,1.1395378499777247,1.12776475,0.01177309997772464,0.0,-9.557559383340758,-9.5516771,-0.005882283340758319,-0.0029411416703791593,0.3903080833184831,0.38245935,0.007848733318483132,0.0,0.11620052209242959,1.1395378499777247,0.0,0.0,0.0,9.633179347975991,0.9823109163655266,43.661848005220925,-79.39619239930387,108.5,-105.28758002720453,85.66907712098806,1.0,3.2664930515414756,367.0,3.2664930515414756,3.2057770261725747,11.540797294221269,0.602,2.0102148458065443,0.0,3.2057770261725747,11.540797294221269,0.04180959992280053,0.027215836053926388,0.027215836053926388,0.0,0.0,0.0,0.0,3.24002342686031,0.0005418039174916407,1.9504941029699068,224.98806667300246,0.062496685186945115,0.17397836963810806,175679.09523345245,1783556781679095.2,1783556781599826.0
368.0,133.10178504495525,24288.0,115.30535513486572,-974.8982149550448,39.20357008991048,982.1017850449552,0.11530535513486571,-0.9748982149550447,0.039203570089910475,0.9821017850449553,0.9824764761334199,0.9824764761334199,9.6348029346738,-0.01752352386658011,-0.1718470653261978,1.130759260933331,1.12776475,0.002994510933330842,0.0,-9.560485579688889,-9.5516771,-0.00880847968888954,-0.00440423984444477,0.38445569062222057,0.38245935,0.001996340622220573,0.0,0.11530535513486571,1.130759260933331,0.0,0.0,0.0,9.6348029346738,0.9824764761334199,43.66183905355135,-79.39619359285982,108.5,-105.38369956483935,84.67955956601722,1.0,3.32975165679908,368.0,3.32975165679908,3.226575589584017,11.615672122502463,0.602,3.0102148458065376,0.0,3.226575589584017,11.615672122502463,0.06260814918059865,0.03229194540711011,0.03229194540711011,0.0,0.0,0.0,0.0,3.232776155171873,0.0005405920126148521,1.9461312454134676,225.56832672800886,0.062657868535558,0.17306415750532,175858.72540293695,1783556781858725.5,1783556781898215.0
369.0,134.0187877102601,24288.0,115.20375754205203,-974.796242457948,39.61127262615607,982.0,0.11520375754205203,-0.9747962424579479,0.039611272626156074,0.982,0.9823799499921616,0.9823799499921616,9.63385633659063,-0.01762005000783838,-0.17279366340936825,1.1297629288997646,1.12776475,0.0019981788997644454,0.0,-9.559485571100234,-9.5516771,-0.007808471100235361,-0.005902414449882125,0.3884538866992934,0.38245935,0.00599453669929346,0.0,0.11520375754205203,1.1297629288997646,0.0,0.0,0.0,9.63385633659063,0.9823799499921616,43.661830091031284,-79.39619461127262,108.5,-105.46571446229765,83.68884259770371,1.0,3.3273560550625207,369.0,3.3273560550625207,3.257644376650404,11.727519755941454,0.6015924849158959,3.3273560550625207,0.0,3.257644376650404,11.727519755941454,0.07947444955861019,0.03765845411600763,0.03765845411600763,0.0,0.0,0.0,0.0,3.255048315906798,0.0005439369999827325,1.9581731999378371,226.1760281754166,0.06282667449317127,0.1715736746327955,176042.25452523123,1783556782042254.5,1783556782203757.5
370.0,135.56501832127947,24288.0,115.51300366425589,-974.4869963357442,40.539010992767686,982.0,0.1155130036642559,-0.9744869963357441,0.04053901099276769,0.982,0.9821477377302534,0.9821477377302534,9.631579112212389,-0.01785226226974657,-0.17507088778761018,1.132795597384075,1.12776475,0.005030847384074977,0.0,-9.556452902615924,-9.5516771,-0.0047758026159248285,-0.007418748692037392,0.3975518921522252,0.38245935,0.015092542152225245,0.0,0.1155130036642559,1.132795597384075,0.0,0.0,0.0,9.631579112212389,0.9821477377302534,43.66182112289374,-79.39619553901099,108.5,-105.54042715905805,82.6975046736736,1.0,3.2909702068444773,370.0,3.2909702068444773,3.2940302248684477,11.858508809526413,0.6009739926714882,3.2909702068444773,0.0,3.2940302248684477,11.858508809526413,0.09430496099376892,0.04317530727548473,0.04317530727548473,0.0,0.0,0.0,0.0,3.2926031649872365,0.0005496411642819503,1.9787081914150206,226.79793647618865,0.06299942679894129,0.16978484706340408,176227.80219855355,1783556782227802.2,1783556782513003.8
371.0,137.11124893229882,24288.0,115.82224978645976,-974.1777502135402,41.4667493593793,982.0,0.11582224978645977,-0.9741777502135403,0.0414667493593793,0.982,0.9819155254683453,0.9819155254683453,9.629301887834147,-0.018084474531654755,-0.17734811216585208,1.1358282658683856,1.12776475,0.00806351586838551,0.0,-9.553420234131613,-9.5516771,-0.0017431341316142962,-0.008935082934192658,0.406649897605157,0.38245935,0.024190547605157032,0.0,0.11582224978645977,1.1358282658683856,0.0,0.0,0.0,9.629301887834147,0.9819155254683453,43.6618121547562,-79.39619646674936,108.5,-105.61513985581847,81.70616674964351,1.0,3.2545843586264334,371.0,3.2545843586264334,3.3304160730864916,11.98949786311137,0.6003555004270804,3.2545843586264334,0.0,3.3304160730864916,11.98949786311137,0.10913547242892765,0.04869216043496183,0.04869216043496183,0.0,0.0,0.0,0.0,3.3301580140676745,0.0005553453285811679,1.9992431828922044,227.41984477696073,0.06317217910471129,0.16799601949401263,176413.34987187586,1783556782413349.8,1783556782822249.8
372.0,136.1750858381366,24288.0,114.87717764513637,-975.3684670645908,34.89459880622736,982.3684670645908,0.11487717764513637,-0.9753684670645909,0.034894598806227355,0.9823684670645909,0.9827345196377644,0.9827345196377644,9.637333477005683,-0.017265480362235616,-0.1693165229943179,1.1265602741536767,1.12776475,-0.0012044758463233877,0.0,-9.565097177538968,-9.5516771,-0.013420077538969887,-0.009806649999999806,0.3421991173830895,0.38245935,-0.04026023261691048,0.0,0.11487717764513637,1.1265602741536767,0.0,0.0,0.0,9.637333477005683,0.9827345196377644,43.661803192507,-79.39619749128943,108.48771776451363,-105.69764819387868,80.71547972384472,1.0,3.2617177108369355,372.0,3.2617177108369355,3.364926289262219,12.11373464134399,0.6042630658708182,0.4252144140936048,-0.012282235486361967,3.364926289262219,12.11373464134399,0.11680473351430208,0.05405428013377507,0.05405428013377507,-0.35476997849195574,0.0,0.0,0.0,3.307420484836662,0.0005552536525597641,1.9989131492151508,230.02708643441784,0.06389641289844938,0.1662573639107774,177198.57059056332,1783556783198570.5,1783556783122822.2
373.0,129.5315806599665,24288.0,114.58832959391158,-976.2350112182652,32.29496634520428,983.2350112182652,0.11458832959391159,-0.9762350112182652,0.032294966345204276,0.9832350112182652,0.9834778509431653,0.9834778509431653,9.644623066951791,-0.01652214905683469,-0.1620269330482079,1.1237276424121332,1.12776475,-0.004037107587866952,0.0,-9.573595072763599,-9.5516771,-0.02191797276360039,-0.009806649999999806,0.3167054317091975,0.38245935,-0.06575391829080249,0.0,0.11458832959391159,1.1237276424121332,0.0,0.0,0.0,9.644623066951791,0.9834778509431653,43.66179423821742,-79.39619864668163,108.45883295939116,-105.79069432676312,79.72567255279414,1.0,3.327678347089115,373.0,3.327678347089115,3.396901110995392,12.228843999583411,0.6025299775634695,1.42521441409361,-0.041167040608839016,3.396901110995392,12.228843999583411,0.1147937407284682,0.05920723814874326,0.05920723814874326,-1.189101945455475,0.0,0.0,0.0,3.1460630310692665,0.0005267802980066794,1.8964090728240457,230.51455431779058,0.0640318206438307,0.16458652854600844,177371.59057324697,1783556783371590.5,1783556783411670.5
374.0,122.88807548179639,24288.0,114.2994815426868,-977.1015553719396,29.695333884181196,984.1015553719396,0.1142994815426868,-0.9771015553719395,0.029695333884181194,0.9841015553719396,0.9842211822485663,0.9842211822485663,9.6519126568979,-0.01577881775143376,-0.15473734310209789,1.1208950106705895,1.12776475,-0.006869739329410516,0.0,-9.58209296798823,-9.5516771,-0.030415867988230892,-0.009806649999999806,0.2912117460353055,0.38245935,-0.09124760396469447,0.0,0.1142994815426868,1.1208950106705895,0.0,0.0,0.0,9.6519126568979,0.9842211822485663,43.66178528392783,-79.39619980207384,108.42994815426869,-105.88374045964756,78.73586538174355,1.0,3.3936389833412943,374.0,3.3936389833412943,3.4288759327285647,12.343953357822834,0.6007968892561207,2.4252144140936154,-0.07005184573131606,3.4288759327285647,12.343953357822834,0.1127827479426343,0.06436019616371144,0.06436019616371144,-2.023433912418994,0.0,0.0,0.0,2.984705577301871,0.0004983069434535947,1.7939049964329408,231.00202220116336,0.06416722838921203,0.1629156931812395,177544.61055593062,1783556783544610.5,1783556783700518.5
375.0,116.24457030362629,24288.0,114.01063349146202,-977.968099525614,27.09570142315811,984.968099525614,0.11401063349146201,-0.9779680995256139,0.027095701423158113,0.9849680995256139,0.9849645135539672,0.9849645135539672,9.65920224684401,-0.015035486446032833,-0.14744775315598788,1.118062378929046,1.12776475,-0.00970237107095408,0.0,-9.59059086321286,-9.5516771,-0.03891376321286139,-0.009806649999999806,0.2657180603614135,0.38245935,-0.11674128963858649,0.0,0.11401063349146201,1.118062378929046,0.0,0.0,0.0,9.65920224684401,0.9849645135539672,43.661776329638236,-79.39620095746604,108.40106334914621,-105.976786592532,77.74605821069296,1.0,3.4595996195934737,375.0,3.4595996195934737,3.4608507544617373,12.459062716062254,0.5990638009487721,3.4252144140936207,-0.0989366508537931,3.4608507544617373,12.459062716062254,0.11077175515680042,0.06951315417867963,0.06951315417867963,-2.857765879382513,0.0,0.0,0.0,2.8233481235344757,0.00046983358890050997,1.6914009200418358,231.48949008453613,0.06430263613459336,0.16124485781647058,177717.63053861426,1783556783717630.5,1783556783989366.5
