dist_m_grid,current_mA,voltage_mV,ax_x100,ay_x100,az_x100,amag_x100,imu_ax_g,imu_ay_g,imu_az_g,imu_total_g_reported,accel_total_g,imu_total_g,accel_total_m_s2,accel_dynamic_g,accel_dynamic_m_s2,imu_ax_m_s2,imu_ax_bias_m_s2,imu_ax_dynamic_m_s2,imu_ax_dynamic_smooth_m_s2,imu_ay_m_s2,imu_ay_bias_m_s2,imu_ay_dynamic_m_s2,imu_ay_dynamic_smooth_m_s2,imu_az_m_s2,imu_az_bias_m_s2,imu_az_dynamic_m_s2,imu_az_dynamic_smooth_m_s2,accel_longitudinal_raw_g,accel_longitudinal_m_s2,imu_forward_dynamic_m_s2,accel_longitudinal_smooth_m_s2,jerk_m_s3,accel_m_s2,accel_mag,lat,lon,elev,x,y,gps_dt_s,gps_dist_m,gps_cumdist_m,gps_speed_m_s_raw,gps_speed_m_s,gps_speed_kph,dt_s,dist_m,elev_diff_m,speed_m_s,speed_kph,gps_longitudinal_accel_raw_m_s2,gps_longitudinal_accel_m_s2,gps_longitudinal_accel_abs_m_s2,grade_raw_pct,grade_pct,uphill_grade_pct,downhill_grade_pct,power_w,energy_wh,energy_j,cum_energy_j,cum_energy_wh,efficiency_wh_per_km,timestamp_ms,time,gps_time
0.0,10817.0,24288.0,112.0,-809.0,87.0,821.0,0.112,-0.809,0.087,0.821,0.8213367153610023,0.8213367153610023,8.054561699694972,-0.17866328463899772,-1.752088300305027,1.0983448,1.0002783,0.09806650000000006,0.0882598499999998,-7.93357985,-9.483030549999999,1.5494506999999986,0.07845320000000022,0.8531785499999999,0.6276256,0.22555294999999986,0.019613299999999945,0.112,1.0983448,0.0882598499999998,0.0882598499999998,-0.008185851419031928,8.054561699694972,0.8213367153610023,43.662449,-79.395314,108.8,0.0,0.0,0.0,0.0,0.0,0.0,1.5374457856703394,5.534804828413222,0.599,0.0,0.0,1.5374457856703394,5.534804828413222,0.0,0.0,0.0,0.0,0.0,0.0,-0.0,262.723296,0.04371423730666667,157.371254304,285.858490368,0.07940513621333334,12.509047452690488,142199.0,1783556748199000.0,1783556748000000.0
1.0,10822.853864951781,24288.0,109.72349696319603,-850.9526988211018,79.52006145050123,861.6518399429281,0.10972349696319603,-0.8509526988211018,0.07952006145050122,0.861651839942928,0.8618874729768932,0.8618874729768932,8.452228786868849,-0.13811252702310686,-1.3544212131311508,1.0760199314941263,0.9811426984235369,0.09487723307058944,0.0675296149588314,-8.344995283893958,-9.487814450394115,1.1428191665001568,0.05931759842353686,0.7798254106235578,0.6403826677176421,0.13944274290591568,0.010045499211768389,0.10972349696319603,1.0760199314941263,0.0675296149588314,0.0675296149588314,-0.040364423207194876,8.452228786868849,0.8618874729768932,43.66244802435585,-79.39532635815934,108.8,-0.9952303630831081,-0.10784770527813597,0.3252147195434249,1.0,1.0,1.0,2.0374457856703394,7.334804828413222,0.5976991411218263,1.0,0.0,2.0374457856703394,7.334804828413222,0.5,0.0,0.0,0.0,0.0,0.0,0.0,262.8654746719489,0.04364280130047359,157.11408468170492,336.78076907837726,0.09355021363288259,13.041108479527097,142392.50275812834,1783556748392502.8,1783556748325214.8
2.0,10828.707729903563,24288.0,107.44699392639205,-892.9053976422036,72.04012290100245,902.3036798858562,0.10744699392639205,-0.8929053976422037,0.07204012290100245,0.9023036798858561,0.902438230592784,0.902438230592784,8.849895874042724,-0.097561769407216,-0.9567541259572748,1.0536950629882524,0.9620070968470736,0.09168796614117884,0.046799379917663,-8.756410717787915,-9.492598350788231,0.7361876330003151,0.04018199684707349,0.7064722712471156,0.6531397354352841,0.053332535811831505,0.0004776984235368327,0.10744699392639205,1.0536950629882524,0.046799379917663,0.046799379917663,-0.07254299499535782,8.849895874042724,0.902438230592784,43.662447048711684,-79.39533871631869,108.8,-1.9904607261662162,-0.21569541055627195,0.6504294390868498,2.0,2.0,2.0,2.5374457856703394,9.134804828413222,0.5963982822436525,2.0,0.0,2.5374457856703394,9.134804828413222,1.0,0.0,0.0,0.0,0.0,0.0,0.0,263.00765334389774,0.04357136529428051,156.85691505940986,387.7030477887546,0.10769529105243184,13.573169506363707,142586.00551625667,1783556748586005.5,1783556748650429.5
3.0,10834.561594855344,24288.0,105.17049088958808,-934.8580964633054,64.56018435150368,942.9555198287843,0.10517049088958808,-0.9348580964633054,0.06456018435150368,0.9429555198287842,0.9429889882086748,0.9429889882086748,9.247562961216602,-0.057011011791325145,-0.5590870387833988,1.0313701944823788,0.9428714952706105,0.08849869921176823,0.0260691448764946,-9.167826151681874,-9.497382251182346,0.3295560995004734,0.021046395270610127,0.6331191318706736,0.6658968031529262,-0.032777671282252674,-0.009090102364694722,0.10517049088958808,1.0313701944823788,0.0260691448764946,0.0260691448764946,-0.10472156678352078,9.247562961216602,0.9429889882086748,43.66244607306753,-79.39535107447803,108.8,-2.9856910892493245,-0.3235431158344079,0.9756441586302746,3.0,3.0,3.0,3.0374457856703394,10.934804828413222,0.5950974233654789,3.0,0.0,3.0374457856703394,10.934804828413222,1.5,0.0,0.0,0.0,0.0,0.0,0.0,263.14983201584664,0.043499929288087436,156.59974543711476,438.62532649913186,0.12184036847198107,14.105230533200315,142779.508274385,1783556748779508.2,1783556748975644.2
4.0,10600.958117674032,24288.0,66.36440584881588,-915.6186654772348,105.13561245780515,924.889853779603,0.06636440584881588,-0.9156186654772348,0.10513561245780514,0.924889853779603,0.9242766508658066,0.9242766508658066,9.06405761821316,-0.07572334913419347,-0.7425923817868385,0.6508125006172902,0.9301358325102796,-0.2793233318929894,-0.02572165967079556,-8.979151785802324,-9.480952866872428,0.5018010810701052,-0.026760501234581364,1.0310281539093347,0.7081564831275698,0.32287167078176493,0.002077683127569912,0.06636440584881588,0.6508125006172902,-0.02572165967079556,-0.02572165967079556,-0.061556834164482224,9.06405761821316,0.9242766508658066,43.66244515254113,-79.39536344069472,108.8,-3.981570328675188,-0.4252981033403278,1.0,3.3485389672435053,4.0,3.3485389672435053,3.074891571340679,11.069609656826444,0.5955762705658773,0.9251084286593212,0.0,3.074891571340679,11.069609656826444,1.211715269292092,0.0,0.0,0.0,0.0,0.0,0.0,257.47607076206685,0.042592726192760014,153.33381429393606,627.2573707719712,0.1742381585477698,14.138886515414582,143515.84764193447,1783556749515847.8,1783556749211864.8
5.0,10963.032559217556,24288.0,65.67735757264221,-931.4207758292292,119.33461016539435,942.0660606839448,0.06567735757264222,-0.9314207758292292,0.11933461016539436,0.9420660606839448,0.9416983635826268,0.9416983635826268,9.234906257227566,-0.05830163641737316,-0.5717437427724326,0.6440748586397517,0.9391193551469976,-0.29504449650724596,-0.011123435386128758,-9.13411755128571,-9.478706986213249,0.34458943492753935,-0.013285217279504161,1.1702727547784644,0.7104023637867494,0.45987039099171506,0.004323563786749416,0.06567735757264222,0.6440748586397517,-0.011123435386128758,-0.011123435386128758,-0.012487034097951447,9.234906257227566,0.9416983635826268,43.662444236476766,-79.3953758075637,108.8,-4.977502097477511,-0.5265598587087372,1.0,3.6443393160733173,5.0,3.6443393160733173,3.074891571340679,11.069609656826444,0.5951182383817615,1.9251084286593212,0.0,3.074891571340679,11.069609656826444,0.8596154437069979,0.0,0.0,0.0,0.0,0.0,0.0,266.270134798276,0.04401202286338147,158.44328230817328,666.4002337209654,0.18511117603360153,14.132194430527154,143651.88320061684,1783556749651883.2,1783556749440880.8
6.0,11325.107000761082,24288.0,64.99030929646854,-947.2228861812237,133.53360787298357,959.2422675882866,0.06499030929646854,-0.9472228861812236,0.13353360787298357,0.9592422675882866,0.9591200762994472,0.9591200762994472,9.405754896241973,-0.04087992370055284,-0.40089510375802656,0.6373372166622132,0.9481028777837157,-0.3107656611215025,0.003474788898538035,-9.289083316769096,-9.476461105554069,0.18737778878497346,0.00019006667557304457,1.309517355647594,0.7126482444459289,0.5968691112016652,0.00656944444592892,0.06499030929646854,0.6373372166622132,0.003474788898538035,0.003474788898538035,0.03658276596857932,9.405754896241973,0.9591200762994472,43.66244332041239,-79.39538817443265,108.8,-5.973433866279834,-0.6278216140771468,1.0,3.940139664903129,6.0,3.940139664903129,3.074891571340679,11.069609656826444,0.5946602061976457,2.925108428659321,0.0,3.074891571340679,11.069609656826444,0.5075156181219038,0.0,0.0,0.0,0.0,0.0,0.0,275.0641988344851,0.045431319534002916,163.5527503224105,705.5430966699597,0.19598419351943325,14.125502345639726,143787.91875929924,1783556749787918.8,1783556749669897.0
7.0,11687.181442304605,24288.0,64.30326102029487,-963.0249965332181,147.73260558057277,976.4184744926283,0.06430326102029486,-0.963024996533218,0.14773260558057277,0.9764184744926283,0.9765417890162675,0.9765417890162675,9.57660353525638,-0.02345821098373252,-0.23004646474362067,0.6305995746846746,0.9570864004204338,-0.3264868257357591,0.018073013183204832,-9.444049082252484,-9.474215224894891,0.03016614264240758,0.013665350630650247,1.4487619565167238,0.7148941251051084,0.7338678314116154,0.008815325105108424,0.06430326102029486,0.6305995746846746,0.018073013183204832,0.018073013183204832,0.0856525660351101,9.57660353525638,0.9765417890162675,43.66244240434803,-79.39540054130163,108.8,-6.969365635082157,-0.7290833694455563,1.0,4.235940013732941,7.0,4.235940013732941,3.074891571340679,11.069609656826444,0.5942021740135299,3.925108428659321,0.0,3.074891571340679,11.069609656826444,0.15541579253680982,0.0,0.0,0.0,0.0,0.0,0.0,283.85826287069426,0.046850616204624364,168.66221833664773,744.6859596189539,0.206857211005265,14.118810260752298,143923.9543179816,1783556749923954.2,1783556749898913.0
8.0,11222.347589724191,24288.0,66.36511219708973,-966.583726826426,142.96280974691462,979.5325658499416,0.06636511219708972,-0.9665837268264259,0.1429628097469146,0.9795325658499416,0.9795175479271968,0.9795175479271968,9.605785761380245,-0.020482452072803164,-0.2008642386197551,0.6508194275275899,0.95074333220996,-0.29992390468237007,0.04126772265881483,-9.478948304682369,-9.47064680805249,-0.00830149662988076,0.01961329999999961,1.4019862382045802,0.7184625419475099,0.6835236962570702,0.007229558052489987,0.06636511219708972,0.6508194275275899,0.04126772265881483,0.04126772265881483,0.1071231944848842,9.605785761380245,0.9795175479271968,43.66243989767805,-79.39541230696585,108.8,-7.916881033929913,-1.0061706691163321,1.0,3.7776334116869212,8.0,3.7776334116869212,2.9367025760280985,10.572129273701155,0.5950511609764843,3.7776334116869212,0.0,2.9367025760280985,10.572129273701155,-0.13818899531258028,0.0,0.0,0.0,0.0,0.0,0.0,272.56837825922116,0.04504094206864265,162.14739144711353,798.108827109859,0.2216968964194053,14.115856394828693,144141.14856598442,1783556750141148.5,1783556750262790.2
9.0,10104.107327407488,24288.0,70.59908878979076,-960.4679828591911,123.20425231430984,971.5350545081731,0.07059908878979075,-0.9604679828591911,0.12320425231430984,0.971535054508173,0.9710784028172109,0.9710784028172109,9.523026018987402,-0.02892159718278904,-0.2836239810125981,0.6923405540804014,0.9322894981864882,-0.2399489441060868,0.07125520294695643,-9.418973344106085,-9.46603334954662,0.047060005440535166,0.01961329999999961,1.2082209809581266,0.7230760004533778,0.48514498050474864,0.0026160995466220542,0.07059908878979075,0.6923405540804014,0.07125520294695643,0.07125520294695643,0.10678550904308447,9.523026018987402,0.9710784028172109,43.6624361341433,-79.3954235975701,108.8,-8.826138784753962,-1.4221918003364127,1.0,2.72344656653488,9.0,2.72344656653488,2.689319398078955,9.681549833084238,0.5969329283510181,2.72344656653488,0.0,2.689319398078955,9.681549833084238,-0.3855721732617237,0.0,0.0,0.0,0.0,0.0,0.0,245.40855876807308,0.040679799726478394,146.4472790153222,862.8154688294809,0.2396709635637447,14.115856394828693,144422.4727884772,1783556750422472.8,1783556750733232.0
10.0,10604.536821214959,24288.0,103.97913803719464,-1046.774734012464,-11.996417490553092,1053.265198658423,0.10397913803719465,-1.046774734012464,-0.011996417490553087,1.0532651986584232,1.0529917706455458,1.0529917706455458,10.32632174760114,0.052991770645545756,0.5196717476011412,1.019687014032455,0.9543892534937257,0.0652977605387292,0.0882598499999998,-10.26535344530333,-9.474889511626568,-0.7904639336767623,-0.029232930240589525,-0.11764466758373243,0.7175510616265685,-0.8351957292103009,0.003331223253137114,0.10397913803719465,1.019687014032455,0.0882598499999998,0.0882598499999998,0.0,10.32632174760114,1.0529917706455458,43.66243196185858,-79.3954345858182,108.8,-9.71104711318668,-1.8833961526338405,1.0,2.1975698534585497,10.0,2.1975698534585497,2.549038734699948,9.176539444919813,0.594,0.43294178471647793,0.0,2.549038734699948,9.176539444919813,-0.4365392995436733,0.0,0.0,0.0,0.0,0.0,0.0,257.56299031366893,0.04249789340175537,152.99241624631932,1079.3097913600254,0.29980827537778487,13.54081806130244,145276.8880001001,1783556751276888.0,1783556751169845.0
11.0,9827.38111422913,24288.0,80.8331578695198,-1060.1130954650225,29.587885861540705,1065.4266458651675,0.08083315786951979,-1.0601130954650224,0.029587885861540715,1.0654266458651676,1.0653229417078407,1.0653229417078407,10.447249226299194,0.06532294170784061,0.6405992262991951,0.7927024876211264,0.9390004720421102,-0.1462979844209839,0.0882598499999998,-10.396158087642062,-9.478736706989471,-0.9174213806525904,-0.00614975806316604,0.29015804088407815,0.7213982569894724,-0.4312402161053942,0.011025613978944842,0.08083315786951979,0.7927024876211264,0.0882598499999998,0.0882598499999998,0.0,10.447249226299194,1.0653229417078407,43.662427254201596,-79.3954451780464,108.8,-10.56406307065443,-2.4037805554816214,1.0,2.363662848982287,11.0,2.363662848982287,2.549038734699948,9.176539444919813,0.594,1.4329417847164778,0.0,2.549038734699948,9.176539444919813,-0.23024473466228484,0.0,0.0,0.0,0.0,0.0,0.0,238.68743250239714,0.039383426362895525,141.7803349064239,1130.0216786924148,0.313894910747893,12.280100505099949,145509.91702077127,1783556751509917.0,1783556751562149.8
12.0,9050.225407243302,24288.0,57.687177701844945,-1073.4514569175808,71.17218921363451,1077.588093071912,0.05768717770184494,-1.0734514569175808,0.07117218921363451,1.077588093071912,1.0776541127701356,1.0776541127701356,10.568176704997247,0.07765411277013547,0.761526704997249,0.5657179612097977,0.9236116905904947,-0.3578937293806971,0.0882598499999998,-10.526962729980793,-9.482583902352376,-1.0443788276284185,0.016933414114257445,0.6979607493518887,0.7252454523523763,-0.027284703000487465,0.018720004704752567,0.05768717770184494,0.5657179612097977,0.0882598499999998,0.0882598499999998,0.0,10.568176704997247,1.0776541127701356,43.66242254654462,-79.39545577027461,108.8,-11.417079028122181,-2.9241649583294027,1.0,2.529755844506024,12.0,2.529755844506024,2.549038734699948,9.176539444919813,0.594,2.4329417847164776,0.0,2.549038734699948,9.176539444919813,-0.02395016978089637,0.0,0.0,0.0,0.0,0.0,0.0,219.81187469112535,0.03626895932403568,130.56825356652843,1180.733566024804,0.3279815461180011,11.019382948897457,145742.94604144245,1783556751742946.0,1783556751954454.5
13.0,9011.400844055848,24288.0,82.87772382180285,-1051.7685512778394,23.995656529905457,1056.0698616412626,0.08287772382180283,-1.0517685512778392,0.023995656529905457,1.0560698616412627,1.0558687795090478,1.0558687795090478,10.354535566572403,0.05586877950904773,0.5478855665724028,0.8127528303170827,0.8963021094490685,-0.08354927913198579,-0.0392266,-10.31432606338882,-9.47960464763773,-0.8347214157510902,-0.07172989803012378,0.23531700510899736,0.7320728476377328,-0.49675584252873545,0.019613299999999945,0.08287772382180283,0.8127528303170827,-0.0392266,-0.0392266,-0.14970329650242947,10.354535566572403,1.0558687795090478,43.66241748034455,-79.3954660393109,108.8,-12.244067613971149,-3.484182713833198,1.0,2.6648899971838085,13.0,2.6648899971838085,2.6648899971838085,9.59360398986171,0.5965065518171168,0.8839030500165299,0.0,2.6648899971838085,9.59360398986171,0.11585126248386063,0.0,0.0,0.0,0.0,0.0,0.0,218.86890370042843,0.036245711852662406,130.48456266958468,1360.0481699315712,0.37779115831432536,10.523542852260496,146545.786218054,1783556752545786.2,1783556752301310.2
14.0,8049.079064616072,24288.0,77.08265819995509,-1043.5872821646424,48.88035008254578,1048.2294787411156,0.07708265819995508,-1.0435872821646424,0.048880350082545786,1.0482294787411157,1.0481947569002656,1.0481947569002656,10.27927911275599,0.04819475690026567,0.4726291127559904,0.7559226500365894,0.8896162058866576,-0.13369355585006806,-0.0392266,-10.23409522063989,-9.481276123528334,-0.7528190971115554,-0.10850236762338397,0.47935248513699763,0.7337443235283356,-0.254391838391338,0.019613299999999945,0.07708265819995508,0.7559226500365894,-0.0392266,-0.0392266,-0.07666401388785601,10.27927911275599,1.0481947569002656,43.66241236705135,-79.39547626589729,108.8,-13.067637613968454,-4.049406143602849,1.0,2.7959578359945176,14.0,2.7959578359945176,2.7959578359945176,10.065448209580264,0.5982109828823661,1.8839030500165301,0.0,2.7959578359945176,10.065448209580264,0.2469191012945697,0.0,0.0,0.0,0.0,0.0,0.0,195.49603232139515,0.032463638678526696,116.86909924269611,1395.0155751679188,0.387504326435533,10.128166194645498,146750.31794588393,1783556752750318.0,1783556752642196.5
15.0,7086.757285176296,24288.0,71.28759257810734,-1035.4060130514456,73.7650436351861,1040.3890958409688,0.07128759257810734,-1.0354060130514455,0.07376504363518611,1.0403890958409687,1.0405207342914837,1.0405207342914837,10.204022658939577,0.040520734291483625,0.39737265893957785,0.6990924697560963,0.8829303023242466,-0.18383783256815034,-0.0392266,-10.153864377890958,-9.482947599418937,-0.6709167784720205,-0.14527483721664416,0.7233879651649979,0.7354157994189383,-0.012027834253940495,0.019613299999999945,0.07128759257810734,0.6990924697560963,-0.0392266,-0.0392266,-0.0036247312732825276,10.204022658939577,1.0405207342914837,43.66240725375816,-79.39548649248368,108.8,-13.891207613965758,-4.6146295733725005,1.0,2.927025674805227,15.0,2.927025674805227,2.927025674805227,10.537292429298816,0.5999154139476155,2.88390305001653,0.0,2.927025674805227,10.537292429298816,0.3779869401052788,0.0,0.0,0.0,0.0,0.0,0.0,172.1231609423619,0.028681565504390983,103.25363581580754,1429.9829804042663,0.39721749455674066,9.7327895370305,146954.84967371385,1783556752954849.8,1783556752983082.8
16.0,6908.521185708465,24288.0,80.51098418525996,-1012.7086308157969,83.32211116210246,1019.4919403505332,0.08051098418525995,-1.0127086308157969,0.08332211116210246,1.0194919403505331,1.0195867354930759,1.0195867354930759,9.998730259623173,0.01958673549307593,0.19208025962317304,0.7895430430603795,0.8855132154081368,-0.09597017234775733,-0.0392266,-9.931279094389733,-9.487402623112205,-0.44387647127752927,-0.14709975000000064,0.8171107814278321,0.7340413922959316,0.08306938913190055,0.019613299999999945,0.08051098418525995,0.7895430430603795,-0.0392266,-0.0392266,0.0,9.998730259623173,1.0195867354930759,43.662401650071395,-79.39549621376592,108.8,-14.67408433419423,-5.234061108110125,1.0,3.012004321317009,16.0,3.012004321317009,2.9335301978132873,10.560708712127834,0.5979194722094744,3.012004321317009,0.0,2.9335301978132873,10.560708712127834,0.27021358108088833,-0.014663829937476398,0.014663829937476398,0.0,0.0,0.0,0.0,167.7941625584872,0.02787305201829134,100.34298726584883,1459.971397229341,0.4055476103414836,9.49690120967052,147141.2504256831,1783556753141250.5,1783556753297218.2
17.0,6771.228949309827,24288.0,90.5186187291242,-989.2532373536152,92.07879138798367,997.9129783653259,0.0905186187291242,-0.9892532373536151,0.09207879138798367,0.997912978365326,0.9979603191907186,0.9979603191907186,9.78664756419166,-0.002039680809281366,-0.020002435808339103,0.8876844123599658,0.8885801331987488,-0.0008957208387830873,-0.0392266,-9.701260260093829,-9.492002999798123,-0.2092572602957058,-0.14709975000000064,0.9029844795649701,0.7325079334006255,0.17047654616434457,0.019613299999999945,0.0905186187291242,0.8876844123599658,-0.0392266,-0.0392266,0.0,9.78664756419166,0.9979603191907186,43.66239602077697,-79.39550590866189,108.8,-15.454836107982217,-5.856323314652811,1.0,3.0945762543449735,17.0,3.0945762543449735,2.9335301978132873,10.560708712127834,0.595730302153004,3.0945762543449735,0.0,2.9335301978132873,10.560708712127834,0.1499682670785771,-0.030093384668002782,0.030093384668002782,0.0,0.0,0.0,0.0,164.45960872083708,0.027219813681075147,97.99132925187052,1489.6998182083728,0.41380550505788133,9.269341140971418,147326.70440332408,1783556753326704.5,1783556753609956.8
18.0,6633.93671291119,24288.0,100.52625327298844,-965.7978438914333,100.83547161386488,976.3340163801187,0.10052625327298843,-0.9657978438914333,0.10083547161386489,0.9763340163801186,0.9763339028883613,0.9763339028883613,9.574564868760149,-0.023666097111638654,-0.2320851312398513,0.985825781659552,0.8916470509893609,0.09417873067019117,-0.0392266,-9.471241425797924,-9.49660337648404,0.025361950686117685,-0.14709975000000064,0.988858177702108,0.7309744745053195,0.2578837031967886,0.019613299999999945,0.10052625327298843,0.985825781659552,-0.0392266,-0.0392266,0.0,9.574564868760149,0.9763339028883613,43.66239039148253,-79.39551560355785,108.8,-16.235587881770204,-6.478585521195497,1.0,3.177148187372938,18.0,3.177148187372938,2.9335301978132873,10.560708712127834,0.5935411320965337,3.177148187372938,0.0,2.9335301978132873,10.560708712127834,0.02972295307626588,-0.045522939398529166,0.045522939398529166,0.0,0.0,0.0,0.0,161.12505488318698,0.02656657534385895,95.63967123789222,1519.4282391874049,0.4220633997742791,9.041781072272315,147512.15838096506,1783556753512158.5,1783556753922695.5
19.0,5472.678418706382,24288.0,112.48444898199209,-1008.7076989378875,38.118872440278686,1015.7076989378875,0.11248444898199209,-1.0087076989378876,0.03811887244027869,1.0157076989378875,1.0157885283418568,1.0157885283418568,9.96148257146367,0.01578852834185676,0.1548325714636697,1.1030956216092527,0.8908633294755782,0.21223229213367453,0.0437267015372776,-9.892043355789234,-9.487656011573264,-0.40438734421596984,-0.5148491249999996,0.37381844041645895,0.7339569294755782,-0.3601384890591193,-0.0030836410488434213,0.11248444898199209,1.1030956216092527,0.0437267015372776,0.0437267015372776,0.11379087998177581,9.96148257146367,1.0157885283418568,43.66238302556633,-79.39552240221428,108.8,-16.78309897255123,-7.292813897983973,1.0,2.94492006234284,19.0,2.94492006234284,2.794941008582597,10.06178763089735,0.593314443877251,0.752814042502358,0.0,2.794941008582597,10.06178763089735,-0.1385891892306901,-0.055049425823173015,0.055049425823173015,0.0,0.0,0.0,0.0,132.92041343354063,0.021904912442291657,78.85768479224996,1632.0286104832637,0.45334128068979546,8.134040562705035,148337.7796630871,1783556754337779.8,1783556754314444.0
20.0,5000.687247935275,24288.0,109.14291856945327,-1066.7667898557493,50.231920185731866,1073.7667898557493,0.10914291856945328,-1.0667667898557494,0.050231920185731874,1.0737667898557492,1.07360859863079,1.07360859863079,10.528503763762634,0.07360859863078986,0.7218537637626355,1.070326402389129,0.8888152532743205,0.18151114911480842,0.08878437796494774,-10.461408539738883,-9.493800240177038,-0.9676082995618466,-0.5148491249999996,0.49260686008940735,0.7319088532743205,-0.23930199318491313,-0.007179793451358898,0.10914291856945328,1.070326402389129,0.08878437796494774,0.08878437796494774,0.15510801276587727,10.528503763762634,1.07360859863079,43.662375089431606,-79.39552824989251,108.8,-17.254025650314613,-8.170074230767362,1.0,2.6093275612807263,20.0,2.6093275612807263,2.610846157256473,9.399046166123304,0.5937321351788183,1.752814042502358,0.0,2.610846157256473,9.399046166123304,-0.32268404055681427,-0.06263764395182,0.06263764395182,0.0,0.0,0.0,0.0,121.45669187785198,0.020029821829365704,72.10735858571654,1660.3390520212845,0.46120529222813456,7.969518985396231,148585.8882962181,1783556754585888.2,1783556754732135.2
21.0,2638.9866716821152,24288.0,127.90548334471136,-896.0087849634301,141.39533480253587,917.7064523646981,0.12790548334471136,-0.8960087849634301,0.14139533480253585,0.917706452364698,0.9169863501726119,0.9169863501726119,8.992564190920243,-0.08301364982738817,-0.8140858090797561,1.2543243082424134,0.891699582188145,0.36262472605426843,0.11909093562370984,-8.786844551061622,-9.485147253435564,0.6983027023739425,-0.14709975000000064,1.3866145600412882,0.7263976678118548,0.6602168922294334,-0.0014111356237097438,0.12790548334471136,1.2543243082424134,0.11909093562370984,0.11909093562370984,0.002355819071301716,8.992564190920243,0.9169863501726119,43.662367122084255,-79.39553401454103,108.8,-17.71826575932946,-9.050784806762064,1.0,2.4083113275049484,21.0,2.4083113275049484,2.4785876515404617,8.922915545545662,0.5998561042125792,0.3587014616380097,0.0,2.4785876515404617,8.922915545545662,-0.3915213701739315,-0.060404583826193216,0.060404583826193216,0.0,0.0,0.0,0.0,64.09570828181522,0.010680523994889016,38.44988638160046,1722.6481267057168,0.4785133685293657,7.260575249761837,149431.19357666504,1783556755431193.5,1783556755143895.8
22.0,2413.134990041518,24288.0,91.40014936727911,-954.5777823338159,128.55829428299924,969.8569294753155,0.09140014936727911,-0.9545777823338158,0.12855829428299925,0.9698569294753155,0.9692683810803714,0.9692683810803714,9.505275769321823,-0.030731618919628584,-0.3013742306781758,0.8963292747926277,0.8897325765098495,0.006596698282778146,0.12302494698030086,-9.361210209123914,-9.49104827047045,0.12983806134653542,-0.14709975000000064,1.2607261966303747,0.7283646734901503,0.5323615231402242,-0.005345146980300809,0.09140014936727911,0.8963292747926277,0.12302494698030086,0.12302494698030086,0.00892345071836519,9.505275769321823,0.9692683810803714,43.66235909893393,-79.39553963074626,108.8,-18.170551395826923,-9.937663843621975,1.0,2.4478950709771987,22.0,2.4478950709771987,2.4390039080682113,8.78041406904556,0.5994549466963437,1.3587014616380102,0.0,2.4390039080682113,8.78041406904556,-0.2542974256895126,-0.0406127120900682,0.0406127120900682,0.0,0.0,0.0,0.0,58.61022263812839,0.00976043851878341,35.137578667620275,1735.2369070388004,0.4820102519552223,5.578295267345098,149671.4869288901,1783556755671487.0,1783556755545053.2
23.0,2187.2833084009208,24288.0,54.89481538984687,-1013.1467797042017,115.72125376346264,1022.007406585933,0.05489481538984689,-1.0131467797042015,0.11572125376346265,1.022007406585933,1.021550411988131,1.021550411988131,10.017987347723404,0.021550411988130985,0.21133734772340462,0.5383342413428419,0.887765570831554,-0.34943132948871214,0.1269589583368919,-9.935575867186209,-9.496949287505338,-0.4386265796808717,-0.14709975000000064,1.1348378332194609,0.7303316791684459,0.40450615405101503,-0.009279158336891875,0.05489481538984689,0.5383342413428419,0.1269589583368919,0.1269589583368919,0.015491082365428665,10.017987347723404,1.021550411988131,43.662351075783604,-79.39554524695147,108.8,-18.622837032324384,-10.824542880481884,1.0,2.4874788144494486,23.0,2.4874788144494486,2.3994201645959614,8.637912592545462,0.5990537891801082,2.3587014616380104,0.0,2.3994201645959614,8.637912592545462,-0.11707348120509364,-0.020820840353943187,0.020820840353943187,0.0,0.0,0.0,0.0,53.12473699444157,0.008840353042677804,31.825270953640093,1747.825687371884,0.4855071353810788,3.896015284928359,149911.78028111518,1783556755911780.2,1783556755946210.8
24.0,1446.2244091198666,24288.0,77.12170017832088,-1002.7629947076808,71.44698765125517,1010.2953791873649,0.07712170017832087,-1.0027629947076808,0.07144698765125518,1.0102953791873648,1.009682118867578,1.009682118867578,9.901599150992734,0.00968211886757803,0.09494915099273407,0.7563055210537304,0.8852089541288471,-0.12890343307511665,0.12748645000000003,-9.833745722050077,-9.49086191238654,-0.3428838096635364,-0.14709975000000064,0.7006556014501815,0.7328882958711528,-0.032232694420971264,-0.009806650000000028,0.07712170017832087,0.7563055210537304,0.12748645000000003,0.12748645000000003,0.008716040496985407,9.901599150992734,1.009682118867578,43.6623429857672,-79.3955506761552,108.8,-19.060063017598356,-11.718813294342471,1.0,2.1930358530162324,24.0,2.1930358530162324,2.1574939128446813,7.7669780862408535,0.5971295379187365,2.1930358530162324,0.0,2.1574939128446813,7.7669780862408535,-0.28915107691027153,-0.01816704848813666,0.01816704848813666,0.0,0.0,0.0,0.0,35.125898448703325,0.005836520666384265,21.011474398983353,1753.818295487753,0.48717174874659797,3.629866397724079,150222.23123458793,1783556756222231.2,1783556756467615.5
25.0,2349.1893713640725,24288.0,78.08991829226032,-942.7643054842127,121.52043577461158,954.7193463380826,0.07808991829226032,-0.9427643054842128,0.12152043577461158,0.9547193463380825,0.9537869608713555,0.9537869608713555,9.353454899829078,-0.046213039128644474,-0.4531951001709213,0.7658004972207947,0.8776584334491335,-0.1118579362283388,0.1618097249999999,-9.245359576376753,-9.478090483449131,0.2327309070723779,0.018364087270540386,1.1917083814890945,0.7305586834491336,0.46114969803996103,-0.15694314155086644,0.07808991829226032,0.7658004972207947,0.1618097249999999,0.1618097249999999,0.05735031000662415,9.353454899829078,0.9537869608713555,43.662334887602135,-79.3955560824251,108.80074931910217,-19.495442090289902,-12.61398446041804,1.0,1.8520394184085083,25.0,1.8520394184085083,1.8878291707670245,6.796185014761289,0.5940449591461301,0.014147904676551791,0.000749319102169465,1.8878291707670245,6.796185014761289,-0.5024917718780182,-0.01816704848813666,0.01816704848813666,0.03968637969455504,0.0,0.0,0.0,57.05711145169059,0.009414942680854766,33.893793651077154,1792.867441869295,0.49801873385258183,3.669146336120298,151137.495914613,1783556757137496.0,1783556757007493.2
26.0,2009.1652656107656,24288.0,84.44550905400438,-996.7868269590373,87.62395171197664,1005.564072432035,0.08444550905400439,-0.9967868269590372,0.08762395171197662,1.0055640724320352,1.0048496460645802,1.0048496460645802,9.854208781579214,0.004849646064580201,0.04755878157921545,0.828127551364452,0.8750614728598144,-0.04693392149536242,0.1618097249999999,-9.775139536597841,-9.475493522859813,-0.2996460137380287,-0.06993257276630761,0.8592974260562556,0.7279617228598144,0.1313357031964411,-0.15954010214018552,0.08444550905400439,0.828127551364452,0.1618097249999999,0.1618097249999999,0.026746397337881186,9.854208781579214,1.0048496460645802,43.66232694311368,-79.3955619083833,108.85371257545003,-19.96461960548499,-13.492168213784781,1.0,1.87128323113803,26.0,1.87128323113803,1.8685854498437984,6.726907619437674,0.5972227545270021,1.014147904676551,0.05371257545004109,1.8685854498437984,6.726907619437674,-0.25373550934152145,-0.01816704848813666,0.01816704848813666,2.8447929026646825,0.0,0.0,0.0,48.798605971154274,0.008088993745368657,29.120377483327168,1806.081050638153,0.5016891807328202,3.577221478849843,151455.2754527002,1783556757455275.5,1783556757537125.8
27.0,6188.662469008216,24288.0,176.5545437207394,-946.3613640698152,72.8168184418891,965.6126138314169,0.17655454372073937,-0.9463613640698151,0.07281681844188909,0.9656126138314168,0.9656650763535247,0.9656650763535247,9.469939421022293,-0.03433492364647533,-0.33671057897770723,1.7314086161789886,0.8682222855238813,0.8631863306551073,0.11947619742684834,-9.280634670955251,-9.47846098552388,0.1978263145686271,-0.13575189218803574,0.7140890525731516,0.7165529710477626,-0.0024639184746109814,-0.1614759644761187,0.17655454372073937,1.7314086161789886,0.11947619742684834,0.11947619742684834,-0.06719960316787636,9.469939421022293,0.9656650763535247,43.66231897897695,-79.39556768068203,108.9,-20.429475803479896,-14.372523888318169,1.0,1.8856282323896347,27.0,1.8856282323896347,1.854240528826629,6.675265903775864,0.5950680682034908,0.12604647558028154,0.0,1.854240528826629,6.675265903775864,-0.03138770356300552,-0.02152532322629861,0.02152532322629861,0.0,0.0,0.0,0.0,150.31023404727154,0.024845171498367413,89.44261739412268,1913.2551486056866,0.5314597635015794,3.50869757838797,152368.5686492805,1783556758368568.8,1783556758068068.2
28.0,5416.427223685649,24288.0,133.35257195444188,-957.1618570113895,79.29711420683371,970.4728356551253,0.1333525719544419,-0.9571618570113894,0.07929711420683372,0.9704728356551252,0.9704975750320437,0.9704975750320437,9.517330044187991,-0.02950242496795625,-0.28931995581200814,1.3077419997570274,0.8708702018765185,0.436871797880509,0.05592620496355416,-9.386551325060742,-9.481108901876517,0.09455757681577465,-0.04572273619836886,0.7776390450364459,0.7218488037530371,0.05579024128340872,-0.15882804812348142,0.1333525719544419,1.3077419997570274,0.05592620496355416,0.05592620496355416,-0.1426751502110703,9.517330044187991,0.9704975750320437,43.662310878607244,-79.39557308092851,108.9,-20.864369796027596,-15.267938755499454,1.0,1.8660069244930988,28.0,1.8660069244930988,1.873861836723165,6.745902612203395,0.5956080928505695,1.126046475580282,0.0,1.873861836723165,6.745902612203395,0.007854912230066347,-0.04816846991248261,0.04816846991248261,0.0,0.0,0.0,0.0,131.55418440887703,0.021762905480926867,78.34645973133672,1951.2155043527146,0.5420043067646427,3.602426121586274,152690.4233389394,1783556758690423.2,1783556758608092.8
29.0,4850.33653625407,24288.0,102.13949418093424,-965.5579767237369,82.04708146692066,974.4742802151765,0.10213949418093424,-0.9655579767237369,0.08204708146692066,0.9744742802151763,0.9744758012143837,0.9744758012143837,9.556343115979036,-0.025524198785616285,-0.2503068840209639,1.0016462706094587,0.8729286470609458,0.1287176235485129,0.009533055878108277,-9.468889132437834,-9.483167347060945,0.014278214623110524,0.01496219992783986,0.8046070114675775,0.7254185058781082,0.07918850558946933,-0.1569064,0.10213949418093424,1.0016462706094587,0.009533055878108277,0.009533055878108277,-0.1923997729181053,9.556343115979036,0.9744758012143837,43.662303967743064,-79.39558009677081,108.9,-21.429371354727095,-16.031865681914823,1.0,2.0743843221253107,29.0,2.0743843221253107,2.038920469738215,7.340113691057574,0.596,2.0743843221253107,0.0,2.038920469738215,7.340113691057574,0.18613945859868172,-0.06750395714649327,0.06750395714649327,0.0,0.0,0.0,0.0,117.80497379253885,0.019503267883431433,70.21176438035316,1980.6432576561615,0.5501786826822669,3.689575504649406,152940.62770636735,1783556758940627.8,1783556759027898.8
30.0,4829.687996687845,24288.0,102.64807889931417,-967.5923155972566,74.92689540960166,976.2034682576682,0.10264807889931415,-0.9675923155972567,0.07492689540960167,0.9762034682576681,0.9761936901365733,0.9761936901365733,9.573189851377826,-0.023806309863426724,-0.23346014862217368,1.0066337829379592,0.8734273982937959,0.13320638464416337,0.008535553412408168,-9.488839181751835,-9.483666098293794,-0.005173083458041437,-0.001995341989061976,0.7347818388685701,0.7244210034124081,0.01036083545616201,-0.1569064,0.10264807889931415,1.0066337829379592,0.008535553412408168,0.008535553412408168,-0.17398949251088858,9.573189851377826,0.9761936901365733,43.662300204216145,-79.39559138735157,108.9,-22.3386272127465,-16.447885947278866,1.0,2.8860282087030305,30.0,2.8860282087030305,2.5887947282736024,9.319661021784968,0.596,2.8860282087030305,0.0,2.5887947282736024,9.319661021784968,0.7323179238384155,-0.06750395714649327,0.06750395714649327,0.0,0.0,0.0,0.0,117.30346206355438,0.01942023983052178,69.91286338987841,1987.494421738324,0.5520817838162009,3.7593169518834695,153001.25100479825,1783556759001251.0,1783556759129615.8
31.0,4809.039457121619,24288.0,103.1566636176941,-969.6266544707764,67.80670935228265,977.9326563001599,0.10315666361769409,-0.9696266544707763,0.06780670935228265,0.9779326563001599,0.9779115790587628,0.9779115790587628,9.590036586776616,-0.022088420941237166,-0.2166134132233834,1.0116212952664598,0.8739261495266459,0.13769514573981384,0.007538050946708058,-9.508789231065839,-9.484164849526644,-0.0246243815391934,-0.018952883905963808,0.6649566662695626,0.7234235009467079,-0.058466834677145335,-0.1569064,0.10315666361769409,1.0116212952664598,0.007538050946708058,0.007538050946708058,-0.15557921210367187,9.590036586776616,0.9779115790587628,43.66229644068923,-79.39560267793232,108.9,-23.2478830707659,-16.863906212642913,1.0,3.6976720952807502,31.0,3.6976720952807502,3.138668986808989,11.299208352512363,0.596,3.6976720952807502,0.0,3.138668986808989,11.299208352512363,1.2784963890781493,-0.06750395714649327,0.06750395714649327,0.0,0.0,0.0,0.0,116.8019503345699,0.019337211777612127,69.61396239940366,1994.3455858204866,0.553984884950135,3.8290583991175335,153061.87430322912,1783556759061874.2,1783556759231332.8
32.0,4788.3909175553945,24288.0,103.66524833607403,-971.6609933442961,60.68652329496364,979.6618443426516,0.10366524833607402,-0.9716609933442961,0.06068652329496364,0.9796618443426517,0.9796294679809524,0.9796294679809524,9.606883322175406,-0.020370532019047604,-0.19976667782459315,1.0166088075949602,0.874424900759496,0.1421839068354643,0.00654054848100795,-9.52873928037984,-9.484663600759495,-0.044075679620345365,-0.035910425822865646,0.5951314936705552,0.7224259984810079,-0.12729450481045265,-0.1569064,0.10366524833607402,1.0166088075949602,0.00654054848100795,0.00654054848100795,-0.13716893169645514,9.606883322175406,0.9796294679809524,43.66229267716231,-79.39561396851306,108.9,-24.157138928785308,-17.27992647800696,1.0,4.509315981858469,32.0,4.509315981858469,3.6885432453443765,13.278755683239755,0.596,4.509315981858469,0.0,3.6885432453443765,13.278755683239755,1.824674854317883,-0.06750395714649327,0.06750395714649327,0.0,0.0,0.0,0.0,116.30043860558541,0.019254183724702476,69.31506140892891,2001.1967499026491,0.555887986084069,3.8987998463515976,153122.49760166003,1783556759122497.5,1783556759333049.8
33.0,4767.74237798917,24288.0,104.17383305445395,-973.6953322178158,53.56633723764463,981.3910323851435,0.10417383305445395,-0.9736953322178158,0.05356633723764463,0.9813910323851435,0.981347356903142,0.981347356903142,9.623730057574196,-0.018652643096858042,-0.1829199424258029,1.0215963199234608,0.874923651992346,0.14667266793111478,0.00554304601530784,-9.548689329693843,-9.485162351992345,-0.06352697770149733,-0.052867967739767485,0.5253063210715477,0.7214284960153078,-0.19612217494376,-0.1569064,0.10417383305445395,1.0215963199234608,0.00554304601530784,0.00554304601530784,-0.11875865128923842,9.623730057574196,0.981347356903142,43.6622889136354,-79.39562525909382,108.9,-25.06639478680471,-17.695946743371003,1.0,5.320959868436189,33.0,5.320959868436189,4.238417503879764,15.25830301396715,0.596,5.320959868436189,0.0,4.238417503879764,15.25830301396715,2.3708533195576167,-0.06750395714649327,0.06750395714649327,0.0,0.0,0.0,0.0,115.79892687660094,0.01917115567179282,69.01616041845416,2008.0479139848117,0.5577910872180031,3.9685412935856617,153183.1209000909,1783556759183121.0,1783556759434766.5
34.0,4747.093838422944,24288.0,104.68241777283389,-975.7296710913355,46.44615118032563,983.1202204276352,0.10468241777283388,-0.9757296710913355,0.04644615118032563,0.9831202204276351,0.9830652458253315,0.9830652458253315,9.640576792972988,-0.016934754174668484,-0.16607320702701261,1.0265838322519614,0.875422403225196,0.15116142902676524,0.004545543549607731,-9.568639379007845,-9.485661103225196,-0.08297827578264928,-0.06982550965666931,0.4554811484725403,0.7204309935496076,-0.2649498450770673,-0.1569064,0.10468241777283388,1.0265838322519614,0.004545543549607731,0.004545543549607731,-0.10034837088202168,9.640576792972988,0.9830652458253315,43.66228515010848,-79.39563654967456,108.9,-25.975650644824114,-18.11196700873505,1.0,6.132603755013909,34.0,6.132603755013909,4.788291762415151,17.237850344694543,0.596,6.132603755013909,0.0,4.788291762415151,17.237850344694543,2.917031784797351,-0.06750395714649327,0.06750395714649327,0.0,0.0,0.0,0.0,115.29741514761646,0.01908812761888317,68.71725942797941,2014.8990780669742,0.5596941883519371,4.038282740819725,153243.7441985218,1783556759243744.2,1783556759536483.5
35.0,4726.445298856719,24288.0,105.19100249121381,-977.7640099648553,39.32596512300662,984.849408470127,0.10519100249121381,-0.9777640099648552,0.039325965123006616,0.9848494084701269,0.9847831347475211,0.9847831347475211,9.657423528371778,-0.015216865252478921,-0.1492264716282224,1.031571344580462,0.8759211544580461,0.1556501901224157,0.003548041083907622,-9.588589428321846,-9.486159854458045,-0.10242957386380125,-0.08678305157357115,0.38565597587353284,0.7194334910839075,-0.33377751521037463,-0.1569064,0.10519100249121381,1.031571344580462,0.003548041083907622,0.003548041083907622,-0.08193809047480496,9.657423528371778,0.9847831347475211,43.66228138658156,-79.39564784025531,108.9,-26.88490650284352,-18.527987274099097,1.0,6.9442476415916286,35.0,6.9442476415916286,5.338166020950538,19.217397675421935,0.596,6.9442476415916286,0.0,5.338166020950538,19.217397675421935,3.4632102500370845,-0.06750395714649327,0.06750395714649327,0.0,0.0,0.0,0.0,114.795903418632,0.01900509956597352,68.41835843750466,2021.7502421491367,0.5615972894858712,4.10802418805379,153304.36749695268,1783556759304367.5,1783556759638200.5
36.0,4705.796759290494,24288.0,105.69958720959374,-979.798348838375,32.20577906568761,986.5785965126187,0.10569958720959374,-0.9797983488383749,0.032205779065687605,0.9865785965126187,0.9865010236697106,0.9865010236697106,9.674270263770568,-0.01349897633028936,-0.1323797362294321,1.0365588569089623,0.8764199056908962,0.16013895121806618,0.0025505386182075127,-9.60853947763585,-9.486658605690895,-0.1218808719449532,-0.10374059349047299,0.3158308032745254,0.7184359886182075,-0.40260518534368195,-0.1569064,0.10569958720959374,1.0365588569089623,0.0025505386182075127,0.0025505386182075127,-0.06352781006758823,9.674270263770568,0.9865010236697106,43.66227762305465,-79.39565913083607,108.9,-27.794162360862924,-18.94400753946314,1.0,7.755891528169348,36.0,7.755891528169348,5.888040279485925,21.19694500614933,0.596,7.755891528169348,0.0,5.888040279485925,21.19694500614933,4.009388715276819,-0.06750395714649327,0.06750395714649327,0.0,0.0,0.0,0.0,114.29439168964751,0.018922071513063864,68.11945744702992,2028.6014062312995,0.5635003906198052,4.177765635287853,153364.99079538358,1783556759364990.8,1783556759739917.5
37.0,4685.1482197242685,24288.0,106.20817192797367,-981.8326877118947,25.085593008368605,988.3077845551105,0.10620817192797367,-0.9818326877118947,0.0250855930083686,0.9883077845551105,0.9882189125919002,0.9882189125919002,9.691116999169358,-0.0117810874080998,-0.11553300083064186,1.041546369237463,0.8769186569237463,0.16462771231371665,0.0015530361525074032,-9.628489526949851,-9.487157356923746,-0.14133217002610518,-0.12069813540737481,0.24600563067551795,0.7174384861525074,-0.4714328554769893,-0.1569064,0.10620817192797367,1.041546369237463,0.0015530361525074032,0.0015530361525074032,-0.045117529660371525,9.691116999169358,0.9882189125919002,43.66227385952773,-79.39567042141681,108.9,-28.703418218882327,-19.360027804827187,1.0,8.567535414747068,37.0,8.567535414747068,6.437914538021312,23.176492336876723,0.596,8.567535414747068,0.0,6.437914538021312,23.176492336876723,4.555567180516552,-0.06750395714649327,0.06750395714649327,0.0,0.0,0.0,0.0,113.79287996066304,0.018839043460154213,67.82055645655517,2035.452570313462,0.5654034917537393,4.247507082521917,153425.61409381445,1783556759425614.0,1783556759841634.5
38.0,4664.499680158044,24288.0,106.7167566463536,-983.8670265854144,17.9654069510496,990.0369725976022,0.1067167566463536,-0.9838670265854144,0.01796540695104959,0.9900369725976023,0.9899368015140898,0.9899368015140898,9.707963734568148,-0.010063198485910238,-0.0986862654318516,1.0465338815659635,0.8774174081565963,0.1691164734093671,0.0005555336868072937,-9.648439576263852,-9.487656108156596,-0.16078346810725713,-0.13765567732427667,0.1761804580765105,0.7164409836868072,-0.5402605256102967,-0.1569064,0.1067167566463536,1.0465338815659635,0.0005555336868072937,0.0005555336868072937,-0.02670724925315479,9.707963734568148,0.9899368015140898,43.66227009600082,-79.39568171199755,108.9,-29.61267407690173,-19.77604807019123,1.0,9.379179301324788,38.0,9.379179301324788,6.9877887965567,25.15603966760412,0.596,9.379179301324788,0.0,6.9877887965567,25.15603966760412,5.101745645756286,-0.06750395714649327,0.06750395714649327,0.0,0.0,0.0,0.0,113.29136823167856,0.018756015407244562,67.52165546608042,2042.3037343956246,0.5673065928876733,4.3172485297559815,153486.23739224536,1783556759486237.5,1783556759943351.2
39.0,11906.465988031468,24288.0,65.79885159674093,-1052.8601757726167,14.640113836860822,1055.4068803849036,0.06579885159674093,-1.0528601757726166,0.014640113836860822,1.0554068803849035,1.0552708814479743,1.0552708814479743,10.348672189551776,0.05527088144797425,0.5420221895517766,0.6452663080111793,0.8724939977341064,-0.22722768972292706,0.009806650000000028,-10.325031242740529,-9.493432904531785,-0.8315983382087438,0.01961329999999961,0.14357047235825116,0.7066745045317869,-0.5631040321735358,-0.14797083202319378,0.06579885159674093,0.6452663080111793,0.009806650000000028,0.009806650000000028,0.015377204454445651,10.348672189551776,1.0552708814479743,43.6622662991412,-79.39569298108647,108.9,-30.520199149500048,-20.19575293160556,1.0,9.677083094056057,39.0,9.677083094056057,7.294027311877251,26.258498322758104,0.5989392550430792,0.44307537483891224,0.0,7.294027311877251,26.258498322758104,5.07754314791457,-0.07719146423840505,0.07719146423840505,0.0,0.0,0.0,0.0,289.18424591730826,0.04811330979858065,173.20791527489035,2230.009102615225,0.6194469729486736,5.3386694071078225,154155.32548423862,1783556760155325.5,1783556760060745.0
40.0,11499.009328915243,24288.0,76.62963089357193,-1034.4889805096375,18.341772583879013,1038.2695713709304,0.07662963089357193,-1.0344889805096376,0.018341772583879014,1.0382695713709305,1.0382067106624602,1.0382067106624602,10.181329839118014,0.03820671066246022,0.3746798391180155,0.751479969802447,0.8718217593683388,-0.12034178956589178,0.009806650000000028,-10.144871360714834,-9.49477738126332,-0.6500939794515144,0.01961329999999961,0.1798713441096971,0.708018981263322,-0.5281476371536249,-0.12780368105016826,0.07662963089357193,0.751479969802447,0.009806650000000028,0.009806650000000028,0.013132669009478976,10.181329839118014,1.0382067106624602,43.662262460383985,-79.39570422316119,108.9,-31.425548707329067,-20.62008915461366,1.0,9.329240078358445,40.0,9.329240078358445,7.294027311877251,26.258498322758104,0.5988021565709675,1.4430753748389122,0.0,7.294027311877251,26.258498322758104,4.336398969035745,-0.09905570594995095,0.09905570594995095,0.0,0.0,0.0,0.0,279.28793858069344,0.046458243227377155,167.24967561855777,2248.159336511995,0.6244887045866652,6.008843797242092,154237.31037056146,1783556760237310.2,1783556760197843.5
41.0,11091.552669799019,24288.0,87.46041019040292,-1016.1177852466583,22.0434313308972,1021.1322623569574,0.08746041019040293,-1.0161177852466583,0.0220434313308972,1.0211322623569574,1.0211425398769463,1.0211425398769463,10.013987488684254,0.021142539876946198,0.2073374886842544,0.8576936315937148,0.8711495210025714,-0.013455889408856503,0.009806650000000028,-9.964711478689141,-9.496121857994856,-0.4685896206942849,0.01961329999999961,0.21617221586114305,0.709363457994857,-0.493191242133714,-0.10763653007714277,0.08746041019040293,0.8576936315937148,0.009806650000000028,0.009806650000000028,0.010888133564512301,10.013987488684254,1.0211425398769463,43.66225862162676,-79.3957154652359,108.9,-32.33089826515809,-21.04442537762176,1.0,8.981397062660834,41.0,8.981397062660834,7.294027311877251,26.258498322758104,0.5986650580988556,2.4430753748389122,0.0,7.294027311877251,26.258498322758104,3.595254790156921,-0.12091994766149684,0.12091994766149684,0.0,0.0,0.0,0.0,269.39163124407855,0.04480317665617366,161.2914359622252,2266.309570408765,0.6295304362246569,6.679018187376361,154319.2952568843,1783556760319295.2,1783556760334942.0
42.0,10684.096010682795,24288.0,98.29118948723394,-997.7465899836792,25.745090077915393,1003.9949533429843,0.09829118948723392,-0.9977465899836792,0.025745090077915395,1.0039949533429842,1.004078369091432,1.004078369091432,9.846645138250492,0.004078369091432173,0.03999513825049328,0.9639072933849826,0.8704772826368038,0.09343001074817875,0.009806650000000028,-9.784551596663446,-9.49746633472639,-0.2870852619370554,0.01961329999999961,0.25247308761258896,0.710707934726392,-0.45823484711380313,-0.08746937910411726,0.09829118948723392,0.9639072933849826,0.009806650000000028,0.009806650000000028,0.008643598119545626,9.846645138250492,1.004078369091432,43.662254782869546,-79.39572670731062,108.9,-33.23624782298711,-21.468761600629858,1.0,8.633554046963223,42.0,8.633554046963223,7.294027311877251,26.258498322758104,0.5985279596267439,3.4430753748389122,0.0,7.294027311877251,26.258498322758104,2.854110611278097,-0.14278418937304274,0.14278418937304274,0.0,0.0,0.0,0.0,259.4953239074637,0.043148110084970166,155.33319630589259,2284.459804305535,0.6345721678626485,7.34919257751063,154401.28014320717,1783556760401280.2,1783556760472040.2
43.0,10276.63935156657,24288.0,109.12196878406493,-979.3753947207,29.446748824933582,986.8576443290112,0.10912196878406494,-0.9793753947207,0.02944674882493358,0.9868576443290111,0.9870141983059182,0.9870141983059182,9.67930278781673,-0.012985801694081853,-0.12734721218326783,1.0701209551762503,0.8698050442710363,0.200315910905214,0.009806650000000028,-9.604391714637751,-9.498810811457925,-0.10558090317982594,0.01961329999999961,0.28877395936403494,0.7120524114579271,-0.42327845209389225,-0.06730222813109174,0.10912196878406494,1.0701209551762503,0.009806650000000028,0.009806650000000028,0.006399062674578952,9.67930278781673,0.9870141983059182,43.66225094411233,-79.39573794938532,108.9,-34.14159738081613,-21.89309782363796,1.0,8.285711031265613,43.0,8.285711031265613,7.294027311877251,26.258498322758104,0.598390861154632,4.443075374838912,0.0,7.294027311877251,26.258498322758104,2.1129664323992725,-0.16464843108458865,0.16464843108458865,0.0,0.0,0.0,0.0,249.59901657084885,0.04149304351376667,149.37495664956,2302.6100382023046,0.6396138995006402,8.019366967644899,154483.26502953,1783556760483265.0,1783556760609138.8
44.0,9869.182692450346,24288.0,119.95274808089593,-961.0041994577208,33.14840757195177,969.720335315038,0.11995274808089593,-0.9610041994577209,0.033148407571951775,0.9697203353150381,0.9699500275204042,0.9699500275204042,9.511960437382971,-0.030049972479595885,-0.29468956261702894,1.1763346169675182,0.8691328059052688,0.3072018110622493,0.009806650000000028,-9.424231832612056,-9.500155288189461,0.07592345557740354,0.01961329999999961,0.32507483111548086,0.7133968881894621,-0.3883220570739813,-0.047135077158066224,0.11995274808089593,1.1763346169675182,0.009806650000000028,0.009806650000000028,0.004154527229612277,9.511960437382971,0.9699500275204042,43.66224710535511,-79.39574919146004,108.9,-35.04694693864515,-22.317434046646056,1.0,7.937868015568002,44.0,7.937868015568002,7.294027311877251,26.258498322758104,0.5982537626825203,5.443075374838912,0.0,7.294027311877251,26.258498322758104,1.371822253520448,-0.18651267279613454,0.18651267279613454,0.0,0.0,0.0,0.0,239.702709234234,0.03983797694256317,143.41671699322742,2320.760272099075,0.6446556311386318,8.68954135777917,154565.24991585285,1783556760565250.0,1783556760746237.2
45.0,9461.726033334122,24288.0,130.78352737772693,-942.6330041947417,36.850066318969965,952.583026301065,0.13078352737772692,-0.9426330041947417,0.03685006631896996,0.952583026301065,0.9528858567348901,0.9528858567348901,9.34461808694921,-0.0471141432651099,-0.46203191305078994,1.2825482787587859,0.8684605675395013,0.41408771121928456,0.009806650000000028,-9.244071950586363,-9.501499764920995,0.2574278143346329,0.01961329999999961,0.3613757028669268,0.7147413649209972,-0.35336566205407044,-0.026967926185040708,0.13078352737772692,1.2825482787587859,0.009806650000000028,0.009806650000000028,0.0019099917846456017,9.34461808694921,0.9528858567348901,43.66224326659789,-79.39576043353475,108.9,-35.95229649647417,-22.741770269654157,1.0,7.590024999870391,45.0,7.590024999870391,7.294027311877251,26.258498322758104,0.5981166642104085,6.443075374838912,0.0,7.294027311877251,26.258498322758104,0.6306780746416241,-0.20837691450768042,0.20837691450768042,0.0,0.0,0.0,0.0,229.80640189761914,0.03818291037135968,137.45847733689484,2338.9105059958447,0.6496973627766235,9.359715747913437,154647.2348021757,1783556760647234.8,1783556760883335.8
46.0,12071.687172197095,24288.0,87.0412132040364,-1060.899922693051,48.0,1065.83600357332,0.08704121320403639,-1.0608999226930511,0.048,1.06583600357332,1.0655542456464444,1.0655542456464444,10.449517543068705,0.06555424564644448,0.6428675430687047,0.8535827134673635,0.8629851999999999,-0.00940248653263646,0.012627395959790963,-10.403874226877809,-9.512137083782246,-0.8917371430955628,0.01961329999999961,0.4707192,0.7258488081088772,-0.25512960810887725,-0.009806650000000028,0.08704121320403639,0.8535827134673635,0.012627395959790963,0.012627395959790963,0.00473279523454855,10.449517543068705,1.0655542456464444,43.66223945668748,-79.39577169385667,108.9,-36.85911554341484,-23.162917766285375,1.0,7.209961472304719,46.0,7.209961472304719,7.209961472304719,25.955861300296988,0.5950319595598654,0.1490480629616612,0.0,7.209961472304719,25.955861300296988,-0.08406583957253204,-0.22532310559757057,0.22532310559757057,0.0,0.0,0.0,0.0,293.1971380383231,0.048461454727044946,174.4612370173618,2534.4005962855035,0.704000165634862,9.930001943351682,155331.04789767982,1783556761331048.0,1783556761031959.5
47.0,11948.82192028426,24288.0,80.60847750179366,-1040.100743922466,48.0,1044.6079757559191,0.08060847750179366,-1.040100743922466,0.048,1.044607975755919,1.0443723002939478,1.0443723002939478,10.241793618677642,0.04437230029394777,0.43514361867764284,0.7904991258929647,0.8629851999999999,-0.07248607410703523,0.03155247223211058,-10.199903960387251,-9.510034297529765,-0.689869662857487,0.01961329999999961,0.4707192,0.7269002012351172,-0.2561810012351172,-0.009806650000000028,0.08060847750179366,0.7904991258929647,0.03155247223211058,0.03155247223211058,0.03648627891293717,10.241793618677642,1.0443723002939478,43.66223581147058,-79.39578305835641,108.9,-37.77432426400284,-23.56586004217656,1.0,6.645943142229838,47.0,6.645943142229838,6.645943142229838,23.925395312027415,0.5952463840832736,1.1490480629616606,0.0,6.645943142229838,23.925395312027415,-0.6480841696474138,-0.21419093981524115,0.21419093981524115,0.0,0.0,0.0,0.0,290.2129867998641,0.047984901918885804,172.74564690798888,2570.148603281569,0.7139301675782137,9.930001943351682,155458.84491363104,1783556761458845.0,1783556761246384.0
48.0,11825.956668371422,24288.0,74.17574179955092,-1019.3015651518813,48.0,1023.3799479385181,0.07417574179955091,-1.0193015651518813,0.048,1.023379947938518,1.023190354941451,1.023190354941451,10.03406969428658,0.023190354941451052,0.22741969428658093,0.7274155383185659,0.8629851999999999,-0.13556966168143397,0.05047754850443019,-9.995933693896696,-9.507931511277285,-0.4880021826194111,0.01961329999999961,0.4707192,0.7279515943613571,-0.2572323943613572,-0.009806650000000028,0.07417574179955091,0.7274155383185659,0.05047754850443019,0.05047754850443019,0.06823976259132578,10.03406969428658,1.023190354941451,43.66223216625368,-79.39579442285616,108.9,-38.68953298459085,-23.96880231806774,1.0,6.081924812154956,48.0,6.081924812154956,6.081924812154956,21.89492932375784,0.5954608086066816,2.14904806296166,0.0,6.081924812154956,21.89492932375784,-1.2121024997222956,-0.20305877403291173,0.20305877403291173,0.0,0.0,0.0,0.0,287.2288355614051,0.04750834911072666,171.030056798616,2605.8966102776353,0.7238601695215654,9.930001943351682,155586.64192958226,1783556761586642.0,1783556761460808.5
49.0,11703.091416458587,24288.0,67.74300609730818,-998.5023863812964,48.0,1002.151920121117,0.06774300609730818,-0.9985023863812964,0.048,1.0021519201211169,1.0020084095889543,1.0020084095889543,9.826345769895518,0.0020084095889543324,0.019695769895519022,0.6643319507441672,0.8629851999999999,-0.19865324925583275,0.0694026247767498,-9.79196342740614,-9.505828725024804,-0.2861347023813352,0.01961329999999961,0.4707192,0.7290029874875972,-0.25828378748759717,-0.009806650000000028,0.06774300609730818,0.6643319507441672,0.0694026247767498,0.0694026247767498,0.0999932462697144,9.826345769895518,1.0020084095889543,43.66222852103679,-79.39580578735588,108.9,-39.60474170517885,-24.371744593958926,1.0,5.517906482080074,49.0,5.517906482080074,5.517906482080074,19.864463335488267,0.5956752331300897,3.1490480629616595,0.0,5.517906482080074,19.864463335488267,-1.7761208297971773,-0.1919266082505823,0.1919266082505823,0.0,0.0,0.0,0.0,284.24468432294617,0.04703179630256751,169.31446668924306,2641.6446172737014,0.733790171464917,9.930001943351682,155714.43894553347,1783556761714439.0,1783556761675233.2
50.0,11580.22616454575,24288.0,61.31027039506544,-977.7032076107116,48.0,980.923892303716,0.06131027039506544,-0.9777032076107115,0.048,0.9809238923037159,0.9808264642364576,0.9808264642364576,9.618621845504457,-0.019173535763542388,-0.1880281544955429,0.6012483631697684,0.8629851999999999,-0.2617368368302315,0.08832770104906942,-9.587993160915584,-9.503725938772325,-0.08426722214325932,0.01961329999999961,0.4707192,0.7300543806138372,-0.25933518061383715,-0.009806650000000028,0.06131027039506544,0.6012483631697684,0.08832770104906942,0.08832770104906942,0.13174672994810302,9.618621845504457,0.9808264642364576,43.66222487581989,-79.39581715185562,108.9,-40.519950425766865,-24.774686869850107,1.0,4.953888152005192,50.0,4.953888152005192,4.953888152005192,17.83399734721869,0.5958896576534978,4.149048062961659,0.0,4.953888152005192,17.83399734721869,-2.3401391598720593,-0.18079444246825288,0.18079444246825288,0.0,0.0,0.0,0.0,281.2605330844872,0.04655524349440837,167.59887657987014,2677.3926242697676,0.7437201734082687,9.930001943351682,155842.2359614847,1783556761842236.0,1783556761889657.8
51.0,11751.171237919098,24288.0,57.53842725771531,-952.8451025699362,72.00178259880373,959.2299693466906,0.05753842725771532,-0.9528451025699363,0.07200178259880373,0.9592299693466906,0.9591903315500185,0.9591903315500185,9.406443864894989,-0.040809668449981434,-0.4002061351050104,0.5642592176668738,0.8629851999999999,-0.2987259823331261,0.08448705300062158,-9.344218425117464,-9.5086791597775,0.16446073466003583,0.01961329999999961,0.7060962813225586,0.730595425,-0.024499143677441354,-0.009052236277812337,0.05753842725771532,0.5642592176668738,0.08448705300062158,0.08448705300062158,0.10270793585563223,9.406443864894989,0.9591903315500185,43.66222253842726,-79.39582900044564,108.9,-41.47414402478309,-25.03306225147074,1.0,4.431510822742443,51.0,4.431510822742443,4.431510822742443,15.953438961872797,0.5967692879038078,4.431510822742443,0.0,4.431510822742443,15.953438961872797,-2.4578123331398265,-0.18354373505132923,0.18354373505132923,0.0,0.0,0.0,0.0,285.41244702657906,0.047319290322739085,170.3494451618607,2725.072396533155,0.756964554592543,10.250940945821798,156000.4684060377,1783556762000468.5,1783556762153857.5
52.0,12233.598273741733,24288.0,56.58751982836715,-923.6839414032593,121.44896892490824,937.0421293285668,0.05658751982836715,-0.9236839414032593,0.12144896892490824,0.9370421293285668,0.9370726937906786,0.9370726937906786,9.189543932562358,-0.0629273062093214,-0.6171060674376416,0.5549340013248567,0.8629851999999999,-0.30805119867514325,0.05651140397457009,-9.058245123962271,-9.521112781566856,0.46286765760458554,0.01961329999999961,1.1910075311074513,0.730595425,0.4604121061074514,-0.007498033554142805,0.05658751982836715,0.5549340013248567,0.05651140397457009,0.05651140397457009,0.009220426547366295,9.189543932562358,0.9370726937906786,43.662221587519824,-79.39584136224222,108.9,-42.469667302825535,-25.138175558694456,1.0,3.953279051123667,52.0,3.953279051123667,3.953279051123667,14.231804584045202,0.598354133619388,3.953279051123667,0.0,3.953279051123667,14.231804584045202,-2.102294289466547,-0.2010094059274525,0.2010094059274525,0.0,0.0,0.0,0.0,297.1296348726392,0.04939855440564155,177.8347958603096,2785.4015869452387,0.7737226630403441,10.9121222805467,156190.96686105046,1783556762190966.8,1783556762470826.8
53.0,12716.025309564367,24288.0,55.636612399018986,-894.5227802365822,170.89615525101277,914.8542893104429,0.055636612399018986,-0.8945227802365822,0.17089615525101276,0.914854289310443,0.9149550560313386,0.9149550560313386,8.972644000229726,-0.08504494396866136,-0.8340059997702728,0.5456087849828395,0.8629851999999999,-0.3173764150171604,0.028535754948518607,-8.772271822807078,-9.533546403356214,0.7612745805491353,0.01961329999999961,1.6759187808923441,0.730595425,0.9453233558923442,-0.005943830830473272,0.055636612399018986,0.5456087849828395,0.028535754948518607,0.028535754948518607,-0.08426708276089967,8.972644000229726,0.9149550560313386,43.662220636612396,-79.3958537240388,108.9,-43.46519058086798,-25.243288865918174,1.0,3.475047279504891,53.0,3.475047279504891,3.475047279504891,12.510170206217609,0.5999389793349683,3.475047279504891,0.0,3.475047279504891,12.510170206217609,-1.746776245793267,-0.21847507680357575,0.21847507680357575,0.0,0.0,0.0,0.0,308.8468227186994,0.05147781848854402,185.3201465587585,2845.730777357323,0.7904807714881452,11.573303615271602,156381.4653160632,1783556762381465.2,1783556762787795.8
54.0,10697.651820590343,24288.0,32.45245260616836,-995.3587872380106,76.63775203116421,999.8417845297917,0.03245245260616836,-0.9953587872380105,0.07663775203116421,0.9998417845297917,0.9991170639246743,0.9991170639246743,9.797991354936906,-0.0008829360753257022,-0.008658645063092794,0.3182498443502809,0.8453148591303471,-0.5270650147800662,0.008622503652138869,-9.761135250867635,-9.507380435391443,-0.2537548154761924,0.01961329999999961,0.7515596109564164,0.730595425,0.020964185956416494,-0.0013508859564165493,0.03245245260616836,0.3182498443502809,0.008622503652138869,0.008622503652138869,-0.001993512370136632,9.797991354936906,0.9991170639246743,43.66221987925068,-79.39586610547697,108.9,-44.46229563997572,-25.327007630619406,1.0,3.1044526211315686,54.0,3.1044526211315686,3.1044526211315686,11.176029436073648,0.5948792506770547,0.3305211639208919,0.0,3.1044526211315686,11.176029436073648,-1.3770107636648508,-0.23016797381306353,0.23016797381306353,0.0,0.0,0.0,0.0,259.82456741849825,0.04293538035387944,154.567369273966,3059.609955360027,0.849891654266674,14.162510603194583,157175.72509782948,1783556763175725.0,1783556763120749.2
55.0,10254.871764773145,24288.0,58.02555814016494,-975.2656328898704,75.54176179399293,981.2099504978798,0.05802555814016495,-0.9752656328898703,0.07554176179399293,0.9812099504978798,0.9805896474580074,0.9805896474580074,9.616299466244069,-0.01941035254199258,-0.19035053375593153,0.5690363397352485,0.836358198580884,-0.2673218588456355,0.005039839432353607,-9.564088718779447,-9.521711092270584,-0.042377626508862176,0.01961329999999961,0.7408116182970608,0.730595425,0.01021619329706075,0.009397106702939195,0.05802555814016495,0.5690363397352485,0.005039839432353607,0.005039839432353607,-0.008024933615566367,9.616299466244069,0.9805896474580074,43.6622195139206,-79.39587852669966,108.9,-45.46260463596292,-25.36739121745642,1.0,2.951879612082128,55.0,2.951879612082128,2.951879612082128,10.626766603495662,0.5945139205979976,1.3305211639208916,0.0,2.951879612082128,10.626766603495662,-0.9783867406765933,-0.23016797381306353,0.23016797381306353,0.0,0.0,0.0,0.0,249.07032542281013,0.04113420256425875,148.08312923133153,3110.3767921488597,0.8639935533746833,14.345892189009923,157392.7311647894,1783556763392731.2,1783556763486079.5
56.0,9812.091708955946,24288.0,83.59866367416153,-955.1724785417302,74.44577155682165,962.578116465968,0.08359866367416154,-0.9551724785417302,0.07444577155682164,0.962578116465968,0.9620622309913406,0.9620622309913406,9.43460757755123,-0.037937769008659465,-0.3720424224487703,0.8198228351202161,0.8274015380314208,-0.007578702911204771,0.0014571752125683447,-9.367042186691258,-9.536041749149726,0.16899956245846803,0.01961329999999961,0.730063625637705,0.730595425,-0.0005317993622949956,0.02014509936229494,0.08359866367416154,0.8198228351202161,0.0014571752125683447,0.0014571752125683447,-0.014056354860996101,9.43460757755123,0.9620622309913406,43.662219148590516,-79.39589094792235,108.9,-46.462913631950116,-25.40777480429343,1.0,2.7993066030326874,56.0,2.7993066030326874,2.7993066030326874,10.077503770917675,0.5941485905189405,2.330521163920891,0.0,2.7993066030326874,10.077503770917675,-0.5797627176883356,-0.23016797381306353,0.23016797381306353,0.0,0.0,0.0,0.0,238.316083427122,0.03933302477463806,141.59888918869703,3161.143628937693,0.8780954524826925,14.529273774825263,157609.7372317493,1783556763609737.2,1783556763851409.5
57.0,9813.413280417104,24288.0,103.12470890159096,-930.2863734296307,107.46882277460226,942.0415696338637,0.10312470890159096,-0.9302863734296307,0.10746882277460226,0.9420415696338637,0.9421917075372029,0.9421917075372029,9.239744308719711,-0.05780829246279703,-0.5669056912802883,1.011307926549787,0.8015407654312766,0.2097671611185103,0.009806650000000028,-9.122992863993687,-9.54187045,0.41887758600631136,0.01961329999999961,1.0539091308625532,0.7342983974281205,0.3196107334344326,0.07373108044705692,0.10312470890159096,1.011307926549787,0.009806650000000028,0.009806650000000028,0.012467920633402603,9.239744308719711,0.9421917075372029,43.66221851039241,-79.39590334411388,108.9,-47.46120681164811,-25.478321223439462,1.0,2.66043181239836,57.0,2.66043181239836,2.66043181239836,9.577554524634097,0.5969376455492045,0.5932705039671051,0.0,2.66043181239836,9.577554524634097,-0.39221186857336143,-0.23016797381306353,0.23016797381306353,0.0,0.0,0.0,0.0,238.34818175477065,0.03950491213878081,142.21768369961092,3359.6526282364957,0.9332368411768044,15.21267672146083,158440.35110023484,1783556764440351.0,1783556764244803.8
58.0,9343.835376712083,24288.0,93.22148421888399,-927.3979328971745,109.944628945279,938.740494739628,0.09322148421888399,-0.9273979328971745,0.10994462894527901,0.9387404947396281,0.938603659599441,0.938603659599441,9.204557578410858,-0.06139634040055891,-0.602092421589141,0.9141904682151187,0.8136804477231102,0.10051002049200847,0.009806650000000028,-9.094666938646077,-9.54187045,0.4472035113539231,0.01961329999999961,1.0781884954462202,0.7322751170461482,0.345913378400072,0.15668557610791953,0.09322148421888399,0.9141904682151187,0.009806650000000028,0.009806650000000028,0.005655528774910136,9.204557578410858,0.938603659599441,43.662217685123686,-79.39591572314473,108.9,-48.45811800465046,-25.569546428235437,1.0,2.5309481332979322,58.0,2.5309481332979322,2.5309481332979322,9.111413279872556,0.601889257890558,1.5932705039671056,0.0,2.5309481332979322,9.111413279872556,-0.34936682408120445,-0.23016797381306353,0.23016797381306353,0.0,0.0,0.0,0.0,226.94307362958307,0.03792219448310708,136.5199001391855,3414.0335868662632,0.9483426630184064,15.392788288013099,158690.40752347317,1783556764690407.5,1783556764657438.2
59.0,10035.410537602234,24288.0,108.1384314670747,-1033.5799487997872,38.62410053305835,1040.4307842664628,0.1081384314670747,-1.0335799487997872,0.038624100533058356,1.0404307842664626,1.0403550104879138,1.0403550104879138,10.2023974636013,0.04035501048791388,0.3957474636013006,1.0604757489465881,0.8237586,0.23671714894658816,0.012732258741452711,-10.13595680489743,-9.60071035,-0.5352464548974314,0.020710403278044416,0.37877303549251673,0.7158854499999999,-0.3371124145074832,0.22555295000000009,0.1081384314670747,1.0604757489465881,0.012732258741452711,0.012732258741452711,0.004916989481433082,10.2023974636013,1.0403550104879138,43.662216776253196,-79.39592808830346,108.9,-49.4539120451266,-25.670012971709575,1.0,2.412523882816602,59.0,2.412523882816602,2.412523882816602,8.685085978139767,0.5959254177333377,0.16981746024197972,0.0,2.412523882816602,8.685085978139767,-0.301323039645646,-0.23016797381306353,0.23016797381306353,0.0,0.0,0.0,0.0,243.7400511372831,0.040347704631557714,145.25173667360775,3615.3065250267177,1.0042518125074216,15.34034508222988,159538.37644866403,1783556765538376.5,1783556765074582.2
60.0,9814.058373082746,24288.0,67.73287762621536,-1054.6611073254528,65.85393029537661,1060.6335611868924,0.06773287762621537,-1.0546611073254528,0.0658539302953766,1.0606335611868922,1.0603614423232257,1.0603614423232257,10.398593538359062,0.06036144232322581,0.5919435383590623,0.6642326243731249,0.8237586,-0.1595259756268751,0.029960220679429325,-10.342692348153152,-9.60071035,-0.7419819981531519,0.027170889004785925,0.645806445531155,0.7158854499999999,-0.07007900446884496,0.22555295000000009,0.06773287762621537,0.6642326243731249,0.029960220679429325,0.029960220679429325,0.033871547360385376,10.398593538359062,1.0603614423232257,43.66221545868079,-79.39594038564594,108.9,-50.444244688876076,-25.815657425651004,1.0,2.3481655954358405,60.0,2.3481655954358405,2.3481655954358405,8.453396143569027,0.5954862269307197,1.1698174602419795,0.0,2.3481655954358405,8.453396143569027,-0.22786430009531544,-0.23016797381306353,0.23016797381306353,0.0,0.0,0.0,0.0,238.3638497654337,0.03942929097205108,141.94544749938387,3676.040053204694,1.021122237001304,15.4361967014864,159799.69497622177,1783556765799695.0,1783556765513773.0
61.0,9592.706208563255,24288.0,27.32732378535603,-1075.7422658511186,93.08376005769486,1080.836338107322,0.02732732378535603,-1.0757422658511187,0.09308376005769485,1.080836338107322,1.0803678741585376,1.0803678741585376,10.594789613116824,0.08036787415853774,0.788139613116824,0.2679894997996616,0.8237586,-0.5557691002003384,0.04718818261740594,-10.549427891408872,-9.60071035,-0.9487175414088724,0.033631374731527434,0.9128398555697932,0.7158854499999999,0.1969544055697932,0.22555295000000009,0.02732732378535603,0.2679894997996616,0.04718818261740594,0.04718818261740594,0.06282610523933767,10.594789613116824,1.0803678741585376,43.662214141108386,-79.39595268298842,108.9,-51.434577332625544,-25.961301879592437,1.0,2.283807308055079,61.0,2.283807308055079,2.283807308055079,8.221706308998286,0.5950470361281016,2.1698174602419793,0.0,2.283807308055079,8.221706308998286,-0.15440556054498492,-0.23016797381306353,0.23016797381306353,0.0,0.0,0.0,0.0,232.98764839358435,0.03851087731254445,138.63915832516,3736.77358138267,1.0379926614951862,15.53204832074292,160061.01350377948,1783556766061013.5,1783556765952963.8
62.0,9139.895620471303,24288.0,49.84444459610802,-1032.4457909884227,97.62693603612776,1039.4794610335825,0.04984444459610801,-1.0324457909884228,0.09762693603612776,1.0394794610335825,1.0388765957404593,1.0388765957404593,10.187899167618173,0.03887659574045924,0.38124916761817457,0.4888070225984226,0.8237586,-0.3349515774015774,0.04903324999999992,-10.124834516196616,-9.572789463512288,-0.5520450526843275,-0.01354110183607641,0.9573931922786922,0.7218684971045095,0.23552469517418276,0.2056094596516347,0.04984444459610801,0.4888070225984226,0.04903324999999992,0.04903324999999992,0.03911228188455068,10.187899167618173,1.0388765957404593,43.662211559595946,-79.39596457508424,108.8593265990968,-52.392274551897934,-26.246662264499268,1.0,2.2437188110731463,62.0,2.2437188110731463,2.2437188110731463,8.077387719863328,0.5945932659909681,2.2437188110731463,-0.04067340090319743,2.2437188110731463,8.077387719863328,-0.12013210964583697,-0.1829498432036454,0.1829498432036454,-1.8527499718153189,0.0,0.0,0.0,221.98978483000704,0.03666661506904972,131.99981424857899,3793.237964173459,1.0536772122704054,15.8124076662143,160330.60000136498,1783556766330600.0,1783556766406734.0
63.0,8659.323261912641,24288.0,79.90868693247936,-981.4276827812472,99.44901132924117,990.7389469427986,0.07990868693247936,-0.9814276827812471,0.09944901132924118,0.9907389469427986,0.9900091100107963,0.9900091100107963,9.708672838687376,-0.009990889989203708,-0.09797716131262446,0.7836365247063987,0.8237586,-0.040122075293601345,0.04903324999999992,-9.624517785346717,-9.54151966783417,-0.08299811751254693,-0.06714646585570817,0.975261646951903,0.7285691676069636,0.2466924793449394,0.18327389131012137,0.07990868693247936,0.7836365247063987,0.04903324999999992,0.04903324999999992,0.009081265627053837,9.708672838687376,0.9900091100107963,43.662208826483,-79.39597641857364,108.81377471676898,-53.34605738711191,-26.54878056880319,1.0,2.2065413006084813,63.0,2.2065413006084813,2.2065413006084813,7.943548682190533,0.5941377471676896,2.2065413006084813,-0.08622528323103669,2.2065413006084813,7.943548682190533,-0.09055865182715442,-0.13006823798996203,0.13006823798996203,-3.9277239554244527,0.0,0.0,0.0,210.3176433853342,0.03471130395777611,124.96069424799397,3849.190293730243,1.0692195260361788,16.114897384240077,160601.17818239232,1783556766601178.2,1783556766862252.8
64.0,9048.956290306189,24288.0,77.59289374646438,-1005.4717300454932,102.57188510512889,1014.2423274019424,0.07759289374646439,-1.0054717300454932,0.1025718851051289,1.0142423274019423,1.0142958568259564,1.0142958568259564,9.946844464342265,0.014295856825956396,0.1401944643422653,0.7609263514587649,0.837343739282811,-0.07641738782404625,0.031542872852497676,-9.860309341450636,-9.490650902856562,-0.36965843859407466,0.03432327500000021,1.0058865770662122,0.7327817221434377,0.2731048549227744,0.17651970000000006,0.07759289374646439,0.7609263514587649,0.031542872852497676,0.031542872852497676,-0.02939559184454158,9.946844464342265,1.0142958568259564,43.66220443295577,-79.39598713408846,108.8,-54.20900189262728,-27.03444106949152,1.0,1.9140616859771216,64.0,1.9140616859771216,2.1952989621878523,7.903076263876268,0.5977705973564491,0.6976037857264729,0.0,2.1952989621878523,7.903076263876268,-0.04522487631639282,-0.08278182595936721,0.08278182595936721,0.0,0.0,0.0,0.0,219.78105037895673,0.03650399580794566,131.41438490860438,4059.772683301588,1.1277146342504412,15.542313765773256,161548.29891458256,1783556767548299.0,1783556767445880.5
65.0,9104.67599423955,24288.0,89.67960303274815,-967.0409142276103,99.63959100343749,976.8008420517464,0.08967960303274815,-0.9670409142276103,0.09963959100343749,0.9768008420517463,0.9763489399391274,0.9763489399391274,9.574712331854043,-0.02365106006087262,-0.23193766814595648,0.8794564790810995,0.8237586,0.05569787908109947,-0.015103833557732007,-9.483431781510195,-9.488130066983619,0.00469828547342498,0.02961466739312736,0.9771305951138602,0.7447168240491407,0.23241377106471944,0.14297824375349366,0.08967960303274815,0.8794564790810995,-0.015103833557732007,-0.015103833557732007,-0.04044140918303318,9.574712331854043,0.9763489399391274,43.662199119735355,-79.39599712033682,108.8,-55.013216930421265,-27.621764454256798,1.0,1.6350028392297495,65.0,1.6350028392297495,2.237637759637821,8.055495934696156,0.5969199759413787,0.13305063570558645,0.0,2.237637759637821,8.055495934696156,0.04233879744996872,-0.04296568731892536,0.04296568731892536,0.0,0.0,0.0,0.0,221.13437054809017,0.0366667067992833,132.00014447741987,4264.240100943511,1.1845111391509753,15.369786546380555,162498.80715743985,1783556768498807.2,1783556768040012.0
66.0,9004.533625961552,24288.0,79.75558455474841,-989.8962295102764,89.4148446927711,997.8517903384125,0.07975558455474842,-0.9898962295102763,0.0894148446927711,0.9978517903384124,0.9974689796322134,0.9974689796322134,9.781829169110244,-0.0025310203677866086,-0.024820830889754536,0.7821351032738234,0.8237586,-0.04162349672617657,-0.054917123660708604,-9.707565859126952,-9.48960463328373,-0.21796122584322247,-0.005774923809518322,0.8768600867063636,0.7402931251488101,0.13656696155755357,0.07514819394842247,0.07975558455474842,0.7821351032738234,-0.054917123660708604,-0.054917123660708604,-0.09747466058630905,9.781829169110244,0.9974689796322134,43.662192503723034,-79.39600554071613,108.8,-55.691329012455995,-28.353098456005366,1.0,2.1644981613321725,66.0,2.1644981613321725,2.555853431629465,9.201072353866074,0.5963185202760454,1.1330506357055845,0.0,2.555853431629465,9.201072353866074,0.36055446944161285,-0.03602164632175423,0.03602164632175423,0.0,0.0,0.0,0.0,218.7021127073542,0.03622770941751996,130.41975390307186,4302.419062363527,1.1951164062120907,14.07308308849954,162677.7402178765,1783556768677740.2,1783556768340739.8
67.0,8904.391257683556,24288.0,69.83156607674869,-1012.7515447929425,79.19009838210471,1018.9027386250785,0.06983156607674867,-1.0127515447929425,0.07919009838210471,1.0189027386250786,1.0185890193252993,1.0185890193252993,9.988946006366445,0.018589019325299404,0.18229600636644744,0.6848137274665473,0.8237586,-0.13894487253345264,-0.0947304137636852,-9.931699936743708,-9.491079199583838,-0.44062073715986994,-0.041164515012164005,0.7765895782988671,0.7358694262484794,0.0407201520503877,0.007318144143351274,0.06983156607674867,0.6848137274665473,-0.0947304137636852,-0.0947304137636852,-0.1545079119895849,9.988946006366445,1.0185890193252993,43.66218588771071,-79.39601396109545,108.8,-56.369441094490725,-29.084432457753934,1.0,2.6939934834345953,67.0,2.6939934834345953,2.8740691036211095,10.346648773035994,0.595717064610712,2.1330506357055823,0.0,2.8740691036211095,10.346648773035994,0.678770141433257,-0.029077605324583103,0.029077605324583103,0.0,0.0,0.0,0.0,216.26985486661818,0.03578871203575662,128.83936332872383,4340.598023783542,1.2057216732732061,12.776379630618525,162856.67327831316,1783556768856673.2,1783556768641467.8
68.0,8804.248889405557,24288.0,59.90754759874895,-1035.6068600756084,68.9653520714383,1039.9536869117446,0.059907547598748945,-1.0356068600756085,0.06896535207143831,1.0399536869117447,1.0397090590183855,1.0397090590183855,10.196062843622649,0.03970905901838542,0.38941284362264933,0.5874923516592714,0.8237586,-0.23626624834072868,-0.13454370386666178,-10.155834014360467,-9.49255376588395,-0.6632802484765175,-0.0765541062148097,0.6763190698913705,0.7314457273481486,-0.05512665745677814,-0.060511905661719934,0.059907547598748945,0.5874923516592714,-0.13454370386666178,-0.13454370386666178,-0.21154116339286078,10.196062843622649,1.0397090590183855,43.6621792716984,-79.39602238147476,108.8,-57.047553176525454,-29.8157664595025,1.0,3.223488805537018,68.0,3.223488805537018,3.1922847756127535,11.492225192205913,0.5951156089453787,3.1330506357055805,0.0,3.1922847756127535,11.492225192205913,0.9969858134249011,-0.022133564327411974,0.022133564327411974,0.0,0.0,0.0,0.0,213.8375970258822,0.03534971465399328,127.25897275437583,4378.776985203557,1.2163269403343215,11.47967617273751,163035.60633874984,1783556769035606.2,1783556768942195.5
69.0,8755.205735158139,24288.0,71.65570471918673,-1003.750311109068,59.30314824918567,1008.7434532704634,0.07165570471918672,-1.003750311109068,0.059303148249185665,1.0087434532704633,1.0085278400857745,1.0085278400857745,9.89027954297716,0.008527840085774556,0.08362954297716113,0.7027024166844125,0.8237586,-0.12105618331558757,-0.14219642500000007,-9.843427988437742,-9.492837199999999,-0.35059078843774344,-0.06753000393729604,0.5815652187778766,0.730595425,-0.14903020622212337,-0.05041880575451055,0.07165570471918672,0.7027024166844125,-0.14219642500000007,-0.14219642500000007,-0.16725934147472676,9.89027954297716,1.0085278400857745,43.66217228943257,-79.39603020713851,108.8,-57.6777714764068,-30.587586124014678,1.0,3.3074352008214363,69.0,3.3074352008214363,3.2534506775442753,11.712422439159392,0.5962414277017443,3.3074352008214363,0.0,3.2534506775442753,11.712422439159392,0.7954279449380915,-0.02079881381690729,0.02079881381690729,0.0,0.0,0.0,0.0,212.64643689552085,0.035218304240374414,126.78589526534789,4417.467400957558,1.2270742780437662,11.174654386744606,163218.9713242093,1783556769218971.2,1783556769248285.5
70.0,8718.321819619398,24288.0,88.56083267444261,-958.8748805369341,49.7748034016778,965.097486549621,0.08856083267444262,-0.9588748805369341,0.0497748034016778,0.9650974865496209,0.9649013516816278,0.9649013516816278,9.462449840468635,-0.035098648318372117,-0.34420015953136385,0.8684850897468226,0.8237586,0.044726489746822584,-0.14219642500000007,-9.403350347217525,-9.492837199999999,0.08948685278247259,-0.04793750621173859,0.4881240757790636,0.730595425,-0.24247134922093638,-0.02178361677100333,0.08856083267444262,0.8684850897468226,-0.14219642500000007,-0.14219642500000007,-0.09886923952384709,9.462449840468635,0.9649013516816278,43.662165220015424,-79.39603789128758,108.8,-58.29659328143176,-31.369039495173055,1.0,3.285361653131112,70.0,3.285361653131112,3.2534506775442753,11.712422439159392,0.5977782575158584,3.285361653131112,0.0,3.2534506775442753,11.712422439159392,0.47018812413493094,-0.02079881381690729,0.02079881381690729,0.0,0.0,0.0,0.0,211.75060035491592,0.03516008523371357,126.57630684136886,4456.279519079267,1.2378554219664628,11.105606762003857,163403.390901903,1783556769403391.0,1783556769555651.5
71.0,8681.437904080658,24288.0,105.46596062969849,-913.9994499648003,40.246458554169934,921.4515198287784,0.1054659606296985,-0.9139994499648003,0.04024645855416994,0.9214515198287785,0.9212748632774812,0.9212748632774812,9.03462013796011,-0.0787251367225188,-0.7720298620398888,1.0342677628092327,0.8237586,0.2105091628092327,-0.14219642500000007,-8.96327270599731,-9.492837199999999,0.5295644940026887,-0.028345008486181142,0.3946829327802506,0.730595425,-0.3359124922197494,0.00685157221250389,0.1054659606296985,1.0342677628092327,-0.14219642500000007,-0.14219642500000007,-0.030479137572967413,9.03462013796011,0.9212748632774812,43.66215815059828,-79.39604557543666,108.8,-58.915415086456726,-32.150492866331426,1.0,3.263288105440787,71.0,3.263288105440787,3.2534506775442753,11.712422439159392,0.5993150873299725,3.263288105440787,0.0,3.2534506775442753,11.712422439159392,0.14494830333177022,-0.02079881381690729,0.02079881381690729,0.0,0.0,0.0,0.0,210.85476381431099,0.03510186622705273,126.36671841738982,4495.091637200974,1.2486365658891596,11.036559137263106,163587.81047959672,1783556769587810.5,1783556769863017.5
72.0,8837.114062372491,24288.0,61.438377355472554,-973.951518143628,93.31717271454268,980.2929317863567,0.061438377355472557,-0.973951518143628,0.09331717271454268,0.9802929317863567,0.9803913925569506,0.9803913925569506,9.61435524981862,-0.019608607443049358,-0.19229475018137998,0.602504663293045,0.8237586,-0.22125393670695506,-0.02822133254705751,-9.55120165540321,-9.487933875,-0.06326778040320936,-0.030494703323260777,0.91512885180107,0.7427943069254012,0.1723345448756688,-0.07522393704973249,0.061438377355472557,0.602504663293045,-0.02822133254705751,-0.02822133254705751,0.15383039525514117,9.61435524981862,0.9803913925569506,43.662150903036284,-79.3960529262569,108.8,-59.5073931711597,-32.95163836915501,1.0,3.2523985358432013,72.0,3.2523985358432013,3.2523985358432013,11.708634729035525,0.594,0.5543340819281319,0.0,3.2523985358432013,11.708634729035525,-0.0010521417010738254,-0.02079881381690729,0.02079881381690729,0.0,0.0,0.0,0.0,214.63582634690306,0.03541491134723901,127.49368085006041,4661.5133252167,1.2948648125601943,11.230430005687955,164365.3998518904,1783556770365399.8,1783556770170706.8
73.0,8934.734006981109,24288.0,69.44506050949153,-970.2561259186962,92.08537530623207,977.2134382655802,0.06944506050949154,-0.9702561259186961,0.09208537530623206,0.9772134382655802,0.9771800059450774,0.9771800059450774,9.582862305301294,-0.02281999405492261,-0.22378769469870682,0.6810234026454052,0.8237586,-0.1427351973545949,-0.061440799196133,-9.514962237240582,-9.487933875,-0.027028362240581763,-0.05012438816135071,0.9030490457468607,0.7382643796550727,0.164784666091788,-0.07824388856328482,0.06944506050949154,0.6810234026454052,-0.061440799196133,-0.061440799196133,0.029270105554751014,9.582862305301294,0.9771800059450774,43.66214351225184,-79.396060009092,108.8,-60.077789809489836,-33.76861568211527,1.0,3.25050050767684,73.0,3.25050050767684,3.25050050767684,11.701801827636624,0.594,1.5543340819281306,0.0,3.25050050767684,11.701801827636624,-0.002950169867435481,-0.02079881381690729,0.02079881381690729,0.0,0.0,0.0,0.0,217.00681956155714,0.03580612522765693,128.90205081956492,4701.942873237176,1.3060952425658823,11.230430005687955,164548.32176702455,1783556770548321.8,1783556770478656.2
74.0,9032.353951589725,24288.0,77.45174366351051,-966.5607336937644,90.85357789792145,974.1339447448037,0.07745174366351051,-0.9665607336937644,0.09085357789792146,0.9741339447448036,0.9739686193332041,0.9739686193332041,9.551369360783966,-0.026031380666795865,-0.25528063921603367,0.7595421419977653,0.8237586,-0.06421645800223472,-0.0946602658452085,-9.478722819077953,-9.487933875,0.009211055922045852,-0.06975407299944064,0.8909692396926514,0.7337344523847442,0.1572347873079072,-0.08126384007683714,0.07745174366351051,0.7595421419977653,-0.0946602658452085,-0.0946602658452085,-0.09529018414563917,9.551369360783966,0.9739686193332041,43.66213612146739,-79.3960670919271,108.8,-60.648186447819974,-34.58559299507552,1.0,3.248602479510478,74.0,3.248602479510478,3.248602479510478,11.694968926237722,0.594,2.5543340819281295,0.0,3.248602479510478,11.694968926237722,-0.004848198033797137,-0.02079881381690729,0.02079881381690729,0.0,0.0,0.0,0.0,219.37781277621121,0.03619733910807485,130.31042078906944,4742.372421257653,1.3173256725715703,11.230430005687955,164731.24368215867,1783556770731243.8,1783556770786605.5
75.0,9629.068468504835,24288.0,70.56602944352387,-949.153402178864,11.735882225904493,952.3445982530608,0.07056602944352387,-0.9491534021788639,0.011735882225904493,0.9523445982530607,0.95203489300092,0.95203489300092,9.33627298344747,-0.04796510699907999,-0.4703770165525277,0.6920163526423333,0.848275225,-0.15625887235766664,-0.12002354122627787,-9.308015211477354,-9.478127224999998,0.17011201352264319,-0.08335652499999924,0.11508968943066628,0.7172916947357666,-0.6022020053051003,-0.0824190285094889,0.07056602944352387,0.6920163526423333,-0.12002354122627787,-0.12002354122627787,-0.003899735817433874,9.33627298344747,0.95203489300092,43.66212861004907,-79.39607391196074,108.8,-61.19741909492272,-35.4159051755347,1.0,3.2438997963761915,75.0,3.2438997963761915,3.2438997963761915,11.67803926695429,0.596477990185492,0.30704684701997575,0.0,3.2438997963761915,11.67803926695429,-0.008961668150301649,-0.01910509455092667,0.01910509455092667,0.0,0.0,0.0,0.0,233.8708149630454,0.03875253479614635,139.50912526612686,4923.092277399846,1.3675256326110683,11.385756943485923,165511.45442029616,1783556771511454.5,1783556771095598.0
76.0,9935.43366788014,24288.0,65.89582823353447,-917.0846872036034,30.416687065862128,920.8985767724654,0.06589582823353446,-0.9170846872036034,0.030416687065862133,0.9208985767724653,0.9204995062995218,0.9204995062995218,9.027016483452204,-0.07950049370047821,-0.7796335165477947,0.6462173239463908,0.848275225,-0.2020579010536092,-0.12765671267560164,-8.993528547765216,-9.478127224999998,0.4845986772347825,-0.08335652499999924,0.2982858042144368,0.7218715976053609,-0.423585793390924,-0.07936575992975939,0.06589582823353446,0.6462173239463908,-0.12765671267560164,-0.12765671267560164,-0.016600520258904357,9.027016483452204,0.9204995062995218,43.66212082638039,-79.39608013889568,108.8,-61.698888169160284,-36.276311911816975,1.0,3.2328674781327775,76.0,3.2328674781327775,3.2328674781327775,11.638322921278,0.5980347239221552,1.3070468470199763,0.0,3.2328674781327775,11.638322921278,-0.018075018576587783,-0.013588935429219642,0.013588935429219642,0.0,0.0,0.0,0.0,241.31181292547282,0.040094911918117586,144.3416829052233,4970.898564389309,1.3808051567748079,11.891630686549835,165698.57381544306,1783556771698573.8,1783556771406944.8
77.0,10241.798867255444,24288.0,61.22562702354506,-885.0159722283428,49.09749190581976,889.4525552918701,0.06122562702354506,-0.8850159722283427,0.049097491905819766,0.8894525552918701,0.8889641195981236,0.8889641195981236,8.717759983456938,-0.11103588040187644,-1.0888900165430615,0.6004182952504482,0.848275225,-0.2478569297495518,-0.13528988412492537,-8.679041884053076,-9.478127224999998,0.7990853409469217,-0.08335652499999924,0.4814819189982073,0.7264515004749551,-0.2449695814767478,-0.07631249135002988,0.06122562702354506,0.6004182952504482,-0.13528988412492537,-0.13528988412492537,-0.02930130470037484,8.717759983456938,0.8889641195981236,43.66211304271171,-79.39608636583063,108.8,-62.200357243397846,-37.13671864809925,1.0,3.2218351598893635,77.0,3.2218351598893635,3.2218351598893635,11.598606575601709,0.5995914576588183,2.3070468470199765,0.0,3.2218351598893635,11.598606575601709,-0.027188369002873913,-0.008072776307512613,0.008072776307512613,0.0,0.0,0.0,0.0,248.75281088790024,0.04143728904008882,149.17424054431976,5018.704851378772,1.3940846809385474,12.397504429613747,165885.69321058996,1783556771885693.2,1783556771718291.5
78.0,10508.19726911867,24288.0,56.939984828437055,-860.2910847667506,65.75993931374822,865.2310695951877,0.056939984828437054,-0.8602910847667506,0.06575993931374823,0.8652310695951877,0.8646846381796884,0.8646846381796884,8.479659607004841,-0.13531536182031156,-1.3269903929951583,0.5583905022177923,0.848275225,-0.2898847227822077,-0.14558057474769473,-8.436573566427855,-9.478127224999998,1.0415536585721437,-0.08335652499999924,0.6448847088711689,0.7301540141633441,-0.08526930529217525,-0.07354987499999999,0.056939984828437054,0.5583905022177923,-0.14558057474769473,-0.14558057474769473,-0.0452565988348479,8.479659607004841,0.8646846381796884,43.66210524981036,-79.39609257014412,108.79699924142184,-62.70000456126849,-37.99814596340607,1.0,3.2106668911073033,78.0,3.2106668911073033,3.2106668911073033,11.558400807986292,0.6008199544853111,3.2106668911073033,-0.003000758578147132,3.2106668911073033,11.558400807986292,-0.03555704945493485,-0.0030817213180611702,0.0030817213180611702,-0.0945917939796513,0.0,0.0,0.0,255.22309527235427,0.04259573764048584,153.34465550574902,5066.365731050142,1.4073238141805948,12.861588270051488,166072.85451354,1783556772072854.5,1783556772030007.5
79.0,10394.71581119445,24288.0,56.30953228441361,-905.3684416644269,63.23812913765444,909.6779739488404,0.05630953228441361,-0.9053684416644269,0.06323812913765445,0.9096779739488404,0.9093717103283716,0.9093717103283716,8.917890083091725,-0.09062828967162834,-0.888759916908274,0.5522078747769448,0.848275225,-0.2960673502230552,-0.18113068253256787,-8.87863142844845,-9.478127224999998,0.599495796551547,-0.08335652499999924,0.6201541991077789,0.7255170435827085,-0.10536284447492962,-0.07354987499999999,0.05630953228441361,0.5522078747769448,-0.18113068253256787,-0.18113068253256787,-0.09214563704729056,8.917890083091725,0.9093717103283716,43.66209736915356,-79.3960985594433,108.76547661422067,-63.182336292294266,-38.86927376613938,1.0,3.1982064279345526,79.0,3.1982064279345526,3.1982064279345526,11.513543140564389,0.5989285968532408,3.1982064279345526,-0.03452338577931752,3.1982064279345526,11.513543140564389,-0.036847726589089476,-0.0030817213180611702,0.0030817213180611702,-1.0882678196436726,0.0,0.0,0.0,252.46685762229083,0.04200596658516972,151.22147970661098,5112.644530718925,1.4201790363108122,12.928463844168585,166260.41414538695,1783556772260414.2,1783556772345233.8
80.0,10281.23435327023,24288.0,55.679079740390165,-950.445798562103,60.71631896156067,954.1248783024932,0.055679079740390165,-0.9504457985621031,0.06071631896156067,0.9541248783024933,0.9540587824770549,0.9540587824770549,9.35612055917861,-0.045941217522945124,-0.4505294408213899,0.5460252473360973,0.848275225,-0.3022499776639027,-0.21668079031744097,-9.320689290469048,-9.478127224999998,0.15743793453095045,-0.08335652499999924,0.5954236893443888,0.7208800730020729,-0.125456383657684,-0.07354987499999999,0.055679079740390165,0.5460252473360973,-0.21668079031744097,-0.21668079031744097,-0.13903467525973323,9.35612055917861,0.9540587824770549,43.662089488496754,-79.39610454874247,108.7339539870195,-63.66466802332004,-39.74040156887269,1.0,3.185745964761802,80.0,3.185745964761802,3.185745964761802,11.468685473142486,0.5970372392211705,3.185745964761802,-0.0660460129804879,3.185745964761802,11.468685473142486,-0.038138403723244105,-0.0030817213180611702,0.0030817213180611702,-2.081943845307694,0.0,0.0,0.0,249.71061997222736,0.041416195529853594,149.09830390747294,5158.923330387708,1.4330342584410296,12.99533941828568,166447.9737772339,1783556772447973.8,1783556772660460.2
81.0,10167.75289534601,24288.0,55.04862719636672,-995.5231554597792,58.194508785466894,998.5717826561461,0.055048627196366724,-0.9955231554597793,0.0581945087854669,0.998571782656146,0.9987458546257381,0.9987458546257381,9.794351035265493,-0.0012541453742619113,-0.012298964734505757,0.5398426198952497,0.848275225,-0.30843260510475023,-0.25223089810231414,-9.762747152489645,-9.478127224999998,-0.28461992748964615,-0.08335652499999924,0.5706931795809989,0.7162431024214372,-0.14554992284043836,-0.07354987499999999,0.055048627196366724,0.5398426198952497,-0.25223089810231414,-0.25223089810231414,-0.1859237134721759,9.794351035265493,0.9987458546257381,43.66208160783996,-79.39611053804164,108.70243135981833,-64.14699975434581,-40.611529371606004,1.0,3.1732855015890507,81.0,3.1732855015890507,3.1732855015890507,11.423827805720583,0.5951458815891001,3.1732855015890507,-0.09756864018165828,3.1732855015890507,11.423827805720583,-0.039429080857398734,-0.0030817213180611702,0.0030817213180611702,-3.075619870971715,0.0,0.0,0.0,246.95438232216392,0.04082642447453747,146.9751281083349,5205.20213005649,1.445889480571247,13.062214992402776,166635.5334090809,1783556772635533.5,1783556772975686.5
82.0,10102.221031290586,24288.0,109.04108058693342,-974.3951775134152,57.337128772472155,982.8725162006973,0.10904108058693342,-0.9743951775134152,0.05733712877247216,0.9828725162006973,0.9825506735911349,0.9825506735911349,9.635530563172503,-0.017449326408865068,-0.1711194368274966,1.0693277129378507,0.8408091217188174,0.2285185912190332,-0.14219642500000007,-9.555552467561933,-9.473223899999999,-0.08232856756193369,-0.08335652499999924,0.5622851538765641,0.7203651119687094,-0.15807995809214542,-0.08335652500000001,0.10904108058693342,1.0693277129378507,-0.14219642500000007,-0.14219642500000007,0.13204107728377124,9.635530563172503,0.9825506735911349,43.662073386693436,-79.39611556798394,108.7,-64.55207231921759,-41.52029490775508,1.0,3.129118664475083,82.0,3.129118664475083,3.129118664475083,11.2648271921103,0.6070948872893741,0.9228693787856059,0.0,3.129118664475083,11.2648271921103,-0.0706966418230757,-0.0030817213180611702,0.0030817213180611702,0.0,0.0,0.0,0.0,245.36274440798573,0.04136408057480762,148.91069006930746,5402.35553096521,1.5006543141570023,12.855222130217403,167437.98705124026,1783556773437987.0,1783556773304532.2
83.0,10030.944456055235,24288.0,104.75128670702802,-981.3248445501855,38.19804838520193,988.1522625144271,0.10475128670702802,-0.9813248445501855,0.03819804838520193,0.988152262514427,0.9880723816633451,0.9880723816633451,9.689680021638843,-0.011927618336654877,-0.11696997836115654,1.0272592057854764,0.8327190241895147,0.19454018159596168,-0.14219642500000007,-9.623509286808076,-9.473223899999999,-0.1502853868080771,-0.08335652499999924,0.3745948911967405,0.7252191704862911,-0.3506242792895506,-0.08335652500000001,0.10475128670702802,1.0272592057854764,-0.14219642500000007,-0.14219642500000007,0.06939049035651099,9.689680021638843,0.9880723816633451,43.66206513708982,-79.39612051774611,108.7,-64.95068779751031,-42.43220609140986,1.0,3.0823019048750537,83.0,3.0823019048750537,3.0823019048750537,11.096286857550194,0.6212842055075227,1.922869378785606,0.0,3.0823019048750537,11.096286857550194,-0.10446957974149061,-0.0030817213180611702,0.0030817213180611702,0.0,0.0,0.0,0.0,243.63157894866953,0.04203114920765978,151.3121371475752,5453.1638266168775,1.5147677296157989,12.855222130217403,167648.18695135563,1783556773648187.0,1783556773634516.5
84.0,9959.667880819883,24288.0,100.46149282712263,-988.2545115869558,19.05896799793171,993.4320088281568,0.10046149282712263,-0.9882545115869558,0.019058967997931706,0.9934320088281567,0.9935940897355553,0.9935940897355553,9.743829480105182,-0.006405910264444686,-0.06282051989481649,0.985190698633102,0.8246289266602119,0.16056177197289015,-0.14219642500000007,-9.69146610605422,-9.473223899999999,-0.2182422060542205,-0.08335652499999924,0.18690462851691703,0.7300732290038728,-0.5431686004869558,-0.08335652500000001,0.10046149282712263,0.985190698633102,-0.14219642500000007,-0.14219642500000007,0.006739903429250738,9.743829480105182,0.9935940897355553,43.66205688748621,-79.39612546750827,108.7,-65.34930327580305,-43.34411727506463,1.0,3.0354851452750244,84.0,3.0354851452750244,3.0354851452750244,10.927746522990088,0.6354735237256713,2.922869378785606,0.0,3.0354851452750244,10.927746522990088,-0.13824251765990553,-0.0030817213180611702,0.0030817213180611702,0.0,0.0,0.0,0.0,241.90041348935335,0.042698217840511934,153.71358422584296,5503.972122268546,1.5288811450745954,12.855222130217403,167858.386851471,1783556773858386.8,1783556773964500.5
85.0,8741.254973114857,24288.0,58.478746785241434,-1021.6387280802268,52.530699087984594,1025.939200373888,0.05847874678524143,-1.0216387280802266,0.05253069908798459,1.0259392003738879,1.0252714898500563,1.0252714898500563,10.054478655938054,0.025271489850056245,0.24782865593805403,0.5734806021614879,0.8178653467627328,-0.24438474460124493,-0.1760826311142865,-10.018853432727955,-9.473223899999999,-0.5456295327279559,-0.16180972499999946,0.5151501802111841,0.730595425,-0.21544524478881588,-0.08335652500000001,0.05847874678524143,0.5734806021614879,-0.1760826311142865,-0.1760826311142865,-0.05695160691476709,10.054478655938054,1.0252714898500563,43.66204848819266,-79.39612990613982,108.7,-65.70675625565613,-44.27257518384026,1.0,3.012303527150081,85.0,3.012303527150081,3.0304486331839087,10.909615079462071,0.5991971662380322,0.8924207456016975,0.0,3.0304486331839087,10.909615079462071,-0.09924604256399233,-0.0030817213180611702,0.0030817213180611702,0.0,0.0,0.0,0.0,212.30760078701366,0.03534707228295914,127.24946021865291,5676.547655464944,1.5768187931847062,12.214673718367166,168660.78101472848,1783556774660781.0,1783556774300472.2
86.0,8352.710636159361,24288.0,43.32753780517439,-1049.2475977772378,74.41577872585921,1053.8847636037895,0.043327537805174385,-1.0492475977772378,0.07441577872585922,1.0538847636037896,1.0534314131967633,1.0534314131967633,10.330633168226038,0.0534314131967633,0.5239831682260387,0.42489799861711336,0.8112616754940939,-0.38636367687698053,-0.21405374090895996,-10.289603954742148,-9.473223899999999,-0.8163800547421489,-0.16180972499999946,0.7297694964419472,0.730595425,-0.0008259285580526909,-0.08335652500000001,0.043327537805174385,0.42489799861711336,-0.21405374090895996,-0.21405374090895996,-0.12076859816631917,10.330633168226038,1.0534314131967633,43.66204007085434,-79.39613428315575,108.7,-66.05924719163795,-45.20302776201371,1.0,2.9919710706005715,86.0,2.9919710706005715,3.0304486331839087,10.909615079462071,0.5971770050406899,1.8924207456016977,0.0,3.0304486331839087,10.909615079462071,-0.05147738323360648,-0.0030817213180611702,0.0030817213180611702,0.0,0.0,0.0,0.0,202.87063593103855,0.03366348813152337,121.18855727348411,5715.151956248781,1.587542210069105,11.496908678718341,168861.11366679825,1783556774861113.8,1783556774637165.8
87.0,7964.166299203864,24288.0,28.17632882510734,-1076.8564674742488,96.30085836373384,1081.8303268336908,0.028176328825107337,-1.076856467474249,0.09630085836373384,1.081830326833691,1.0815913365434704,1.0815913365434704,10.606787680514023,0.08159133654347035,0.8001376805140235,0.2763153950727389,0.804658004225455,-0.5283426091527161,-0.25202485070363345,-10.560354476756341,-9.473223899999999,-1.087130576756342,-0.16180972499999946,0.9443888126727105,0.730595425,0.21379338767271044,-0.08335652500000001,0.028176328825107337,0.2763153950727389,-0.25202485070363345,-0.25202485070363345,-0.18458558941787123,10.606787680514023,1.0815913365434704,43.66203165351601,-79.39613866017167,108.7,-66.41173812761977,-46.13348034018716,1.0,2.971638614051062,87.0,2.971638614051062,3.0304486331839087,10.909615079462071,0.5951568438433477,2.8924207456016977,0.0,3.0304486331839087,10.909615079462071,-0.0037087239032206343,-0.0030817213180611702,0.0030817213180611702,0.0,0.0,0.0,0.0,193.43367107506344,0.03197990398008759,115.12765432831532,5753.756257032617,1.598265626953504,10.779143639069517,169061.44631886802,1783556775061446.2,1783556774973859.2
88.0,7936.047331813946,24288.0,32.264567521574904,-1068.763340930271,96.24514415947503,1073.763340930271,0.0322645675215749,-1.068763340930271,0.09624514415947504,1.0737633409302711,1.0736093704634624,1.0736093704634624,10.528511332855512,0.07360937046346228,0.7218613328555123,0.3164073210854525,0.8098817190094947,-0.4934743979240422,-0.25497290000000006,-10.480988017333841,-9.471789795247625,-1.0091982220862155,-0.16180972499999946,0.9438424429715158,0.7320295297523737,0.2118129132191421,-0.08335652500000001,0.0322645675215749,0.3164073210854525,-0.25497290000000006,-0.25497290000000006,-0.1341043120931182,10.528511332855512,1.0736093704634624,43.66202310314872,-79.39614250971168,108.7,-66.72175024134104,-47.07863794098734,1.0,3.0237495510288794,88.0,3.0237495510288794,3.0595486122577404,11.014375004127865,0.595,3.0237495510288794,0.0,3.0595486122577404,11.014375004127865,0.029099979073831776,-0.0021803918757495127,0.0021803918757495127,0.0,0.0,0.0,0.0,192.75071759509711,0.031857410269189666,114.68667696908278,5790.317497622627,1.6084215271173958,10.645414040827536,169251.0232041854,1783556775251023.2,1783556775292476.0
89.0,7938.266996800026,24288.0,37.97227748578139,-1057.6650159998694,94.3425741714062,1062.6650159998694,0.037972277485781386,-1.0576650159998695,0.09434257417140621,1.0626650159998694,1.0625851781993965,1.0625851781993965,10.420400937789111,0.06258517819939646,0.6137509377891113,0.37238083500593805,0.8161009983339931,-0.4437201633280551,-0.25497290000000006,-10.37215062915512,-9.470234975416501,-0.9019156537386184,-0.16180972499999946,0.9251846049980206,0.7335843495834983,0.1916002554145223,-0.08335652500000001,0.037972277485781386,0.37238083500593805,-0.25497290000000006,-0.25497290000000006,-0.0740020329067892,10.420400937789111,1.0625851781993965,43.66201454158377,-79.39614631485166,108.7,-67.02818672060053,-48.02503333000452,1.0,3.081958375863327,89.0,3.081958375863327,3.0910980680938054,11.1279530451377,0.595,3.081958375863327,0.0,3.0910980680938054,11.1279530451377,0.06064943490989683,-0.0012031934605269965,0.0012031934605269965,0.0,0.0,0.0,0.0,192.80462881827904,0.03186632059635445,114.71875414687602,5826.706764602074,1.618529656833909,10.560845345362052,169439.6947280022,1783556775439694.8,1783556775609571.0
90.0,7940.486661786106,24288.0,43.67998744998788,-1046.566691069468,92.44000418333738,1051.566691069468,0.04367998744998787,-1.046566691069468,0.09244000418333738,1.0515666910694679,1.0515609859353305,1.0515609859353305,10.31229054272271,0.05156098593533065,0.5056405427227103,0.42835434892642354,0.8223202776584915,-0.3939659287320679,-0.25497290000000006,-10.263313240976398,-9.468680155585377,-0.7946330853910213,-0.16180972499999946,0.9065267670245254,0.7351391694146229,0.17138759760990252,-0.08335652500000001,0.04367998744998787,0.42835434892642354,-0.25497290000000006,-0.25497290000000006,-0.013899753720460178,10.31229054272271,1.0515609859353305,43.662005980018826,-79.39615011999163,108.7,-67.33462319986,-48.97142871902169,1.0,3.140167200697774,90.0,3.140167200697774,3.1226475239298708,11.241531086147534,0.595,3.140167200697774,0.0,3.1226475239298708,11.241531086147534,0.09219889074596188,-0.00022599504530448076,0.00022599504530448076,0.0,0.0,0.0,0.0,192.85854004146094,0.03187523092351924,114.75083132466925,5863.096031581521,1.628637786550422,10.476276649896567,169628.36625181904,1783556775628366.2,1783556775926666.0
91.0,7824.683601298355,24288.0,67.33301179635384,-970.9819399888838,87.22851017341053,977.4907288417073,0.06733301179635386,-0.9709819399888837,0.08722851017341053,0.9774907288417073,0.9776228623362331,0.9776228623362331,9.587205242929619,-0.022377137663766897,-0.21944475707037964,0.6603112801327135,0.8189414642035414,-0.15863018407082793,-0.25497290000000006,-9.522080041791986,-9.468320575,-0.053759466791986316,-0.1803049302544265,0.8554194692920762,0.7379073178982293,0.11751215139384705,-0.07286272627213376,0.06733301179635386,0.6603112801327135,-0.25497290000000006,-0.25497290000000006,0.0,9.587205242929619,0.9776228623362331,43.661997368649516,-79.39615370166132,108.7,-67.623063113369,-49.92332948280339,1.0,3.147811854890482,91.0,3.147811854890482,3.1299439138850054,11.26779808998602,0.5962280278679413,0.7687316702688077,0.0,3.1299439138850054,11.26779808998602,0.07505868521517899,0.0,0.0,0.0,0.0,0.0,0.0,190.04591530833446,0.03147564481890772,113.31232134806781,6012.53369284906,1.670148248013627,10.190020293498394,170414.36334415295,1783556776414363.2,1783556776245605.5
92.0,7847.68720838556,24288.0,79.47380442571219,-990.4711071044327,70.61479394376227,996.3409068715005,0.0794738044257122,-0.9904711071044326,0.07061479394376227,0.9963409068715005,0.9966915297461432,0.9966915297461432,9.774204990185014,-0.003308470253856846,-0.032445009814985215,0.7793717841714104,0.8126751218857152,-0.0333033377143048,-0.25497290000000006,-9.713203482485683,-9.468320575,-0.24488290748568364,-0.1724720023571437,0.6924945690285962,0.7410404890571423,-0.04854592002854602,-0.033698086785720255,0.0794738044257122,0.7793717841714104,-0.25497290000000006,-0.25497290000000006,0.0,9.774204990185014,0.9966915297461432,43.661988742296856,-79.39615721610129,108.7,-67.90608886760373,-50.876886505687686,1.0,3.1402445804729515,92.0,3.1402445804729515,3.1299439138850054,11.26779808998602,0.5978255005823305,1.7687316702688092,0.0,3.1299439138850054,11.26779808998602,0.043270485989078636,0.0,0.0,0.0,0.0,0.0,0.0,190.6046269172685,0.03165290426783014,113.95045536418851,6049.217765905653,1.6803382683071253,10.190020293498394,170606.06006987966,1783556776606060.0,1783556776565100.0
93.0,7870.690815472765,24288.0,91.61459705507053,-1009.9602742199817,54.00107771411402,1015.1910849012937,0.09161459705507052,-1.0099602742199816,0.05400107771411402,1.0151910849012937,1.0157601971560533,1.0157601971560533,9.96120473744041,0.0157601971560532,0.1545547374404092,0.8984322882101073,0.806408779567889,0.09202350864221831,-0.25497290000000006,-9.904326923179381,-9.468320575,-0.436006348179381,-0.16463907445986087,0.5295696687651162,0.7441736602160554,-0.2146039914509391,0.005466552700693253,0.09161459705507052,0.8984322882101073,-0.25497290000000006,-0.25497290000000006,0.0,9.96120473744041,1.0157601971560533,43.661980115944196,-79.39616073054125,108.7,-68.18911462183846,-51.830443528571976,1.0,3.132677306055421,93.0,3.132677306055421,3.1299439138850054,11.26779808998602,0.5994229732967198,2.768731670268811,0.0,3.1299439138850054,11.26779808998602,0.011482286762978272,0.0,0.0,0.0,0.0,0.0,0.0,191.16333852620252,0.03183016371675256,114.58858938030922,6085.901838962248,1.6905282886006237,10.190020293498394,170797.75679560637,1783556776797756.8,1783556776884594.8
94.0,7520.351850557473,24288.0,72.58796263936831,-968.5162785526045,76.99507259274053,974.9641579566181,0.07258796263936831,-0.9685162785526045,0.07699507259274052,0.9749641579566181,0.9749738011593504,0.9749738011593504,9.561226827139341,-0.02502619884064966,-0.24542317286065699,0.7118447438173613,0.8041453,-0.09230055618263863,-0.25497290000000006,-9.497900163067898,-9.468320575,-0.02957958806789788,-0.13239782855973303,0.7550637286415988,0.77472535,-0.019661621358401188,0.17989769323184351,0.07258796263936831,0.7118447438173613,-0.25497290000000006,-0.25497290000000006,0.0,9.561226827139341,0.9749738011593504,43.6619714153223,-79.39616386155923,108.67931600851409,-68.44126254076657,-52.79221027338011,1.0,3.1213343376071205,94.0,3.1213343376071205,3.1299439138850054,11.26779808998602,0.595206839914859,0.6387877563838057,-0.020683991485910408,3.1299439138850054,11.26779808998602,0.0,0.0,0.0,-0.6697490669062297,0.0,0.0,0.0,182.65430574633993,0.03019905500755292,108.71659802719051,6230.425058294488,1.7306736273040237,10.173082053526993,171585.276589256,1783556777585276.5,1783556777206840.0
95.0,7480.20056527342,24288.0,62.550141318354925,-974.0208902447731,105.16573242913296,982.735374463209,0.06255014131835493,-0.9740208902447731,0.10516573242913295,0.982735374463209,0.9827221880191488,0.9827221880191488,9.637212545137984,-0.017277811980851217,-0.1694374548620146,0.6134073433596453,0.8041453,-0.19073795664035467,-0.25497290000000006,-9.551881963318904,-9.468320575,-0.08356138831890353,-0.08635452834564009,1.0313235299261567,0.77472535,0.25659817992615663,0.20053779332781627,0.06255014131835493,0.6134073433596453,-0.25497290000000006,-0.25497290000000006,0.0,9.637212545137984,0.9827221880191488,43.66196267270373,-79.39616677576542,108.64693593973662,-68.67595011851304,-53.75861933020179,1.0,3.1078563455951516,95.0,3.1078563455951516,3.1299439138850054,11.26779808998602,0.5955306406026337,1.6387877563838051,-0.05306406026337574,3.1299439138850054,11.26779808998602,0.0,0.0,0.0,-1.718217920939526,0.0,0.0,0.0,181.67911132936084,0.03005409095934078,108.19472745362681,6265.213640599649,1.740337122388791,10.146565828376891,171778.2617991697,1783556777778261.8,1783556777530640.5
96.0,7440.049279989366,24288.0,52.51231999734153,-979.5255019369417,133.3363922655254,990.5065909698001,0.05251231999734153,-0.9795255019369418,0.1333363922655254,0.9905065909698001,0.9904705748789472,0.9904705748789472,9.713198263136627,-0.009529425121052773,-0.09345173686337221,0.5149699429019292,0.8041453,-0.2891753570980707,-0.25497290000000006,-9.605863763569909,-9.468320575,-0.13754318856990916,-0.04031122813154715,1.3075833312107146,0.77472535,0.5328579812107145,0.221177893423789,0.05251231999734153,0.5149699429019292,-0.25497290000000006,-0.25497290000000006,0.0,9.713198263136627,0.9904705748789472,43.661953930085154,-79.39616968997161,108.61455587095917,-68.91063769625953,-54.72502838702348,1.0,3.094378353583182,96.0,3.094378353583182,3.1299439138850054,11.26779808998602,0.5958544412904083,2.6387877563838047,-0.08544412904084107,3.1299439138850054,11.26779808998602,0.0,0.0,0.0,-2.766686774972823,0.0,0.0,0.0,180.70391691238171,0.029909126911128642,107.67285688006311,6300.002222904811,1.7500006174735578,10.12004960322679,171971.24700908337,1783556777971247.0,1783556777854441.2
97.0,7634.25603999502,24288.0,47.30407855739338,-979.0423338689219,144.26019639348345,990.8683535082702,0.04730407855739338,-0.9790423338689218,0.14426019639348345,0.9908683535082702,0.9907481967810072,0.9907481967810072,9.715920803962463,-0.009251803218992768,-0.09072919603753543,0.46389454198486174,0.8041453,-0.3402507580151382,-0.25497290000000006,-9.601125503435663,-9.468320575,-0.13280492843566194,-0.01534788874053815,1.4147092549621543,0.7730191854962154,0.6416900694659389,0.230456275,0.04730407855739338,0.46389454198486174,-0.25497290000000006,-0.25497290000000006,0.0,9.715920803962463,0.9907481967810072,43.6619451285499,-79.39617221786253,108.6,-69.1142144361052,-55.69795009441009,1.0,3.1014808042356656,97.0,3.1014808042356656,3.1358633318867977,11.289107994792472,0.5965219410819549,3.1014808042356656,-0.08260196393484151,3.1358633318867977,11.289107994792472,0.0059194180017925055,4.12625182976391e-09,4.12625182976391e-09,-2.6746572733636524,0.0,0.0,0.0,185.42081069939903,0.03072787694162196,110.62035698983905,6337.51504197378,1.7604208449927161,10.076574545777337,172162.21423603036,1783556778162214.2,1783556778173980.2
98.0,8019.847876639452,24288.0,46.039843027411635,-973.6693328664994,141.09960756852908,985.1792936233524,0.04603984302741163,-0.9736693328664994,0.14109960756852907,0.9851792936233523,0.9849249275349967,0.9849249275349967,9.658814040611075,-0.015075072465003248,-0.14783595938892408,0.45149662662476625,0.8041453,-0.3526486733752337,-0.25497290000000006,-9.548434363155256,-9.468320575,-0.08011378815525604,-0.0075991916404783404,1.3837144665619157,0.7699197066561916,0.6137947599057241,0.230456275,0.04603984302741163,0.45149662662476625,-0.25497290000000006,-0.25497290000000006,0.0,9.658814040611075,0.9849249275349967,43.66193627890119,-79.3961744302747,108.6,-69.29238496432036,-56.67619026281198,1.0,3.1253899729665804,98.0,3.1253899729665804,3.146616756190911,11.32782032228728,0.5974701177294413,3.1253899729665804,-0.050996075685295156,3.146616756190911,11.32782032228728,0.016672842305905808,1.16221469832467e-08,1.16221469832467e-08,-1.6512564380705448,0.0,0.0,0.0,194.78606522781902,0.03233363000665123,116.40106802394442,6377.252569228804,1.7714590470080005,10.01925030548757,172351.53350664512,1783556778351533.5,1783556778490039.2
99.0,8405.439713283884,24288.0,44.77560749742989,-968.296331864077,137.9390187435747,979.4902337384345,0.044775607497429884,-0.9682963318640769,0.13793901874357473,0.9794902337384345,0.9791016582889863,0.9791016582889863,9.601707277259687,-0.020898341711013728,-0.20494272274031272,0.43909871126467076,0.8041453,-0.3650465887353292,-0.25497290000000006,-9.49574322287485,-9.468320575,-0.02742264787485013,0.0001495054595814678,1.352719678161677,0.7668202278161677,0.5858994503455093,0.230456275,0.044775607497429884,0.43909871126467076,-0.25497290000000006,-0.25497290000000006,0.0,9.601707277259687,0.9791016582889863,43.66192742925248,-79.39617664268688,108.6,-69.47055549253554,-57.65443043121387,1.0,3.1492991416974947,99.0,3.1492991416974947,3.1573701804950245,11.366532649782087,0.5984182943769276,3.1492991416974947,-0.0193901874357488,3.1573701804950245,11.366532649782087,0.027426266610019113,1.911804213672949e-08,1.911804213672949e-08,-0.6278556027774371,0.0,0.0,0.0,204.151319756239,0.0339393830716805,122.1817790580498,6416.990096483828,1.7824972490232849,9.961926065197805,172540.85277725986,1783556778540852.8,1783556778806098.2
100.0,7844.8393256012,24288.0,156.46331624951313,-939.3521643279438,-41.24174618644699,954.7641232459579,0.15646331624951312,-0.9393521643279439,-0.04124174618644699,0.9547641232459578,0.9549849086641574,0.9549849086641574,9.365202754551358,-0.04501509133584259,-0.4414472454486407,1.534380980298288,0.8017493979882064,0.7326315823100814,-0.1363181909469292,-9.21189790230663,-9.468919550502948,0.2570216481963178,0.004903325000000791,-0.4044433702393204,0.809048625,-1.2134919952393204,0.15653046644987761,0.15646331624951312,1.534380980298288,-0.1363181909469292,-0.1363181909469292,0.17591601240823115,9.365202754551358,0.9549849086641574,43.66191857960382,-79.39617885509905,108.6,-69.64872601957852,-58.6326705939475,1.0,3.1639674035922463,100.0,3.1639674035922463,3.1639673977979075,11.390282632072466,0.5995113719747736,0.38650079116105396,0.0,3.1639673977979075,11.390282632072466,0.029867276973980797,0.002078127186228538,0.002078127186228538,0.0,0.0,0.0,0.0,190.53545754020197,0.03173573763093368,114.24865547136125,6570.010364877229,1.8250028791325632,9.941964951937113,173329.80557575874,1783556779329805.5,1783556779122157.0
101.0,7223.467571930649,24288.0,118.8523097964126,-955.7872259713155,-0.4701509557749972,967.0904194784866,0.11885230979641259,-0.9557872259713155,-0.0004701509557750033,0.9670904194784866,0.9672302570604545,0.9672302570604545,9.485288600401905,-0.032769742939545536,-0.3213613995980942,1.1655430038649897,0.7955504404010922,0.3699925634638973,-0.10842288180491513,-9.3730707995716,-9.470469289899727,0.09739849032812575,0.004903325000000791,-0.004610605870451034,0.809048625,-0.813659230870451,0.13018489670464203,0.11885230979641259,1.1655430038649897,-0.10842288180491513,-0.10842288180491513,0.16589644449617266,9.485288600401905,0.9672302570604545,43.66190972995524,-79.3961810675112,108.6,-69.82689654476087,-59.61091074768382,1.0,3.1639674185840363,101.0,3.1639674185840363,3.1639673977979075,11.390282632072466,0.5982471364637449,1.386500791161052,0.0,3.1639673977979075,11.390282632072466,0.019113852831080608,0.007454839257678634,0.007454839257678634,0.0,0.0,0.0,0.0,175.4435803870516,0.0291682335228947,105.00564068242093,6598.005750937696,1.8327793752604704,9.941964951937113,173518.176666902,1783556779518176.8,1783556779438216.0
102.0,6602.095818260097,24288.0,81.24130334331208,-972.2222876146872,40.301444274896994,979.4167157110154,0.08124130334331207,-0.9722222876146872,0.04030144427489699,0.9794167157110154,0.9794756054567515,0.9794756054567515,9.605374446252453,-0.02052439454324848,-0.2012755537475477,0.7967050274316914,0.789351482813978,0.007353544617713315,-0.08052757266290105,-9.53424369683657,-9.472019029296504,-0.06222466754006628,0.004903325000000791,0.39522215849841835,0.809048625,-0.4138264665015816,0.10383932695940644,0.08124130334331207,0.7967050274316914,-0.08052757266290105,-0.08052757266290105,0.15587687658411417,9.605374446252453,0.9794756054567515,43.66190088030667,-79.39618327992333,108.6,-70.00506706994324,-60.58915090142013,1.0,3.1639674335758263,102.0,3.1639674335758263,3.1639673977979075,11.390282632072466,0.5969829009527163,2.38650079116105,0.0,3.1639673977979075,11.390282632072466,0.008360428688180415,0.01283155132912873,0.01283155132912873,0.0,0.0,0.0,0.0,160.35170323390125,0.026600729414855723,95.7626258934806,6626.001136998161,1.8405558713883776,9.941964951937113,173706.54775804526,1783556779706547.8,1783556779754274.8
103.0,6630.338691485457,24288.0,36.96199376353202,-949.4177125038663,117.06328437789972,957.8430262550262,0.03696199376353202,-0.9494177125038662,0.11706328437789973,0.9578430262550262,0.9574870891667474,0.9574870891667474,9.389740762977084,-0.042512910833252544,-0.41690923702291605,0.3624733361411413,0.784532,-0.4220586638588587,-0.029419949999999973,-9.310607210326038,-9.473223899999999,0.1626166896739597,0.004903325000000791,1.1479986577445302,0.8121768023233591,0.3358218554211711,-0.007758469836979862,0.03696199376353202,0.3624733361411413,-0.029419949999999973,-0.029419949999999973,0.04594033353125046,9.389740762977084,0.9574870891667474,43.66189201520249,-79.39618535442813,108.59291143748067,-70.17213160604466,-61.569099516818305,1.0,3.162220980714523,103.0,3.162220980714523,3.163967401160263,11.390282644176947,0.5950708856251933,0.2225333459296048,-0.007088562519331055,3.163967401160263,11.390282644176947,3.3623558378925564e-09,0.017011765673218937,0.017011765673218937,-0.22579860281417344,0.0,0.0,0.0,161.03766613879876,0.026619659709896507,95.83077495562742,6750.30102338113,1.875083617605869,9.941964951937113,174490.24783261522,1783556780490247.8,1783556780070885.8
104.0,7018.319607895032,24288.0,59.25974758017425,-955.7884993086212,121.8413744814659,966.1250491012075,0.059259747580174243,-0.9557884993086212,0.12184137448146591,0.9661250491012076,0.9659373982020122,0.9659373982020122,9.472609986077762,-0.03406260179798782,-0.3340400139222372,0.5811396036071157,0.784532,-0.20339239639288426,-0.029419949999999973,-9.373083286744889,-9.473223899999999,0.10014061325510996,0.004903325000000791,1.1948557150586676,0.8262339195176003,0.3686217955410673,0.023479568372445046,0.059259747580174243,0.5811396036071157,-0.029419949999999973,-0.029419949999999973,0.03019006216515381,9.472609986077762,0.9659373982020122,43.661883096100965,-79.39618694712483,108.5610575034569,-70.30039505310108,-62.555016999337475,1.0,3.15437287817679,104.0,3.15437287817679,3.1639674162697107,11.390282698570958,0.595389424965431,1.2225333459296026,-0.038942496543103854,3.1639674162697107,11.390282698570958,1.8471803025893683e-08,0.017011765673218937,0.017011765673218937,-1.2404717156051035,0.0,0.0,0.0,170.46094663655452,0.028193799719190466,101.49767898908567,6786.092097208104,1.885025582557806,9.941964951937113,174680.0972793969,1783556780680097.2,1783556780389425.0
105.0,7406.300524304606,24288.0,81.55750139681646,-962.1592861133761,126.6194645850321,974.407071947389,0.08155750139681647,-0.9621592861133761,0.1266194645850321,0.974407071947389,0.9743877072372769,0.9743877072372769,9.555479209178442,-0.025612292762723088,-0.25117079082155835,0.7998058710730902,0.784532,0.015273871073090195,-0.029419949999999973,-9.435559363163739,-9.473223899999999,0.037664536836260226,0.004903325000000791,1.241712772372805,0.8402910367118415,0.40142173566096345,0.05471760658186996,0.08155750139681647,0.7998058710730902,-0.029419949999999973,-0.029419949999999973,0.014439790799057169,9.555479209178442,0.9743877072372769,43.66187417699944,-79.39618853982154,108.52920356943312,-70.42865850015752,-63.54093448185665,1.0,3.146524775639057,105.0,3.146524775639057,3.1639674313791577,11.390282752964968,0.5957079643056687,2.2225333459296004,-0.07079643056687665,3.1639674313791577,11.390282752964968,3.3581250213894806e-08,0.017011765673218937,0.017011765673218937,-2.2551448283960336,0.0,0.0,0.0,179.88422713431027,0.029767939728484426,107.16458302254392,6821.883171035077,1.8949675475097432,9.941964951937113,174869.9467261786,1783556780869946.8,1783556780707964.2
106.0,7779.850657744997,24288.0,104.73097684554892,-965.6910832123996,131.3972329957162,980.2869327059739,0.10473097684554891,-0.9656910832123995,0.1313972329957162,0.9802869327059739,0.9803995819845831,0.9803995819845831,9.614435560669111,-0.019600418015416884,-0.19221443933088797,1.0270600340824023,0.78501894061968,0.2420410934627222,-0.026133100817159687,-9.470194461184876,-9.473223899999999,0.003029438815122326,0.008677114802521108,1.2885666749574403,0.8520829336057198,0.4364837413517203,0.0833565249999999,0.10473097684554891,1.0270600340824023,-0.026133100817159687,-0.026133100817159687,0.005478081971400473,9.614435560669111,0.9803995819845831,43.66186525518814,-79.39619009930826,108.5,-70.55424747276949,-64.52715150365856,1.0,3.1445930129907134,106.0,3.1445930129907134,3.1656979622834673,11.396512664220483,0.596099308248929,3.1445930129907134,-0.09751729377676817,3.1656979622834673,11.396512664220483,0.0017305633079243378,0.017877023610413222,0.017877023610413222,-3.106309442142226,0.0,0.0,0.0,188.95701277531046,0.03128856549318992,112.6388357754837,6857.764719953799,1.9049346444316102,9.933221812471157,175058.89623733936,1783556781058896.2,1783556781024827.0
107.0,7994.392338574476,24288.0,137.55376528955819,-937.940907527919,136.1714567693903,959.6980926820044,0.13755376528955818,-0.9379409075279189,0.13617145676939027,0.9596980926820045,0.9595430834946475,0.9595430834946475,9.409903179752783,-0.04045691650535252,-0.3967468202472153,1.3489416323768457,0.7908713333159426,0.558070299060903,0.013370549882612937,-9.198058200808665,-9.473223899999999,0.27516569919133355,0.05403315819855622,1.3353858165275412,0.838915050039129,0.49647076648841204,0.0833565249999999,0.13755376528955818,1.3489416323768457,0.013370549882612937,0.013370549882612937,0.07131749980435484,9.409903179752783,0.9595430834946475,43.66185630351856,-79.39619129286419,108.5,-70.65036721672838,-65.5166690586294,1.0,3.207851618248318,107.0,3.207851618248318,3.1864965256949103,11.471387492501677,0.5972928641923475,3.207851618248318,-0.06767839519130689,3.1864965256949103,11.471387492501677,0.022529112565722636,0.028276298239312374,0.028276298239312374,-2.155823135258839,0.0,0.0,0.0,194.16780111929685,0.03221953390923837,115.99032207325813,6894.64318666758,1.9151786629632161,9.828140651678726,175237.92962885214,1783556781237929.8,1783556781323216.0
108.0,8208.934019403954,24288.0,170.37655373356745,-910.1907318434385,140.94568054306436,939.109252658035,0.17037655373356744,-0.9101907318434385,0.14094568054306436,0.939109252658035,0.9386865850047118,0.9386865850047118,9.205370798836457,-0.06131341499528816,-0.6012792011635427,1.6708232306712891,0.7967237260122052,0.8740995046590837,0.05287420058238555,-8.925921940432454,-9.473223899999999,0.5473019595675447,0.09938920159459133,1.3822049580976419,0.8257471664725381,0.5564577916251038,0.0833565249999999,0.17037655373356744,1.6708232306712891,0.05287420058238555,0.05287420058238555,0.13715691763730922,9.205370798836457,0.9386865850047118,43.661847351848984,-79.39619248642013,108.5,-70.74648696068729,-66.50618661360025,1.0,3.271110223505923,108.0,3.271110223505923,3.207295089106353,11.546262320782871,0.598486420135766,3.271110223505923,-0.037839496605845624,3.207295089106353,11.546262320782871,0.043327661823520935,0.03867557286821152,0.03867557286821152,-1.2053368283754522,0.0,0.0,0.0,199.37858946328325,0.03315050232528682,119.34180837103256,6931.521653381362,1.9254226814948223,9.723059490886296,175416.9630203649,1783556781416963.0,1783556781621605.0
109.0,8423.475700233434,24288.0,203.1993421775767,-882.4405561589579,145.71990431673842,918.5204126340655,0.2031993421775767,-0.8824405561589579,0.14571990431673842,0.9185204126340656,0.9178300865147762,0.9178300865147762,9.000838417920129,-0.0821699134852238,-0.80581158207987,1.9927048289657323,0.8025761187084678,1.1901287102572646,0.09237785128215818,-8.653785680056243,-9.473223899999999,0.8194382199437559,0.14474524499062644,1.4290240996677428,0.8125792829059473,0.6164448167617955,0.0833565249999999,0.2031993421775767,1.9927048289657323,0.09237785128215818,0.09237785128215818,0.20299633547026358,9.000838417920129,0.9178300865147762,43.661838400179406,-79.39619367997608,108.5,-70.84260670464619,-67.4957041685711,1.0,3.334368828763528,109.0,3.334368828763528,3.228093652517796,11.621137149064065,0.5996799760791846,3.334368828763528,-0.008000598020384345,3.228093652517796,11.621137149064065,0.06412621108131923,0.04907484749711067,0.04907484749711067,-0.25485052149206533,0.0,0.0,0.0,204.5893778072696,0.034081470741335274,122.69329466880698,6968.400120095143,1.9356667000264283,9.617978330093866,175595.99641187768,1783556781595996.5,1783556781919994.0
110.0,7799.345852104078,24288.0,74.64202566071326,-957.5635426398859,88.73670943452208,964.3372135833382,0.07464202566071325,-0.9575635426398859,0.08873670943452208,0.9643372135833381,0.9645789425488155,0.9645789425488155,9.45928808694634,-0.03542105745118454,-0.3473619130536588,0.7319882209456335,0.8108038895271832,-0.07881566858154959,0.23128300889676076,-9.390490515429436,-9.479701255236407,0.08921073980697125,0.15690640000000045,0.8702098515760559,0.809048625,0.06116122657605594,-0.014709975000000042,0.07464202566071325,0.7319882209456335,0.23128300889676076,0.23128300889676076,0.17262293672866516,9.45928808694634,0.9645789425488155,43.66182943645736,-79.39619467898717,108.5,-70.9230593144008,-68.48655400350333,1.0,3.3247002943543786,110.0,3.3247002943543786,3.2603001373585463,11.737080494490765,0.5956789871696433,0.7318735476287813,0.0,3.2603001373585463,11.737080494490765,0.08055691132547962,0.05186316811059144,0.05186316811059144,0.0,0.0,0.0,0.0,189.43051205590385,0.031342571060280246,112.8332558170089,7117.009554930725,1.9769470985918676,9.237641630541972,176374.34477581558,1783556782374344.8,1783556782226329.0
111.0,7641.3210836579,24288.0,72.78654892749002,-966.5316801837982,85.64424821248336,972.9961050050466,0.07278654892749002,-0.9665316801837982,0.08564424821248336,0.9729961050050465,0.9730733034592598,0.9730733034592598,9.542589311368749,-0.026926696540740213,-0.26406068863125,0.71379221003977,0.8199018949801149,-0.10610968494034498,0.25251168828693504,-9.478437901474445,-9.475152252509941,-0.0032856489645023135,0.15690640000000045,0.8398831667329498,0.809048625,0.030834541732949902,-0.014709975000000042,0.07278654892749002,0.71379221003977,0.25251168828693504,0.25251168828693504,0.1495077996345691,9.542589311368749,0.9730733034592598,43.66182046831982,-79.39619560672553,108.5,-70.99777217153473,-69.47789192753343,1.0,3.288314446136335,111.0,3.288314446136335,3.2966859855765898,11.868069548075724,0.5966067255362549,1.7318735476287834,0.0,3.2966859855765898,11.868069548075724,0.09538742276063843,0.05186316811059144,0.05186316811059144,0.0,0.0,0.0,0.0,185.59240647988307,0.030754560183564296,110.71641666083147,7150.265064800677,1.9861847402224095,9.237641630541972,176559.2739568935,1783556782559274.0,1783556782535575.2
112.0,7483.296315211721,24288.0,70.93107219426679,-975.4998177277106,82.55178699044464,981.654996426755,0.07093107219426678,-0.9754998177277105,0.08255178699044464,0.981654996426755,0.9815676643697041,0.9815676643697041,9.625890535791159,-0.018432335630295886,-0.18075946420884112,0.6955961991339064,0.8289999004330467,-0.13340370129914036,0.2737403676771093,-9.566385287519452,-9.470603249783476,-0.09578203773597588,0.15690640000000045,0.8095564818898439,0.809048625,0.0005078568898438662,-0.014709975000000042,0.07093107219426678,0.6955961991339064,0.2737403676771093,0.2737403676771093,0.12639266254047302,9.625890535791159,0.9815676643697041,43.661811500182274,-79.3961965344639,108.5,-71.07248502866865,-70.46922985156354,1.0,3.2519285979182913,112.0,3.2519285979182913,3.3330718337946337,11.999058601660682,0.5975344639028666,2.731873547628785,0.0,3.3330718337946337,11.999058601660682,0.11021793419579723,0.05186316811059144,0.05186316811059144,0.0,0.0,0.0,0.0,181.7543009038623,0.030166549306848343,108.59957750465404,7183.520574670628,1.9954223818529515,9.237641630541972,176744.2031379714,1783556782744203.2,1783556782844821.2
113.0,6779.918246541687,24288.0,124.42437984839168,-977.2437984839167,50.417044583077114,987.0998934460147,0.12442437984839168,-0.9772437984839167,0.050417044583077116,0.9870998934460147,0.9864274039362934,0.9864274039362934,9.67354830081185,-0.013572596063706636,-0.13310169918814868,1.2201863446402301,0.8335652499999999,0.38662109464023026,0.21574629999999995,-9.583487896402302,-9.468320575,-0.11516732140230194,0.05616131607930862,0.4944223102606331,0.802698106470259,-0.30827579620962586,-0.014709975000000042,0.12442437984839168,1.2201863446402301,0.21574629999999995,0.21574629999999995,-0.09910280880337778,9.67354830081185,0.9864274039362934,43.66180253894383,-79.39619757562015,108.48560949620979,-71.15633168287086,-71.45980514948415,1.0,3.266532100898502,113.0,3.266532100898502,3.367260094281686,12.12213633941407,0.5940073352653146,0.4982032500890632,-0.01439050379020721,3.367260094281686,12.12213633941407,0.1166579534916688,0.05633762987324502,0.05633762987324502,-0.4156668975944239,0.0,0.0,0.0,164.6706543720045,0.02716816005884217,97.80537621183181,7312.210994917128,2.031169720810313,8.978949313983472,177516.34302274126,1783556783516343.0,1783556783143905.0
114.0,6639.249245595216,24288.0,123.26898764349254,-965.6898764349254,47.23971601960447,975.2571233457985,0.12326898764349253,-0.9656898764349253,0.04723971601960447,0.9752571233457985,0.9746816141516862,0.9746816141516862,9.558361451420634,-0.025318385848313765,-0.24828854857936616,1.208855817674056,0.8335652499999999,0.37529056767405605,0.21574629999999995,-9.470182626740561,-9.468320575,-0.0018620517405603387,0.09015289697783152,0.4632633611036541,0.789951263633313,-0.3266879025296589,-0.014709975000000042,0.12326898764349253,1.208855817674056,0.21574629999999995,0.21574629999999995,-0.06566533461989577,9.558361451420634,0.9746816141516862,43.66179358465424,-79.39619873101236,108.45672469108732,-71.24937801548221,-72.44961232053474,1.0,3.332492737150681,114.0,3.332492737150681,3.3992349160148585,12.23724569765349,0.5960292716238881,1.4982032500890645,-0.04327530891268414,3.3992349160148585,12.23724569765349,0.11464696070583492,0.06531882733001329,0.06531882733001329,-1.2499988645579396,0.0,0.0,0.0,161.2540856770166,0.026692175057843548,96.09183020823677,7338.994929134223,2.0386097025372836,8.45969875407192,177689.65185347613,1783556783689651.8,1783556783432753.0
115.0,6498.580244648746,24288.0,122.11359543859339,-954.1359543859339,44.06238745613183,963.4143532455823,0.12211359543859339,-0.9541359543859339,0.044062387456131835,0.9634143532455822,0.9629358243670791,0.9629358243670791,9.443174602029416,-0.037064175632920894,-0.3634753979705837,1.1975252907078817,0.8335652499999999,0.36396004070788185,0.21574629999999995,-9.356877357078819,-9.468320575,0.11144321792118128,0.1241444778763544,0.43210441194667515,0.7772044207963671,-0.34510000884969194,-0.014709975000000042,0.12211359543859339,1.1975252907078817,0.21574629999999995,0.21574629999999995,-0.032227860436413736,9.443174602029416,0.9629358243670791,43.66178463036465,-79.39619988640456,108.42783988596484,-71.34242434809354,-73.43941949158531,1.0,3.39845337340286,115.0,3.39845337340286,3.431209737748031,12.352355055892911,0.5980512079824616,2.4982032500890656,-0.07216011403516107,3.431209737748031,12.352355055892911,0.11263596792000105,0.07430002478678158,0.07430002478678158,-2.0843308315214553,0.0,0.0,0.0,157.83751698202872,0.02621619005684492,94.37828420464172,7365.778863351316,2.046049684264254,7.9404481941603695,177862.960684211,1783556783862960.8,1783556783721601.2
116.0,6350.617008151201,24288.0,121.20333319948766,-942.4611670213577,41.82349945792504,951.5730002810759,0.12120333319948766,-0.9424611670213576,0.04182349945792504,0.9515730002810758,0.9511849567803593,0.9511849567803593,9.32793795641011,-0.048815043219640676,-0.4787120435898892,1.1885986675207556,0.8336151004380188,0.3549835670827367,0.21574629999999995,-9.242386803569998,-9.468320575,0.22593377143000265,0.15690640000000045,0.4101484209590605,0.7649187,-0.35477027904093944,-0.014709975000000042,0.12120333319948766,1.1885986675207556,0.21574629999999995,0.21574629999999995,0.0,9.32793795641011,0.9511849567803593,43.661775674666885,-79.396201,108.4,-71.43210469311794,-74.4293823228926,1.0,3.463005990037375,116.0,3.463005990037375,3.463005990037375,12.46682156413455,0.5999491667001281,3.463005990037375,-0.09898333400255606,3.463005990037375,12.46682156413455,0.11055042974852523,0.08295632390196972,0.08295632390196972,-2.859114313037035,0.0,0.0,0.0,154.24378589397637,0.02570553314382423,92.53991931776723,7392.349792255614,2.0534304978487814,7.43945586371944,178036.04916268477,1783556784036049.2,1783556784010166.8
117.0,6008.312721959005,24288.0,126.82409323548431,-927.5661529259665,64.58757760371148,939.7694042054829,0.1268240932354843,-0.9275661529259666,0.06458757760371148,0.9397694042054829,0.9392988008024428,0.9392988008024428,9.211374584889276,-0.060701199197557225,-0.5952754151107246,1.243719493927762,0.834993121098194,0.4087263728295681,0.21574629999999995,-9.09631661359143,-9.468320575,0.37200396140857017,0.15690640000000045,0.6333877679074371,0.7649187,-0.13153093209256286,-0.014709975000000042,0.1268240932354843,1.243719493927762,0.21574629999999995,0.21574629999999995,0.0,9.211374584889276,0.9392988008024428,43.66176668145083,-79.396201,108.4,-71.43210469311794,-75.42349242603807,1.0,3.4900445987170454,117.0,3.4900445987170454,3.4900445987170454,12.564160555381363,0.5985439766911289,3.4900445987170454,-0.07087953382257439,3.4900445987170454,12.564160555381363,0.10647877138746867,0.08295632390196972,0.08295632390196972,-2.047341521637187,0.0,0.0,0.0,145.9298993909403,0.024271108999801845,87.37599239928664,7413.24559923803,2.05923488867723,7.42491937310453,178203.26677375566,1783556784203266.8,1783556784291204.8
118.0,5666.008435766809,24288.0,132.44485327148098,-912.6711388305754,87.35165574949792,927.96580812989,0.13244485327148095,-0.9126711388305754,0.08735165574949791,0.9279658081298899,0.9274126448245262,0.9274126448245262,9.09481121336844,-0.07258735517547378,-0.7118387866315599,1.2988403203347685,0.8363711417583691,0.46246917857639946,0.21574629999999995,-8.950246423612862,-9.468320575,0.5180741513871376,0.15690640000000045,0.8566271148558136,0.7649187,0.09170841485581366,-0.014709975000000042,0.13244485327148095,1.2988403203347685,0.21574629999999995,0.21574629999999995,0.0,9.09481121336844,0.9274126448245262,43.661757688234765,-79.396201,108.4,-71.43210469311794,-76.41760252918353,1.0,3.517083207396716,118.0,3.517083207396716,3.517083207396716,12.661499546628178,0.5971387866821297,3.517083207396716,-0.04277573364259273,3.517083207396716,12.661499546628178,0.10240711302641209,0.08295632390196972,0.08295632390196972,-1.2355687302373397,0.0,0.0,0.0,137.61601288790425,0.022836684855779457,82.21206548080605,7434.141406220445,2.0650392795056787,7.410382882489621,178370.48438482656,1783556784370484.5,1783556784572242.8
119.0,5323.7041495746125,24288.0,138.06561330747763,-897.7761247351843,110.11573389528436,916.162212054297,0.1380656133074776,-0.8977761247351843,0.11011573389528434,0.916162212054297,0.9155264888466097,0.9155264888466097,8.978247841847605,-0.08447351115339033,-0.8284021581523953,1.3539611467417751,0.8377491624185444,0.5162119843232308,0.21574629999999995,-8.804176233634294,-9.468320575,0.6641443413657052,0.15690640000000045,1.0798664618041902,0.7649187,0.3149477618041902,-0.014709975000000042,0.1380656133074776,1.3539611467417751,0.21574629999999995,0.21574629999999995,0.0,8.978247841847605,0.9155264888466097,43.66174869501871,-79.396201,108.4,-71.43210469311794,-77.411712632329,1.0,3.5441218160763865,119.0,3.5441218160763865,3.5441218160763865,12.758838537874992,0.5957335966731305,3.5441218160763865,-0.014671933462611073,3.5441218160763865,12.758838537874992,0.09833545466535552,0.08295632390196972,0.08295632390196972,-0.42379593883749234,0.0,0.0,0.0,129.3021263848682,0.02140226071175707,77.04813856232546,7455.037213202861,2.0708436703341273,7.395846391874712,178537.70199589746,1783556784537702.0,1783556784853280.8
120.0,5797.239137005668,24288.0,103.50460552936971,-937.0203243907338,65.96951341389934,945.690378455856,0.10350460552936971,-0.9370203243907338,0.06596951341389934,0.945690378455856,0.9453235648631668,0.9453235648631668,9.270457337365375,-0.054676435136833165,-0.536192662634625,1.0150334398145935,0.8417540678488658,0.1732793719657278,0.09574174073249535,-9.18903036418639,-9.483030549999999,0.2940001858136094,0.21210734359294908,0.6469399287204158,0.760976108581361,-0.11403617986094519,-0.02062386212795845,0.10350460552936971,1.0150334398145935,0.09574174073249535,0.09574174073249535,-0.17658466694060948,9.270457337365375,0.9453235648631668,43.66173971165398,-79.39620059796756,108.4,-71.399728116634,-78.40473376904397,1.0,3.5593330714816136,120.0,3.5593330714816136,3.5593330714816136,12.813599057333809,0.594,0.47793773907267284,0.0,3.5593330714816136,12.813599057333809,0.08441206080595781,0.08295632390196972,0.08295632390196972,0.0,0.0,0.0,0.0,140.80334415959368,0.023232551786332954,83.63718643079865,7560.572664527637,2.1001590734798987,7.274744353429007,179298.60242293653,1783556785298602.5,1783556785134010.8
121.0,6034.171958476059,24288.0,119.20666233687496,-945.4321405376115,53.35178919358263,955.5041639605469,0.11920666233687495,-0.9454321405376116,0.053351789193582626,0.9555041639605468,0.9550281268950244,0.9550281268950244,9.36562658061509,-0.04497187310497566,-0.4410234193849095,1.1690180152059146,0.848628379250264,0.3203896359556507,0.08061825564941914,-9.271522101003168,-9.483030549999999,0.21150844899683033,0.1942341339493137,0.523202323495247,0.7527269348996831,-0.22952461140443609,-0.03299762265047534,0.11920666233687495,1.1690180152059146,0.08061825564941914,0.08061825564941914,-0.14880967137940443,9.36562658061509,0.9550281268950244,43.66173073905009,-79.39619975678595,108.4,-71.33198586939743,-79.39656540296332,1.0,3.561625039945361,121.0,3.561625039945361,3.561625039945361,12.8218501438033,0.594,1.4779377390726742,0.0,3.561625039945361,12.8218501438033,0.059727392228432125,0.08295632390196972,0.08295632390196972,0.0,0.0,0.0,0.0,146.55796852746653,0.02418206480703198,87.05543330531512,7586.9841838693155,2.1074956066303647,7.145462248280643,179465.15638264472,1783556785465156.5,1783556785414404.8
122.0,6271.104779946451,24288.0,134.9087191443802,-953.8439566844894,40.734064973265916,965.3179494652376,0.13490871914438018,-0.9538439566844894,0.04073406497326592,0.9653179494652376,0.9647326889268818,0.9647326889268818,9.460795823864805,-0.03526731107311816,-0.34585417613519415,1.3230025905972358,0.8555026906516622,0.4674998999455736,0.06549477056634294,-9.354013837819947,-9.483030549999999,0.12901671218005126,0.1763609243056783,0.39946471827007823,0.7444777612180052,-0.345013042947927,-0.045371383172992226,0.13490871914438018,1.3230025905972358,0.06549477056634294,0.06549477056634294,-0.12103467581819938,9.460795823864805,0.9647326889268818,43.661721766446206,-79.39619891560433,108.4,-71.26424362216086,-80.38839703688265,1.0,3.5639170084091085,122.0,3.5639170084091085,3.5639170084091085,12.83010123027279,0.594,2.4779377390726753,0.0,3.5639170084091085,12.83010123027279,0.03504272365090644,0.08295632390196972,0.08295632390196972,0.0,0.0,0.0,0.0,152.3125928953394,0.025131577827731,90.4736801798316,7613.395703210994,2.114832139780831,7.0161801431322806,179631.7103423529,1783556785631710.2,1783556785694798.5
123.0,6508.037601416842,24288.0,150.61077595188542,-962.2557728313672,28.116340752949213,975.1317349699284,0.15061077595188543,-0.9622557728313672,0.028116340752949213,0.9751317349699283,0.9744372509587393,0.9744372509587393,9.55596506711452,-0.025562749041260657,-0.2506849328854788,1.476987165988557,0.8623770020530604,0.6146101639354965,0.050371285483266734,-9.436505574636726,-9.483030549999999,0.04652497536327216,0.15848771466204292,0.2757271130449094,0.7362285875363273,-0.46050147449141793,-0.057745143695509114,0.15061077595188543,1.476987165988557,0.050371285483266734,0.050371285483266734,-0.09325968025699433,9.55596506711452,0.9744372509587393,43.66171279384231,-79.39619807442271,108.4,-71.1965013749243,-81.38022867080198,1.0,3.566208976872856,123.0,3.566208976872856,3.566208976872856,12.83835231674228,0.594,3.4779377390726767,0.0,3.566208976872856,12.83835231674228,0.01035805507338075,0.08295632390196972,0.08295632390196972,0.0,0.0,0.0,0.0,158.06721726321226,0.026081090848430022,93.89192705434807,7639.807222552672,2.122168672931297,6.886898037983917,179798.26430206106,1783556785798264.2,1783556785975192.5
124.0,5735.582686040309,24288.0,108.13358720898152,-998.4095624996169,87.62616569737143,1007.9318270344471,0.10813358720898153,-0.9984095624996168,0.08762616569737144,1.007931827034447,1.0082395984208568,1.0082395984208568,9.887452857853894,0.008239598420856663,0.08080285785389399,1.0604282430029586,0.8738539258746301,0.18657431712832848,0.12833018537413707,-9.791053136086866,-9.483030549999999,-0.3080225860868665,0.23876416812438356,0.8593191378361276,0.7244116836248766,0.13490745421125094,-0.07333153449950694,0.10813358720898153,1.0604282430029586,0.12833018537413707,0.12833018537413707,0.110561616243477,9.887452857853894,1.0082395984208568,43.66170387245494,-79.39619652226453,108.3753710755805,-71.07150258602486,-82.3663988309091,1.0,3.5995688830687107,124.0,3.5995688830687107,3.5995688830687107,12.958447979047358,0.5977685537790252,0.9115259825419452,-0.02462892441949787,3.5995688830687107,12.958447979047358,0.0393180360951874,0.08103576096611534,0.08103576096611534,-0.6654598219676903,0.0,0.0,0.0,139.30583227854703,0.02313564884155209,83.28833582958752,7746.597911545145,2.151832753206984,6.875459930756007,180558.2958110518,1783556786558295.8,1783556786246289.2
125.0,5547.527362064065,24288.0,98.40658769296886,-986.7912019666016,78.43955504335948,994.6922999154299,0.09840658769296887,-0.9867912019666016,0.07843955504335948,0.9946922999154298,0.9950226235078877,0.9950226235078877,9.757838610823628,-0.004977376492112235,-0.048811389176372455,0.965038963199253,0.8857775858500934,0.07926137734915961,0.1561520586502178,-9.677115940765773,-9.483030549999999,-0.19408539076577402,0.25863693475015537,0.7692292624659611,0.7283862369500311,0.040843025515930054,-0.08922974780012452,0.09840658769296887,0.965038963199253,0.1561520586502178,0.1561520586502178,0.13307030061132374,9.757838610823628,0.9950226235078877,43.661694956038716,-79.39619490109794,108.34835163248047,-70.94094639518222,-83.35201948025899,1.0,3.6359442877999237,125.0,3.6359442877999237,3.6359442877999237,13.089399436079725,0.5964175816240235,1.9115259825419446,-0.05164836751953537,3.6359442877999237,13.089399436079725,0.07348484364315302,0.07892878544085541,0.07892878544085541,-1.3955101274037922,0.0,0.0,0.0,134.738344569812,0.02232817367074527,80.38142521468298,7766.9109862569685,2.1574752739602685,6.875459930756007,180718.791303066,1783556786718791.2,1783556786516483.8
126.0,5359.47203808782,24288.0,88.67958817695619,-975.1728414335865,69.2529443893475,981.4527727964125,0.08867958817695619,-0.9751728414335865,0.06925294438934751,0.9814527727964126,0.9818056485949189,0.9818056485949189,9.628224363793361,-0.018194351405081133,-0.17842563620663893,0.8696496833955474,0.8977012458255565,-0.028051562430009225,0.18397393192629855,-9.56317874544468,-9.483030549999999,-0.08014819544468149,0.27850970137592723,0.6791393870957947,0.7323607902751855,-0.05322140317939078,-0.10512796110074211,0.08867958817695619,0.8696496833955474,0.18397393192629855,0.18397393192629855,0.15557898497917044,9.628224363793361,0.9818056485949189,43.661686039622495,-79.39619327993137,108.32133218938043,-70.81039020433957,-84.33764012960889,1.0,3.6723196925311368,126.0,3.6723196925311368,3.6723196925311368,13.220350893112094,0.5950666094690217,2.911525982541944,-0.07866781061957286,3.6723196925311368,13.220350893112094,0.10765165119111865,0.07682180991559548,0.07682180991559548,-2.125560432839894,0.0,0.0,0.0,130.17085686107697,0.021520698499938457,77.47451459977844,7787.224060968793,2.163117794713553,6.875459930756007,180879.28679508023,1783556786879286.8,1783556786786678.0
127.0,5278.25161484961,24288.0,82.06927253735782,-960.2034172974813,62.0562775019662,965.3722498033799,0.08206927253735782,-0.9602034172974813,0.0620562775019662,0.9653722498033799,0.9657252034550324,0.9657252034550324,9.470529066462294,-0.03427479654496754,-0.33612093353770595,0.8048246315284799,0.909046753176299,-0.10422212164781902,0.20014476547110296,-9.416378842240345,-9.483030549999999,0.06665170775965468,0.2941994999999995,0.6085641937646568,0.73549875,-0.1269345562353432,-0.11436843741205895,0.08206927253735782,0.8048246315284799,0.20014476547110296,0.20014476547110296,0.15385487414803922,9.470529066462294,0.9657252034550324,43.661677142842436,-79.39619149350249,108.3,-70.66652506924596,-85.32109019754662,1.0,3.70324077933534,127.0,3.70324077933534,3.70324077933534,13.331666805607224,0.5940562775019662,3.70324077933534,-0.09437224980338796,3.70324077933534,13.331666805607224,0.12925256423844578,0.07378172492452419,0.07378172492452419,-2.5498856337849496,0.0,0.0,0.0,128.19817522146735,0.021155131177153622,76.15847223775303,7808.471401291858,2.169019833692182,6.888433955270408,181039.48511366989,1783556787039485.0,1783556787056277.5
128.0,5597.755767539653,24288.0,87.1492548813836,-932.6645656430258,62.32364499375703,938.6355006242968,0.0871492548813836,-0.9326645656430257,0.06232364499375703,0.9386355006242968,0.9389042335948738,0.9389042335948738,9.20750520238317,-0.06109576640512615,-0.5991447976168304,0.8546422403825205,0.9182236811230959,-0.06358144074057544,0.17261398163071223,-9.146314962663178,-9.483030549999999,0.33671558733682133,0.2941994999999995,0.6111861731780274,0.73549875,-0.12431257682197262,-0.09863656093183565,0.0871492548813836,0.8546422403825205,0.17261398163071223,0.17261398163071223,0.06123652826278736,9.20750520238317,0.9389042335948738,43.661668319715204,-79.39618908719505,108.3,-70.47273972077477,-86.29639868150863,1.0,3.713703390274634,128.0,3.713703390274634,3.713703390274634,13.369332204988684,0.594323644993757,3.713703390274634,-0.0676355006243026,3.713703390274634,13.369332204988684,0.10372035215398907,0.0672416610651356,0.0672416610651356,-1.8274735606607395,0.0,0.0,0.0,135.95829208200308,0.022447105853983625,80.80958107434105,7833.223057042579,2.1758952936229377,6.950071950413323,181198.56877128544,1783556787198568.8,1783556787323645.0
129.0,5917.259920229696,24288.0,92.22923722540939,-905.1257139885702,62.591012485547864,911.8987514452137,0.09222923722540939,-0.9051257139885701,0.06259101248554787,0.9118987514452137,0.9120832637347153,0.9120832637347153,8.944481338304044,-0.08791673626528476,-0.8621686616959547,0.904459849236561,0.9274006090698929,-0.022940759833331867,0.14508319779032153,-8.87625108308601,-9.483030549999999,0.606779466913988,0.2941994999999995,0.6138081525913979,0.73549875,-0.12169059740860207,-0.08290468445161235,0.09222923722540939,0.904459849236561,0.14508319779032153,0.14508319779032153,-0.0313818176224645,8.944481338304044,0.9120832637347153,43.66165949658797,-79.39618668088762,108.3,-70.27895437230356,-87.27170716547064,1.0,3.7241660012139284,129.0,3.7241660012139284,3.7241660012139284,13.406997604370142,0.5945910124855478,3.7241660012139284,-0.04089875144521723,3.7241660012139284,13.406997604370142,0.07818814006953237,0.06070159720574701,0.06070159720574701,-1.1050614875365297,0.0,0.0,0.0,143.71840894253884,0.023739080530813632,85.46068991092908,7857.974712793301,2.1827707535536938,7.011709945556237,181357.65242890097,1783556787357652.5,1783556787591012.5
130.0,6236.764072919739,24288.0,97.30921956943517,-877.5868623341146,62.85837997733869,885.1620022661307,0.09730921956943518,-0.8775868623341145,0.06285837997733869,0.8851620022661306,0.8852622938745567,0.8852622938745567,8.68145747422492,-0.11473770612544337,-1.1251925257750792,0.9542774580906015,0.9365775370166898,0.017699921073911717,0.1175524139499308,-8.606187203508844,-9.483030549999999,0.8768433464911546,0.2941994999999995,0.6164301320047685,0.73549875,-0.11906861799523151,-0.06717280797138905,0.09730921956943518,0.9542774580906015,0.1175524139499308,0.1175524139499308,-0.12400016350771637,8.68145747422492,0.8852622938745567,43.66165067346075,-79.3961842745802,108.3,-70.08516902383236,-88.24701564943264,1.0,3.7346286121532226,130.0,3.7346286121532226,3.7346286121532226,13.444663003751602,0.5948583799773387,3.7346286121532226,-0.01416200226613186,3.7346286121532226,13.444663003751602,0.052655927985075665,0.054161533346358426,0.054161533346358426,-0.3826494144123198,0.0,0.0,0.0,151.4785258030746,0.02503105520764364,90.1117987475171,7882.726368544022,2.18964621348445,7.0733479406991515,181516.73608651652,1783556787516736.0,1783556787858380.0
131.0,10594.850336935568,24288.0,75.5946745520744,-933.2813711530265,76.11558865409205,939.6532340377238,0.07559467455207439,-0.9332813711530266,0.07611558865409206,0.9396532340377238,0.9394919228708382,0.9394919228708382,9.213268465421304,-0.06050807712916185,-0.593381534578695,0.7413305151961003,0.9500294736139276,-0.20869895841782735,0.0478176736139276,-9.152363758417826,-9.48120718542089,0.32884342700306374,0.2917683472278547,0.7464389374746518,0.7391454791582173,0.007293458316434563,0.0,0.07559467455207439,0.7413305151961003,0.0478176736139276,0.0478176736139276,-0.0815763207883269,9.213268465421304,0.9394919228708382,43.66164190950827,-79.39618151254845,108.3,-69.86273639626421,-89.21578295647575,1.0,3.74687725691849,131.0,3.74687725691849,3.740170479597147,13.464613726549729,0.5946197714744955,0.47031697192229993,0.0,3.740170479597147,13.464613726549729,0.03428137548105831,0.0497692704036245,0.0497692704036245,0.0,0.0,0.0,0.0,257.3277249834911,0.042496456262714526,152.98724254577232,8068.189617088316,2.2411637825245316,7.327827342216405,182269.24862264458,1783556788269248.5,1783556788123954.2
132.0,10096.995322034862,24288.0,83.23776371677553,-925.3747271895426,78.48758184313724,932.5372544705883,0.08323776371677553,-0.9253747271895426,0.07848758184313724,0.9325372544705883,0.9325640224173226,0.9325640224173226,9.145328970438836,-0.06743597758267741,-0.6613210295611633,0.8162836155531168,0.9474448839464443,-0.13116126839332748,0.045233083946444264,-9.074826068393326,-9.477330300919666,0.4025042325263387,0.28659916789288814,0.7697002444820018,0.7468992481606672,0.02280099632133454,0.0,0.08323776371677553,0.8162836155531168,0.045233083946444264,0.045233083946444264,-0.06195977582551365,9.145328970438836,0.9325640224173226,43.66163321219991,-79.39617834989087,108.3,-69.60804046874277,-90.17718342242136,1.0,3.7611373787548996,132.0,3.7611373787548996,3.740170479597147,13.464613726549729,0.5959375454684096,1.470316971922297,0.0,3.740170479597147,13.464613726549729,0.02396796264848535,0.04779591590170621,0.04779591590170621,0.0,0.0,0.0,0.0,245.23582238158275,0.040580774135397374,146.09078688743054,8102.468528653893,2.2506857024038585,7.3093168295845015,182427.11794711548,1783556788427118.0,1783556788387509.0
133.0,9599.140307134157,24288.0,90.88085288147668,-917.4680832260586,80.85957503218242,925.4212749034527,0.09088085288147668,-0.9174680832260587,0.08085957503218243,0.9254212749034527,0.9256361219638071,0.9256361219638071,9.077389475456368,-0.07436387803619297,-0.7292605245436318,0.8912367159101333,0.9448602942789609,-0.05362357836882764,0.04264849427896093,-8.997288378368827,-9.47345341641844,0.47616503804961374,0.2814299885579216,0.7929615514893518,0.7546530171631172,0.03830853432623452,0.0,0.09088085288147668,0.8912367159101333,0.04264849427896093,0.04264849427896093,-0.042343230862700414,9.077389475456368,0.9256361219638071,43.66162451489155,-79.39617518723328,108.3,-69.35334454122133,-91.13858388836698,1.0,3.775397500591309,133.0,3.775397500591309,3.740170479597147,13.464613726549729,0.5972553194623236,2.470316971922294,0.0,3.740170479597147,13.464613726549729,0.013654549815912392,0.04582256139978792,0.04582256139978792,0.0,0.0,0.0,0.0,233.1439197796744,0.038665092008080215,139.19433122908876,8136.74744021947,2.2602076222831857,7.290806316952597,182584.98727158637,1783556788584987.2,1783556788651064.0
134.0,9101.285292233451,24288.0,98.52394204617784,-909.5614392625747,83.2315682212276,918.3052953363172,0.09852394204617784,-0.9095614392625747,0.08323156822122761,0.9183052953363172,0.9187082215102915,0.9187082215102915,9.0094499804739,-0.08129177848970853,-0.7972000195261002,0.9661898162671498,0.9422757046114776,0.0239141116556722,0.040063904611477595,-8.919750688344328,-9.469576531917216,0.5498258435728887,0.27626080922295504,0.8162228584967017,0.7624067861655672,0.053816072331134494,0.0,0.09852394204617784,0.9661898162671498,0.040063904611477595,0.040063904611477595,-0.022726685899887175,9.0094499804739,0.9187082215102915,43.66161581758319,-79.3961720245757,108.3,-69.09864861369988,-92.0999843543126,1.0,3.7896576224277188,134.0,3.7896576224277188,3.740170479597147,13.464613726549729,0.5985730934562375,3.470316971922291,0.0,3.740170479597147,13.464613726549729,0.003341136983339432,0.043849206897869634,0.043849206897869634,0.0,0.0,0.0,0.0,221.05201717776606,0.036749409880763056,132.297875570747,8171.026351785048,2.2697295421625125,7.272295804320693,182742.85659605725,1783556788742856.5,1783556788914618.8
135.0,8529.56993189962,24288.0,79.23860206520175,-978.2452662143696,72.47362856289567,985.7086550605896,0.07923860206520174,-0.9782452662143697,0.07247362856289567,0.9857086550605896,0.9855186430079294,0.9855186430079294,9.664636400453709,-0.014481356992070699,-0.14201359954629011,0.7770652369427107,0.9432259916962518,-0.16616075475354108,-0.1127764750000001,-9.593308939921148,-9.461629658303748,-0.13167928161740064,0.08212880071004078,0.7107235095463208,0.809048625,-0.09832511545367918,0.010725550177510368,0.07923860206520174,0.7770652369427107,-0.1127764750000001,-0.1127764750000001,-0.20889983816487115,9.664636400453709,0.9855186430079294,43.66160716692405,-79.39616863031289,108.28177163765147,-68.82530099661567,-93.05622821572949,1.0,3.7786823504806812,135.0,3.7786823504806812,3.750033273565183,13.50011978483466,0.5946354327530294,0.6760396352226776,-0.01822836234852498,3.750033273565183,13.50011978483466,0.00986279396803634,0.04275710399551223,0.04275710399551223,-0.49149957576037095,0.0,0.0,0.0,207.16619450597796,0.03422084722177835,123.19504999840206,8328.239084492157,2.313399745692265,7.266299131896247,183497.09418872677,1783556789497094.2,1783556789182283.5
136.0,8280.427634133452,24288.0,112.13401367502047,-962.3368294522442,83.52864393996589,974.9232742049113,0.11213401367502047,-0.9623368294522442,0.0835286439399659,0.9749232742049113,0.9747903807973949,0.9747903807973949,9.559428087846772,-0.025209619202605074,-0.24722191215322703,1.0996590252061393,0.9458702030754602,0.15378882213067924,-0.1127764750000001,-9.43730046854785,-9.458985446924538,0.021684978376688313,0.14558987381104335,0.8191361760938665,0.809048625,0.010087551093866526,0.02659081845276098,0.11213401367502047,1.0996590252061393,-0.1127764750000001,-0.1127764750000001,-0.14001702072330685,9.559428087846772,0.9747903807973949,43.661598538619366,-79.39616512506412,108.25480818551227,-68.54301542997989,-94.01000101569215,1.0,3.755614196771331,136.0,3.755614196771331,3.764622350084029,13.552640460302506,0.5940961637102455,1.6760396352226754,-0.045191814487719126,3.764622350084029,13.552640460302506,0.024451870486882247,0.042087299690426135,0.042087299690426135,-1.2185273270230275,0.0,0.0,0.0,201.11502637783326,0.03319243970147178,119.4927829252984,8358.429318420425,2.3217859217834507,7.266299131896247,183656.9874599122,1783556789656987.5,1783556789451918.2
137.0,8031.285336367284,24288.0,145.0294252848392,-946.4283926901187,94.58365931703612,964.1378933492331,0.1450294252848392,-0.9464283926901188,0.09458365931703612,0.964137893349233,0.9640621185868605,0.9640621185868605,9.454219775239835,-0.03593788141313945,-0.35243022476016395,1.422252813469568,0.9485144144546687,0.47373839901489967,-0.1127764750000001,-9.281291997174554,-9.456341235545331,0.17504923837077724,0.20905094691204593,0.9275488426414122,0.809048625,0.11850021764141222,0.04245608672801159,0.1450294252848392,1.422252813469568,-0.1127764750000001,-0.1127764750000001,-0.07113420328174258,9.454219775239835,0.9640621185868605,43.66158991031468,-79.39616161981533,108.22784473337309,-68.26072986334411,-94.9637738156548,1.0,3.7325460430619803,137.0,3.7325460430619803,3.779211426602875,13.60516113577035,0.5935568946674616,2.6760396352226734,-0.07215526662691328,3.779211426602875,13.60516113577035,0.039040947005728154,0.04141749538534004,0.04141749538534004,-1.9455550782856839,0.0,0.0,0.0,195.06385824968856,0.03216403218116521,115.79051585219474,8388.619552348695,2.3301720978746365,7.266299131896247,183816.88073109763,1783556789816880.8,1783556789721552.8
138.0,7782.143038601115,24288.0,177.92483689465791,-930.5199559279934,105.63867469410636,953.3525124935547,0.17792483689465793,-0.9305199559279933,0.10563867469410634,0.9533525124935547,0.9533338563763262,0.9533338563763262,9.349011462632898,-0.04666614362367383,-0.4576385373671009,1.7448466017329969,0.9511586258338771,0.79368797589912,-0.1127764750000001,-9.125283525801256,-9.453697024166122,0.3284134983648662,0.27251202001304853,1.035961509188958,0.809048625,0.22691288418895794,0.05832135500326221,0.17792483689465793,1.7448466017329969,-0.1127764750000001,-0.1127764750000001,-0.0022513858401783104,9.349011462632898,0.9533338563763262,43.66158128200999,-79.39615811456656,108.20088128123389,-67.97844429670833,-95.91754661561747,1.0,3.70947788935263,138.0,3.70947788935263,3.793800503121721,13.657681811238195,0.5930176256246777,3.676039635222671,-0.09911871876610742,3.793800503121721,13.657681811238195,0.053630023524574064,0.040747691080253945,0.040747691080253945,-2.67258282954834,0.0,0.0,0.0,189.01269012154387,0.031135624660858636,112.08824877909109,8418.809786276963,2.3385582739658224,7.266299131896247,183976.77400228305,1783556789976774.0,1783556789991187.2
139.0,7578.169366509959,24288.0,164.2250545065059,-929.4991543900511,93.2284369463017,948.9932351204084,0.16422505450650587,-0.929499154390051,0.0932284369463017,0.9489932351204083,0.9490661579759374,0.9490661579759374,9.307159638114726,-0.050933842024062564,-0.4994903618852731,1.610497630776226,0.956156667600806,0.6543409631754199,-0.14592989380543991,-9.115272882399195,-9.4536106,0.338337717600805,0.2745861999999999,0.9142586511794495,0.809048625,0.10521002617944952,0.058839900000000056,0.16422505450650587,1.610497630776226,-0.14592989380543991,-0.14592989380543991,-0.05572003160578121,9.307159638114726,0.9490661579759374,43.66157273604743,-79.39615424365792,108.2,-67.66671131930698,-96.86221731675109,1.0,3.7472905875054208,139.0,3.7472905875054208,3.8061193022369935,13.702029488053176,0.593500845609949,3.7472905875054208,-0.07495771950254809,3.8061193022369935,13.702029488053176,0.052399231715894175,0.04072579900347528,0.04072579900347528,-2.021118882270215,0.0,0.0,0.0,184.05857757379388,0.030342164153382072,109.23179095217546,8445.100231723418,2.3458611754787264,7.406520496582048,184131.00156895982,1783556790131001.5,1783556790250422.8
140.0,7375.721881112096,24288.0,148.95088361331668,-928.9813858851971,80.02534007252798,944.8510870815774,0.14895088361331668,-0.9289813858851972,0.08002534007252798,0.9448510870815774,0.9450167532776673,0.9450167532776673,9.267448543530437,-0.05498324672233268,-0.5392014564695637,1.4607091827865317,0.9612342421089312,0.4994749406776007,-0.18020352173528517,-9.110195307891068,-9.4536106,0.34341529210893057,0.2745861999999999,0.7847805012222564,0.809048625,-0.024268123777743567,0.058839900000000056,0.14895088361331668,1.4607091827865317,-0.18020352173528517,-0.18020352173528517,-0.11332276762232785,9.267448543530437,0.9450167532776673,43.661564192867104,-79.39615036039413,108.2,-67.35398335377415,-97.80658047029152,1.0,3.787160367196553,140.0,3.787160367196553,3.8183613917532546,13.746101010311715,0.5940186141148028,3.787160367196553,-0.04906929425985599,3.8183613917532546,13.746101010311715,0.050633907980012896,0.04072579900347528,0.04072579900347528,-1.3230775672797392,0.0,0.0,0.0,179.14153304845058,0.02955664218729904,106.40391187427655,8471.258908598245,2.3531274746106225,7.551479751289974,184285.03769915385,1783556790285037.8,1783556790509307.0
141.0,7173.274395714232,24288.0,133.67671272012745,-928.4636173803433,66.82224319875425,940.7089390427465,0.13367671272012746,-0.9284636173803433,0.06682224319875425,0.9407089390427464,0.9409673485793972,0.9409673485793972,9.227737448946145,-0.059032651420602794,-0.5789125510538544,1.310920734796838,0.9663118166170563,0.34460891817978145,-0.21447714966513043,-9.105117733382944,-9.4536106,0.34849286661705614,0.2745861999999999,0.6553023512650633,0.809048625,-0.15374627373493666,0.058839900000000056,0.13367671272012746,1.310920734796838,-0.21447714966513043,-0.21447714966513043,-0.1709255036388745,9.227737448946145,0.9409673485793972,43.661555649686775,-79.39614647713034,108.2,-67.04125538824132,-98.75094362383197,1.0,3.8270301468876844,141.0,3.8270301468876844,3.8306034812695158,13.790172532570256,0.5945363826196567,3.8270301468876844,-0.023180869017163874,3.8306034812695158,13.790172532570256,0.04886858424413162,0.04072579900347528,0.04072579900347528,-0.6250362522892638,0.0,0.0,0.0,174.22448852310725,0.028771120221216005,103.57603279637763,8497.417585473071,2.360393773742519,7.6964390059979,184439.07382934788,1783556790439073.8,1783556790768191.2
142.0,6836.462820471422,24288.0,3.3612366806510137,-1015.3738311269005,115.29947206974322,1021.4555053277396,0.003361236680651014,-1.0153738311269005,0.11529947206974323,1.0214555053277397,1.0219402740359056,1.0219402740359056,10.021810588374212,0.02194027403590549,0.21516058837421256,0.03296247169430626,0.9858353084338861,-0.9528728367395798,-0.24516625000000014,-9.957415781020618,-9.4536106,-0.5038051810206197,0.29366553313222726,1.1307015677727474,0.8078471995475124,0.32285436822523506,0.23045627499999988,0.003361236680651014,0.03296247169430626,-0.24516625000000014,-0.24516625000000014,0.0,10.021810588374212,1.0219402740359056,43.66154712880853,-79.39614250995479,108.2,-66.72176981908844,-99.69284150560989,1.0,3.862153913453839,142.0,3.862153913453839,3.8421414333290294,13.831709159984506,0.5999183257991609,0.10458558989765239,0.0,3.8421414333290294,13.831709159984506,0.04657669647733289,0.04043783276072526,0.04043783276072526,0.0,0.0,0.0,0.0,166.0440089836099,0.027670225298215445,99.61281107357561,8623.165371497476,2.395323714304854,7.264089988209994,185193.25316596698,1783556791193253.2,1783556791027224.8
143.0,6840.888100013988,24288.0,16.376764747023437,-1009.3866882163692,118.16288824434515,1016.2492941011906,0.01637676474702343,-1.0093866882163691,0.11816288824434516,1.0162492941011907,1.016687784531499,1.016687784531499,9.970301262175825,0.016687784531499043,0.1636512621758251,0.16060120000639733,0.9883880830001279,-0.8277868829937306,-0.24516625000000014,-9.898701965997057,-9.4536106,-0.4450913659970575,0.2885599839997437,1.1587820880014075,0.7963597139994242,0.3624223740019833,0.23045627499999988,0.01637676474702343,0.16060120000639733,-0.24516625000000014,-0.24516625000000014,0.0,9.970301262175825,1.016687784531499,43.661538798870566,-79.39613782436469,108.2,-66.34442871108857,-100.61363284811095,1.0,3.856644467100337,143.0,3.856644467100337,3.8476508796825315,13.851543166857113,0.5991373941151785,1.1045855898976498,0.0,3.8476508796825315,13.851543166857113,0.03977660617912938,0.03768443008802602,0.03768443008802602,0.0,0.0,0.0,0.0,166.15149017313973,0.02765203252628179,99.54731709461444,8649.031927340613,2.402508868705725,7.242967157728142,185348.65857107946,1783556791348658.5,1783556791287535.2
144.0,6845.3133795565545,24288.0,29.392292813395855,-1003.3995453058379,121.02630441894709,1011.0430828746416,0.02939229281339585,-1.003399545305838,0.12102630441894709,1.0110430828746417,1.0114352950270926,1.0114352950270926,9.918791935977437,0.011435295027092595,0.1121419359774376,0.2882399283184884,0.9909408575663698,-0.7027009292478814,-0.24516625000000014,-9.839988150973495,-9.4536106,-0.3863775509734954,0.2834544348672602,1.1868626082300675,0.784872228451336,0.4019903797787315,0.23045627499999988,0.02939229281339585,0.2882399283184884,-0.24516625000000014,-0.24516625000000014,0.0,9.918791935977437,1.0114352950270926,43.661530468932604,-79.39613313877459,108.2,-65.9670876030887,-101.53442419061201,1.0,3.8511350207468347,144.0,3.8511350207468347,3.8531603260360336,13.871377173729721,0.5983564624311962,2.1045855898976473,0.0,3.8531603260360336,13.871377173729721,0.032976515880925865,0.03493102741532679,0.03493102741532679,0.0,0.0,0.0,0.0,166.2589713626696,0.02763383975434813,99.48182311565327,8674.89848318375,2.4096940231065966,7.2218443272462896,185504.06397619194,1783556791504064.0,1783556791547845.8
145.0,6849.738659099121,24288.0,42.40782087976827,-997.4124023953066,123.88972059354901,1005.8368716480927,0.04240782087976827,-0.9974124023953066,0.12388972059354902,1.0058368716480928,1.0061828055226862,1.0061828055226862,9.86728260977905,0.006182805522686151,0.060632609779050134,0.41587865663057944,0.9934936321326117,-0.5776149755020321,-0.24516625000000014,-9.781274335949933,-9.4536106,-0.32766373594993325,0.2783488857347766,1.2149431284587275,0.7733847429032478,0.44155838555547966,0.23045627499999988,0.04240782087976827,0.41587865663057944,-0.24516625000000014,-0.24516625000000014,0.0,9.86728260977905,1.0061828055226862,43.661522138994634,-79.39612845318447,108.2,-65.58974649508883,-102.45521553311309,1.0,3.845625574393332,145.0,3.845625574393332,3.8586697723895362,13.89121118060233,0.5975755307472139,3.1045855898976447,0.0,3.8586697723895362,13.89121118060233,0.026176425582722356,0.03217762474262755,0.03217762474262755,0.0,0.0,0.0,0.0,166.36645255219946,0.02761564698241447,99.4163291366921,8700.765039026886,2.416879177507468,7.200721496764437,185659.46938130443,1783556791659469.5,1783556791808156.5
146.0,6487.984189233972,24288.0,33.55944852555299,-936.4247407084187,154.39931696041597,949.7512016227467,0.03355944852555299,-0.9364247407084186,0.15439931696041598,0.9497512016227467,0.9500468154015135,0.9500468154015135,9.316776602257251,-0.049953184598486564,-0.48987339774274824,0.3291057658831142,1.0002783,-0.6711725341168858,-0.14709975000000008,-9.183189683468214,-9.4339973,0.25080761653178646,-0.08307681345215275,1.5141400616698635,0.8116906898298014,0.702449371840062,0.23045627499999988,0.03355944852555299,0.3291057658831142,-0.14709975000000008,-0.14709975000000008,0.15397531637288944,9.316776602257251,0.9500468154015135,43.66151384467492,-79.39612365292183,108.2,-65.20317054872902,-103.37206963405313,1.0,3.8458411570028974,146.0,3.8458411570028974,3.8655805159491874,13.916089857417074,0.5940673539085671,0.26302036526550493,0.0,3.8655805159491874,13.916089857417074,0.02258975274474763,0.02907095632557468,0.02907095632557468,0.0,0.0,0.0,0.0,157.5801599881147,0.026003705993061704,93.61334157502213,8819.741164218793,2.4499281011718863,7.1551975748906775,186408.07557559747,1783556792408075.5,1783556792067354.0
147.0,6506.934011727528,24288.0,43.29043845467641,-945.6435732728513,129.30360609057135,956.409247363726,0.043290438454676415,-0.9456435732728513,0.12930360609057137,0.9564092473637259,0.9567581271106222,0.9567581271106222,9.382592087229384,-0.04324187288937775,-0.42405791277061633,0.42453417827155243,1.0002783,-0.5757441217284476,-0.14709975000000008,-9.273595547836207,-9.4339973,0.16040175216379227,-0.10065573152370681,1.2680352086681017,0.8217357858706897,0.4462994227974119,0.23045627499999988,0.043290438454676415,0.42453417827155243,-0.14709975000000008,-0.14709975000000008,0.1116979761334608,9.382592087229384,0.9567581271106222,43.66150565015709,-79.39611853134818,108.2,-64.79071870567024,-104.27789163546518,1.0,3.8620981961353715,147.0,3.8620981961353715,3.876417676013126,13.955103633647253,0.5943234325909125,1.263020365265508,0.0,3.876417676013126,13.955103633647253,0.028007033740151073,0.024974441898023184,0.024974441898023184,0.0,0.0,0.0,0.0,158.0404132768382,0.026090976167135613,93.92751420168821,8844.006557251565,2.4566684881254344,7.041302113029974,186560.44239159295,1783556792560442.5,1783556792323432.5
148.0,6525.883834221084,24288.0,53.02142838379984,-954.8624058372841,104.20789522072673,963.0672931047052,0.05302142838379984,-0.9548624058372841,0.10420789522072674,0.9630672931047051,0.963469438819731,0.963469438819731,9.448407572201516,-0.03653056118026894,-0.35824242779848436,0.5199625906599907,1.0002783,-0.4803157093400092,-0.14709975000000008,-9.364001412204201,-9.4339973,0.0699958877957981,-0.11823464959526088,1.0219303556663397,0.831780881911578,0.19014947375476177,0.23045627499999988,0.05302142838379984,0.5199625906599907,-0.14709975000000008,-0.14709975000000008,0.06942063589403216,9.448407572201516,0.963469438819731,43.66149745563926,-79.39611340977454,108.2,-64.37826686261147,-105.18371363687724,1.0,3.878355235267845,148.0,3.878355235267845,3.8872548360770645,13.994117409877433,0.5945795112732578,2.263020365265511,0.0,3.8872548360770645,13.994117409877433,0.03342431473555452,0.02087792747047168,0.02087792747047168,0.0,0.0,0.0,0.0,158.5006665655617,0.026178246341209525,94.24168682835429,8868.271950284337,2.463408875078982,6.927406651169271,186712.80920758843,1783556792712809.2,1783556792579511.2
149.0,6544.83365671464,24288.0,62.75241831292327,-964.0812384017167,79.1121843508821,969.7253388456843,0.06275241831292327,-0.9640812384017168,0.0791121843508821,0.9697253388456843,0.9701807505288399,0.9701807505288399,9.514223057173648,-0.02981924947116013,-0.29242694282635245,0.615391003048429,1.0002783,-0.384887296951571,-0.14709975000000008,-9.454407276572196,-9.4339973,-0.020409976572196065,-0.13581356766681496,0.775825502664578,0.8418259779524662,-0.06600047528788833,0.23045627499999988,0.06275241831292327,0.615391003048429,-0.14709975000000008,-0.14709975000000008,0.027143295654603522,9.514223057173648,0.9701807505288399,43.661489261121424,-79.39610828820089,108.2,-63.965815019552686,-106.08953563828929,1.0,3.894612274400319,149.0,3.894612274400319,3.898091996141003,14.03313118610761,0.5948355899556033,3.2630203652655143,0.0,3.898091996141003,14.03313118610761,0.03884159573095797,0.016781413042920183,0.016781413042920183,0.0,0.0,0.0,0.0,158.96091985428518,0.026265516515283437,94.55585945502037,8892.537343317112,2.47014926203253,6.813511189308568,186865.17602358392,1783556792865176.0,1783556792835590.0
150.0,6402.911660825385,24288.0,72.01954583893247,-965.2419277689548,70.13710834656767,970.4314458267162,0.07201954583893248,-0.9652419277689549,0.07013710834656768,0.9704314458267161,0.9708167347592176,0.9708167347592176,9.520459931926482,-0.029183265240782366,-0.2861900680735183,0.7062704792013672,1.0002783,-0.29400782079863275,-0.14620242790298896,-9.465789750955421,-9.4339973,-0.031792450955421554,-0.1408184953209211,0.6878100735668679,0.8446859366119555,-0.15687586304508758,0.23853217387310005,0.07201954583893248,0.7062704792013672,-0.14620242790298896,-0.14620242790298896,0.0014955368283518832,9.520459931926482,0.9708167347592176,43.66148116345694,-79.39610289546806,108.19084986109415,-63.53152611713959,-106.98465147002665,1.0,3.9057028868228576,150.0,3.9057028868228576,3.9050497715830215,14.058179177698877,0.5954575069452928,3.9057028868228576,-0.009150138905856777,3.9050497715830215,14.058179177698877,0.03844734272476593,0.014151330317028199,0.014151330317028199,-0.2338880440853401,0.0,0.0,0.0,155.51391841812696,0.025718036079799615,92.5849298872786,8914.614250619172,2.4762817362831027,6.662692224245709,187017.90083343512,1783556793017900.8,1783556793091501.5
151.0,5972.461948212162,24288.0,80.45472429275455,-951.9501314174777,90.0748028737835,960.4625985631083,0.08045472429275455,-0.9519501314174776,0.09007480287378349,0.9604625985631082,0.9605564639250977,0.9605564639250977,9.41984104695106,-0.03944353607490225,-0.38680895304894014,0.7889913219855414,1.0002783,-0.2112869780144585,-0.1436957356974079,-9.335441756265206,-9.4339973,0.09855554373479258,-0.12327164988185418,0.8833320656021888,0.8346591677896313,0.04867289781255746,0.2610924037233294,0.08045472429275455,0.7889913219855414,-0.1436957356974079,-0.1436957356974079,0.005673357170986959,9.41984104695106,0.9605564639250977,43.661473239501426,-79.39609701640428,108.16528871426438,-63.058071890813316,-107.86056551289785,1.0,3.9075273809331623,151.0,3.9075273809331623,3.9050497715830215,14.058179177698877,0.596735564286781,3.9075273809331623,-0.03471128573562282,3.9050497715830215,14.058179177698877,0.027629954995536454,0.014151330317028199,0.014151330317028199,-0.8872602713381436,0.0,0.0,0.0,145.059155798177,0.024032114207487923,86.51561114695653,8932.76605284495,2.481323903568041,6.4456500127530925,187171.26771441373,1783556793171267.8,1783556793347112.8
152.0,5542.012235598938,24288.0,88.88990274657664,-938.6583350660005,110.01249740099931,950.4937512995003,0.08888990274657663,-0.9386583350660005,0.1100124974009993,0.9504937512995004,0.9502961930909779,0.9502961930909779,9.319222161975638,-0.049703806909022145,-0.48742783802436196,0.8717121647697157,1.0002783,-0.1285661352302843,-0.14118904349182687,-9.205093761574993,-9.4339973,0.22890353842500671,-0.10572480444278726,1.0788540576375096,0.8246323989673071,0.2542216586702025,0.28365263357355885,0.08888990274657663,0.8717121647697157,-0.14118904349182687,-0.14118904349182687,0.009851177513622035,9.319222161975638,0.9502961930909779,43.661465315545904,-79.39609113734052,108.13972756743462,-62.584617664487034,-108.73647955576905,1.0,3.9093518750434675,152.0,3.9093518750434675,3.9050497715830215,14.058179177698877,0.5980136216282692,3.9093518750434675,-0.06027243256538887,3.9050497715830215,14.058179177698877,0.01681256726630698,0.014151330317028199,0.014151330317028199,-1.540632498590947,0.0,0.0,0.0,134.604393178227,0.022346192335176235,80.44629240663444,8950.917855070727,2.486366070852979,6.228607801260476,187324.6345953923,1783556793324634.5,1783556793602724.2
153.0,5111.562522985714,24288.0,97.3250812003987,-925.3665387145232,129.95019192821513,940.5249040358924,0.0973250812003987,-0.9253665387145232,0.1299501919282151,0.9405249040358925,0.940035922256858,0.940035922256858,9.218603277000216,-0.05996407774314203,-0.5880467229997838,0.9544330075538898,1.0002783,-0.045845292446110075,-0.13868235128624581,-9.074745766884778,-9.4339973,0.35925153311522084,-0.08817795900372033,1.2743760496728305,0.814605630144983,0.4597704195278476,0.3062128634237883,0.0973250812003987,0.9544330075538898,-0.13868235128624581,-0.13868235128624581,0.014028997856257112,9.218603277000216,0.940035922256858,43.66145739159039,-79.39608525827674,108.11416642060485,-62.11116343816076,-109.61239359864025,1.0,3.911176369153772,153.0,3.911176369153772,3.9050497715830215,14.058179177698877,0.5992916789697573,3.911176369153772,-0.08583357939515492,3.9050497715830215,14.058179177698877,0.005995179537077511,0.014151330317028199,0.014151330317028199,-2.1940047258437505,0.0,0.0,0.0,124.14963055827704,0.020660270462864547,74.37697366631235,8969.069657296506,2.4914082381379172,6.0115655897678595,187478.00147637088,1783556793478001.5,1783556793858335.8
154.0,3807.8233242139104,24288.0,23.94622076879061,-971.664794608113,185.67753739395764,989.9688982526494,0.02394622076879061,-0.971664794608113,0.18567753739395762,0.9899688982526494,0.9904633160329657,0.9904633160329657,9.713127078174683,-0.009536683967034321,-0.09352292182531714,0.23483220590226045,1.0089475480009489,-0.7741153420986884,-0.13729310000000006,-9.52877655804365,-9.436840804997628,-0.09193575304602222,-0.14709974999999886,1.8208746220844545,0.8101860269990511,1.0106885950854034,0.31871612500000013,0.02394622076879061,0.23483220590226045,-0.13729310000000006,-0.13729310000000006,0.0,9.713127078174683,0.9904633160329657,43.66144963650095,-79.39607898444913,108.1,-61.60591799183275,-110.46964118527919,1.0,3.904224419134737,154.0,3.904224419134737,3.9058776288060573,14.061159463701806,0.5958840172740894,0.44578305898400533,0.0,3.9058776288060573,14.061159463701806,0.0008278572230357612,0.012923949063115997,0.012923949063115997,0.0,0.0,0.0,0.0,92.48441289850747,0.01530862204615894,55.111039366172186,9040.716347132271,2.5113100964256296,4.9852445846584645,188228.0097219168,1783556794228009.8,1783556794115982.8
155.0,3697.5080603315882,24288.0,50.74450421190196,-959.6966291869176,162.52173907903617,976.4396677765155,0.050744504211901964,-0.9596966291869176,0.16252173907903616,0.9764396677765155,0.9768351781197665,0.9768351781197665,9.579480699508208,-0.023164821880233468,-0.22716930049179157,0.49763359222964837,1.0063960782307801,-0.5087624860011316,-0.13729310000000006,-9.411408948615884,-9.44321947942305,0.03181053080716448,-0.14709974999999886,1.59379381253943,0.8127374967692199,0.7810563157702101,0.31871612500000013,0.050744504211901964,0.49763359222964837,-0.13729310000000006,-0.13729310000000006,0.0,9.579480699508208,0.9768351781197665,43.66144209135318,-79.3960722198339,108.1,-61.06114831427736,-111.30368181942369,1.0,3.886361211004085,155.0,3.886361211004085,3.9077347142343877,14.067844971243796,0.5956238397649329,1.4457830589840044,0.0,3.9077347142343877,14.067844971243796,0.00268494265136619,0.010170633904147072,0.010170633904147072,0.0,0.0,0.0,0.0,89.80507576933361,0.014859016848140593,53.49246065330614,9053.624148539935,2.5148955968166478,4.857553100801862,188382.81533986487,1783556794382815.2,1783556794376160.2
156.0,3587.1927964492656,24288.0,77.54278765501331,-947.7284637657222,139.36594076411473,962.9104373003817,0.07754278765501332,-0.9477284637657223,0.1393659407641147,0.9629104373003816,0.9632070402065673,0.9632070402065673,9.445834320841733,-0.03679295979343262,-0.36081567915826596,0.7604349785570362,1.0038446084606112,-0.24340962990357473,-0.13729310000000006,-9.29404133918812,-9.44959815384847,0.1555568146603512,-0.14709974999999886,1.3667130029944055,0.8152889665393886,0.5514240364550167,0.31871612500000013,0.07754278765501332,0.7604349785570362,-0.13729310000000006,-0.13729310000000006,0.0,9.445834320841733,0.9632070402065673,43.66143454620541,-79.39606545521865,108.1,-60.51637863672198,-112.13772245356817,1.0,3.8684980028734324,156.0,3.8684980028734324,3.909591799662718,14.074530478785785,0.5953636622557765,2.4457830589840035,0.0,3.909591799662718,14.074530478785785,0.004542028079696619,0.007417318745178145,0.007417318745178145,0.0,0.0,0.0,0.0,87.12573864015977,0.014409411650122248,51.87388194044009,9066.5319499476,2.518481097207666,4.729861616945261,188537.62095781293,1783556794537621.0,1783556794636337.8
157.0,3476.877532566943,24288.0,104.34107109812467,-935.7602983445269,116.21014244919326,949.3812068242478,0.10434107109812468,-0.9357602983445269,0.11621014244919324,0.9493812068242476,0.9495789022933683,0.9495789022933683,9.312187942175258,-0.050421097706631765,-0.4944620578247404,1.0232363648844243,1.0012931386904425,0.021943226193982035,-0.13729310000000006,-9.176673729760354,-9.455976828273892,0.2793030985135379,-0.14709974999999886,1.1396321934493807,0.8178404363095575,0.32179175713982333,0.31871612500000013,0.10434107109812468,1.0232363648844243,-0.13729310000000006,-0.13729310000000006,0.0,9.312187942175258,0.9495789022933683,43.661427001057646,-79.39605869060341,108.1,-59.971608959166595,-112.97176308771267,1.0,3.8506347947427804,157.0,3.8506347947427804,3.9114488850910485,14.081215986327775,0.5951034847466201,3.4457830589840026,0.0,3.9114488850910485,14.081215986327775,0.006399113508027049,0.004664003586209218,0.004664003586209218,0.0,0.0,0.0,0.0,84.44640151098591,0.013959806452103901,50.255303227574046,9079.439751355265,2.522066597598684,4.602170133088659,188692.426575761,1783556794692426.5,1783556794896515.2
158.0,2843.8703338408836,24288.0,87.29905713371286,-1028.8877427382672,128.08441461948047,1040.8410427702722,0.08729905713371286,-1.0288877427382672,0.12808441461948047,1.0408410427702721,1.040843884794646,1.040843884794646,10.207191682821415,0.04084388479464605,0.4005416828214156,0.8561112986403251,1.0017446743201626,-0.14563337567983745,-0.12042979531812982,-10.089941982324227,-9.458513924999998,-0.6314280573242281,-0.14709974999999886,1.2560790246281281,0.8384685749999999,0.4176104496281283,0.20112878859674735,0.08729905713371286,0.8561112986403251,-0.12042979531812982,-0.12042979531812982,0.02805874323106528,10.207191682821415,1.040843884794646,43.66141966367156,-79.396051514143,108.1,-59.39367246324997,-113.78283774621278,1.0,3.87106556191344,158.0,3.87106556191344,3.9031782475499344,14.051441691179765,0.5958971714011385,0.6022532963910703,0.0,3.9031782475499344,14.051441691179765,-0.0029388235223032685,0.0030352318131246885,0.0030352318131246885,0.0,0.0,0.0,0.0,69.07192266832737,0.011443419120442347,41.19630883359245,9131.278207190759,2.5364661686640986,4.529583274430971,189438.8666686807,1783556795438866.8,1783556795149528.5
159.0,3333.482155989237,24288.0,87.79562084785927,-1035.3430710221705,109.95983905313676,1045.558398054663,0.08779562084785926,-1.0353430710221705,0.10995983905313678,1.045558398054663,1.045509172622095,1.045509172622095,10.252942527694467,0.045509172622095015,0.44629252769446803,0.860980925187659,1.0041794875938295,-0.14319856240617054,-0.09242944267096032,-10.153247127439567,-9.458513924999998,-0.6947332024395679,-0.14709974999999886,1.0783376556504436,0.8384685749999999,0.23986908065044377,0.15243252312340916,0.08779562084785926,0.860980925187659,-0.09242944267096032,-0.09242944267096032,0.07464834830123084,10.252942527694467,1.045509172622095,43.661412463497705,-79.39604406568729,108.1,-58.793831574694195,-114.57874496409868,1.0,3.9167868547407476,159.0,3.9167868547407476,3.8882189485265175,13.997588214695464,0.5973868625435778,1.602253296391072,0.0,3.8882189485265175,13.997588214695464,-0.01967029962737677,0.0021491432722964814,0.0021491432722964814,0.0,0.0,0.0,0.0,80.96361460466659,0.013454289620223926,48.43544263280613,9147.66317974946,2.541017549930404,4.493389214547176,189588.08406478172,1783556795588084.0,1783556795397810.5
160.0,3823.09397813759,24288.0,88.29218456200567,-1041.7983993060736,91.83526348679307,1050.2757533390538,0.08829218456200566,-1.0417983993060735,0.09183526348679306,1.0502757533390539,1.050174460449544,1.050174460449544,10.29869337256752,0.05017446044954398,0.49204337256752045,0.8658505517349928,1.0066143008674964,-0.1407637491325036,-0.06442909002379082,-10.216552272554907,-9.458513924999998,-0.7580383475549077,-0.14709974999999886,0.9005962866727591,0.8384685749999999,0.06212771167275921,0.10373625765007097,0.08829218456200566,0.8658505517349928,-0.06442909002379082,-0.06442909002379082,0.1212379533713964,10.29869337256752,1.050174460449544,43.66140526332385,-79.39603661723157,108.1,-58.19399068613841,-115.37465218198457,1.0,3.962508147568055,160.0,3.962508147568055,3.8732596495031,13.94373473821116,0.598876553686017,2.6022532963910736,0.0,3.8732596495031,13.94373473821116,-0.03640177573245028,0.0012630547314682748,0.0012630547314682748,0.0,0.0,0.0,0.0,92.85530654100579,0.015465160120005504,55.674576432019805,9164.04815230816,2.54556893119671,4.457195154663381,189737.3014608827,1783556795737301.5,1783556795646092.2
161.0,4312.705800285943,24288.0,88.78874827615208,-1048.253727589977,73.71068792044936,1054.9931086234446,0.08878874827615207,-1.0482537275899768,0.07371068792044935,1.0549931086234445,1.054839748276993,1.054839748276993,10.344444217440572,0.05483974827699295,0.5377942174405729,0.8707201782823266,1.0090491141411633,-0.1383289358588367,-0.03642873737662132,-10.279857417670247,-9.458513924999998,-0.8213434926702474,-0.14709974999999886,0.7228549176950746,0.8384685749999999,-0.11561365730492534,0.05503999217673278,0.08878874827615207,0.8707201782823266,-0.03642873737662132,-0.03642873737662132,0.16782755844156197,10.344444217440572,1.054839748276993,43.661398063149996,-79.39602916877587,108.1,-57.59414979758263,-116.17055939987047,1.0,4.008229440395362,161.0,4.008229440395362,3.8583003504796833,13.88988126172686,0.6003662448284562,3.6022532963910754,0.0,3.8583003504796833,13.88988126172686,-0.05313325183752378,0.00037696619064006825,0.00037696619064006825,0.0,0.0,0.0,0.0,104.74699847734499,0.017476030619787083,62.913710231233495,9180.43312486686,2.5501203124630156,4.421001094779586,189886.5188569837,1783556795886518.8,1783556795894374.2
162.0,4422.402157851051,24288.0,91.23746994286572,-1048.6133653942766,69.43078724572743,1055.0608593828497,0.09123746994286572,-1.0486133653942764,0.06943078724572743,1.0550608593828497,1.0549133856038564,1.0549133856038564,10.345166352932058,0.054913385603856425,0.5385163529320586,0.894733934615204,1.0152047697435476,-0.12047083512834358,-0.02085961089746595,-10.28338425974378,-9.454856910897465,-0.8285273488463162,-0.14709974999999886,0.6808834297433128,0.8384685749999999,-0.15758514525668707,0.0043357593592210746,0.09123746994286572,0.894733934615204,-0.02085961089746595,-0.02085961089746595,0.16581417696616485,10.345166352932058,1.0549133856038564,43.6613909725541,-79.39602152506012,108.1,-56.97858417943938,-116.95435386978268,1.0,4.001465689047959,162.0,4.001465689047959,3.8519362573810043,13.866970526571615,0.599955847359996,4.001465689047959,0.0,3.8519362573810043,13.866970526571615,-0.051263915849673825,-0.004316129999248309,0.004316129999248309,0.0,0.0,0.0,0.0,107.41130360988632,0.017904528445934688,64.45630240536488,9195.710494321293,2.554364026200358,4.376538890774649,190038.60380973748,1783556796038603.8,1783556796149164.8
163.0,4250.800148930626,24288.0,95.13161537978911,-1044.4596102615583,75.40181024900997,1051.6859333375162,0.0951316153797891,-1.0444596102615582,0.07540181024900998,1.0516859333375161,1.0515872566519135,1.0515872566519135,10.312548170445487,0.05158725665191353,0.5058981704454878,0.9329224559642088,1.024115424724982,-0.09119296876077318,-0.014494857339298492,-10.242649836971509,-9.448492157339297,-0.7941576796322113,-0.14709974999999886,0.7394391624784535,0.8384685749999999,-0.09902941252154634,-0.04785521981775219,0.0951316153797891,0.9329224559642088,-0.014494857339298492,-0.014494857339298492,0.12781399843689498,10.312548170445487,1.0515872566519135,43.66138396309232,-79.39601373676925,108.1,-56.35137560079903,-117.7291797755371,1.0,3.9558407736585437,163.0,3.9558407736585437,3.8519362573810043,13.866970526571615,0.5981385794894317,3.9558407736585437,0.0,3.8519362573810043,13.866970526571615,-0.03562210007402837,-0.011828024402716372,0.011828024402716372,0.0,0.0,0.0,0.0,103.24343401722706,0.017161400240083675,61.78104086430123,9210.167768325578,2.5583799356459926,4.325954757940898,190192.81196903964,1783556796192812.0,1783556796408774.2
164.0,4079.198140010202,24288.0,99.0257608167125,-1040.30585512884,81.37283325229251,1048.3110072921825,0.09902576081671251,-1.04030585512884,0.08137283325229251,1.0483110072921824,1.0482611276999707,1.0482611276999707,10.279929987958917,0.04826112769997064,0.473279987958917,0.9711109773132136,1.0330260797064164,-0.0619151023932028,-0.008130103781131031,-10.201915414199236,-9.44212740378113,-0.7597880104181065,-0.14709974999999886,0.7979948952135943,0.8384685749999999,-0.04047367978640562,-0.10004619899472544,0.09902576081671251,0.9711109773132136,-0.008130103781131031,-0.008130103781131031,0.08981381990762509,10.279929987958917,1.0482611276999707,43.66137695363053,-79.39600594847836,108.1,-55.724167022158674,-118.50400568129155,1.0,3.9102158582691287,164.0,3.9102158582691287,3.8519362573810043,13.866970526571615,0.5963213116188675,3.9102158582691287,0.0,3.8519362573810043,13.866970526571615,-0.019980284298382923,-0.019339918806184436,0.019339918806184436,0.0,0.0,0.0,0.0,99.07556442456779,0.016418272034232663,59.10577932323759,9224.625042329864,2.5623958450916278,4.275370625107146,190347.02012834183,1783556796347020.2,1783556796668384.0
165.0,3907.596131089778,24288.0,102.9199062536359,-1036.1520999961217,87.34385625557505,1044.936081246849,0.1029199062536359,-1.0361520999961216,0.08734385625557506,1.044936081246849,1.0449349987480276,1.0449349987480276,10.247311805472346,0.04493499874802774,0.44066180547234624,1.0092994986622184,1.0419367346878508,-0.03263723602563241,-0.00176535022296357,-10.161180991426965,-9.435762650222964,-0.7254183412040017,-0.14709974999999886,0.856550627948735,0.8384685749999999,0.018082052948735106,-0.1522371781716987,0.1029199062536359,1.0092994986622184,-0.00176535022296357,-0.00176535022296357,0.05181364137835523,10.247311805472346,1.0449349987480276,43.66136994416875,-79.39599816018749,108.1,-55.09695844351832,-119.27883158704597,1.0,3.864590942879713,165.0,3.864590942879713,3.8519362573810043,13.866970526571615,0.5945040437483032,3.864590942879713,0.0,3.8519362573810043,13.866970526571615,-0.0043384685227374695,-0.0268518132096525,0.0268518132096525,0.0,0.0,0.0,0.0,94.90769483190851,0.01567514382838165,56.43051778217394,9239.08231633415,2.5664117545372624,4.224786492273395,190501.228287644,1783556796501228.2,1783556796927993.8
166.0,4494.65347630415,24288.0,122.61852632838533,-960.2181045955772,107.45221110572544,974.5014730733112,0.12261852632838534,-0.9602181045955772,0.10745221110572545,0.9745014730733111,0.9747722707283791,0.9747722707283791,9.559250488738458,-0.02522772927162085,-0.24739951126154058,1.20247697121826,1.0166316628680447,0.18584530835021507,-0.004676223477174927,-9.416522875432216,-9.458513924999998,0.04199104956778227,-0.14709974999999886,1.0537462260399624,0.8384685749999999,0.21527765103996235,-0.16671305000000003,0.12261852632838534,1.20247697121826,-0.004676223477174927,-0.004676223477174927,-0.0078591991213024,9.559250488738458,0.9747722707283791,43.66136323157911,-79.39598989642126,108.1,-54.43145876479805,-120.020841245685,1.0,3.8398666397172594,166.0,3.8398666397172594,3.8398666397172594,13.823519902982133,0.5990463158209633,0.7226365158006455,0.0,3.8398666397172594,13.823519902982133,-0.012069617663744876,-0.034681407408779424,0.034681407408779424,0.0,0.0,0.0,0.0,109.1661436324752,0.01816760391313099,65.40337408727156,9321.209362397416,2.5892248228881702,4.433408411696805,191257.48841730537,1783556797257488.5,1783556797190736.8
167.0,4384.85204507155,24288.0,122.09063483207476,-988.1963539000378,83.16920227543888,1000.1042106443742,0.12209063483207476,-0.9881963539000378,0.08316920227543889,1.0001042106443743,1.0004472484899225,1.0004472484899225,9.811036009403697,0.0004472484899224402,0.0043860094036979325,1.1973001240759658,1.0256911453670594,0.1716089787089063,-0.01114728240504257,-9.690895773973805,-9.458513924999998,-0.23238184897380648,-0.14709974999999886,0.8156112574944326,0.8384685749999999,-0.0228573175055673,-0.16671305000000003,0.12209063483207476,1.1973001240759658,-0.01114728240504257,-0.01114728240504257,-0.018734928411836254,9.811036009403697,1.0004472484899225,43.6613566329354,-79.39598145015731,108.1,-53.75126213581334,-120.75025532073636,1.0,3.823164442416349,167.0,3.823164442416349,3.823164442416349,13.763391992698855,0.5977265870801869,1.7226365158006467,0.0,3.823164442416349,13.763391992698855,-0.028771814964655355,-0.04263294164321681,0.04263294164321681,0.0,0.0,0.0,0.0,106.4992864706978,0.017686105844238766,63.66998103925956,9337.069533759939,2.5936304260444265,4.471885924018573,191414.53613745776,1783556797414536.2,1783556797454682.5
168.0,4275.05061383895,24288.0,121.56274333576418,-1016.1746032044985,58.886193445152315,1025.7069482154373,0.12156274333576418,-1.0161746032044985,0.05888619344515232,1.0257069482154373,1.0261222262514658,1.0261222262514658,10.062821530068936,0.026122226251465736,0.25617153006893645,1.1921232769336716,1.034750627866074,0.1573726490675975,-0.017618341332910212,-9.965268672515393,-9.458513924999998,-0.5067547475153953,-0.14709974999999886,0.577476288948903,0.8384685749999999,-0.26099228605109703,-0.16671305000000003,0.12156274333576418,1.1921232769336716,-0.017618341332910212,-0.017618341332910212,-0.02961065770237011,10.062821530068936,1.0261222262514658,43.6613500342917,-79.39597300389337,108.1,-53.07106550682863,-121.47966939578771,1.0,3.8064622451154384,168.0,3.8064622451154384,3.8064622451154384,13.703264082415577,0.5964068583394104,2.722636515800648,0.0,3.8064622451154384,13.703264082415577,-0.045474012265565834,-0.050584475877654196,0.050584475877654196,0.0,0.0,0.0,0.0,103.83242930892041,0.017204607775346548,61.93658799124757,9352.92970512246,2.5980360292006823,4.510363436340341,191571.58385761015,1783556797571583.8,1783556797718628.2
169.0,4165.24918260635,24288.0,121.03485183945361,-1044.152852508959,34.60318461486577,1051.3096857865003,0.1210348518394536,-1.044152852508959,0.034603184614865765,1.0513096857865,1.051797204013009,1.051797204013009,10.314607050734175,0.051797204013009024,0.507957050734175,1.1869464297913774,1.0438101103650888,0.14313631942628868,-0.024089400260777858,-10.239641571056982,-9.458513924999998,-0.781127646056984,-0.14709974999999886,0.3393413204033734,0.8384685749999999,-0.49912725459662666,-0.16671305000000003,0.1210348518394536,1.1869464297913774,-0.024089400260777858,-0.024089400260777858,-0.04048638699290397,10.314607050734175,1.051797204013009,43.66134343564799,-79.39596455762944,108.1,-52.39086887784392,-122.20908347083906,1.0,3.789760047814528,169.0,3.789760047814528,3.789760047814528,13.6431361721323,0.595087129598634,3.7226365158006494,0.0,3.789760047814528,13.6431361721323,-0.06217620956647631,-0.058536010112091585,0.058536010112091585,0.0,0.0,0.0,0.0,101.16557214714302,0.016723109706454325,60.20319494323558,9368.789876484982,2.602441632356938,4.548840948662109,191728.63157776254,1783556797728631.5,1783556797982574.0
170.0,4336.079521196751,24288.0,137.06337995015994,-963.8325511554134,-4.9101129842565925,974.99149087279,0.13706337995015994,-0.9638325511554133,-0.004910112984256594,0.97499149087279,0.9752006867491654,0.9752006867491654,9.563451814708701,-0.024799313250834603,-0.24319818529129714,1.344132594988236,1.0353809080897056,0.3087516868985303,0.13135530010441188,-9.451968487788234,-9.458513924999998,0.006545437211764649,-0.07354987500000121,-0.04815175949705991,0.8449166585073529,-0.8930684180044126,-0.20799469211911756,0.13706337995015994,1.344132594988236,0.13135530010441188,0.13135530010441188,0.19319962132627683,9.563451814708701,0.9752006867491654,43.66133721381054,-79.39595558372443,108.1,-51.66818012680208,-122.89684538291573,1.0,3.726187004332872,170.0,3.726187004332872,3.726187004332872,13.414273215598339,0.5989479655527866,0.9339791610640023,0.0,3.726187004332872,13.414273215598339,-0.10910635670720156,-0.05977218205512857,0.05977218205512857,0.0,0.0,0.0,0.0,105.31469941082668,0.017518927343147656,63.068138435331555,9448.995093167507,2.6247208592131956,4.760882150902214,192495.7531326348,1783556798495753.2,1783556798263008.5
171.0,4483.919566192452,24288.0,116.78817377932077,-981.8549566406037,24.094695843471676,991.0426957580378,0.11678817377932077,-0.9818549566406036,0.024094695843471674,0.9910426957580376,0.9911586212859533,0.9911586212859533,9.719945693433894,-0.008841378714046652,-0.08670430656610556,1.145300744392976,1.0257154709079919,0.11958527348498421,0.13549763032514645,-9.628707910539577,-9.458513924999998,-0.1701939855395776,-0.07354987500000121,0.23628824899338152,0.8518205422085772,-0.6155322932151956,-0.22594478974230076,0.11678817377932077,1.145300744392976,0.13549763032514645,0.13549763032514645,0.12880970823812432,9.719945693433894,0.9911586212859533,43.66133101860866,-79.39594657252168,108.1,-50.94248770537514,-123.58166299938311,1.0,3.6593007685279875,171.0,3.6593007685279875,3.6593007685279875,13.173482766700754,0.5978215652099622,1.9339791610640025,0.0,3.6593007685279875,13.173482766700754,-0.15817324810404737,-0.060533660481735974,0.060533660481735974,0.0,0.0,0.0,0.0,108.90543842368228,0.018081491654056994,65.09336995460517,9468.247664545028,2.630068795706952,4.985192171221923,192663.5867837156,1783556798663586.8,1783556798544608.8
172.0,4631.759611188155,24288.0,96.5129676084816,-999.8773621257941,53.09950467119995,1007.0939006432855,0.0965129676084816,-0.999877362125794,0.05309950467119995,1.0070939006432853,1.0071165558227413,1.0071165558227413,9.876439572159086,0.007116555822741295,0.06978957215908604,0.946468893797716,1.016050033726278,-0.06958113992856185,0.139639960545881,-9.805447333290918,-9.458513924999998,-0.3469334082909199,-0.07354987500000121,0.520728257483823,0.8587244259098015,-0.33799616842597857,-0.24389488736548393,0.0965129676084816,0.946468893797716,0.139639960545881,0.139639960545881,0.06441979514997181,9.876439572159086,1.0071165558227413,43.66132482340677,-79.39593756131895,108.1,-50.2167952839482,-124.26648061585048,1.0,3.5924145327231027,172.0,3.5924145327231027,3.5924145327231027,12.93269231780317,0.5966951648671378,2.9339791610640025,0.0,3.5924145327231027,12.93269231780317,-0.20724013950089323,-0.06129513890834337,0.06129513890834337,0.0,0.0,0.0,0.0,112.4961774365379,0.01864405596496633,67.11860147387878,9487.500235922551,2.6354167322007083,5.209502191541632,192831.42043479646,1783556798831420.5,1783556798826208.8
173.0,4870.624289064542,24288.0,90.35650242445688,-1007.9313436571588,64.75309244493032,1014.3697231347076,0.09035650242445688,-1.0079313436571586,0.06475309244493031,1.0143697231347075,1.014371746793412,1.014371746793412,9.947588690691612,0.014371746793411862,0.1409386906916124,0.8860945945008,1.0084728122111861,-0.12237821771038623,0.14219642500000007,-9.884429911275475,-9.458513924999998,-0.4259159862754766,-0.07086297868531131,0.6350109140250758,0.8645973377888136,-0.22958642376373795,-0.25497289999999995,0.09035650242445688,0.8860945945008,0.14219642500000007,0.14219642500000007,0.021976236931520378,9.947588690691612,1.014371746793412,43.66131858891288,-79.39592860255905,108.1,-49.49532620350428,-124.95564157113029,1.0,3.544792953565582,173.0,3.544792953565582,3.544792953565582,12.761254632836096,0.5957808102612256,3.544792953565582,0.0,3.544792953565582,12.761254632836096,-0.21783320072431694,-0.061765089980919896,0.061765089980919896,0.0,0.0,0.0,0.0,118.29772273279958,0.01957586889135282,70.47312800887016,9508.979555951883,2.641383209986634,5.43646990904724,193000.099352416,1783556799000099.2,1783556799109594.8
174.0,5256.223478339916,24288.0,106.95988251203798,-999.915918787292,48.43597753127302,1007.499358960536,0.10695988251203797,-0.9999159187872919,0.04843597753127301,1.0074993589605359,1.0075978471257403,1.0075978471257403,9.881159427515641,0.007597847125740366,0.07450942751564175,1.0489181318366771,1.0042618586593963,0.04465627317728091,0.14219642500000007,-9.805825444975396,-9.458513924999998,-0.34731151997539794,-0.0638447227656608,0.47499467905705844,0.8688082913406037,-0.3938136122835452,-0.25497289999999995,0.10695988251203797,1.0489181318366771,0.14219642500000007,0.14219642500000007,0.014910878623148044,9.881159427515641,1.0075978471257403,43.66131229107905,-79.39591972833865,108.1,-48.78066527878702,-125.65180412233323,1.0,3.5282265941981334,174.0,3.5282265941981334,3.5282265941981334,12.701615739113281,0.595208279913378,3.5282265941981334,0.0,3.5282265941981334,12.701615739113281,-0.16640526286780094,-0.061765089980919896,0.061765089980919896,0.0,0.0,0.0,0.0,127.6631558419199,0.021102921957271814,75.97051904617854,9534.048463382902,2.648346795384139,5.6677219162629795,193170.14086572675,1783556799170140.8,1783556799395860.0
175.0,5641.822667615292,24288.0,123.5632625996191,-991.9004939174253,32.11886261761572,1000.6289947863645,0.12356326259961908,-0.9919004939174252,0.03211886261761571,1.0006289947863645,1.000823947458069,1.000823947458069,9.81473016433967,0.0008239474580688695,0.00808016433967107,1.2117416691725544,1.0000509051076063,0.21169076406494802,0.14219642500000007,-9.727220978675318,-9.458513924999998,-0.2687070536753193,-0.056826466846010296,0.31497844408904113,0.8730192448923936,-0.5580408008033525,-0.25497289999999995,0.12356326259961908,1.2117416691725544,0.14219642500000007,0.14219642500000007,0.00784552031477571,9.81473016433967,1.000823947458069,43.66130599324522,-79.39591085411826,108.1,-48.06600435406976,-126.34796667353616,1.0,3.511660234830685,175.0,3.511660234830685,3.511660234830685,12.641976845390467,0.5946357495655303,3.511660234830685,0.0,3.511660234830685,12.641976845390467,-0.11497732501128491,-0.061765089980919896,0.061765089980919896,0.0,0.0,0.0,0.0,137.0285889510402,0.022629975023190807,81.46791008348691,9559.11737081392,2.655310380781644,5.89897392347872,193340.1823790375,1783556799340182.5,1783556799682125.2
176.0,6027.421856890667,24288.0,140.1666426872002,-983.8850690475585,15.80174770395842,993.758630612193,0.1401666426872002,-0.9838850690475585,0.01580174770395841,0.993758630612193,0.9940500477903974,0.9940500477903974,9.7483009011637,-0.005949952209602625,-0.0583490988362996,1.3745652065084317,0.9958399515558165,0.3787252549526152,0.14219642500000007,-9.64861651237524,-9.458513924999998,-0.1901025873752406,-0.04980821092635979,0.15496220912102388,0.8772301984441835,-0.7222679893231597,-0.25497289999999995,0.1401666426872002,1.3745652065084317,0.14219642500000007,0.14219642500000007,0.0007801620064033787,9.7483009011637,0.9940500477903974,43.661299695411394,-79.39590197989787,108.1,-47.351343429352504,-127.04412922473911,1.0,3.4950938754632364,176.0,3.4950938754632364,3.4950938754632364,12.58233795166765,0.5940632192176827,3.4950938754632364,0.0,3.4950938754632364,12.58233795166765,-0.0635493871547689,-0.061765089980919896,0.061765089980919896,0.0,0.0,0.0,0.0,146.39402206016052,0.0241570280891098,86.96530112079529,9584.186278244939,2.6622739661791495,6.1302259306944595,193510.22389234824,1783556799510224.0,1783556799968390.5
177.0,7580.125858150334,24288.0,125.93887796799491,-964.1051363478483,41.853299057188394,974.063571752885,0.1259388779679949,-0.9641051363478482,0.041853299057188396,0.9740635717528849,0.9735654959945994,0.9735654959945994,9.547416071295437,-0.02643450400540057,-0.25923392870456147,1.2350384976248372,0.9881218898587993,0.24691660776603794,0.2076240418645968,-9.454641635365626,-9.478127224999998,0.023485589634372514,0.09357078443519627,0.4104406551991765,0.8866326520057976,-0.47619199680662094,-0.2907228080231903,0.1259388779679949,1.2350384976248372,0.2076240418645968,0.2076240418645968,0.08582884704218652,9.547416071295437,0.9735654959945994,43.66129353178588,-79.39589292787439,108.1,-46.622363621972674,-127.7254563894164,1.0,3.4732286946166266,177.0,3.4732286946166266,3.4732286946166266,12.503623300619855,0.5987811734462225,0.88957927222475,0.0,3.4732286946166266,12.503623300619855,-0.06283757619951437,-0.061455146332932684,0.061455146332932684,0.0,0.0,0.0,0.0,184.10609684275533,0.03062666045975211,110.25597765510761,9724.705372937033,2.701307048038065,7.765218049868396,194283.49508039324,1783556800283495.0,1783556800260391.2
178.0,7928.74668131176,24288.0,110.13239228309399,-952.982053828844,51.8055307847186,961.7696384424064,0.11013239228309399,-0.9529820538288439,0.0518055307847186,0.9617696384424064,0.9612025067205817,0.9612025067205817,9.426176562531392,-0.038797493279418296,-0.3804734374686074,1.0800298247830038,0.9909924208373518,0.08903740394565185,0.22054143126808293,-9.345561458180631,-9.478127224999998,0.1325657668193664,0.10505290834940595,0.5080387084699606,0.8966795104307311,-0.38864080196077055,-0.3309102417229249,0.11013239228309399,1.0800298247830038,0.22054143126808293,0.22054143126808293,0.08092080279508314,9.426176562531392,0.9612025067205817,43.661287384819225,-79.39588385378076,108.1,-45.89160645590891,-128.40494208338035,1.0,3.450705787424149,178.0,3.450705787424149,3.450705787424149,12.422540834726936,0.5996593115398281,1.889579272224749,0.0,3.450705787424149,12.422540834726936,-0.06842100144999323,-0.06110673033711922,0.06110673033711922,0.0,0.0,0.0,0.0,192.57339939570005,0.03208330073178182,115.49988263441456,9760.857136150451,2.711349204486236,8.666354887688884,194459.41541181222,1783556800459415.5,1783556800553103.8
179.0,8277.367504473186,24288.0,94.32590659819309,-941.8589713098396,61.7577625122488,949.475705131928,0.09432590659819307,-0.9418589713098396,0.06175776251224881,0.9494757051319279,0.948839517446564,0.948839517446564,9.304937053767347,-0.05116048255343602,-0.5017129462326533,0.9250211519411701,0.9938629518159043,-0.06884179987473427,0.23345882067156906,-9.236481280995637,-9.478127224999998,0.2416459440043603,0.11653503226361561,0.6056367617407447,0.9067263688556648,-0.3010896071149201,-0.3710976754226595,0.09432590659819307,0.9250211519411701,0.23345882067156906,0.23345882067156906,0.07601275854797976,9.304937053767347,0.948839517446564,43.66128123785257,-79.39587477968712,108.1,-45.160849289845146,-129.0844277773443,1.0,3.4281828802316716,179.0,3.4281828802316716,3.4281828802316716,12.341458368834017,0.6005374496334337,2.8895792722247484,0.0,3.4281828802316716,12.341458368834017,-0.0740044267004721,-0.06075831434130575,0.06075831434130575,0.0,0.0,0.0,0.0,201.04070194864477,0.03353994100381153,120.74378761372151,9797.008899363867,2.7213913609344074,9.567491725509372,194635.33574323123,1783556800635335.8,1783556800845816.5
180.0,9861.796782117977,24288.0,109.27771601228145,-947.2333703926312,91.49715480325004,959.9852181267833,0.10927771601228145,-0.9472333703926311,0.09149715480325005,0.9599852181267832,0.9596621210615557,0.9596621210615557,9.411070539508303,-0.04033787893844434,-0.3955794604916951,1.0716483137318398,0.9840937034835755,0.08755461024826425,0.28439285000000003,-9.289186131760896,-9.473703360450724,0.18451722868982914,0.08335652499999924,0.8972805731512921,0.9193915575821225,-0.022110984430830455,-0.37162129877005645,0.10927771601228145,1.0716483137318398,0.28439285000000003,0.28439285000000003,0.06301534147241969,9.411070539508303,0.9596621210615557,43.66127514297861,-79.39586563928314,108.08496304531695,-44.424752002497456,-129.75815514438546,1.0,3.3758689073332544,180.0,3.3758689073332544,3.390462089475484,12.205663522111742,0.595,0.4732601057459372,-0.01503695468304107,3.390462089475484,12.205663522111742,-0.09123226565754758,-0.060574789736514534,0.060574789736514534,-0.4777711102089545,0.0,0.0,0.0,239.52332024408142,0.03958788209589678,142.5163755452284,9979.602921158692,2.7721119225440805,10.069801020220934,195412.4698803641,1783556801412470.0,1783556801150369.5
181.0,10245.933919203375,24288.0,133.10756322601583,-932.9354620643905,46.06157944906313,947.2759662794582,0.13310756322601583,-0.9329354620643905,0.04606157944906314,0.9472759662794582,0.9469997836784022,0.9469997836784022,9.286895428609803,-0.0530002163215978,-0.519754571390197,1.3053392849104082,0.9809778238678613,0.3243614610425468,0.28439285000000003,-9.148971549053755,-9.464355721603583,0.31538417254982826,0.08335652499999924,0.45170978810415496,0.9349709556606938,-0.4832611675565387,-0.32799898415005707,0.13310756322601583,1.3053392849104082,0.28439285000000003,0.28439285000000003,0.03944986538718583,9.286895428609803,0.9469997836784022,43.661269106083985,-79.39585642507555,108.05318991569864,-43.682711144402404,-130.42547347656912,1.0,3.2903973903926893,181.0,3.2903973903926893,3.3358260094649523,12.008973634073827,0.595,1.4732601057459391,-0.04681008430135179,3.3358260094649523,12.008973634073827,-0.12142037143194909,-0.060574789736514534,0.060574789736514534,-1.4873028759509839,0.0,0.0,0.0,248.85324302961158,0.041129911000727465,148.06767960261888,10029.60139086996,2.7860003863527663,10.128214082538923,195601.52000159305,1783556801601520.0,1783556801468100.8
182.0,10630.071056288774,24288.0,156.93741043975024,-918.6375537361498,0.6260040948762082,934.5667144321333,0.15693741043975024,-0.9186375537361499,0.0006260040948762174,0.9345667144321332,0.9343374462952487,0.9343374462952487,9.162720317711301,-0.06566255370475127,-0.643929682288699,1.5390302560889764,0.977861944252147,0.5611683118368294,0.28439285000000003,-9.008756966346613,-9.455008082756441,0.44625111640982734,0.08335652499999924,0.006139003057017867,0.950550353739265,-0.9444113506822469,-0.28437666953005764,0.15693741043975024,1.5390302560889764,0.28439285000000003,0.28439285000000003,0.015884389301951976,9.162720317711301,0.9343374462952487,43.66126306918936,-79.39584721086797,108.02141678608034,-42.94067028630736,-131.09279180875276,1.0,3.204925873452124,182.0,3.204925873452124,3.2811899294544205,11.812283746035913,0.595,2.473260105745941,-0.07858321391966251,3.2811899294544205,11.812283746035913,-0.15160847720635062,-0.060574789736514534,0.060574789736514534,-2.496834641693013,0.0,0.0,0.0,258.18316581514176,0.04267193990555815,153.61898366000935,10079.599860581231,2.799888850161452,10.186627144856914,195790.570122822,1783556801790570.0,1783556801785832.2
183.0,10977.409672261203,24288.0,169.68463729020485,-915.0279321996276,-24.675326556995675,931.3246734430044,0.16968463729020483,-0.9150279321996275,-0.024675326556995673,0.9313246734430044,0.9311801794388059,0.9311801794388059,9.131758106693566,-0.06881982056119405,-0.6748918933064336,1.664037848281987,0.975761675,0.6882761732819872,0.28439285000000003,-8.973358671305476,-9.449199890177546,0.4758412188720692,0.08335652499999924,-0.24198229118016157,0.9610516999999998,-1.2030339911801615,-0.25497289999999995,0.16968463729020483,1.664037848281987,0.28439285000000003,0.28439285000000003,0.0,9.131758106693566,0.9311801794388059,43.66125689022373,-79.39583818696498,108.0,-42.21395508554929,-131.77581466903928,1.0,3.1570635652498,183.0,3.1570635652498,3.244362293904817,11.679704258057342,0.595,3.1570635652498,-0.08995344633394899,3.244362293904817,11.679704258057342,-0.1546811330883941,-0.057396115279789404,0.057396115279789404,-2.858102509982475,0.0,0.0,0.0,266.61932611988016,0.04406624973370241,158.63849904132869,10130.388482290135,2.813996800636148,10.409976330631673,195977.77699431297,1783556801977777.0,1783556802100465.5
184.0,11248.649416864713,24288.0,159.51314686757325,-933.5215511498668,-8.33929648428434,947.6607035157157,0.15951314686757326,-0.9335215511498668,-0.008339296484284341,0.9476607035157156,0.947679276954837,0.947679276954837,9.293558981349152,-0.05232072304516294,-0.5130910186508472,1.5642896017288872,0.975761675,0.5885279267288872,0.28439285000000003,-9.15471911958384,-9.450711227246533,0.2959921076626919,0.08335652499999924,-0.08178056186760702,0.9610516999999998,-1.042832261867607,-0.25497289999999995,0.15951314686757326,1.5642896017288872,0.28439285000000003,0.28439285000000003,0.0,9.293558981349152,0.947679276954837,43.6612504174571,-79.39582955660947,108.0,-41.518933148299,-132.49131429273535,1.0,3.186976620064703,184.0,3.186976620064703,3.244362293904817,11.679704258057342,0.595,3.186976620064703,-0.059130748083551996,3.244362293904817,11.679704258057342,-0.10167938513408906,-0.04764398267067253,0.04764398267067253,-1.8787689232864788,0.0,0.0,0.0,273.20719703681016,0.04515507839913946,162.55828223690204,10182.811128231842,2.828558646731067,10.974411311797322,196161.17204890284,1783556802161172.0,1783556802408692.5
185.0,11519.889161468222,24288.0,149.3416564449417,-952.015170100106,7.9967335884269986,963.996733588427,0.14934165644494168,-0.9520151701001061,0.007996733588426987,0.963996733588427,0.9641783744708682,0.9641783744708682,9.455359856004739,-0.03582162552913183,-0.3512901439952606,1.4645413551757873,0.975761675,0.4887796801757873,0.28439285000000003,-9.336079567862203,-9.452222564315518,0.11614299645331455,0.08335652499999924,0.07842116744494759,0.9610516999999998,-0.8826305325550523,-0.25497289999999995,0.14934165644494168,1.4645413551757873,0.28439285000000003,0.28439285000000003,0.0,9.455359856004739,0.9641783744708682,43.66124394469046,-79.39582092625396,108.0,-40.82391121104871,-133.20681391643143,1.0,3.2168896748796065,185.0,3.2168896748796065,3.244362293904817,11.679704258057342,0.595,3.2168896748796065,-0.028308049833155005,3.244362293904817,11.679704258057342,-0.04867763717978402,-0.03789185006155566,0.03789185006155566,-0.8994353365904826,0.0,0.0,0.0,279.7950679537402,0.046243907064576505,166.4780654324754,10235.23377417355,2.8431204928259857,11.538846292962969,196344.5671034927,1783556802344567.0,1783556802716919.5
186.0,10405.5477302389,24288.0,76.16616576806106,-899.5305925705801,134.8824244722748,912.5062974504121,0.07616616576806105,-0.8995305925705802,0.13488242447227483,0.9125062974504122,0.9128299507140711,0.9128299507140711,8.951803836170145,-0.08717004928592889,-0.8548461638298546,0.7469349295293559,0.965955025,-0.21902009547064402,0.28439285000000003,-8.821381685632279,-9.493194580610291,0.6718128949780116,0.12258312499999846,1.3227447279510338,0.9610516999999998,0.36169302795103403,-0.2506843326764915,0.07616616576806105,0.7469349295293559,0.28439285000000003,0.28439285000000003,-4.525671442362507e-18,8.951803836170145,0.9128299507140711,43.661237489802474,-79.3958122711464,108.0,-40.12689593567554,-133.9203372347899,1.0,3.2471244271793482,186.0,3.2471244271793482,3.2471244271793482,11.689647937845654,0.5989271146394961,0.08158430507327809,0.0,3.2471244271793482,11.689647937845654,0.0027621332745313013,-0.027926209904319037,0.028538491876600514,0.0,0.0,0.0,0.0,252.72994327204245,0.04204725504818408,151.37011817346269,10438.444014569493,2.899567781824859,10.27049065923112,197126.47989162008,1783556803126480.0,1783556803024295.0
187.0,9836.170204507991,24288.0,90.4601622299249,-918.2914629267765,121.18401119632196,930.969376213653,0.0904601622299249,-0.9182914629267764,0.12118401119632197,0.930969376213653,0.9311975419355816,0.9311975419355816,9.13192837462257,-0.0688024580644184,-0.6747216253774286,0.8871111499320931,0.965955025,-0.07884387506790694,0.28439285,-9.005362974910872,-9.497575087497877,0.4922121125870047,0.12258312499999846,1.1884091833984107,0.9610516999999998,0.22735748339841094,-0.19811825002546501,0.0904601622299249,0.8871111499320931,0.28439285,0.28439285,-5.999800081132143e-17,9.13192837462257,0.9311975419355816,43.66123123617902,-79.3958033373986,108.0,-39.407441135743,-134.61161277107317,1.0,3.280980611552683,187.0,3.280980611552683,3.280980611552683,11.81153020158966,0.5980337398606297,1.0815843050732783,0.0,3.280980611552683,11.81153020158966,0.03661831764786616,-0.015557059868529463,0.023674240874167068,0.0,0.0,0.0,0.0,238.9009019270901,0.039694783066673234,142.90121904002365,10475.257616974928,2.9097937824930353,10.815816025607667,197303.96368102156,1783556803303963.8,1783556803322086.8
188.0,9266.792678777081,24288.0,104.75415869178875,-937.0523332829728,107.48559792036912,949.4324549768938,0.10475415869178875,-0.9370523332829728,0.10748559792036912,0.9494324549768938,0.9495651331570921,0.9495651331570921,9.312052913074996,-0.050434866842907905,-0.49459708692500276,1.0272873703348302,0.965955025,0.061332345334830174,0.28439285,-9.189344264189465,-9.501955594385462,0.3126113301959979,0.12258312499999846,1.0540736388457876,0.9610516999999998,0.09302193884578785,-0.1455521673744386,0.10475415869178875,1.0272873703348302,0.28439285,0.28439285,-1.1547033018028035e-16,9.312052913074996,0.9495651331570921,43.661224982555574,-79.39579440365081,108.0,-38.68798633581045,-135.30288830735645,1.0,3.314836795926018,188.0,3.314836795926018,3.314836795926018,11.933412465333666,0.5971403650817632,2.0815843050732785,0.0,3.314836795926018,11.933412465333666,0.07047450202120102,-0.00318790983273989,0.018809989871733622,0.0,0.0,0.0,0.0,225.07186058213773,0.03734231108516239,134.43231990658458,10512.071219380365,2.920019783161212,11.361141391984212,197481.44747042304,1783556803481447.5,1783556803619878.2
189.0,8697.415153046171,24288.0,119.0481551536526,-955.813203639169,93.78718464441626,967.8955337401346,0.1190481551536526,-0.955813203639169,0.09378718464441627,0.9678955337401346,0.9679327243786026,0.9679327243786026,9.492177451527423,-0.032067275621397405,-0.3144725484725769,1.1674635907375672,0.965955025,0.20150856573756726,0.2843928499999999,-9.373325553468057,-9.506336101273048,0.1330105478049911,0.12258312499999846,0.9197380942931646,0.9610516999999998,-0.04131360570683523,-0.09298608472341216,0.1190481551536526,1.1674635907375672,0.2843928499999999,0.2843928499999999,-1.7094265954923927e-16,9.492177451527423,0.9679327243786026,43.66121872893212,-79.39578546990302,108.0,-37.96853153587791,-135.99416384363974,1.0,3.348692980299353,189.0,3.348692980299353,3.348692980299353,12.055294729077671,0.5962469903028967,3.081584305073279,0.0,3.348692980299353,12.055294729077671,0.10433068639453588,0.009181240203049681,0.013945738869300176,0.0,0.0,0.0,0.0,211.2428192371854,0.03498983910365154,125.96342077314554,10548.8848217858,2.9302457838293883,11.906466758360757,197658.93125982452,1783556803658931.2,1783556803917670.0
190.0,332.4051725448755,24288.0,154.98491341077985,-868.5043129883222,76.03879408656611,886.5043129883222,0.15498491341077986,-0.8685043129883222,0.07603879408656611,0.8865043129883222,0.8863431793227967,0.8863431793227967,8.692057339505904,-0.11365682067720333,-1.1145926604940959,1.519882801099824,0.9610517,0.5588311010998241,0.2402629249999999,-8.517117820966929,-9.519308814332849,1.0021909933659203,0.11472089655426423,0.7456858400290235,0.9777589354471854,-0.2320730954181619,-0.06469430021996475,0.15498491341077986,1.519882801099824,0.2402629249999999,0.2402629249999999,-0.05930238319083838,8.692057339505904,0.8863431793227967,43.661212590517,-79.3957763857755,108.0,-37.23696631777507,-136.67270425091672,1.0,3.4085261995133807,190.0,3.4085261995133807,3.403474966387572,12.252509878995259,0.595,0.7235311442191206,0.0,3.403474966387572,12.252509878995259,0.13632549316695128,0.023994514618328064,0.023994514618328064,0.0,0.0,0.0,0.0,8.073456830769937,0.0013343630039744756,4.8037068143081125,10564.822188527784,2.9346728301466056,8.252619005850027,198422.25647201674,1783556804422256.5,1783556804200431.0
191.0,335.7293868017079,24288.0,145.28928849501864,-935.5426338344427,100.97040101280925,953.5426338344427,0.14528928849501863,-0.9355426338344426,0.10097040101280924,0.9535426338344426,0.9533534289830625,0.9533534289830625,9.34920340433675,-0.04664657101693748,-0.45744659566324986,1.4248012010196744,0.9610517,0.4637495010196744,0.2402629249999999,-9.174539170092537,-9.515233888615128,0.34069471852259237,0.10385442797367592,0.9901813830922657,1.000850181180936,-0.010668798088670384,-0.04567798020393484,0.14528928849501863,1.4248012010196744,0.2402629249999999,0.2402629249999999,-0.03875653923594407,9.34920340433675,0.9533534289830625,43.661206496124194,-79.3957672441863,108.0,-36.500773581587744,-137.34637843153195,1.0,3.4782855168039983,191.0,3.4782855168039983,3.466252921277735,12.478510516599847,0.595,1.723531144219117,0.0,3.466252921277735,12.478510516599847,0.16760904799172904,0.039741714651020874,0.039741714651020874,0.0,0.0,0.0,0.0,8.154195346639883,0.001347707286458536,4.85174623125073,10566.191311910648,2.9350531421974013,5.52518746666422,198587.0820955847,1783556804587082.0,1783556804477449.0
192.0,339.0536010585403,24288.0,135.59366357925742,-1002.5809546805631,125.90200793905237,1020.5809546805631,0.13559366357925742,-1.002580954680563,0.12590200793905237,1.020580954680563,1.0203636786433283,1.0203636786433283,10.006349469167596,0.02036367864332836,0.19969946916759618,1.3297196009395247,0.9610517,0.36866790093952473,0.2402629249999999,-9.831960519218143,-9.511158962897408,-0.32080155632073537,0.09298795939308759,1.2346769261555077,1.0239414269146867,0.21073549924082113,-0.02666166018790493,0.13559366357925742,1.3297196009395247,0.2402629249999999,0.2402629249999999,-0.01821069528104976,10.006349469167596,1.0203636786433283,43.66120040173139,-79.3957581025971,108.0,-35.76458084540042,-138.0200526121472,1.0,3.5480448340946156,192.0,3.5480448340946156,3.5290308761678983,12.704511154204434,0.595,2.7235311442191135,0.0,3.5290308761678983,12.704511154204434,0.19889260281650678,0.05548891468371368,0.05548891468371368,0.0,0.0,0.0,0.0,8.234933862509829,0.0013610515689425967,4.8997856481933475,10567.560435293512,2.935433454248197,2.7977559274784127,198751.90771915263,1783556804751907.8,1783556804754466.8
193.0,329.9682940395857,24288.0,113.74382782278657,-971.1610542959705,111.6537589293417,984.2561721772134,0.11374382782278658,-0.9711610542959705,0.1116537589293417,0.9842561721772134,0.9842912157381817,0.9842912157381817,9.652599450818839,-0.01570878426181833,-0.15405054918116073,1.11544590911833,0.9452534726015608,0.1701924365167692,0.2376200263180762,-9.523836553111579,-9.522723543885045,-0.0011130092265335956,-0.020546087770090316,1.0949493350044288,0.965955025,0.1289943100044289,-0.04778953297321229,0.11374382782278658,1.11544590911833,0.2376200263180762,0.2376200263180762,-0.004449324380342953,9.652599450818839,0.9842912157381817,43.661194397586755,-79.39574885858543,108.0,-35.020139798317906,-138.68375076075478,1.0,3.609076570724152,193.0,3.609076570724152,3.5854728185152145,12.907702146654772,0.6007780582770998,0.11365552463900061,0.0,3.5854728185152145,12.907702146654772,0.2202344336092198,0.0694463584350955,0.0694463584350955,0.0,0.0,0.0,0.0,8.014269925633458,0.0013374452066776557,4.814802744039561,10573.741481833156,2.9371504116203204,0.373928024908456,199517.8333404861,1783556805517833.2,1783556805031706.0
194.0,329.68932862620164,24288.0,129.08692555891005,-954.9810603196948,91.01031833892102,968.91307444109,0.12908692555891005,-0.9549810603196949,0.09101031833892102,0.96891307444109,0.9689307497330025,0.9689307497330025,9.501964736869148,-0.031069250266997493,-0.304685263130851,1.2659102985322852,0.9356784660024908,0.3302318325297944,0.21436643886319223,-9.365165015184136,-9.526827118141789,0.1616621029576544,-0.028753236283578627,0.8925063383383799,0.965955025,-0.07344868666162005,-0.03684666828856103,0.12908692555891005,1.2659102985322852,0.21436643886319223,0.21436643886319223,-0.043596778008093744,9.501964736869148,0.9689307497330025,43.6611890972439,-79.39573881583054,108.0,-34.211374163264615,-139.26965065992331,1.0,3.602046126242938,194.0,3.602046126242938,3.5925032629964284,12.933011746787143,0.5988253003834114,1.1136555246390032,0.0,3.5925032629964284,12.933011746787143,0.16404556627377043,0.0694463584350955,0.0694463584350955,0.0,0.0,0.0,0.0,8.007494413673186,0.001331979627029703,4.79512665730693,10575.065593033505,2.937518220287084,0.37276368317044956,199683.53879603624,1783556805683538.8,1783556805310671.2
195.0,329.4103632128176,24288.0,144.43002329503352,-938.8010663434192,70.36687774850034,953.5699767049665,0.14443002329503352,-0.9388010663434192,0.07036687774850034,0.9535699767049665,0.9535702837278234,0.9535702837278234,9.351330022919457,-0.04642971627217665,-0.45531997708054117,1.4163746879462404,0.926103459403421,0.4902712285428195,0.19111285140830825,-9.206493477256691,-9.530930692398535,0.3244372151418424,-0.03696038479706693,0.690063341672331,0.965955025,-0.275891683327669,-0.025903803603909762,0.14443002329503352,1.4163746879462404,0.19111285140830825,0.19111285140830825,-0.08274423163584455,9.351330022919457,0.9535702837278234,43.66118379690104,-79.39572877307566,108.0,-33.402608528211324,-139.85555055909182,1.0,3.595015681761724,195.0,3.595015681761724,3.5995337074776423,12.958321346919512,0.596872542489723,2.113655524639006,0.0,3.5995337074776423,12.958321346919512,0.10785669893832105,0.0694463584350955,0.0694463584350955,0.0,0.0,0.0,0.0,8.000718901712913,0.0013265140473817502,4.7754505705743,10576.389704233852,2.9378860289538475,0.37159934143244305,199849.24425158635,1783556805849244.2,1783556805589636.8
196.0,329.1313977994335,24288.0,159.77312103115702,-922.6210723671435,49.723437158079676,938.226878968843,0.159773121031157,-0.9226210723671435,0.04972343715807967,0.938226878968843,0.9382098177226442,0.9382098177226442,9.200695308969767,-0.06179018227735581,-0.6059546910302314,1.566839077360196,0.9165284528043511,0.6503106245558448,0.16785926395342426,-9.047821939329248,-9.535034266655279,0.48721232732603037,-0.045167533310555244,0.48762034500628204,0.965955025,-0.4783346799937179,-0.014960938919258503,0.159773121031157,1.566839077360196,0.16785926395342426,0.16785926395342426,-0.12189168526359534,9.200695308969767,0.9382098177226442,43.661178496558186,-79.39571873032078,108.0,-32.59384289315803,-140.44145045826033,1.0,3.5879852372805106,196.0,3.5879852372805106,3.606564151958856,12.983630947051882,0.5949197845960346,3.1136555246390087,0.0,3.606564151958856,12.983630947051882,0.05166783160287167,0.0694463584350955,0.0694463584350955,0.0,0.0,0.0,0.0,7.9939433897526415,0.0013210484677337972,4.75577448384167,10577.713815434201,2.9382538376206107,0.37043499969443655,200014.9497071365,1783556806014949.8,1783556805868602.2
197.0,330.09938441775074,24288.0,160.8159626501522,-911.0147314856537,50.03188281197536,927.0147314856537,0.1608159626501522,-0.9110147314856537,0.05003188281197536,0.9270147314856537,0.9269201880428662,0.9269201880428662,9.089981862070573,-0.0730798119571338,-0.7166681379294261,1.577065860123115,0.9120184499999999,0.6650474101231149,0.1569064,-8.934002616523784,-9.534945635337438,0.6009430188136523,-0.044990270674873434,0.49064516357805815,0.9538260870246229,-0.4631809234465648,0.01242973628819121,0.1608159626501522,1.577065860123115,0.1569064,0.1569064,-0.12104615641775056,9.089981862070573,0.9269201880428662,43.661173388962006,-79.39570850307791,108.0,-31.770220025789918,-141.0060441400963,1.0,3.6210387140036184,197.0,3.6210387140036184,3.6266402341666493,13.055904842999938,0.5941374230522188,3.6210387140036184,0.0,3.6266402341666493,13.055904842999938,0.03850314936970772,0.07347940146213977,0.07347940146213977,0.0,0.0,0.0,0.0,8.017453848738331,0.0013231923337579641,4.76349240152867,10579.006761117971,2.938612989199436,0.3697437973499325,200174.7667160702,1783556806174766.8,1783556806137423.0
198.0,332.1776875111964,24288.0,149.12550774952047,-903.4808827719132,68.99639853966681,919.4808827719132,0.14912550774952046,-0.9034808827719132,0.06899639853966681,0.9194808827719132,0.9192553302265876,0.9192553302265876,9.014815284166565,-0.0807446697734124,-0.7918347158334347,1.4624216605718348,0.9120184499999999,0.5504032105718348,0.1569064,-8.860120799035183,-9.531124162019061,0.6710033629838787,-0.03734732403812158,0.6766235317390235,0.9308972471143669,-0.2542737153753434,0.05446594279032725,0.14912550774952046,1.4624216605718348,0.1569064,0.1569064,-0.08458990141640828,9.014815284166565,0.9192553302265876,43.66116845299216,-79.39569811156244,108.0,-30.93336791672318,-141.55166624682303,1.0,3.6897838909440854,198.0,3.6897838909440854,3.658332470106207,13.169996892382345,0.5943972109388995,3.6897838909440854,0.0,3.658332470106207,13.169996892382345,0.06364824997788276,0.08110356427886796,0.08110356427886796,0.0,0.0,0.0,0.0,8.067931674271938,0.0013321118356378436,4.795602608296236,10580.27195626633,2.9389644322962023,0.369473889851006,200329.34050864523,1783556806329340.5,1783556806397211.0
199.0,334.255990604642,24288.0,137.43505284888874,-895.9470340581728,87.96091426735826,911.9470340581728,0.13743505284888874,-0.8959470340581728,0.08796091426735828,0.9119470340581728,0.911590472410309,0.911590472410309,8.939648706262556,-0.08840952758969099,-0.8670012937374432,1.3477774610205546,0.9120184499999999,0.43575901102055475,0.1569064,-8.78623898154658,-9.527302688700685,0.7410637071541052,-0.029704377401369733,0.8626018998999889,0.9079684072041109,-0.04536650730412195,0.0965021492924633,0.13743505284888874,1.3477774610205546,0.1569064,0.1569064,-0.048133646415066,8.939648706262556,0.911590472410309,43.66116351702232,-79.39568772004698,108.0,-30.09651580765644,-142.09728835354977,1.0,3.7585290678845524,199.0,3.7585290678845524,3.6900247060457647,13.284088941764754,0.5946569988255802,3.7585290678845524,0.0,3.6900247060457647,13.284088941764754,0.08879335058605779,0.08872772709559616,0.08872772709559616,0.0,0.0,0.0,0.0,8.118409499805546,0.001341031337517723,4.827712815063803,10581.537151414688,2.9393158753929685,0.3692039823520794,200483.91430122024,1783556806483914.2,1783556806656998.8
200.0,336.33429369808766,24288.0,125.74459794825702,-888.4131853444323,106.92542999504971,904.4131853444323,0.12574459794825704,-0.8884131853444324,0.10692542999504973,0.9044131853444324,0.9039256145940304,0.9039256145940304,8.864482128358548,-0.0960743854059696,-0.9421678716414517,1.2331332614692747,0.9120184499999999,0.3211148114692747,0.1569064,-8.712357164057977,-9.52348121538231,0.8111240513243316,-0.022061430764617883,1.0485802680609542,0.8850395672938549,0.16354070076709937,0.13853835579459933,0.12574459794825704,1.2331332614692747,0.1569064,0.1569064,-0.011677391413723731,8.864482128358548,0.9039256145940304,43.66115858105247,-79.3956773285315,108.0,-29.259663698589705,-142.64291046027648,1.0,3.827274244825019,200.0,3.827274244825019,3.7217169419853224,13.39818099114716,0.5949167867122609,3.827274244825019,0.0,3.7217169419853224,13.39818099114716,0.11393845119423282,0.09635188991232436,0.09635188991232436,0.0,0.0,0.0,0.0,8.168887325339155,0.0013499508393976026,4.859823021831369,10582.802346563047,2.939667318489735,0.3689340748531528,200638.48809379525,1783556806638488.0,1783556806916786.8
201.0,345.0893467956061,24288.0,85.18556769054528,-1014.0034370496666,139.4982732273051,1029.6357387182425,0.08518556769054529,-1.0140034370496664,0.13949827322730513,1.0296357387182424,1.0287637573135207,1.0287637573135207,10.088726100658636,0.02876375731352067,0.2820761006586374,0.835385047392486,0.9120184499999999,-0.07663340260751399,0.18096807565187858,-9.94397680594311,-9.52225715,-0.4217196559431112,-0.01961329999999961,1.3680107411445517,0.8629851999999999,0.5050255411445518,0.16629180659499074,0.08518556769054529,0.835385047392486,0.18096807565187858,0.18096807565187858,0.03144148176634992,10.088726100658636,1.0287637573135207,43.66115390377911,-79.39566671477436,107.98178693591213,-28.40491396745696,-143.15993625765498,1.0,3.8279073392098493,201.0,3.8279073392098493,3.7532551987921776,13.51171871565184,0.596728522563515,0.6796875758825545,-0.018213064087876374,3.7532551987921776,13.51171871565184,0.12116096341630062,0.09879400398601668,0.09879400398601668,-0.4880414402725954,0.0,0.0,0.0,8.38153005497168,0.0013892849133796796,5.001425688166846,10589.121244806558,2.941422568001822,0.3690615678306785,201393.27838452728,1783556807393278.5,1783556807182130.8
202.0,343.74953533412486,24288.0,88.40111519810036,-1016.9510222649253,99.03596709057055,1029.09981413365,0.08840111519810036,-1.0169510222649254,0.09903596709057055,1.02909981413365,1.0283582761128196,1.0283582761128196,10.08474968844178,0.028358276112819585,0.2780996884417821,0.8669187963574508,0.9120184499999999,-0.045099653642549115,0.17308463841063734,-9.97288274249433,-9.52225715,-0.45062559249432893,-0.01961329999999961,0.9712110666687437,0.8629851999999999,0.10822586666874379,0.1873143059049673,0.08840111519810036,0.8669187963574508,0.17308463841063734,0.17308463841063734,0.0050751760042567345,10.08474968844178,1.0283582761128196,43.66114934842014,-79.39565599628267,107.9549907066825,-27.541729727715676,-143.6634856380837,1.0,3.7964416472563314,202.0,3.7964416472563314,3.7847208907456955,13.624995206684504,0.5978003717327001,1.6796875758825558,-0.045009293317500386,3.7847208907456955,13.624995206684504,0.11993720129686833,0.09879400398601668,0.09879400398601668,-1.2060793411991917,0.0,0.0,0.0,8.348988714195224,0.0013863634241188599,4.9909083268278955,10590.452836471131,2.941792454575314,0.3686510741029556,201554.05575990502,1783556807554055.8,1783556807450093.0
203.0,342.40972387264355,24288.0,91.61666270565541,-1019.8986074801842,58.573660953836,1028.5638895490574,0.09161666270565542,-1.0198986074801841,0.058573660953835996,1.0285638895490574,1.0279527949121186,1.0279527949121186,10.080773276224926,0.027952794912118502,0.2741232762249269,0.8984525453224157,0.9120184499999999,-0.013565904677584242,0.1652012011693961,-10.001788679045546,-9.52225715,-0.47953152904554663,-0.01961329999999961,0.5744113921929357,0.8629851999999999,-0.2885738078070642,0.2083368052149439,0.09161666270565542,0.8984525453224157,0.1652012011693961,0.1652012011693961,-0.021291129757836452,10.080773276224926,1.0279527949121186,43.66114479306117,-79.39564527779098,107.92819447745288,-26.678545487974393,-144.16703501851245,1.0,3.764975955302814,203.0,3.764975955302814,3.816186582699213,13.738271697717167,0.5988722209018851,2.679687575882557,-0.0718055225471244,3.816186582699213,13.738271697717167,0.11871343917743604,0.09879400398601668,0.09879400398601668,-1.924117242125788,0.0,0.0,0.0,8.316447373418768,0.0013834419348580402,4.9803909654889456,10591.784428135703,2.9421623411488063,0.36824058037523266,201714.83313528277,1783556807714833.2,1783556807718055.2
204.0,341.0699124111623,24288.0,94.83221021321049,-1022.8461926954429,18.111354817101443,1028.027964964465,0.09483221021321048,-1.0228461926954429,0.018111354817101438,1.028027964964465,1.0275473137114175,1.0275473137114175,10.07679686400807,0.02754731371141742,0.2701468640080716,0.9299862942873806,0.9120184499999999,0.01796784428738063,0.15731776392815486,-10.030694615596763,-9.52225715,-0.5084374655967643,-0.01961329999999961,0.1776117177171277,0.8629851999999999,-0.6853734822828722,0.22935930452492048,0.09483221021321048,0.9299862942873806,0.15731776392815486,0.15731776392815486,-0.04765743551992964,10.07679686400807,1.0275473137114175,43.6611402377022,-79.3956345592993,107.90139824822324,-25.815361248233106,-144.67058439894117,1.0,3.733510263349296,204.0,3.733510263349296,3.847652274652731,13.851548188749831,0.5999440700710701,3.6796875758825585,-0.09860175177674842,3.847652274652731,13.851548188749831,0.11748967705800376,0.09879400398601668,0.09879400398601668,-2.642155143052384,0.0,0.0,0.0,8.28390603264231,0.0013805204455972207,4.969873604149995,10593.116019800276,2.9425322277222987,0.3678300866475097,201875.6105106605,1783556807875610.5,1783556807986017.5
205.0,354.26296074612725,24288.0,97.4530516893265,-1014.2148635852011,86.0172809948363,1022.9864648287464,0.0974530516893265,-1.014214863585201,0.0860172809948363,1.0229864648287466,1.0227660026527905,1.0227660026527905,10.029908219914988,0.02276600265279055,0.22325821991498845,0.9556879693491337,0.9047905640010084,0.050897405348125216,0.15570175233350145,-9.946050191977811,-9.517353824999999,-0.428696366977813,-0.01961329999999961,0.8435413686680113,0.8629851999999999,-0.01944383133198862,0.2711417256685158,0.0974530516893265,0.9556879693491337,0.15570175233350145,0.15570175233350145,-0.002007746110830923,10.029908219914988,1.0227660026527905,43.661135577764476,-79.3956239271302,107.9,-24.95912876161142,-145.18569391475748,1.0,3.7628430856163484,205.0,3.7628430856163484,3.8514197595087305,13.86511113423143,0.5954740785077455,0.9478192169777359,0.0,3.8514197595087305,13.86511113423143,0.09070225430390993,0.0879240241382483,0.0879240241382483,0.0,0.0,0.0,0.0,8.604338790601938,0.0014232165813982739,5.123579693033786,10599.567358997623,2.9443242663882288,0.36559918962012256,202625.40785077456,1783556808625407.8,1783556808245679.8
206.0,353.4853448878806,24288.0,85.27040324346285,-1031.3224124666267,84.98045985050747,1038.797987279761,0.08527040324346286,-1.0313224124666267,0.08498045985050748,1.038797987279761,1.0386642110615432,1.0386642110615432,10.185816385406682,0.03866421106154315,0.37916638540668207,0.8362169999675049,0.8971647574447342,-0.06094775747722936,0.15443078457412243,-10.113817936215844,-9.517353824999999,-0.5964641112158449,-0.01961329999999961,0.8333736265929791,0.8629851999999999,-0.02961157340702083,0.25716108031534646,0.08527040324346286,0.8362169999675049,0.15443078457412243,0.15443078457412243,-0.0041260257097959305,10.185816385406682,1.0386642110615432,43.661130912069325,-79.39561329971347,107.9,-24.103278993460368,-145.70143985670396,1.0,3.7955230800252946,206.0,3.7955230800252946,3.8536623606012737,13.873184498164585,0.5970293102242388,1.9478192169777375,0.0,3.8536623606012737,13.873184498164585,0.06250746208004995,0.07645561365124746,0.07645561365124746,0.0,0.0,0.0,0.0,8.585452056636843,0.0014237936760472074,5.125657233769947,10600.896985068766,2.944693606963546,0.36326807298556635,202780.93102242387,1783556808780931.0,1783556808504885.0
207.0,352.707729029634,24288.0,73.08775479759919,-1048.4299613480523,83.94363870617866,1054.6095097307755,0.07308775479759919,-1.0484299613480523,0.08394363870617866,1.0546095097307755,1.0545624194702958,1.0545624194702958,10.341724550898375,0.05456241947029574,0.5350745508983757,0.7167460305858762,0.88953895088846,-0.17279292030258392,0.15315981681474344,-10.281585680453876,-9.517353824999999,-0.7642318554538766,-0.01961329999999961,0.8232058845179469,0.8629851999999999,-0.03977931548205303,0.24318043496217712,0.07308775479759919,0.7167460305858762,0.15315981681474344,0.15315981681474344,-0.006244305308760938,10.341724550898375,1.0545624194702958,43.66112624637418,-79.39560267229675,107.9,-23.247429225309315,-146.21718579865043,1.0,3.828203074434241,207.0,3.828203074434241,3.855904961693817,13.88125786209774,0.598584541940732,2.947819216977739,0.0,3.855904961693817,13.88125786209774,0.03431266985619,0.06498720316424662,0.06498720316424662,0.0,0.0,0.0,0.0,8.56656532267175,0.0014243707706961407,5.127734774506107,10602.226611139908,2.9450629475388634,0.36093695635101014,202936.45419407322,1783556808936454.2,1783556808764090.2
208.0,351.9088008320736,24288.0,62.843592303318935,-1062.0620176815646,84.04879043115328,1067.267215809399,0.06284359230331894,-1.0620620176815647,0.08404879043115328,1.067267215809399,1.0672849056754468,1.0672849056754468,10.466489520242117,0.06728490567544665,0.6598395202421188,0.6162851144613426,0.8825984999999998,-0.26631338553865724,0.15054974272976424,-10.415270485696915,-9.517353824999999,-0.897916660696916,-0.021066632270235516,0.8242370706816693,0.862314431259891,-0.038077360578221794,0.2316860176901997,0.06284359230331894,0.6162851144613426,0.15054974272976424,0.15054974272976424,-0.01042845892739684,10.466489520242117,1.0672849056754468,43.661121612403534,-79.39559201960896,107.9,-22.389544321513956,-146.72942491347206,1.0,3.859858850404189,208.0,3.859858850404189,3.859858850404189,13.89549186145508,0.599886001040092,3.859858850404189,0.0,3.859858850404189,13.89549186145508,0.010367411292807882,0.053691706797279276,0.053691706797279276,0.0,0.0,0.0,0.0,8.547160954609403,0.0014242591744502034,5.1273330280207325,10603.551401280643,2.945430944800179,0.3589353311721855,203091.56587622905,1783556809091566.0,1783556809022799.8
209.0,350.89404711314995,24288.0,72.23006420336296,-1040.4985011544363,95.71845819877558,1047.986895149849,0.07223006420336296,-1.0404985011544365,0.09571845819877557,1.047986895149849,1.0478475294550171,1.0478475294550171,10.275873974730041,0.04784752945501705,0.4692239747300429,0.7083349591199093,0.8825984999999998,-0.1742635408800905,0.13437882407352955,-10.203804626346153,-9.517353824999999,-0.6864508013461548,-0.03723755092647057,0.9386774180950225,0.8548509303416288,0.0838264877533936,0.24536910270701368,0.07223006420336296,0.7083349591199093,0.13437882407352955,0.13437882407352955,-0.035533278776173204,10.275873974730041,1.0478475294550171,43.66111729970023,-79.39558111100646,107.9,-21.511050032469466,-147.2061511368457,1.0,3.88114258436915,209.0,3.88114258436915,3.88114258436915,13.97211330372894,0.5986175588914374,3.88114258436915,0.0,3.88114258436915,13.97211330372894,0.029456275090268977,0.04414727489854873,0.04414727489854873,0.0,0.0,0.0,0.0,8.522514616284186,0.0014171733521817032,5.101824067854132,10604.827218984048,2.9457853386066803,0.3602703957940981,203242.51049191895,1783556809242510.5,1783556809276488.2
210.0,349.8792933942263,24288.0,81.61653610340699,-1018.9349846273083,107.38812596639788,1028.706574490299,0.08161653610340698,-1.0189349846273084,0.10738812596639788,1.0287065744902992,1.0284101532345875,1.0284101532345875,10.085258429217966,0.028410153234587454,0.27860842921796697,0.8003848037784761,0.8825984999999998,-0.08221369622152375,0.11820790541729487,-9.992338766995392,-9.517353824999999,-0.4749849419953935,-0.05340846958270562,1.0531177655083757,0.8473874294233668,0.205730336085009,0.25905218772382765,0.08161653610340698,0.8003848037784761,0.11820790541729487,0.11820790541729487,-0.060638098624949566,10.085258429217966,1.0284101532345875,43.661112986996926,-79.39557020240399,107.9,-20.632555743424973,-147.68287736021938,1.0,3.9024263183341112,210.0,3.9024263183341112,3.9024263183341112,14.0487347460028,0.5973491167427828,3.9024263183341112,0.0,3.9024263183341112,14.0487347460028,0.04854513888773007,0.03460284299981818,0.03460284299981818,0.0,0.0,0.0,0.0,8.497868277958966,0.0014100875299132031,5.076315107687531,10606.103036687453,2.9461397324131817,0.3616054604160107,203393.45510760884,1783556809393455.0,1783556809530176.8
211.0,348.8645396753026,24288.0,91.00300800345101,-997.3714681001801,119.05779373402018,1009.4262538307493,0.09100300800345101,-0.9973714681001801,0.11905779373402017,1.0094262538307492,1.0089727770141579,1.0089727770141579,9.89464288370589,0.00897277701415785,0.08799288370589098,0.8924346484370429,0.8825984999999998,0.009836148437043002,0.10203698676106018,-9.780872907644632,-9.517353824999999,-0.2635190826446322,-0.06957938823894066,1.167558112921729,0.8399239285051046,0.3276341844166244,0.27273527274064163,0.09100300800345101,0.8924346484370429,0.10203698676106018,0.10203698676106018,-0.08574291847372592,9.89464288370589,1.0089727770141579,43.66110867429362,-79.39555929380151,107.9,-19.754061454380484,-148.15960358359305,1.0,3.9237100522990724,211.0,3.9237100522990724,3.9237100522990724,14.12535618827666,0.5960806745941282,3.9237100522990724,0.0,3.9237100522990724,14.12535618827666,0.06763400268519117,0.025058411101087634,0.025058411101087634,0.0,0.0,0.0,0.0,8.47322193963375,0.001403001707644703,5.05080614752093,10607.37885439086,2.946494126219683,0.36294052503792334,203544.39972329873,1783556809544399.8,1783556809783865.0
212.0,359.2884287821855,24288.0,162.98099852470142,-930.423142435629,147.0626064578971,956.9904992623507,0.16298099852470144,-0.9304231424356291,0.1470626064578971,0.9569904992623507,0.9560295576606985,0.9560295576606985,9.375447261633287,-0.04397044233930152,-0.43120273836671125,1.5982976091822632,0.8636923300292048,0.7346052791530584,0.02433984249269874,-9.12433410976636,-9.536259994970795,0.4119258852044341,-0.08335652500000101,1.4421915096203364,0.81395195,0.6282395596203364,0.3399204675657109,0.16298099852470144,1.5982976091822632,0.02433984249269874,0.02433984249269874,-0.1025351374261754,9.375447261633287,0.9560295576606985,43.66110442314243,-79.39554834153451,107.9,-18.872050762674082,-148.62952583551942,1.0,3.9477555763751053,212.0,3.9477555763751053,3.9418431540637164,14.190635354629379,0.6007836784133609,0.14803004987300009,0.0,3.9418431540637164,14.190635354629379,0.08087234724594243,0.016472533252242273,0.016472533252242273,0.0,0.0,0.0,0.0,8.726397358261721,0.0014562879409593765,5.242636587453755,10613.897382960104,2.9483048286000284,0.3693405753173895,204295.45189067506,1783556810295452.0,1783556810036053.5
213.0,361.2368762928968,24288.0,149.3418659497226,-926.5262474142064,140.7301520480855,950.1709329748613,0.14934186594972262,-0.9265262474142065,0.1407301520480855,0.9501709329748613,0.9493291396844489,0.9493291396844489,9.3097386076865,-0.05067086031555114,-0.49691139231349957,1.4645434097158472,0.868469265724434,0.5960741439914133,0.02314560856889148,-9.086118624204529,-9.531483059275565,0.44536443507103785,-0.08335652500000101,1.3800913455823576,0.81395195,0.5661393955823576,0.3506685728799765,0.14934186594972262,1.4645434097158472,0.02314560856889148,0.02314560856889148,-0.07871023827366708,9.3097386076865,0.9493291396844489,43.66110052624741,-79.39553713796131,107.9,-17.96980181932172,-149.06028861124767,1.0,3.987696266231396,213.0,3.987696266231396,3.9418431540637164,14.190635354629379,0.5993223427803274,1.1480300498729987,0.0,3.9418431540637164,14.190635354629379,0.06043870029825971,0.013403503143266996,0.013403503143266996,0.0,0.0,0.0,0.0,8.773721251401875,0.001460570096012267,5.258052345644161,10615.189118200797,2.9486636439446654,0.3693405753173895,204440.3676742842,1783556810440367.8,1783556810279609.5
214.0,363.185323803608,24288.0,135.70273337474381,-922.629352392784,134.3976976382739,943.3513666873719,0.1357027333747438,-0.922629352392784,0.13439769763827392,0.943351366687372,0.9426287217081992,0.9426287217081992,9.244029953739712,-0.057371278291800755,-0.5626200462602878,1.3307892102494314,0.873246201419663,0.4575430088297683,0.021951374645084218,-9.047903138642695,-9.526706123580336,0.4788029849376416,-0.08335652500000101,1.3179911815443788,0.81395195,0.5040392315443787,0.36141667819424206,0.1357027333747438,1.3307892102494314,0.021951374645084218,0.021951374645084218,-0.054885339121158755,9.244029953739712,0.9426287217081992,43.66109662935239,-79.39552593438813,107.9,-17.06755287596936,-149.49105138697593,1.0,4.027636956087687,214.0,4.027636956087687,3.9418431540637164,14.190635354629379,0.597861007147294,2.1480300498729976,0.0,3.9418431540637164,14.190635354629379,0.040005053350576976,0.01033447303429172,0.01033447303429172,0.0,0.0,0.0,0.0,8.821045144542031,0.0014648522510651574,5.273468103834566,10616.48085344149,2.9490224592893024,0.3693405753173895,204585.28345789335,1783556810585283.5,1783556810523165.5
215.0,365.1337713143193,24288.0,122.063600799765,-918.7324573713614,128.06524322846232,936.5318003998825,0.122063600799765,-0.9187324573713614,0.12806524322846233,0.9365318003998825,0.9359283037319497,0.9359283037319497,9.178321299792923,-0.06407169626805037,-0.6283287002070761,1.1970350107830154,0.8780231371148921,0.3190118736681232,0.020757140721276955,-9.009687653080862,-9.521929187885107,0.5122415348042454,-0.08335652500000101,1.2558910175064,0.81395195,0.4419390675063999,0.37216478350850757,0.122063600799765,1.1970350107830154,0.020757140721276955,0.020757140721276955,-0.031060439968650433,9.178321299792923,0.9359283037319497,43.66109273245737,-79.39551473081494,107.9,-16.165303932616997,-149.92181416270418,1.0,4.067577645943977,215.0,4.067577645943977,3.9418431540637164,14.190635354629379,0.5963996715142605,3.1480300498729963,0.0,3.9418431540637164,14.190635354629379,0.019571406402894245,0.007265442925316444,0.007265442925316444,0.0,0.0,0.0,0.0,8.868369037682186,0.0014691344061180476,5.288883862024972,10617.772588682185,2.94938127463394,0.3693405753173895,204730.1992415025,1783556810730199.2,1783556810766721.5
216.0,369.9783485859293,24288.0,47.11504782463843,-966.3612832849159,114.17321131256519,974.502017476375,0.04711504782463843,-0.9663612832849158,0.11417321131256519,0.9745020174763751,0.9742899641305337,0.9742899641305337,9.554520676740697,-0.025710035869466286,-0.25212932325930154,0.4620407837494904,0.896989983240306,-0.43494919949081556,0.025206690479336737,-9.47676687872602,-9.517088415200254,0.04032153647423525,-0.05298109972091813,1.1196567227183676,0.8335652499999999,0.2860914727183676,0.38245934999999986,0.04711504782463843,0.4620407837494904,0.025206690479336737,0.025206690479336737,0.009309496960339891,9.554520676740697,0.9742899641305337,43.6610888592658,-79.39550351284319,107.89891742929647,-15.261895439826288,-150.34995675811078,1.0,4.103581505169329,216.0,4.103581505169329,3.941753729911964,14.190313427683071,0.5950108257070353,0.04219709516348766,-0.0010825707035325481,3.941753729911964,14.190313427683071,-8.942415175219866e-05,0.004279085862112178,0.004279085862112178,-0.02777345984613961,0.0,0.0,0.0,8.986034130455053,0.0014852186298936186,5.346787067617027,10624.414488605778,2.951226246834938,0.3694519326993767,205470.45212139306,1783556811470452.0,1783556811010825.8
217.0,369.46524658242026,24288.0,73.53980100535645,-951.2247741813977,118.27802734063789,962.7006713956661,0.07353980100535645,-0.9512247741813977,0.1182780273406379,0.9627006713956661,0.962616750147538,0.962616750147538,9.440045552834354,-0.03738324985246199,-0.36660444716564633,0.7211790895291789,0.8894422655962374,-0.16826317606705854,0.04156007870815208,-9.328328431726003,-9.510798650496863,0.18247021877086017,-0.030337946788712336,1.1599112168200667,0.8335652499999999,0.3263459668200668,0.38245934999999986,0.07353980100535645,0.7211790895291789,0.04156007870815208,0.04156007870815208,0.03463386119106854,9.440045552834354,0.962616750147538,43.66108552410278,-79.3954919680481,107.87326232912102,-14.332167130089694,-150.71862567852733,1.0,4.0502259476017874,217.0,4.0502259476017874,3.939634528308021,14.182684301908877,0.5952673767087898,1.0421970951634896,-0.026737670878989133,3.939634528308021,14.182684301908877,-0.002208625755695208,0.0031692675294618874,0.0031692675294618874,-0.6859576248587946,0.0,0.0,0.0,8.973571908993824,0.0014837958596101283,5.341665094596462,10625.781145660103,2.9516058737944726,0.3720909148747074,205623.35651843876,1783556811623356.5,1783556811267376.8
218.0,368.9521445789112,24288.0,99.96455418607448,-936.0882650778797,122.3828433687106,950.899325314957,0.09996455418607447,-0.9360882650778797,0.12238284336871061,0.950899325314957,0.9509435361645423,0.9509435361645423,9.325570428928009,-0.04905646383545769,-0.4810795710719911,0.9803173953088673,0.8818945479521688,0.09842284735669848,0.05791346693696741,-9.179889984725987,-9.504508885793474,0.3246189010674851,-0.007694793856506538,1.2001657109217658,0.8335652499999999,0.36660046092176596,0.38245934999999986,0.09996455418607447,0.9803173953088673,0.05791346693696741,0.05791346693696741,0.05995822542179719,9.325570428928009,0.9509435361645423,43.661082188939766,-79.39548042325303,107.84760722894556,-13.4024388203531,-151.08729459894386,1.0,3.9968703900342466,218.0,3.9968703900342466,3.9375153267040783,14.17505517613468,0.5955239277105444,2.0421970951634916,-0.052392771054445716,3.9375153267040783,14.17505517613468,-0.004327827359638217,0.0020594491968115975,0.0020594491968115975,-1.3441417898714496,0.0,0.0,0.0,8.961109687532595,0.001482373089326638,5.336543121575897,10627.147802714426,2.951985500754007,0.3747298970500381,205776.26091548448,1783556811776261.0,1783556811523927.8
219.0,368.4390425754021,24288.0,126.38930736679251,-920.9517559743616,126.4876593967833,939.097979234248,0.1263893073667925,-0.9209517559743616,0.1264876593967833,0.939097979234248,0.9392703221815466,0.9392703221815466,9.211095305021663,-0.06072967781845339,-0.5955546949783359,1.2394557010885556,0.8743468303081002,0.3651088707804555,0.07426685516578274,-9.031451537725973,-9.498219121090083,0.46676758336411,0.01494835907569926,1.240420205023465,0.8335652499999999,0.40685495502346514,0.38245934999999986,0.1263893073667925,1.2394557010885556,0.07426685516578274,0.07426685516578274,0.08528258965252584,9.211095305021663,0.9392703221815466,43.66107885377674,-79.39546887845795,107.8219521287701,-12.472710510616507,-151.45596351936038,1.0,3.9435148324667053,219.0,3.9435148324667053,3.935396125100135,14.167426050360486,0.5957804787122989,3.042197095163494,-0.0780478712299023,3.935396125100135,14.167426050360486,-0.006447028963581226,0.0009496308641613075,0.0009496308641613075,-2.0023259548841046,0.0,0.0,0.0,8.948647466071366,0.0014809503190431478,5.331421148555331,10628.51445976875,2.9523651277135414,0.3773688792253688,205929.16531253018,1783556811929165.2,1783556811780478.8
220.0,368.8072555284363,24288.0,146.28468594980504,-912.7334528712859,128.09194147824138,933.1830513746247,0.14628468594980504,-0.9127334528712858,0.12809194147824138,0.9331830513746248,0.9334411208641198,0.9334411208641198,9.15393036792212,-0.0665588791358802,-0.6527196320778795,1.4345627154696554,0.8678885249999999,0.5666741904696555,0.0859208922371996,-8.950857515600195,-9.493736799139537,0.5428792835393426,0.04799718192098791,1.256152837897596,0.832845570688369,0.42330726720922685,0.3842585482790772,0.14628468594980504,1.4345627154696554,0.0859208922371996,0.0859208922371996,0.09912903108414617,9.15393036792212,0.9334411208641198,43.66107555967881,-79.39545731210208,107.8,-11.541245861927301,-151.8200931052509,1.0,3.8991712139165005,220.0,3.8991712139165005,3.933582801972125,14.16089808709965,0.596146773732443,3.8991712139165005,-0.09633065668893394,3.933582801972125,14.16089808709965,-0.00795725141464738,0.0,0.0,-2.471372647321901,0.0,0.0,0.0,8.957590622274662,0.0014833650829547203,5.340114298636993,10629.892401276195,2.952747889243387,0.3800253965916232,206082.01605986644,1783556812082016.0,1783556812036693.5
221.0,374.4001211442231,24288.0,127.47231978761329,-945.5279830729444,114.87244093183637,962.1642641109742,0.12747231978761328,-0.9455279830729444,0.11487244093183636,0.9621642641109741,0.9622566695394523,0.9622566695394523,9.43651436833907,-0.03774333046054762,-0.3701356316609293,1.2500764248451979,0.8678885249999999,0.38218789984519785,0.06971601535802421,-9.27246199520229,-9.499969444093066,0.22750744889077656,0.14273338521462825,1.126513822864193,0.8278594547255458,0.2986543681386473,0.3967238381861352,0.12747231978761328,1.2500764248451979,0.06971601535802421,0.06971601535802421,0.04493151221531575,9.43651436833907,0.9622566695394523,43.661072509024834,-79.39544561792852,107.8,-10.599487767217642,-152.1573123952904,1.0,3.908252594946653,221.0,3.908252594946653,3.933582801972125,14.16089808709965,0.5971636583898587,3.908252594946653,-0.07090854025353752,3.933582801972125,14.16089808709965,-0.005857295087949497,0.0,0.0,-1.8191657034997417,0.0,0.0,0.0,9.09343014235089,0.0015085296970779325,5.430706909480557,10631.337239807915,2.953149233279976,0.3827858668991852,206234.5487584788,1783556812234548.8,1783556812290914.5
222.0,379.9929867600098,24288.0,108.65995362542154,-978.322513274603,101.65294038543135,991.1454768473236,0.10865995362542154,-0.978322513274603,0.10165294038543135,0.9911454768473236,0.991072218214785,0.991072218214785,9.71909836875602,-0.008927781785215042,-0.08755163124397902,1.0655901342207401,0.8678885249999999,0.19770160922074026,0.05351113847884884,-9.594066474804384,-9.506202089046596,-0.08786438575778943,0.2374695885082686,0.9968748078307904,0.8228733387627226,0.17400146906806774,0.40918912809319324,0.10865995362542154,1.0655901342207401,0.05351113847884884,0.05351113847884884,-0.009266006653514666,9.71909836875602,0.991072218214785,43.66106945837086,-79.39543392375496,107.8,-9.657729672507983,-152.49453168532992,1.0,3.917333975976805,222.0,3.917333975976805,3.933582801972125,14.16089808709965,0.5981805430472745,3.917333975976805,-0.0454864238181411,3.933582801972125,14.16089808709965,-0.0037573387612516137,0.0,0.0,-1.1669587596775823,0.0,0.0,0.0,9.229269662427118,0.0015336943112011449,5.5212995203241215,10632.782078339635,2.9535505773165647,0.38554633720674725,206387.08145709118,1783556812387081.5,1783556812545135.8
223.0,385.58585237579655,24288.0,89.8475874632298,-1011.1170434762615,88.43343983902635,1020.1266895836729,0.0898475874632298,-1.0111170434762615,0.08843343983902635,1.020126689583673,1.0198877668901176,1.0198877668901176,10.00168236917297,0.019887766890117536,0.19503236917297118,0.8811038435962825,0.8678885249999999,0.013215318596282555,0.03730626159967346,-9.91567095440648,-9.512434734000124,-0.40323622040635543,0.33220579180190896,0.8672357927973877,0.8178872227998994,0.04934856999748821,0.4216544180002512,0.0898475874632298,0.8811038435962825,0.03730626159967346,0.03730626159967346,-0.06346352552234508,10.00168236917297,1.0198877668901176,43.66106640771689,-79.3954222295814,107.8,-8.715971577798324,-152.83175097536943,1.0,3.926415357006957,223.0,3.926415357006957,3.933582801972125,14.16089808709965,0.5991974277046903,3.926415357006957,-0.020064307382744687,3.933582801972125,14.16089808709965,-0.0016573824345537313,0.0,0.0,-0.5147518158554227,0.0,0.0,0.0,9.365109182503346,0.0015588589253243573,5.611892131167686,10634.226916871356,2.9539519213531538,0.3883068075143093,206539.61415570354,1783556812539614.2,1783556812799357.0
224.0,386.7144985929701,24288.0,76.80367121545471,-975.267517867454,141.92843837939373,988.2139397864237,0.07680367121545471,-0.9752675178674539,0.1419284383793937,0.9882139397864237,0.9885428017025492,0.9885428017025492,9.694293266316304,-0.011457198297450878,-0.11235673368369664,0.7531867223250388,0.8678885249999999,-0.11470180267496106,0.01663530267496101,-9.564107204094865,-9.494150753720838,-0.0699564503740276,0.40697597499999993,1.3918425202332811,0.8354042252091757,0.5564382950241055,0.42886549255832046,0.07680367121545471,0.7531867223250388,0.01663530267496101,0.01663530267496101,-0.013245919874015046,9.694293266316304,0.9885428017025492,43.66106335706303,-79.39541053540827,107.8,-7.774213518205859,-153.16897025285454,1.0,3.9335828393262093,224.0,3.9335828393262093,3.933582801972125,14.16089808709965,0.5959464219189696,0.21075385545759678,0.0,3.933582801972125,14.16089808709965,0.0,0.0,0.0,0.0,0.0,0.0,0.0,9.392521741826057,0.0015548334206055997,5.597400314180159,10641.263247741164,2.9559064577058782,0.40264111921168705,207287.87895821303,1783556813287879.0,1783556813053578.0
225.0,394.8495744104324,24288.0,80.61698800489019,-962.3022407833733,136.84401599347973,974.9944415830473,0.08061698800489019,-0.9623022407833733,0.13684401599347973,0.9749944415830473,0.9753805308665898,0.9753805308665898,9.565215483022843,-0.024619469133410125,-0.24143451697715634,0.7905825854181563,0.8678885249999999,-0.07730593958184362,-0.020760560418156444,-9.436961269578267,-9.500383397569692,0.06342212799142452,0.40697597499999993,1.3419813694424578,0.8441299265975698,0.49785144284488814,0.4164002048606146,0.08061698800489019,0.7905825854181563,-0.020760560418156444,-0.020760560418156444,-0.07609610994648136,9.565215483022843,0.9753805308665898,43.661060306409595,-79.39539884123678,107.8,-6.832455590122779,-153.50618948332485,1.0,3.9335830165665446,225.0,3.9335830165665446,3.933582801972125,14.16089808709965,0.595692200799674,1.210753855457597,0.0,3.933582801972125,14.16089808709965,0.0,0.0,0.0,0.0,0.0,0.0,0.0,9.590106463280582,0.0015868294534071117,5.712586032265602,10642.795239402529,2.9563320109451463,0.4087956098140706,207439.14052419396,1783556813439140.5,1783556813307799.2
226.0,402.98465022789475,24288.0,84.43030479432568,-949.3369636992927,131.75959360756576,961.774943379671,0.08443030479432567,-0.9493369636992928,0.13175959360756576,0.961774943379671,0.9622182600306306,0.9622182600306306,9.436137699729384,-0.03778173996936937,-0.3705123002706161,0.8279784485112738,0.8678885249999999,-0.03991007648872616,-0.0581564235112739,-9.309815335061668,-9.506616041418544,0.19680070635687663,0.40697597499999993,1.2921202186516347,0.8528556279859638,0.43926459066567086,0.4039349171629087,0.08443030479432567,0.8279784485112738,-0.0581564235112739,-0.0581564235112739,-0.13894630001894767,9.436137699729384,0.9622182600306306,43.66105725575616,-79.39538714706529,107.8,-5.890697662039699,-153.84340871379518,1.0,3.9335831938068804,226.0,3.9335831938068804,3.933582801972125,14.16089808709965,0.5954379796803783,2.210753855457597,0.0,3.933582801972125,14.16089808709965,0.0,0.0,0.0,0.0,0.0,0.0,0.0,9.787691184735108,0.0016188254862086234,5.827771750351045,10644.327231063895,2.9567575641844144,0.41495010041645414,207590.40209017493,1783556813590402.0,1783556813562020.2
227.0,411.11972604535714,24288.0,88.24362158376115,-936.3716866152121,126.6751712216518,948.5554451762947,0.08824362158376114,-0.9363716866152121,0.12667517122165178,0.9485554451762946,0.9490559891946714,0.9490559891946714,9.307059916435925,-0.050944010805328614,-0.49959008356407575,0.8653743116043913,0.8678885249999999,-0.0025142133956087,-0.09555228660439136,-9.182669400545068,-9.512848685267397,0.3301792847223287,0.40697597499999993,1.2422590678608114,0.8615813293743579,0.38067773848645353,0.3914696294652028,0.08824362158376114,0.8653743116043913,-0.09555228660439136,-0.09555228660439136,-0.20179649009141398,9.307059916435925,0.9490559891946714,43.66105420510273,-79.3953754528938,107.8,-4.948939733956619,-154.18062794426552,1.0,3.933583371047216,227.0,3.933583371047216,3.933582801972125,14.16089808709965,0.5951837585610825,3.2107538554575976,0.0,3.933582801972125,14.16089808709965,0.0,0.0,0.0,0.0,0.0,0.0,0.0,9.985275906189633,0.0016508215190101354,5.942957468436488,10645.85922272526,2.9571831174236825,0.4211045910188377,207741.66365615587,1783556813741663.8,1783556813816241.5
228.0,468.3314051922009,24288.0,42.476172610826346,-969.0303257680392,144.57328525110444,981.4570405169347,0.04247617261082635,-0.9690303257680392,0.14457328525110444,0.9814570405169347,0.9809202765704146,0.9809202765704146,9.619541830229256,-0.019079723429585374,-0.1871081697707434,0.4165489581339602,0.8952161539038715,-0.47866719576991135,-0.13238977499999993,-9.50294124419314,-9.515610224086558,0.012668979893418225,0.030836073173119618,1.4177796078077431,0.8717244470095685,0.5460551607981747,0.3344935029904314,0.04247617261082635,0.4165489581339602,-0.13238977499999993,-0.13238977499999993,-0.015309596024577843,9.619541830229256,0.9809202765704146,43.661051217689625,-79.39536372852025,107.7928880875184,-4.004749565843522,-154.51085658911038,1.0,3.9310008396068405,228.0,3.9310008396068405,3.931000192000699,14.151600691202516,0.5954267147488955,0.2771703562958119,-0.007111912481592254,3.931000192000699,14.151600691202516,-0.0025826099714259206,0.0,0.0,-0.18248451898604,0.0,0.0,0.0,11.374833169308175,0.0018821951144673496,6.775902412082458,10654.2008786858,2.959500244079389,0.45152283095465545,208488.74259401436,1783556814488742.5,1783556814071119.0
229.0,548.9006460397596,24288.0,62.23359791420856,-943.8845117455528,143.03374561707466,957.8507661284781,0.06223359791420857,-0.9438845117455528,0.14303374561707466,0.9578507661284781,0.9575216158497274,0.9575216158497274,9.390079354072729,-0.042478384150272594,-0.4165706459272707,0.6103031129853734,0.8876672907278425,-0.277364177742469,-0.13238977499999993,-9.256345047109525,-9.5093195047732,0.25297445766367704,0.018254634546404268,1.4026818814556852,0.8855640294989552,0.5171178519567299,0.3206539205010448,0.06223359791420857,0.6103031129853734,-0.13238977499999993,-0.13238977499999993,-0.01108054102400136,9.390079354072729,0.9575216158497274,43.6610483952003,-79.39535192538305,107.76722909361791,-3.0542163846542945,-154.82285455956247,1.0,3.921682889485984,229.0,3.921682889485984,3.921682420771695,14.118056714778103,0.5969662543829253,1.27717035629581,-0.032770906382087184,3.921682420771695,14.118056714778103,-0.011900381200429966,0.0,0.0,-0.8408684869717142,0.0,0.0,0.0,13.33169889101368,0.0022135154705158425,7.968655693857032,10657.047432784673,2.960290953551298,0.5452182464153185,208642.95314735637,1783556814642953.2,1783556814327709.0
230.0,629.4698868873182,24288.0,81.99102321759078,-918.7386977230663,141.49420598304488,934.2444917400214,0.08199102321759079,-0.9187386977230663,0.14149420598304488,0.9342444917400214,0.9341229551290402,0.9341229551290402,9.160616877916201,-0.0658770448709598,-0.646033122083798,0.8040572678367868,0.8801184275518135,-0.07606115971502675,-0.13238977499999993,-9.009748850025908,-9.503028785459843,0.4932799354339359,0.005673195919688918,1.387584155103627,0.8994036119883418,0.48818054311528514,0.30681433801165814,0.08199102321759079,0.8040572678367868,-0.13238977499999993,-0.13238977499999993,-0.006851486023424877,9.160616877916201,0.9341229551290402,43.66104557271097,-79.39534012224587,107.74157009971742,-2.1036832034650663,-155.1348525300146,1.0,3.9123649393651276,230.0,3.9123649393651276,3.912364649542691,14.084512738353688,0.5985057940169551,2.2771703562958083,-0.05842990028258211,3.912364649542691,14.084512738353688,-0.021218152429434013,0.0,0.0,-1.4992524549573885,0.0,0.0,0.0,15.288564612719185,0.0025448358265643357,9.161408975631607,10659.893986883548,2.9610816630232075,0.6389136618759815,208797.16370069835,1783556814797163.8,1783556814584299.0
231.0,710.039127734877,24288.0,101.748448520973,-893.5928837005798,139.9546663490151,910.6382173515648,0.101748448520973,-0.8935928837005799,0.1399546663490151,0.9106382173515648,0.910724294408353,0.910724294408353,8.931154401759674,-0.08927570559164702,-0.8754955982403253,0.9978114226882,0.8725695643757844,0.12524185831241552,-0.13238977499999993,-8.76315265294229,-9.496738066146486,0.7335854132041947,-0.006908242707026432,1.3724864287515688,0.9132431944777285,0.4592432342738404,0.29297475552227153,0.101748448520973,0.9978114226882,-0.13238977499999993,-0.13238977499999993,-0.002622431022848393,8.931154401759674,0.910724294408353,43.66104275022164,-79.39532831910867,107.71591110581691,-1.1531500222758386,-155.44685050046672,1.0,3.9030469892442716,231.0,3.9030469892442716,3.903046878313687,14.050968761929273,0.6000453336509849,3.277170356295807,-0.08408889418307704,3.903046878313687,14.050968761929273,-0.030535923658438057,0.0,0.0,-2.157636422943063,0.0,0.0,0.0,17.24543033442469,0.002876156182612829,10.354162257406182,10662.74054098242,2.9618723724951166,0.7326090773366446,208951.37425404033,1783556814951374.2,1783556814840889.0
232.0,762.1803265587928,24288.0,112.41430795724165,-881.1713840855167,133.15276059232855,898.2794323114651,0.11241430795724164,-0.8811713840855168,0.13315276059232856,0.8982794323114651,0.8984483156390456,0.8984483156390456,8.810768174561645,-0.10155168436095444,-0.9958818254383538,1.1024077731288837,0.8678885249999999,0.23451924812888386,-0.13238977499999993,-8.641339353742232,-9.48894961828222,0.847610264539987,-0.014709975000000597,1.3057825196627588,0.9232829431441671,0.38249957651859173,0.26884252312888385,0.11241430795724164,1.1024077731288837,-0.13238977499999993,-0.13238977499999993,0.0,8.810768174561645,0.8984483156390456,43.661040108048226,-79.39531644113538,107.7,-0.19659012130078396,-155.7389163496366,1.0,3.890928584476061,232.0,3.890928584476061,3.890928584476061,14.00734290411382,0.6009008942473276,3.890928584476061,-0.09008942473275512,3.890928584476061,14.00734290411382,-0.03905530502716228,0.0,0.0,-2.3116039997169957,0.0,0.0,0.0,18.51183577145996,0.003089925267133357,11.123730961680085,10665.63508733241,2.9626764131478915,0.7924483397608089,209106.46345160343,1783556815106463.5,1783556815099105.8
233.0,767.9195169755766,24288.0,108.24035129048976,-889.5192974190205,117.76129538368099,904.279495019921,0.10824035129048976,-0.8895192974190205,0.11776129538368099,0.904279495019921,0.9043274662658656,0.9043274662658656,8.86842294705615,-0.09567253373413447,-0.9382270529438497,1.0614752409828814,0.8678885249999999,0.19358671598288152,-0.13238977499999993,-8.723204418034237,-9.47871648524572,0.7555120672114822,-0.014709975000000597,1.1548438073743752,0.9271203680328548,0.22772343934152042,0.22790999098288145,0.10824035129048976,1.0614752409828814,-0.13238977499999993,-0.13238977499999993,0.0,8.86842294705615,0.9043274662658656,43.6610377601976,-79.39530444100996,107.7,0.7698069644489659,-155.99844775768887,1.0,3.8742391044300586,233.0,3.8742391044300586,3.8742391044300586,13.94726077594821,0.6006400219556556,3.8742391044300586,-0.06400219556555736,3.8742391044300586,13.94726077594821,-0.046271505087161026,0.0,0.0,-1.6422319456350156,0.0,0.0,0.0,18.651229228302803,0.003111819895960693,11.202551625458495,10668.607969602894,2.9635022137785816,0.797025495265115,209262.98682660665,1783556815262986.8,1783556815359978.0
234.0,773.6587073923604,24288.0,104.06639462373788,-897.8672107525242,102.36983017503343,910.2795577283767,0.10406639462373789,-0.8978672107525243,0.10236983017503343,0.9102795577283769,0.9102066168926856,0.9102066168926856,8.926077719550653,-0.0897933831073145,-0.8805722804493457,1.020542708836879,0.8678885249999999,0.15265418383687918,-0.13238977499999993,-8.80506948232624,-9.468483352209219,0.6634138698829775,-0.014709975000000597,1.0039050950859916,0.9309577929215425,0.07294730216444911,0.18697745883687908,0.10406639462373789,1.020542708836879,-0.13238977499999993,-0.13238977499999993,0.0,8.926077719550653,0.9102066168926856,43.661035412346976,-79.39529244088455,107.7,1.7362040501987157,-156.2579791657411,1.0,3.857549624384056,234.0,3.857549624384056,3.857549624384056,13.887178647782603,0.6003791496639836,3.857549624384056,-0.03791496639835959,3.857549624384056,13.887178647782603,-0.05348770514715978,0.0,0.0,-0.9728598915530355,0.0,0.0,0.0,18.79062268514565,0.0031337145247880287,11.281372289236904,10671.58085187338,2.964328014409272,0.8016026507694212,209419.51020160984,1783556815419510.2,1783556815620850.2
235.0,779.3978978091443,24288.0,99.892437956986,-906.215124086028,86.97836496638587,916.2796204368326,0.099892437956986,-0.906215124086028,0.08697836496638588,0.9162796204368326,0.9160857675195054,0.9160857675195054,8.983732492045156,-0.08391423248049452,-0.8229175079548415,0.9796101766908767,0.8678885249999999,0.1117216516908768,-0.13238977499999993,-8.886934546618246,-9.458250219172719,0.5713156725544727,-0.014709975000000597,0.8529663827976081,0.9347952178102302,-0.08182883501262217,0.14604492669087668,0.099892437956986,0.9796101766908767,-0.13238977499999993,-0.13238977499999993,0.0,8.983732492045156,0.9160857675195054,43.66103306449635,-79.39528044075912,107.7,2.7026011359484654,-156.51751057379334,1.0,3.8408601443380537,235.0,3.8408601443380537,3.8408601443380537,13.827096519616994,0.6001182773723116,3.8408601443380537,-0.011827737231161817,3.8408601443380537,13.827096519616994,-0.06070390520715853,0.0,0.0,-0.3034878374710557,0.0,0.0,0.0,18.930016141988496,0.0031556091536153645,11.360192953015314,10674.553734143863,2.965153815039962,0.8061798062737273,209576.03357661303,1783556815576033.5,1783556815881722.8
236.0,852.1186194511998,24288.0,62.73465200846334,-934.4316727273206,142.36437124728934,947.6970207188573,0.06273465200846334,-0.9344316727273206,0.14236437124728935,0.9476970207188573,0.9484034382557721,0.9484034382557721,9.300660577770966,-0.05159656174422792,-0.5059894222290326,0.6152167751187969,0.8973084749999999,-0.2820916998812029,-0.1394777437994987,-9.163644363351379,-9.496381184399748,0.33273682104836894,-0.024516625000000403,1.39611756129223,0.9365350749999999,0.4595824862922302,-0.06391798447894742,0.06273465200846334,0.6152167751187969,-0.1394777437994987,-0.1394777437994987,-0.011932607406563588,9.300660577770966,0.9484034382557721,43.66103098811966,-79.39526835050063,107.7,3.676256840935599,-156.74703325292995,1.0,3.825782258917095,236.0,3.825782258917095,3.833293270016382,13.799855772058976,0.5957108913319228,0.5466081447226243,0.0,3.833293270016382,13.799855772058976,-0.05472771094621653,0.0,0.0,0.0,0.0,0.0,0.0,20.696257029230743,0.0034220735826456412,12.319464897524309,10689.524718149472,2.969312421708187,1.0446955609061574,210328.86527441893,1783556816328865.2,1783556816144554.2
237.0,1271.2829177941476,24288.0,65.90813565522383,-957.1749721957708,110.10062083855773,967.2668365405469,0.06590813565522383,-0.9571749721957709,0.11010062083855773,0.9672668365405469,0.9678643191158626,0.9678643191158626,9.491506625057573,-0.03213568088413746,-0.3151433749424266,0.6463380185233006,0.8973084749999999,-0.2509704564766992,-0.15244492855137526,-9.386679941083656,-9.502864776775686,0.11618483569203075,-0.024516625000000403,1.0797182533464422,0.9365350749999999,0.14318317834644229,-0.09114907245788814,0.06590813565522383,0.6463380185233006,-0.15244492855137526,-0.15244492855137526,-0.03376288476662514,9.491506625057573,0.9678643191158626,43.66102913692087,-79.39525618548,107.7,4.655933310293998,-156.95166476751126,1.0,3.812041133447591,237.0,3.812041133447591,3.833293270016382,13.799855772058976,0.595181977390796,1.5466081447226216,0.0,3.833293270016382,13.799855772058976,-0.03780889866088117,0.0,0.0,0.0,0.0,0.0,0.0,30.876919507384258,0.005099659774567999,18.358775188444795,10697.948988328997,2.9716524967580553,1.4451559864035528,210485.95271493358,1783556816485952.8,1783556816409011.2
238.0,1690.4472161370952,24288.0,69.08161930198432,-979.9182716642209,77.83687042982612,986.8366523622366,0.06908161930198431,-0.979918271664221,0.07783687042982611,0.9868366523622366,0.987325199975953,0.987325199975953,9.682352672344178,-0.012674800024046994,-0.12429732765582047,0.6774592619278044,0.8973084749999999,-0.21984921307219546,-0.16541211330325184,-9.609715518815932,-9.509348369151624,-0.10036714966430738,-0.024516625000000403,0.7633189454006543,0.9365350749999999,-0.17321612959934563,-0.11838016043682886,0.06908161930198431,0.6774592619278044,-0.16541211330325184,-0.16541211330325184,-0.05559316212668669,9.682352672344178,0.987325199975953,43.66102728572208,-79.39524402045934,107.7,5.635609779652396,-157.15629628209257,1.0,3.7983000079780864,238.0,3.7983000079780864,3.833293270016382,13.799855772058976,0.5946530634496693,2.5466081447226188,0.0,3.833293270016382,13.799855772058976,-0.020890086375545812,0.0,0.0,0.0,0.0,0.0,0.0,41.057581985537766,0.006777245966490356,24.398085479365285,10706.373258508522,2.973992571807923,1.8456164119009477,210643.04015544822,1783556816643040.2,1783556816673468.2
239.0,2109.611514480043,24288.0,72.2551029487448,-1002.661571132671,45.573120021094496,1006.4064681839263,0.07225510294874479,-1.0026615711326712,0.045573120021094496,1.0064064681839262,1.0067860808360434,1.0067860808360434,9.873198719630786,0.0067860808360434705,0.06654871963078568,0.7085805053323082,0.8973084749999999,-0.18872796966769173,-0.1783792980551284,-9.83275109654821,-9.515831961527564,-0.3169191350206455,-0.024516625000000403,0.4469196374548663,0.9365350749999999,-0.4896154375451336,-0.1456112484157696,0.07225510294874479,0.7085805053323082,-0.1783792980551284,-0.1783792980551284,-0.07742343948674825,9.873198719630786,1.0067860808360434,43.66102543452328,-79.3952318554387,107.7,6.615286249010794,-157.3609277966739,1.0,3.784558882508582,239.0,3.784558882508582,3.833293270016382,13.799855772058976,0.5941241495085425,3.546608144722616,0.0,3.833293270016382,13.799855772058976,-0.003971274090210454,0.0,0.0,0.0,0.0,0.0,0.0,51.23824446369128,0.008454832158412714,30.437395770285768,10714.797528688048,2.9763326468577915,2.246076837398343,210800.12759596287,1783556816800127.5,1783556816937925.2
240.0,11516.180091025899,24288.0,45.5595959124641,-978.1036517912605,59.70986780472761,981.4974357777935,0.0455595959124641,-0.9781036517912605,0.059709867804727604,0.9814974357777935,0.9810512294659873,0.9810512294659873,9.620826039442624,-0.018948770534012675,-0.18582396055737538,0.446787011254966,0.8973084749999999,-0.4505214637450339,-0.18142302499999996,-9.591920176838764,-9.515422974134232,-0.07649720270453228,-0.014709975000000597,0.5855537751072319,0.9746438538959498,-0.3890900787887178,-0.15200307499999988,0.0455595959124641,0.446787011254966,-0.18142302499999996,-0.18142302499999996,0.0,9.620826039442624,0.9810512294659873,43.661024212432025,-79.39521954918432,107.68031080067335,7.606336588186852,-157.49601776384236,1.0,3.802093856265676,240.0,3.802093856265676,3.8438231699705856,13.837763411894109,0.5996062160134671,0.7652746526626708,-0.019689199326648598,3.8438231699705856,13.837763411894109,0.010529899954203574,0.0,0.0,-0.5065692020186995,0.0,0.0,0.0,279.70498205083703,0.04657645319758188,167.67523151129478,10914.726662075022,3.0318685172430615,5.036732924252826,211554.74141197334,1783556817554741.5,1783556817196892.0
241.0,12776.09388494442,24288.0,48.90427210624412,-986.0794180995052,67.17106854469841,989.9877676543119,0.048904272106244116,-0.9860794180995052,0.06717106854469843,0.989987767654312,0.9896797402177633,0.9896797402177633,9.705442824406529,-0.010320259782236703,-0.10120717559347156,0.47958708005069883,0.8973084749999999,-0.41772139494930105,-0.18142302499999996,-9.670135725505512,-9.512899891919176,-0.1572358335863359,-0.014709975000000597,0.6587231593438667,0.9859977238637034,-0.3272745645198367,-0.15200307499999988,0.048904272106244116,0.47958708005069883,-0.18142302499999996,-0.18142302499999996,0.0,9.705442824406529,0.9896797402177633,43.66102318330089,-79.39520719961068,107.65458252225966,8.600875525259404,-157.60977791979326,1.0,3.829221847678297,241.0,3.829221847678297,3.8575828050474383,13.887298098170778,0.5990916504451932,1.7652746526626737,-0.045417477740343236,3.8575828050474383,13.887298098170778,0.024289535031056346,0.0,0.0,-1.1685135121512267,0.0,0.0,0.0,310.30576827753003,0.05162295145039182,185.84262522141057,10972.456991819125,3.047904719949757,8.560510779696095,211708.59651688722,1783556817708596.5,1783556817454174.8
242.0,14036.007678862938,24288.0,52.24894830002414,-994.0551844077498,74.63226928466922,998.4780995308305,0.052248948300024134,-0.9940551844077498,0.07463226928466923,0.9984780995308304,0.9983082509695392,0.9983082509695392,9.790059609370433,-0.0016917490304607305,-0.01659039062956774,0.5123871488464317,0.8973084749999999,-0.3849213261535682,-0.18142302499999996,-9.74835127417226,-9.51037680970412,-0.23797446446813952,-0.014709975000000597,0.7318925435805015,0.9973515938314571,-0.2654590502509557,-0.15200307499999988,0.052248948300024134,0.5123871488464317,-0.18142302499999996,-0.18142302499999996,0.0,9.790059609370433,0.9983082509695392,43.66102215416975,-79.39519485003704,107.62885424384596,9.595414462331956,-157.7235380757442,1.0,3.8563498390909174,242.0,3.8563498390909174,3.871342440124291,13.936832784447448,0.5985770848769193,2.7652746526626766,-0.07114575615403787,3.871342440124291,13.936832784447448,0.03804917010790911,0.0,0.0,-1.830457822283754,0.0,0.0,0.0,340.906554504223,0.05666944970320176,204.01001893152633,11030.187321563228,3.0639409226564522,12.084288635139364,211862.4516218011,1783556817862451.5,1783556817711457.5
243.0,15295.921472781458,24288.0,55.59362449380416,-1002.0309507159945,82.09347002464003,1006.968431407349,0.05559362449380416,-1.0020309507159944,0.08209347002464004,1.006968431407349,1.0069367617213152,1.0069367617213152,9.874676394334337,0.006936761721315243,0.0680263943343361,0.5451872176421645,0.8973084749999999,-0.3521212573578354,-0.18142302499999996,-9.826566822839007,-9.507853727489064,-0.31871309534994313,-0.014709975000000597,0.8050619278171361,1.0087054637992108,-0.2036435359820746,-0.15200307499999988,0.05559362449380416,0.5451872176421645,-0.18142302499999996,-0.18142302499999996,0.0,9.874676394334337,1.0069367617213152,43.661021125038616,-79.3951825004634,107.60312596543227,10.589953399404507,-157.83729823169512,1.0,3.8834778305035385,243.0,3.8834778305035385,3.885102075201144,13.986367470724119,0.5980625193086455,3.7652746526626792,-0.09687403456773251,3.885102075201144,13.986367470724119,0.051808805184761886,0.0,0.0,-2.4924021324162813,0.0,0.0,0.0,371.507340730916,0.061715947956011694,222.17741264164212,11087.91765130733,3.079977125363148,15.608066490582633,212016.306726715,1783556818016306.8,1783556817968740.2
244.0,15994.915506032177,24288.0,61.00640216855665,-1015.1895009321379,73.64020464139409,1019.9718312726354,0.06100640216855665,-1.015189500932138,0.0736402046413941,1.0199718312726354,1.0198939370449065,1.0198939370449065,10.001742877721432,0.019893937044906482,0.1950928777214321,0.598268433826276,0.8994430851663597,-0.3011746513400837,-0.18142302499999996,-9.95560811931615,-9.507547175,-0.44806094431615,-0.00937344958410094,0.7221637128465275,1.0004792042513808,-0.27831549140485334,-0.15200307499999988,0.06100640216855665,0.598268433826276,-0.18142302499999996,-0.18142302499999996,0.0,10.001742877721432,1.0198939370449065,43.66102034699102,-79.39517011651702,107.6,11.587260450510415,-157.9233036129376,1.0,3.9192419100030658,244.0,3.9192419100030658,3.917573254358546,14.103263715690765,0.5971293213619902,3.9192419100030658,-0.07823303404976038,3.917573254358546,14.103263715690765,0.07263888254009888,0.0,0.0,-2.0128012811801104,0.0,0.0,0.0,388.4845078105095,0.06442611061773434,231.93399822384364,11151.322851463892,3.097589680962192,16.23149234113958,212164.29577774447,1783556818164295.8,1783556818217669.8
245.0,16616.332709709324,24288.0,66.70520427564372,-1029.0648451928716,62.98592244118784,1033.5994015287133,0.06670520427564372,-1.0290648451928717,0.06298592244118784,1.0335994015287133,1.0334497792319526,1.0334497792319526,10.134680277505028,0.03344977923195264,0.32803027750502833,0.6541545915097414,0.9018729181091191,-0.24771832659937765,-0.18142302499999996,-10.091678764110673,-9.507547175,-0.5841315891106744,-0.0032988672272024257,0.6176808963078747,0.9895449560089636,-0.37186405970108893,-0.15200307499999988,0.06670520427564372,0.6541545915097414,-0.18142302499999996,-0.18142302499999996,0.0,10.134680277505028,1.0334497792319526,43.661019603669004,-79.3951577278168,107.6,12.584950339814696,-158.00547042834876,1.0,3.9562003855297587,245.0,3.9562003855297587,3.952632294325963,14.229476259573467,0.5961382253433662,3.9562003855297587,-0.05345563358416231,3.952632294325963,14.229476259573467,0.09444682256690737,0.0,0.0,-1.3753214236336522,0.0,0.0,0.0,403.57748885342005,0.06681315129181178,240.52734465052242,11215.512902655679,3.1154202507376887,16.453791098369376,212311.4735365101,1783556818311473.5,1783556818465443.8
246.0,17237.74991338647,24288.0,72.40400638273078,-1042.9401894536054,52.33164024098157,1047.226971784791,0.07240400638273078,-1.0429401894536052,0.05233164024098157,1.047226971784791,1.0470056214189989,1.0470056214189989,10.267617677288625,0.0470056214189988,0.4609676772886245,0.7100407491932069,0.9043027510518785,-0.1942620018586716,-0.18142302499999996,-10.227749408905199,-9.507547175,-0.720202233905199,0.002775715129696092,0.5131980797692219,0.9786107077665465,-0.4654126279973245,-0.15200307499999988,0.07240400638273078,0.7100407491932069,-0.18142302499999996,-0.18142302499999996,0.0,10.267617677288625,1.0470056214189989,43.66101886034699,-79.39514533911657,107.6,13.582640229118978,-158.08763724375993,1.0,3.9931588610564517,246.0,3.9931588610564517,3.9876913342933804,14.355688803456168,0.5951471293247425,3.9931588610564517,-0.02867823311856424,3.9876913342933804,14.355688803456168,0.11625476259371585,0.0,0.0,-0.7378415660871938,0.0,0.0,0.0,418.6704698963306,0.06920019196588922,249.1206910772012,11279.702953847465,3.133250820513185,16.67608985559917,212458.65129527575,1783556818458651.2,1783556818713217.8
247.0,17859.16711706362,24288.0,78.10280848981786,-1056.8155337143392,41.6773580407753,1060.8545420408689,0.07810280848981786,-1.056815533714339,0.041677358040775304,1.0608545420408688,1.060561463606045,1.060561463606045,10.40055507707222,0.06056146360604496,0.5939050770722207,0.7659269068766723,0.9067325839946379,-0.14080567711796554,-0.18142302499999996,-10.363820053699722,-9.507547175,-0.8562728786997235,0.008850297486594608,0.40871526323056917,0.9676764595241293,-0.5589611962935601,-0.15200307499999988,0.07810280848981786,0.7659269068766723,-0.18142302499999996,-0.18142302499999996,0.0,10.40055507707222,1.060561463606045,43.66101811702498,-79.39513295041633,107.6,14.580330118423259,-158.1698040591711,1.0,4.030117336583144,247.0,4.030117336583144,4.022750374260798,14.48190134733887,0.5941560333061187,4.030117336583144,-0.0039008326529661602,4.022750374260798,14.48190134733887,0.13806270262052434,0.0,0.0,-0.10036170854073534,0.0,0.0,0.0,433.7634509392412,0.07158723263996666,257.71403750388,11343.893005039254,3.1510813902886814,16.898388612828963,212605.8290540414,1783556818605829.0,1783556818960991.8
248.0,19125.159100977802,24288.0,58.065726121550846,-951.4840520609681,101.14942915068585,958.6474001821335,0.05806572612155085,-0.9514840520609681,0.10114942915068587,0.9586474001821335,0.9591335544294846,0.9591335544294846,9.405887071545903,-0.04086644557051549,-0.4007629284540957,0.5694302530699065,0.8952572869631066,-0.32582703389320006,-0.18142302499999996,-9.330871079143693,-9.539018313036893,0.20814723389320067,0.009806649999999806,0.9919370493805734,1.01008495,-0.018147900619426643,-0.196133,0.05806572612155085,0.5694302530699065,-0.18142302499999996,-0.18142302499999996,0.0,9.405887071545903,0.9591335544294846,43.66101758167406,-79.39512054185153,107.6,15.579619747194462,-158.22898174980358,1.0,4.034332454712609,248.0,4.034332454712609,4.028269897912055,14.501771632483397,0.5960458148485432,0.8425648946352455,0.0,4.028269897912055,14.501771632483397,0.11190030645545776,0.0013119464037083658,0.0013119464037083658,0.0,0.0,0.0,0.0,464.51186424454886,0.07691230377819318,276.8842936014955,11688.253710430665,3.2467371417862956,17.932138035589034,213349.4977818252,1783556819349497.8,1783556819209163.0
249.0,19297.441499523073,24288.0,65.26484652185754,-959.179663523365,83.52399644648673,965.3500295203501,0.06526484652185753,-0.9591796635233649,0.08352399644648673,0.9653500295203501,0.9658055921649072,0.9658055921649072,9.471317410403987,-0.034194407835092706,-0.33533258959601187,0.6400295071435741,0.8928228299260835,-0.2527933227825095,-0.18142302499999996,-9.406339247291406,-9.541452770073915,0.13511352278250974,0.009806649999999806,0.8190905997519389,1.01008495,-0.19099435024806105,-0.196133,0.06526484652185753,0.6400295071435741,-0.18142302499999996,-0.18142302499999996,0.0,9.471317410403987,0.9658055921649072,43.661017085183,-79.39510812957496,107.6,16.579208290806687,-158.28386387186342,1.0,4.032429404431959,249.0,4.032429404431959,4.028269897912055,14.501771632483397,0.5972870425037685,1.8425648946352458,0.0,4.028269897912055,14.501771632483397,0.0767745473721913,0.002869032881037,0.002869032881037,0.0,0.0,0.0,0.0,468.69625914041643,0.0777686442802173,279.9671194087823,11759.427011740145,3.2665075032611512,18.052684548669948,213498.44510045223,1783556819498445.0,1783556819457408.5
250.0,19469.723898068343,24288.0,72.46396692216422,-966.8752749857617,65.89856374228759,972.0526588585667,0.07246396692216422,-0.9668752749857618,0.0658985637422876,0.9720526588585666,0.97247762990033,0.97247762990033,9.536747749262071,-0.02752237009966992,-0.26990225073792806,0.7106287612172417,0.8903883728890606,-0.17975961167181892,-0.18142302499999996,-9.48180741543912,-9.543887227110938,0.062079811671818835,0.009806649999999806,0.6462441501233045,1.01008495,-0.36384079987669543,-0.196133,0.07246396692216422,0.7106287612172417,-0.18142302499999996,-0.18142302499999996,0.0,9.536747749262071,0.97247762990033,43.661016588691936,-79.39509571729842,107.6,17.57879683441891,-158.33874599392328,1.0,4.030526354151309,250.0,4.030526354151309,4.028269897912055,14.501771632483397,0.5985282701589938,2.8425648946352458,0.0,4.028269897912055,14.501771632483397,0.04164878828892485,0.004426119358365634,0.004426119358365634,0.0,0.0,0.0,0.0,472.88065403628394,0.07862498478224142,283.0499452160691,11830.600313049623,3.2862778647360065,18.17323106175086,213647.39241907926,1783556819647392.5,1783556819705654.0
251.0,19642.006296613614,24288.0,79.66308732247091,-974.5708864481586,48.27313103808848,978.7552881967832,0.0796630873224709,-0.9745708864481586,0.048273131038088474,0.9787552881967833,0.9791496676357528,0.9791496676357528,9.602178088120155,-0.020850332364247135,-0.2044719118798442,0.7812280152909092,0.8879539158520375,-0.10672590056112835,-0.18142302499999996,-9.557275583586833,-9.54632168414796,-0.010953899438872039,0.009806649999999806,0.4733977004946702,1.01008495,-0.5366872495053298,-0.196133,0.0796630873224709,0.7812280152909092,-0.18142302499999996,-0.18142302499999996,0.0,9.602178088120155,0.9791496676357528,43.66101609220087,-79.39508330502186,107.6,18.578385378031136,-158.39362811598315,1.0,4.028623303870659,251.0,4.028623303870659,4.028269897912055,14.501771632483397,0.5997694978142191,3.842564894635246,0.0,4.028269897912055,14.501771632483397,0.006523029205658393,0.005983205835694268,0.005983205835694268,0.0,0.0,0.0,0.0,477.06504893215146,0.07948132528426555,286.13277102335593,11901.773614359103,3.3060482262108617,18.293777574831775,213796.3397377063,1783556819796339.8,1783556819953899.5
252.0,18474.03053757873,24288.0,72.23432150304257,-981.5313569939149,63.24504697274337,986.1377922757354,0.07223432150304257,-0.9815313569939148,0.06324504697274337,0.9861377922757353,0.986287422741984,0.986287422741984,9.672175554232677,-0.013712577258016043,-0.13447444576732304,0.7083767089678125,0.858081875,-0.1497051660321876,-0.18142302499999996,-9.625534482064374,-9.545782591907255,-0.07975189015712061,-0.014709975000000597,0.6202220398952537,0.9600079264435352,-0.3397858865482814,-0.22064962499999996,0.07223432150304257,0.7083767089678125,-0.18142302499999996,-0.18142302499999996,0.0,9.672175554232677,0.986287422741984,43.66101640429019,-79.39507089274531,107.6,19.577973921849836,-158.35912976322587,1.0,4.028269897705493,252.0,4.028269897705493,4.028269897912055,14.501771632483397,0.594,0.8142949967231912,0.0,4.028269897912055,14.501771632483397,0.0,0.008248906965040506,0.008248906965040506,0.0,0.0,0.0,0.0,448.6972536967121,0.07403504685995749,266.526168695847,12235.440551346948,3.398733486485263,18.610122618230623,214538.07418580045,1783556820538074.2,1783556820202145.0
253.0,18454.419140621194,24288.0,76.20625000077105,-973.5874999984579,68.45820312601201,978.9386718736025,0.07620625000077105,-0.9735874999984578,0.068458203126012,0.9789386718736025,0.9790727617231523,0.9790727617231523,9.601423898752351,-0.020927238276847754,-0.20522610124764898,0.7473280215700615,0.858081875,-0.11075385342993854,-0.18142302499999996,-9.547631856859876,-9.544565363388434,-0.003066493471442361,-0.014709975000000597,0.6713456376857057,0.9527045553306134,-0.28135891764490784,-0.22064962499999996,0.07620625000077105,0.7473280215700615,-0.18142302499999996,-0.18142302499999996,0.0,9.601423898752351,0.9790727617231523,43.66101690078125,-79.39505848046875,107.6,20.577562465715623,-158.3042476411521,1.0,4.028269897451824,253.0,4.028269897451824,4.028269897912055,14.501771632483397,0.594,1.814294996723191,0.0,4.028269897912055,14.501771632483397,0.0,0.010676212042347212,0.010676212042347212,0.0,0.0,0.0,0.0,448.2209320874075,0.07395645379442224,266.24323365992007,12301.378740542526,3.4170496501507017,18.971120725765452,214685.53203127862,1783556820685532.0,1783556820450390.8
254.0,18434.80774366366,24288.0,80.17817849849953,-965.643643003001,73.67135927928064,971.7395514714696,0.08017817849849954,-0.9656436430030009,0.07367135927928065,0.9717395514714696,0.9718581007043205,0.9718581007043205,9.530672243272024,-0.02814189929567946,-0.275977756727975,0.7862793341723104,0.858081875,-0.0718025408276895,-0.18142302499999996,-9.469729231655378,-9.543348134869614,0.07361890321423589,-0.014709975000000597,0.7224692354761575,0.9454011842176917,-0.2229319487415342,-0.22064962499999996,0.08017817849849954,0.7862793341723104,-0.18142302499999996,-0.18142302499999996,0.0,9.530672243272024,0.9718581007043205,43.66101739727231,-79.3950460681922,107.6,21.577151009581414,-158.2493655190783,1.0,4.028269897198155,254.0,4.028269897198155,4.028269897912055,14.501771632483397,0.594,2.814294996723191,0.0,4.028269897912055,14.501771632483397,0.0,0.013103517119653917,0.013103517119653917,0.0,0.0,0.0,0.0,447.74461047810297,0.07387786072888698,265.96029862399314,12367.316929738105,3.4353658138161403,19.332118833300278,214832.9898767568,1783556820832990.0,1783556820698636.2
255.0,18415.196346706125,24288.0,84.15010699622802,-957.6997860075439,78.88451543254928,964.5404310693367,0.08415010699622802,-0.9576997860075439,0.07888451543254928,0.9645404310693367,0.9646434396854888,0.9646434396854888,9.459920587791698,-0.03535656031451117,-0.34672941220830095,0.8252306467745596,0.858081875,-0.032851228225440454,-0.18142302499999996,-9.39182660645088,-9.542130906350794,0.15030429989991412,-0.014709975000000597,0.7735928332666093,0.93809781310477,-0.16450497983816062,-0.22064962499999996,0.08415010699622802,0.8252306467745596,-0.18142302499999996,-0.18142302499999996,0.0,9.459920587791698,0.9646434396854888,43.66101789376337,-79.39503365591564,107.6,22.5767395534472,-158.19448339700455,1.0,4.028269896944487,255.0,4.028269896944487,4.028269897912055,14.501771632483397,0.594,3.8142949967231905,0.0,4.028269897912055,14.501771632483397,0.0,0.015530822196960621,0.015530822196960621,0.0,0.0,0.0,0.0,447.2682888687984,0.07379926766335172,265.6773635880662,12433.255118933683,3.453681977481579,19.693116940835107,214980.44772223497,1783556820980447.8,1783556820946881.8
256.0,18993.883184693754,24288.0,81.90264664393887,-959.4845225255688,80.58075375426147,966.290937940815,0.08190264664393887,-0.9594845225255687,0.08058075375426146,0.9662909379408149,0.9663640151555208,0.9663640151555208,9.476793669224888,-0.03363598484447914,-0.32985633077511134,0.8031905897107832,0.8523866261957719,-0.04919603648498868,-0.1757277761957718,-9.409328892825368,-9.54566728253615,0.13633838971078327,-0.009963934329810381,0.7902272488042281,0.9365350749999999,-0.1463078261957717,-0.21590358432980983,0.08190264664393887,0.8031905897107832,-0.1757277761957718,-0.1757277761957718,0.009587960949879059,9.476793669224888,0.9663640151555208,43.66101896792292,-79.39502132077077,107.58064154152461,23.570116509593714,-158.07574580038545,1.0,4.034484041457383,256.0,4.034484041457383,4.0306983640993055,14.510514110757498,0.594,4.034484041457383,-0.019358458475380962,4.0306983640993055,14.510514110757498,0.0024284661872502502,0.01676264007370045,0.01676264007370045,-0.47676583689591895,0.0,0.0,0.0,461.32343478984194,0.07611836674032392,274.02612026516607,12507.192856362268,3.474220237878408,19.884103805557253,215126.98924334376,1783556821126989.2,1783556821193584.5
257.0,19735.44116397152,24288.0,77.96211935451863,-963.9176157261666,81.31960262102776,970.477748185824,0.07796211935451865,-0.9639176157261665,0.08131960262102776,0.9704777481858239,0.9705169764820345,0.9705169764820345,9.517520307417543,-0.02948302351796549,-0.28912969258245624,0.7645472177679903,0.8451409939564982,-0.08059377618850791,-0.16848214395649813,-9.45280268626101,-9.550497704029,0.09769501776799028,-0.003925907463748893,0.7974728810435018,0.9365350749999999,-0.13906219395649805,-0.20986555746374846,0.07796211935451865,0.7645472177679903,-0.16848214395649813,-0.16848214395649813,0.021785995022730337,9.517520307417543,0.9705169764820345,43.6610201993377,-79.39500900662298,107.55601324596574,24.561802522458144,-157.93962521078834,1.0,4.042389825342016,257.0,4.042389825342016,4.0337879170763875,14.521636501474994,0.594,4.042389825342016,-0.043986754034256,4.0337879170763875,14.521636501474994,0.005518019164332353,0.017669017637597095,0.017669017637597095,-1.0833187790312573,0.0,0.0,0.0,479.3343949905404,0.07909017517343916,284.724630624381,12583.308262843537,3.4953634063454273,20.028809528982713,215273.2813189635,1783556821273281.2,1783556821439867.5
258.0,20476.999143249293,24288.0,74.02159206509842,-968.3507089267642,82.05845148779404,974.6645584308329,0.07402159206509842,-0.9683507089267642,0.08205845148779405,0.9746645584308329,0.9746699378085482,0.9746699378085482,9.558246945610199,-0.02533006219145184,-0.24840305438980115,0.7259038458251974,0.8378953617172246,-0.11199151589202715,-0.16123651171722447,-9.496276479696652,-9.55532812552185,0.059051645825197285,0.0021121194023125955,0.8047185132827754,0.9365350749999999,-0.1318165617172244,-0.20382753059768707,0.07402159206509842,0.7259038458251974,-0.16123651171722447,-0.16123651171722447,0.03398402909558162,9.558246945610199,0.9746699378085482,43.66102143075248,-79.3949966924752,107.53138495040686,25.553488535322575,-157.80350462119122,1.0,4.050295609226649,258.0,4.050295609226649,4.0368774700534695,14.53275889219249,0.594,4.050295609226649,-0.06861504959313103,4.0368774700534695,14.53275889219249,0.008607572141414456,0.018575395201493736,0.018575395201493736,-1.6898717211665955,0.0,0.0,0.0,497.34535519123887,0.08206198360655441,295.4231409835959,12659.423669324806,3.516506574812446,20.17351525240817,215419.57339458322,1783556821419573.5,1783556821686150.5
259.0,21218.55712252706,24288.0,70.08106477567819,-972.783802127362,82.79730035456033,978.851368675842,0.07008106477567819,-0.972783802127362,0.08279730035456034,0.9788513686758419,0.9788228991350618,0.9788228991350618,9.598973583802854,-0.021177100864938188,-0.20767641619714605,0.6872604738824045,0.8306497294779509,-0.14338925559554638,-0.15399087947795081,-9.539750273132293,-9.560158547014698,0.020408273882404293,0.008150146268374084,0.8119641455220491,0.9365350749999999,-0.12457092947795073,-0.19778950373162568,0.07008106477567819,0.6872604738824045,-0.15399087947795081,-0.15399087947795081,0.0461820631684329,9.598973583802854,0.9788228991350618,43.661022662167255,-79.39498437832742,107.50675665484799,26.545174548187006,-157.6673840315941,1.0,4.058201393111282,259.0,4.058201393111282,4.0399670230305516,14.543881282909986,0.594,4.058201393111282,-0.09324334515200605,4.0399670230305516,14.543881282909986,0.011697125118496559,0.019481772765390377,0.019481772765390377,-2.296424663301934,0.0,0.0,0.0,515.3563153919373,0.08503379203966967,306.12165134281076,12735.539075806077,3.5376497432794656,20.31822097583363,215565.86547020296,1783556821565865.5,1783556821932433.5
260.0,21000.31729383722,24288.0,30.67278528842282,-934.7712075547212,172.2706612323206,952.2570691849071,0.030672785288422818,-0.9347712075547212,0.1722706612323206,0.952257069184907,0.9524977200741798,0.9524977200741798,9.340811766565453,-0.04750227992582024,-0.46583823343454506,0.30079726984871163,0.8339451982237867,-0.5331479283750751,-0.13591195714919108,-9.166974062566506,-9.561483749999999,0.3945096874334918,0.029178651820551262,1.6893980799739365,0.9365350749999999,0.7528630049739368,-0.1467198017762132,0.030672785288422818,0.30079726984871163,-0.13591195714919108,-0.13591195714919108,0.02094366805703011,9.340811766565453,0.9524977200741798,43.6610244366505,-79.39497220051571,107.5,27.525881111494517,-157.4712326542728,1.0,4.056858472364697,260.0,4.056858472364697,4.044326461746655,14.559575262287959,0.5982816747514816,0.725654792803827,0.0,4.044326461746655,14.559575262287959,0.013803764909916577,0.01973043310595557,0.01973043310595557,0.0,0.0,0.0,0.0,510.05570643271835,0.08476542285428237,305.15552227541656,13116.394925872028,3.6434430349644527,19.866812847013826,216311.8508807171,1783556822311851.0,1783556822179581.2
261.0,21025.559728695865,24288.0,46.758650639523026,-939.9681794373844,142.32620419411867,953.9893931457948,0.04675865063952303,-0.9399681794373844,0.14232620419411868,0.9539893931457948,0.954303043273804,0.954303043273804,9.358515939321048,-0.04569695672619605,-0.4481340606789505,0.4585457212940785,0.8412258959828036,-0.3826801746887251,-0.14076575565520238,-9.217938946879626,-9.561483749999999,0.3435448031203734,0.0558745436036137,1.3957432703602537,0.9365350749999999,0.4592081953602538,-0.13943910401719625,0.04675865063952303,0.4585457212940785,-0.14076575565520238,-0.14076575565520238,0.004682854049994585,9.358515939321048,0.954303043273804,43.66102641644931,-79.39496007424798,107.5,28.502436721217123,-157.25238569351473,1.0,4.052018933372756,261.0,4.052018933372756,4.0491660007385955,14.576997602658944,0.5972917753452601,1.7256547928038326,0.0,4.0491660007385955,14.576997602658944,0.015538798912674467,0.01973043310595557,0.01973043310595557,0.0,0.0,0.0,0.0,510.6687946905652,0.08472662398463138,305.015846344673,13191.798650704615,3.664388514084616,19.866812847013826,216459.09841739255,1783556822459098.5,1783556822427056.2
262.0,21050.802163554516,24288.0,62.84451599062324,-945.1651513200475,112.38174715591674,955.7217171066825,0.06284451599062324,-0.9451651513200475,0.11238174715591674,0.9557217171066824,0.9561083664734281,0.9561083664734281,9.376220112076643,-0.04389163352657186,-0.4304298879233559,0.6162941727394454,0.8485065937418206,-0.23221242100237516,-0.14561955416121367,-9.268903831192745,-9.561483749999999,0.292579918807255,0.08257043538667613,1.1020884607465709,0.9365350749999999,0.16555338574657086,-0.13215840625817935,0.06284451599062324,0.6162941727394454,-0.14561955416121367,-0.14561955416121367,-0.011577959957040931,9.376220112076643,0.9561083664734281,43.66102839624812,-79.39494794798026,107.5,29.47899233093973,-157.03353873275668,1.0,4.047179394380816,262.0,4.047179394380816,4.054005539730536,14.594419943029928,0.5963018759390385,2.725654792803838,0.0,4.054005539730536,14.594419943029928,0.017273832915432358,0.01973043310595557,0.01973043310595557,0.0,0.0,0.0,0.0,511.28188294841215,0.0846878251149804,304.8761704139294,13267.202375537205,3.6853339932047793,19.866812847013826,216606.345954068,1783556822606346.0,1783556822674531.0
263.0,21076.044598413166,24288.0,78.93038134172346,-950.3621232027107,82.43729011771481,957.4540410675702,0.07893038134172345,-0.9503621232027106,0.0824372901177148,0.9574540410675701,0.9579136896730523,0.9579136896730523,9.393924284832238,-0.042086310326947665,-0.41272571516776135,0.7740426241848123,0.8557872915008374,-0.08174466731602525,-0.15047335266722497,-9.319868715505862,-9.561483749999999,0.2416150344941366,0.10926632716973857,0.8084336511328878,0.9365350749999999,-0.1281014238671121,-0.12487770849916241,0.07893038134172345,0.7740426241848123,-0.15047335266722497,-0.15047335266722497,-0.027838773964076455,9.393924284832238,0.9579136896730523,43.66103037604694,-79.39493582171252,107.5,30.455547940662335,-156.81469177199864,1.0,4.042339855388876,263.0,4.042339855388876,4.0588450787224755,14.611842283400913,0.595311976532817,3.725654792803844,0.0,4.0588450787224755,14.611842283400913,0.019008866918190245,0.01973043310595557,0.01973043310595557,0.0,0.0,0.0,0.0,511.894971206259,0.0846490262453294,304.7364944831858,13342.606100369792,3.7062794723249426,19.866812847013826,216753.59349074346,1783556822753593.5,1783556822922005.8
264.0,21254.03579387886,24288.0,15.24111832855729,-854.5458996855425,140.1560858500495,867.4253405212638,0.01524111832855729,-0.8545458996855425,0.1401560858500495,0.8674253405212637,0.867410535791689,0.867410535791689,8.506391530821567,-0.13258946420831097,-1.3002584691784327,0.14946431305674635,0.828661925,-0.6791976119432537,-0.0899638547648657,-8.380232547151225,-9.558284429764864,1.1780518826136395,0.02740291129323888,1.3744616793013877,0.9365350749999999,0.43792660430138775,-0.1472040946472984,0.01524111832855729,0.14946431305674635,-0.0899638547648657,-0.0899638547648657,0.08828494870325135,8.506391530821567,0.867410535791689,43.66103312055917,-79.39492400712315,107.5,31.40700339201438,-156.5113133901738,1.0,4.066517370603047,264.0,4.066517370603047,4.079636196590318,14.686690307725147,0.594,0.6848401657216502,0.0,4.079636196590318,14.686690307725147,0.03563164825233826,0.019130114461891258,0.019130114461891258,0.0,0.0,0.0,0.0,516.2180213617297,0.0851759735246854,306.63350468886745,13723.224171321037,3.8120067142558436,19.866812847013826,217490.89324181396,1783556823490893.2,1783556823163120.0
265.0,21128.511313242478,24288.0,21.43397695577901,-929.8129506933142,118.48108065477345,939.5959622154246,0.021433976955779012,-0.9298129506933142,0.11848108065477345,0.9395959622154246,0.9397103884098182,0.9397103884098182,9.215410880499144,-0.06028961159018176,-0.5912391195008557,0.21019551011339022,0.828661925,-0.6184664148866098,-0.08529222422204692,-9.118350172916589,-9.553612799222046,0.43526262630545687,0.053096879278742404,1.161902489603134,0.9365350749999999,0.22536741460313414,-0.14019664883307026,0.021433976955779012,0.21019551011339022,-0.08529222422204692,-0.08529222422204692,0.07255555293618485,9.215410880499144,0.9397103884098182,43.66103621698848,-79.3949123359665,107.5,32.346907882794355,-156.1690340939631,1.0,4.104048381205748,265.0,4.104048381205748,4.107768146971555,14.787965329097599,0.594,1.6848401657216463,0.0,4.107768146971555,14.787965329097599,0.05910569243085315,0.01825353234227839,0.01825353234227839,0.0,0.0,0.0,0.0,513.1692827760334,0.08467293165804549,304.82255396896375,13794.744697570286,3.8318735271028577,19.866812847013826,217632.37624275894,1783556823632376.2,1783556823401306.8
266.0,21002.9868326061,24288.0,27.626835583000734,-1005.0800017010858,96.80607545949744,1011.7665839095855,0.02762683558300073,-1.005080001701086,0.09680607545949743,1.0117665839095855,1.0120102410279475,1.0120102410279475,9.924430230176721,0.012010241027947482,0.11778023017672146,0.27092670717003414,0.828661925,-0.5577352178299659,-0.08062059367922815,-9.856467798681953,-9.548941168679228,-0.30752663000272595,0.07879084726424593,0.9493432999048804,0.9365350749999999,0.012808224904880539,-0.1331892030188421,0.02762683558300073,0.27092670717003414,-0.08062059367922815,-0.08062059367922815,0.05682615716911836,9.924430230176721,1.0120102410279475,43.66103931341779,-79.39490066480985,107.5,33.28681237357433,-155.8267547977524,1.0,4.141579391808449,266.0,4.141579391808449,4.135900097352791,14.889240350470049,0.594,2.6848401657216425,0.0,4.135900097352791,14.889240350470049,0.08257973660936806,0.017376950222665524,0.017376950222665524,0.0,0.0,0.0,0.0,510.12054419033694,0.08416988979140559,303.0116032490601,13866.265223819535,3.8517403399498713,19.866812847013826,217773.85924370395,1783556823773859.2,1783556823639493.8
267.0,20877.462351969723,24288.0,33.81969421022245,-1080.3470527088575,75.1310702642214,1083.9372056037464,0.03381969421022245,-1.0803470527088574,0.0751310702642214,1.0839372056037462,1.0843100936460768,1.0843100936460768,10.633449579854299,0.08431009364607672,0.8267995798542986,0.331657904226678,0.828661925,-0.497004020773322,-0.07594896313640938,-10.594585424447317,-9.544269538136408,-1.0503158863109086,0.10448481524974945,0.7367841102066268,0.9365350749999999,-0.19975096479337306,-0.12618175720461397,0.03381969421022245,0.331657904226678,-0.07594896313640938,-0.07594896313640938,0.04109676140205187,10.633449579854299,1.0843100936460768,43.661042409847106,-79.39488899365321,107.5,34.226716864354295,-155.4844755015417,1.0,4.17911040241115,267.0,4.17911040241115,4.164032047734028,14.9905153718425,0.594,3.684840165721639,0.0,4.164032047734028,14.9905153718425,0.10605378078788295,0.016500368103052658,0.016500368103052658,0.0,0.0,0.0,0.0,507.0718056046406,0.08366684792476568,301.20065252915646,13937.785750068786,3.871607152796885,19.866812847013826,217915.34224464893,1783556823915342.2,1783556823877680.5
268.0,20585.05085585626,24288.0,42.00603329835585,-1103.8654807259009,61.904451177432435,1106.098319483964,0.04200603329835585,-1.103865480725901,0.061904451177432436,1.106098319483964,1.1065208990841497,1.1065208990841497,10.851263175003576,0.10652089908414969,1.0446131750035765,0.4119384664453214,0.8320869773101387,-0.42014851086481736,-0.06898313858648171,-10.825222416560656,-9.53787455563817,-1.2873478609224849,0.11767980000000122,0.6070752861391678,0.9365350749999999,-0.3294597888608321,-0.1054578634493064,0.04200603329835585,0.4119384664453214,-0.06898313858648171,-0.06898313858648171,0.036786196704754213,10.851263175003576,1.1065208990841497,43.66104586271006,-79.39487752828919,107.5,35.15004841338268,-155.10279603004108,1.0,4.196066880713231,268.0,4.196066880713231,4.180796393297231,15.05086701587003,0.5946985162741891,4.196066880713231,0.0,4.180796393297231,15.05086701587003,0.10667594046654115,0.016050204558552217,0.016050204558552217,0.0,0.0,0.0,0.0,499.96971518703685,0.08258386014347464,297.3018965165087,14006.503261348886,3.8906953503746906,19.773643148059612,218057.85162741892,1783556824057851.8,1783556824116419.5
269.0,20116.459299109993,24288.0,52.29685911045473,-1072.7536817590903,57.596663628181744,1075.4651635781813,0.05229685911045473,-1.0727536817590904,0.05759666362818174,1.0754651635781813,1.075853466248294,1.075853466248294,10.55051839478383,0.07585346624829381,0.7438683947838305,0.5128569933955409,0.839127804771782,-0.32627081137624103,-0.05959536863762409,-10.520119893222782,-9.529660256932921,-0.9904596362898626,0.11767980000000122,0.5648303213693084,0.9365350749999999,-0.37170475363069144,-0.07025372614109031,0.05229685911045473,0.5128569933955409,-0.05959536863762409,-0.05959536863762409,0.04453031669623607,10.55051839478383,1.075853466248294,43.66104969185455,-79.39486628017724,107.5,36.0558841621877,-154.67952239825377,1.0,4.19130314107114,269.0,4.19130314107114,4.185560132939322,15.06801647858156,0.5961344454572727,4.19130314107114,0.0,4.185560132939322,15.06801647858156,0.08317371644015546,0.016050204558552217,0.016050204558552217,0.0,0.0,0.0,0.0,488.58856345678345,0.0808886323618762,291.19907650275434,14072.261672750497,3.9089615757640273,19.582115628013273,218201.44454572728,1783556824201444.5,1783556824355741.0
270.0,19647.86774236372,24288.0,62.58768492255361,-1041.6418827922798,53.28887607893105,1044.8320076723985,0.06258768492255361,-1.0416418827922798,0.05328887607893105,1.0448320076723985,1.0451860334124379,1.0451860334124379,10.249773614564084,0.04518603341243793,0.44312361456408444,0.6137755203457603,0.8461686322334252,-0.2323931118876648,-0.05020759868876647,-10.21501736988491,-9.52144595822767,-0.6935714116572403,0.11767980000000122,0.5225853565994492,0.9365350749999999,-0.4139497184005508,-0.03504958883287422,0.06258768492255361,0.6137755203457603,-0.05020759868876647,-0.05020759868876647,0.052274436687717925,10.249773614564084,1.0451860334124379,43.66105352099904,-79.39485503206531,107.5,36.96171991099273,-154.25624876646646,1.0,4.186539401429049,270.0,4.186539401429049,4.190323872581414,15.08516594129309,0.5975703746403563,4.186539401429049,0.0,4.190323872581414,15.08516594129309,0.059671492413769775,0.016050204558552217,0.016050204558552217,0.0,0.0,0.0,0.0,477.20741172653004,0.07919340458027777,285.0962564889999,14138.02008415211,3.927227801153364,19.39058810796693,218345.03746403565,1783556824345037.5,1783556824595062.5
271.0,19179.27618561745,24288.0,72.8785107346525,-1010.5300838254692,48.98108852968035,1014.1988517666158,0.07287851073465249,-1.0105300838254692,0.04898108852968035,1.0141988517666158,1.014518600576582,1.014518600576582,9.949028834344338,0.014518600576582052,0.1423788343443384,0.7146940472959797,0.8532094596950683,-0.13851541239908854,-0.04081982873990884,-9.909914846547037,-9.51323165952242,-0.39668318702461813,0.11767980000000122,0.48034039182958976,0.9365350749999999,-0.4561946831704101,0.00015454847534186744,0.07287851073465249,0.7146940472959797,-0.04081982873990884,-0.04081982873990884,0.06001855667919978,9.949028834344338,1.014518600576582,43.66105735014353,-79.39484378395338,107.5,37.86755565979775,-153.83297513467915,1.0,4.181775661786958,271.0,4.181775661786958,4.195087612223505,15.102315404004617,0.5990063038234399,4.181775661786958,0.0,4.195087612223505,15.102315404004617,0.03616926838738409,0.016050204558552217,0.016050204558552217,0.0,0.0,0.0,0.0,465.8262599962767,0.07749817679867932,278.9934364752456,14203.778495553723,3.9454940265427005,19.19906058792059,218488.63038234398,1783556824488630.5,1783556824834384.0
272.0,16456.44318158518,24288.0,92.07263020960569,-956.1514064103177,101.4136198514677,965.4419272487404,0.0920726302096057,-0.9561514064103176,0.1014136198514677,0.9654419272487405,0.9659519380320863,0.9659519380320863,9.47275257310236,-0.03404806196791366,-0.3338974268976405,0.9029240590450296,0.858081875,0.0448421840450296,-0.034323274999999986,-9.37664218967374,-9.475716806657603,0.09907461698386219,0.017641499495326556,0.9945278751163956,0.934042168342396,0.06048570677399966,0.03947406494562365,0.0920726302096057,0.9029240590450296,-0.034323274999999986,-0.034323274999999986,0.0,9.47275257310236,0.9659519380320863,43.6610615252344,-79.39483280427078,107.49273697903944,38.75177419118145,-153.3714605895562,1.0,4.1829721267944535,272.0,4.1829721267944535,4.201431595208734,15.125153742751444,0.5949273697903943,0.3079768917111793,-0.007263020960569151,4.201431595208734,15.125153742751444,0.021506833485311835,0.016050204558552217,0.016050204558552217,-0.17128386867135528,0.0,0.0,0.0,399.6940919943408,0.06606018037678803,237.81664935643687,14505.664804604361,4.029351334612323,16.995253420122943,219226.1423445058,1783556825226142.2,1783556825072630.2
273.0,12464.076054353094,24288.0,92.30846027205665,-985.865994279137,112.49763278666221,996.0998353673635,0.09230846027205664,-0.9858659942791369,0.11249763278666221,0.9960998353673636,0.9966682355595758,0.9966682355595758,9.773976552250314,-0.003331764440424115,-0.03267344774968506,0.9052367619269642,0.858081875,0.047154886926964186,-0.034323274999999986,-9.668042752797499,-9.483811266744373,-0.184231486053124,0.04308123119660728,1.1032249105673209,0.9259477082556249,0.17727720231169594,0.0880408254662498,0.09230846027205664,0.9052367619269642,-0.034323274999999986,-0.034323274999999986,0.0,9.773976552250314,0.9966682355595758,43.66106647766571,-79.39482242774803,107.46915397279433,39.58741890292126,-152.82401883228664,1.0,4.197561152927971,273.0,4.197561152927971,4.211326380022292,15.160774968080254,0.5946915397279433,1.3079768917111843,-0.030846027205662523,4.211326380022292,15.160774968080254,0.02670737697891086,0.016050204558552217,0.016050204558552217,-0.7274420522274972,0.0,0.0,0.0,302.72747920812793,0.05003254965926075,180.1171787733387,14508.240373933455,4.030066770537071,12.86841142833578,219366.22540160164,1783556825366225.5,1783556825308460.2
274.0,8471.70892712101,24288.0,92.5442903345076,-1015.5805821479563,123.58164572185673,1026.7577434859868,0.09254429033450759,-1.0155805821479562,0.12358164572185673,1.0267577434859867,1.0273845330870655,1.0273845330870655,10.07520053139827,0.02738453308706544,0.26855053139827034,0.9075494648088988,0.858081875,0.049467589808898774,-0.034323274999999986,-9.959443315921256,-9.491905726831146,-0.4675375890901101,0.068520962897888,1.2119219460182462,0.9178532481688539,0.2940686978493922,0.13660758598687595,0.09254429033450759,0.9075494648088988,-0.034323274999999986,-0.034323274999999986,0.0,10.07520053139827,1.0273845330870655,43.661071430097024,-79.39481205122527,107.44557096654924,40.42306361466106,-152.2765770750171,1.0,4.2121501790614895,274.0,4.2121501790614895,4.2212211648358515,15.196396193409065,0.5944557096654924,2.307976891711189,-0.0544290334507559,4.2212211648358515,15.196396193409065,0.031907920472509885,0.016050204558552217,0.016050204558552217,-1.2836002357836394,0.0,0.0,0.0,205.7608664219151,0.03400491894173349,122.41770819024057,14510.815943262549,4.030782206461819,8.741569436548614,219506.30845869752,1783556825506308.5,1783556825544290.2
275.0,4479.341799888927,24288.0,92.78012039695854,-1045.2951700167757,134.66565865705124,1057.4156516046098,0.09278012039695854,-1.0452951700167756,0.13466565865705124,1.0574156516046098,1.058100830614555,1.058100830614555,10.376424510546224,0.058100830614554996,0.5697745105462259,0.9098621676908334,0.858081875,0.05178029269083336,-0.034323274999999986,-10.250843879045012,-9.500000186917916,-0.7508436921270963,0.09396069459916873,1.3206189814691713,0.9097587880820829,0.4108601933870885,0.18517434650750209,0.09278012039695854,0.9098621676908334,-0.034323274999999986,-0.034323274999999986,0.0,10.376424510546224,1.058100830614555,43.661076382528336,-79.39480167470253,107.42198796030415,41.25870832640087,-151.72913531774753,1.0,4.226739205195008,275.0,4.226739205195008,4.23111594964941,15.232017418737875,0.5942198796030415,3.307976891711194,-0.07801203969584927,4.23111594964941,15.232017418737875,0.03710846396610891,0.016050204558552217,0.016050204558552217,-1.8397584193397813,0.0,0.0,0.0,108.7942536357022,0.01797728822420623,64.71823760714244,14513.391512591641,4.031497642386567,4.614727444761451,219646.39151579337,1783556825646391.5,1783556825780120.5
276.0,755.6680498413791,24288.0,57.352005631362594,-960.7793914816091,201.6915626903127,984.5567082011493,0.0573520056313626,-0.960779391481609,0.2016915626903127,0.9845567082011493,0.9838058038534371,0.9838058038534371,9.64783918635931,-0.016194196146562874,-0.1588108136406908,0.562431046024802,0.8584718351772,-0.29604078915239807,0.02000326017720011,-9.422027219473119,-9.5320638,0.11003658052688008,0.11424815044064068,1.977918563256955,0.8574579387164798,1.1204606245404751,0.09806649999999995,0.0573520056313626,0.562431046024802,0.02000326017720011,0.02000326017720011,0.08985561070032749,9.64783918635931,0.9838058038534371,43.661081397648715,-79.39479136376205,107.4,42.08907155046272,-151.17476391097347,1.0,4.24053023779881,276.0,4.24053023779881,4.240341496784388,15.265229388423796,0.5951113416402298,0.06763539492681006,0.0,4.240341496784388,15.265229388423796,0.041289896519826674,0.016108742084679165,0.016108742084679165,0.0,0.0,0.0,0.0,18.35366559454742,0.0030340517579346563,10.922586328564762,14526.889014855578,4.035246948570994,0.7670060408893611,220381.57538105978,1783556826381575.5,1783556826015906.0
277.0,765.5452722942395,24288.0,77.34162250024652,-972.3028176766127,152.77579435233795,992.7877269118662,0.07734162250024651,-0.9723028176766126,0.15277579435233796,0.9927877269118662,0.992170533316637,0.992170533316637,9.729869160549597,-0.007829466683363064,-0.07678083945040236,0.7584622222920424,0.8642374580085894,-0.10577523571654707,0.025768883008589503,-9.535033426968353,-9.5320638,-0.0029696269683524984,0.0635106695244135,1.4982187436853547,0.8482329421862568,0.649985801499098,0.09806649999999995,0.07734162250024651,0.7584622222920424,0.025768883008589503,0.025768883008589503,0.07811478797156489,9.729869160549597,0.992170533316637,43.6610872769478,-79.39478195688352,107.4,42.84662863243896,-150.52486619093472,1.0,4.243320803517043,277.0,4.243320803517043,4.240341496784388,15.265229388423796,0.5967575453823732,1.067635394926804,0.0,4.240341496784388,15.265229388423796,0.03142272375355819,0.01697422865706178,0.01697422865706178,0.0,0.0,0.0,0.0,18.593563573482488,0.003082553353953612,11.097192074233005,14529.62952940094,4.036008202611372,0.7670060408893611,220523.1489028841,1783556826523149.0,1783556826251078.0
278.0,775.4224947470998,24288.0,97.33123936913043,-983.8262438716164,103.8600260143632,1001.0187456225831,0.09733123936913043,-0.9838262438716163,0.1038600260143632,1.001018745622583,1.0005352627798367,1.0005352627798367,9.811899134739885,0.0005352627798367454,0.005249134739886058,0.9544933985592827,0.8700030808399789,0.08449031771930388,0.03153450583997889,-9.648039634463585,-9.5320638,-0.11597583446358506,0.012773188608186312,1.0185189241137547,0.8390079456560336,0.1795109784577209,0.09806649999999995,0.09733123936913043,0.9544933985592827,0.03153450583997889,0.03153450583997889,0.0663739652428023,9.811899134739885,1.0005352627798367,43.66109315624687,-79.394772550005,107.4,43.60418571441519,-149.87496847089596,1.0,4.246111369235276,278.0,4.246111369235276,4.240341496784388,15.265229388423796,0.5984037491245165,2.067635394926798,0.0,4.240341496784388,15.265229388423796,0.021555550987289705,0.017839715229444393,0.017839715229444393,0.0,0.0,0.0,0.0,18.83346155241756,0.0031310549499725684,11.271797819901247,14532.370043946301,4.03676945665175,0.7670060408893611,220664.72242470842,1783556826664722.5,1783556826486249.8
279.0,785.29971719996,24288.0,117.32085623801433,-995.3496700666201,54.944257676388446,1009.2497643333,0.11732085623801433,-0.9953496700666199,0.05494425767638844,1.0092497643333,1.0088999922430366,1.0088999922430366,9.893929108930173,0.008899992243036555,0.08727910893017449,1.1505245748265231,0.8757687036713683,0.2747558711551549,0.03730012867136828,-9.761045841958817,-9.5320638,-0.22898204195881766,-0.03796429230804088,0.5388191045421549,0.8297829491258106,-0.2909638445836562,0.09806649999999995,0.11732085623801433,1.1505245748265231,0.03730012867136828,0.03730012867136828,0.0546331425140397,9.893929108930173,1.0088999922430366,43.66109903554595,-79.39476314312647,107.4,44.36174279639142,-149.2250707508572,1.0,4.248901934953509,279.0,4.248901934953509,4.240341496784388,15.265229388423796,0.60004995286666,3.067635394926792,0.0,4.240341496784388,15.265229388423796,0.011688378221021221,0.01870520180182701,0.01870520180182701,0.0,0.0,0.0,0.0,19.07335953135263,0.0031795565459915246,11.446403565569488,14535.110558491662,4.0375307106921285,0.7670060408893611,220806.29594653277,1783556826806296.0,1783556826721421.8
280.0,795.1769396528204,24288.0,137.31047310689826,-1006.8730962616237,6.028489338413692,1017.4807830440169,0.13731047310689826,-1.0068730962616237,0.006028489338413684,1.017480783044017,1.0172647217062363,1.0172647217062363,9.975959083120463,0.017264721706236365,0.16930908312046294,1.3465557510937636,0.8815343265027578,0.4650214245910058,0.04306575150275767,-9.87405204945405,-9.5320638,-0.3419882494540502,-0.08870177322426806,0.05911928497055485,0.8205579525955876,-0.7614386676250331,0.09806649999999995,0.13731047310689826,1.3465557510937636,0.04306575150275767,0.04306575150275767,0.042892319785277105,9.975959083120463,1.0172647217062363,43.661104914845026,-79.39475373624795,107.4,45.119299878367656,-148.57517303081846,1.0,4.2516925006717425,280.0,4.2516925006717425,4.240341496784388,15.265229388423796,0.6016961566088034,4.067635394926786,0.0,4.240341496784388,15.265229388423796,0.0018212054547527418,0.019570688374209624,0.019570688374209624,0.0,0.0,0.0,0.0,19.3132575102877,0.003228058142010481,11.621009311237732,14537.851073037024,4.038291964732506,0.7670060408893611,220947.8694683571,1783556826947869.5,1783556826956593.8
281.0,790.9059784251061,24288.0,147.2971556273903,-982.186305070467,21.57922035207189,995.0301818054174,0.14729715562739032,-0.982186305070467,0.02157922035207189,0.9950301818054175,0.9949718914847607,0.9949718914847607,9.757341099629029,-0.005028108515239282,-0.04930890037097127,1.444491651233347,0.8825985,0.561893151233347,0.04612198955591434,-9.631957328619293,-9.5320638,-0.09989352861929418,-0.10603475822365739,0.21161986126564578,0.818855275,-0.6072354137343542,0.09806649999999995,0.14729715562739032,1.444491651233347,0.04612198955591434,0.04612198955591434,0.0358006050161582,9.757341099629029,0.9949718914847607,43.66111107835131,-79.39474468717411,107.4,45.84804214419984,-147.89385904653142,1.0,4.203867240916978,281.0,4.203867240916978,4.221856346919353,15.19868284890967,0.6005780616325247,4.203867240916978,0.0,4.221856346919353,15.19868284890967,-0.01848514986503503,0.02200569565028781,0.02200569565028781,0.0,0.0,0.0,0.0,19.20952440398898,0.003204901263676461,11.537644549235258,14540.608472811118,4.0390579091142,0.7664218273024576,221094.8647612354,1783556827094864.8,1783556827203134.0
282.0,783.4325744958131,24288.0,155.01967302099314,-949.3033277815777,51.72194953355386,965.6347930168648,0.15501967302099312,-0.9493033277815776,0.051721949533553864,0.9656347930168648,0.9657397197564874,0.9657397197564874,9.470671422749957,-0.0342602802435126,-0.3359785772500429,1.5202236764313222,0.8825985,0.6376251764313221,0.048564958110687735,-9.309485479389206,-9.5320638,0.22257832061079275,-0.11580663244275076,0.507219056393226,0.818855275,-0.31163621860677404,0.09806649999999995,0.15501967302099312,1.5202236764313222,0.048564958110687735,0.048564958110687735,0.02976121626925904,9.470671422749957,0.9657397197564874,43.66111730618792,-79.3947357190894,107.4,46.570262173698275,-147.2054339878885,1.0,4.144585084324428,282.0,4.144585084324428,4.1991870816505745,15.11707349394207,0.5988342673823563,4.144585084324428,0.0,4.1991870816505745,15.11707349394207,-0.041154415133812794,0.024795964084688947,0.024795964084688947,0.0,0.0,0.0,0.0,19.02801036935431,0.0031655244829592788,11.395888138653403,14543.369694558321,4.039824915155089,0.765705376915426,221243.08727249972,1783556827243087.2,1783556827452247.5
283.0,775.95917056652,24288.0,162.74219041459597,-916.4203504926882,81.86467871503584,936.2394042283122,0.16274219041459595,-0.9164203504926881,0.08186467871503583,0.9362394042283122,0.9365075480282141,0.9365075480282141,9.184001745870885,-0.06349245197178593,-0.6226482541291145,1.5959557016292971,0.8825985,0.7133572016292972,0.05100792666546113,-8.98701363015912,-9.5320638,0.5450501698408796,-0.1255785066618441,0.8028182515208062,0.818855275,-0.01603702347919378,0.09806649999999995,0.16274219041459595,1.5959557016292971,0.05100792666546113,0.05100792666546113,0.02372182752235988,9.184001745870885,0.9365075480282141,43.661123534024526,-79.39472675100468,107.4,47.29248220319672,-146.51700892924563,1.0,4.085302927731877,283.0,4.085302927731877,4.176517816381797,15.03546413897447,0.597090473132188,4.085302927731877,0.0,4.176517816381797,15.03546413897447,-0.06382368040259057,0.027586232519090086,0.027586232519090086,0.0,0.0,0.0,0.0,18.84649633471964,0.0031261477022420966,11.254131728071547,14546.130916305523,4.040591921195979,0.7649889265283943,221391.309783764,1783556827391309.8,1783556827701361.0
284.0,768.485766637227,24288.0,170.4647078081988,-883.5373732037988,112.00740789651782,906.8440154397595,0.17046470780819878,-0.8835373732037988,0.11200740789651781,0.9068440154397595,0.9072753762999407,0.9072753762999407,8.897332068991814,-0.09272462370005925,-0.909317931008186,1.6716877268272723,0.8825985,0.7890892268272722,0.05345089522023453,-8.664541780929033,-9.5320638,0.8675220190709665,-0.13535038088093748,1.0984174466483863,0.818855275,0.27956217164838637,0.09806649999999995,0.17046470780819878,1.6716877268272723,0.05345089522023453,0.05345089522023453,0.017682438775460718,8.897332068991814,0.9072753762999407,43.66112976186113,-79.39471778291997,107.4,48.014702232695164,-145.82858387060273,1.0,4.0260207711393265,284.0,4.0260207711393265,4.153848551113019,14.953854784006872,0.5953466788820196,4.0260207711393265,0.0,4.153848551113019,14.953854784006872,-0.08649294567136834,0.030376500953491228,0.030376500953491228,0.0,0.0,0.0,0.0,18.66498230008497,0.0030867709215249145,11.112375317489692,14548.892138052724,4.041358927236868,0.7642724761413627,221539.53229502833,1783556827539532.2,1783556827950474.5
285.0,816.7784368822065,24288.0,128.8557022189895,-990.3028325563095,97.73172179760802,1003.7581195225775,0.1288557022189895,-0.9903028325563095,0.09773172179760801,1.0037581195225775,1.0037588028912536,1.0037588028912536,9.843511264373511,0.0037588028912536485,0.036861264373512594,1.2636427721658534,0.8893953825090309,0.3742473896568226,0.08775155631773247,-9.711553272888331,-9.52543634871839,-0.18611692416994052,-0.05640823480131792,0.9584207895665126,0.8179084962454845,0.14051229332102805,0.1711080813177324,0.1288557022189895,1.2636427721658534,0.08775155631773247,0.08775155631773247,0.050422373610122674,9.843511264373511,1.0037588028912536,43.66113602031736,-79.39470885570222,107.4,48.73363115342498,-145.13677411948342,1.0,4.040322683110666,285.0,4.040322683110666,4.149341737571899,14.937630255258838,0.5958069108707835,0.801192782929436,0.0,4.149341737571899,14.937630255258838,-0.07342869494723794,0.030931226455814365,0.030931226455814365,0.0,0.0,0.0,0.0,19.837914674995034,0.003283148839961629,11.819335823861865,14563.51047235293,4.045419575653591,0.7801440801964242,222279.8880318838,1783556828279888.0,1783556828193089.2
286.0,831.4795639182496,24288.0,119.93862516434044,-1000.6659221063071,86.16362183482002,1012.1931924121104,0.11993862516434045,-1.000665922106307,0.08616362183482003,1.0121931924121104,1.0120319930451775,1.0120319930451775,9.92464354459649,0.012031993045177606,0.11799354459649097,1.176196118467879,0.8917588055819491,0.28443731288593,0.10547722936461915,-9.813180465023814,-9.517164367963177,-0.2960160970606378,-0.004412927197116709,0.8449764820664377,0.8167267847090254,0.02824969735741234,0.18883375436461905,0.11993862516434045,1.176196118467879,0.10547722936461915,0.10547722936461915,0.07228247083862568,9.92464354459649,1.0120319930451775,43.66114228637151,-79.39469993862517,107.4,49.45174342154721,-144.44412449398405,1.0,4.072883676046798,286.0,4.072883676046798,4.149341737571899,14.937630255258838,0.5955659087882254,1.8011927829294387,0.0,4.149341737571899,14.937630255258838,-0.0514975634647441,0.030931226455814365,0.030931226455814365,0.0,0.0,0.0,0.0,20.194975648446448,0.0033408541858076703,12.027075068907614,14566.526583956049,4.046257384432236,0.7965421801131833,222423.2842710059,1783556828423284.2,1783556828434091.2
287.0,846.1806909542926,24288.0,111.02154810969137,-1011.0290116563046,74.59552187203204,1020.6282653016433,0.11102154810969136,-1.0110290116563045,0.07459552187203203,1.0206282653016434,1.0203051831991015,1.0203051831991015,10.005775824819468,0.020305183199101566,0.19912582481946936,1.0887494647699048,0.8941222286548673,0.1946272361150374,0.1232029024115058,-9.9148076571593,-9.508892387207963,-0.40591526995133503,0.04758238040708451,0.731532174566363,0.8155450731725663,-0.08401289860620331,0.2065594274115057,0.11102154810969136,1.0887494647699048,0.1232029024115058,0.1232029024115058,0.0941425680671287,10.005775824819468,1.0203051831991015,43.66114855242565,-79.39469102154811,107.4,50.169855689669426,-143.75147486848468,1.0,4.105444668982932,287.0,4.105444668982932,4.149341737571899,14.937630255258838,0.5953249067056673,2.8011927829294416,0.0,4.149341737571899,14.937630255258838,-0.02956643198225027,0.030931226455814365,0.030931226455814365,0.0,0.0,0.0,0.0,20.552036621897862,0.0033985595316537117,12.234814313953363,14569.542695559168,4.04709519321088,0.8129402800299425,222566.68051012795,1783556828566680.5,1783556828675093.2
288.0,860.8818179903357,24288.0,102.1044710550423,-1021.3921012063022,63.02742190924405,1029.0633381911762,0.10210447105504229,-1.021392101206302,0.06302742190924404,1.0290633381911762,1.0285783733530256,1.0285783733530256,10.086908105042447,0.028578373353025523,0.28025810504244775,1.0013028110719304,0.8964856517277856,0.10481715934414487,0.14092857545839246,-10.016434849294782,-9.50062040645275,-0.5158144428420323,0.09957768801128572,0.6180878670662882,0.8143633616361071,-0.19627549456981902,0.22428510045839237,0.10210447105504229,1.0013028110719304,0.14092857545839246,0.14092857545839246,0.1160026652956317,10.086908105042447,1.0285783733530256,43.6611548184798,-79.39468210447106,107.4,50.88796795779165,-143.0588252429853,1.0,4.138005661919064,288.0,4.138005661919064,4.149341737571899,14.937630255258838,0.5950839046231092,3.8011927829294447,0.0,4.149341737571899,14.937630255258838,-0.007635300499756442,0.030931226455814365,0.030931226455814365,0.0,0.0,0.0,0.0,20.909097595349273,0.003456264877499753,12.44255355899911,14572.55880716229,4.0479330019895245,0.8293383799467016,222710.07674925,1783556828710076.8,1783556828916095.5
289.0,909.6535688511517,24288.0,47.9561015842272,-954.2471218942325,144.84297742192717,966.7967765215403,0.0479561015842272,-0.9542471218942324,0.14484297742192717,0.9667967765215403,0.9667849494286346,0.9667849494286346,9.480921624314318,-0.03321505057136548,-0.32572837568568125,0.47028870360096164,0.8924051499999999,-0.4221164463990382,0.16671305000000003,-9.357967537924074,-9.5320638,0.17409626207592596,0.11767980000000122,1.4204243845347422,0.81395195,0.6064724345347421,0.23045627499999988,0.0479561015842272,0.47028870360096164,0.16671305000000003,0.16671305000000003,0.02773551919122466,9.480921624314318,0.9667849494286346,43.66116105310836,-79.39467314551015,107.4,51.60945322610745,-142.36964940252776,1.0,4.178313832518204,289.0,4.178313832518204,4.178313832518204,15.041929797065537,0.6000993092546157,0.651851045357547,0.0,4.178313832518204,15.041929797065537,0.028972094946305003,0.031867627865241235,0.031867627865241235,0.0,0.0,0.0,0.0,22.093665880256776,0.003682727022146433,13.257817279727158,14588.849756072794,4.052458265575776,0.8354618917999252,223450.31849891727,1783556829450318.5,1783556829150115.0
290.0,916.7925753531651,24288.0,60.161499797346906,-948.4898585861571,130.79525495022338,960.348641616496,0.060161499797346904,-0.9484898585861571,0.13079525495022337,0.9603486416164959,0.9601298833593014,0.9601298833593014,9.415657720645493,-0.0398701166406986,-0.390992279354507,0.589982771987652,0.8924051499999999,-0.3024223780123479,0.16671305000000003,-9.301508071703937,-9.5320638,0.2305557282960626,0.11767980000000122,1.282663286957608,0.81395195,0.468711336957608,0.23045627499999988,0.060161499797346904,0.589982771987652,0.16671305000000003,0.16671305000000003,0.020220116033802082,9.415657720645493,0.9601298833593014,43.66116727095273,-79.39466416417939,107.4,52.33273998956507,-141.68232888567454,1.0,4.2227597149826765,290.0,4.2227597149826765,4.2227597149826765,15.201934973937638,0.5987175660606777,1.6518510453575488,0.0,4.2227597149826765,15.201934973937638,0.07341797741077749,0.033304154532024816,0.033304154532024816,0.0,0.0,0.0,0.0,22.267058070177676,0.003702948342503248,13.330614033011692,14591.964774731205,4.053323548536446,0.8360978200722411,223587.34136564945,1783556829587341.2,1783556829380405.8
291.0,923.9315818551786,24288.0,72.3668980104666,-942.7325952780818,116.74753247851957,953.9005067114516,0.07236689801046661,-0.9427325952780818,0.11674753247851957,0.9539005067114515,0.9534748172899683,0.9534748172899683,9.350393816976666,-0.046525182710031726,-0.4562561830233327,0.7096768403743423,0.8924051499999999,-0.18272830962565761,0.16671305000000003,-9.2450486054838,-9.5320638,0.2870151945161993,0.11767980000000122,1.1449021893804738,0.81395195,0.33095023938047385,0.23045627499999988,0.07236689801046661,0.7096768403743423,0.16671305000000003,0.16671305000000003,0.012704712876379507,9.350393816976666,0.9534748172899683,43.6611734887971,-79.39465518284862,107.4,53.05602675302269,-140.99500836882135,1.0,4.267205597447149,291.0,4.267205597447149,4.267205597447149,15.361940150809737,0.5973358228667396,2.651851045357551,0.0,4.267205597447149,15.361940150809737,0.11786385987524997,0.034740681198808396,0.034740681198808396,0.0,0.0,0.0,0.0,22.44045026009858,0.003723169662860063,13.403410786296226,14595.079793389616,4.054188831497116,0.8367337483445568,223724.36423238166,1783556829724364.2,1783556829610696.2
292.0,931.070588357192,24288.0,84.5722962235863,-936.9753319700064,102.69981000681577,947.4523718064072,0.08457229622358631,-0.9369753319700065,0.10269981000681577,0.9474523718064072,0.9468197512206351,0.9468197512206351,9.285129913307841,-0.05318024877936486,-0.5215200866921584,0.8293709087610326,0.8924051499999999,-0.06303424123896728,0.16671305000000003,-9.188589139263664,-9.5320638,0.3434746607363359,0.11767980000000122,1.0071410918033399,0.81395195,0.1931891418033398,0.23045627499999988,0.08457229622358631,0.8293709087610326,0.16671305000000003,0.16671305000000003,0.005189309718956932,9.285129913307841,0.9468197512206351,43.66117970664147,-79.39464620151787,107.4,53.77931351648031,-140.30768785196813,1.0,4.311651479911622,292.0,4.311651479911622,4.311651479911622,15.521945327681838,0.5959540796728016,3.6518510453575526,0.0,4.311651479911622,15.521945327681838,0.16230974233972245,0.036177207865591976,0.036177207865591976,0.0,0.0,0.0,0.0,22.61384245001948,0.003743390983216878,13.47620753958076,14598.194812048027,4.055054114457786,0.8373696766168727,223861.38709911384,1783556829861387.0,1783556829840986.8
293.0,935.2343492459512,24288.0,93.90485998205767,-942.3966228905989,91.19028003588465,952.1878090485856,0.09390485998205766,-0.9423966228905989,0.09119028003588465,0.9521878090485855,0.9514897185584588,0.9514897185584588,9.33092664850131,-0.048510281441541264,-0.47572335149869066,0.9208920951430457,0.8924051499999999,0.028486945143045894,0.16671305000000003,-9.241753841870091,-9.5320638,0.29030995812990806,0.10266286206561588,0.8942711597139082,0.81395195,0.08031920971390827,0.22533686434055036,0.09390485998205766,0.9208920951430457,0.16671305000000003,0.16671305000000003,0.0,9.33092664850131,0.9514897185584588,43.66118580971996,-79.3946370766062,107.39303953859957,54.51416317272254,-139.63305355558037,1.0,4.349604082348208,293.0,4.349604082348208,4.349604082348208,15.658574696453547,0.595,4.349604082348208,-0.006960461400444203,4.349604082348208,15.658574696453547,0.18682871178315102,0.03934049080156181,0.03934049080156181,-0.15653129762785803,0.0,0.0,0.0,22.714971874485663,0.003754280073699714,13.515408265318971,14601.27614109854,4.05591003919404,0.8387649435618796,223997.41474533264,1783556829997414.8,1783556830069604.5
294.0,932.7605990520394,24288.0,96.82838293849886,-972.7562843613343,85.34323412300228,981.8728113755269,0.09682838293849887,-0.9727562843613344,0.08534323412300227,0.9818728113755268,0.9814248386005675,0.9814248386005675,9.624489893462256,-0.01857516139943246,-0.18216010653774434,0.9495620615438298,0.8924051499999999,0.05715691154382993,0.16671305000000003,-9.53948041603208,-9.5320638,-0.007416616032080325,0.0541444573873657,0.8369312269123401,0.81395195,0.022979276912340155,0.20879649910932882,0.09682838293849887,0.9495620615438298,0.16671305000000003,0.16671305000000003,0.0,9.624489893462256,0.9814248386005675,43.66119165676587,-79.3946276313782,107.37055090047309,55.27480862500383,-138.98672110041247,1.0,4.3730707485797335,294.0,4.3730707485797335,4.3730707485797335,15.74305469488704,0.595,4.3730707485797335,-0.029449099526916864,4.3730707485797335,15.74305469488704,0.1668924922393639,0.04635601498535903,0.04635601498535903,-0.6622701424112565,0.0,0.0,0.0,22.654889429775935,0.003744349780754634,13.479659210716681,14604.282311599189,4.05674508655533,0.8418542282488286,224131.22214218514,1783556830131222.2,1783556830294491.0
295.0,930.2868488581277,24288.0,99.75190589494007,-1003.1159458320699,79.49618821011988,1011.5578137024684,0.09975190589494005,-1.00311594583207,0.07949618821011988,1.0115578137024683,1.0113599586426762,1.0113599586426762,9.918053138423202,0.011359958642676346,0.11140313842320204,0.9782320279446138,0.8924051499999999,0.08582687794461397,0.16671305000000003,-9.837206990194069,-9.5320638,-0.30514319019406866,0.005626052709115523,0.779591294110772,0.81395195,-0.03436065588922796,0.19225613387810728,0.09975190589494005,0.9782320279446138,0.16671305000000003,0.16671305000000003,0.0,9.918053138423202,1.0113599586426762,43.661197503811785,-79.39461818615018,107.34806226234662,56.03545407728511,-138.3403886452446,1.0,4.396537414811259,295.0,4.396537414811259,4.396537414811259,15.827534693320532,0.595,4.396537414811259,-0.05193773765338953,4.396537414811259,15.827534693320532,0.14695627269557676,0.05337153916915627,0.05337153916915627,-1.168008987194655,0.0,0.0,0.0,22.594806985066207,0.0037344194878095533,13.443910156114391,14607.288482099835,4.0575801339166215,0.8449435129357777,224265.02953903764,1783556830265029.5,1783556830519377.5
296.0,927.8130986642159,24288.0,102.67542885138126,-1033.4756073028054,73.64914229723749,1041.2428160294098,0.10267542885138126,-1.0334756073028055,0.07364914229723749,1.0412428160294096,1.0412950786847852,1.0412950786847852,10.211616383384149,0.041295078684785144,0.40496638338414837,1.0069019943453978,0.8924051499999999,0.11449684434539802,0.16671305000000003,-10.134933564356057,-9.5320638,-0.6028697643560571,-0.04289235196913466,0.7222513613092039,0.81395195,-0.09170058869079606,0.17571576864688573,0.10267542885138126,1.0069019943453978,0.16671305000000003,0.16671305000000003,0.0,10.211616383384149,1.0412950786847852,43.6612033508577,-79.39460874092217,107.32557362422014,56.7960995295664,-137.6940561900767,1.0,4.4200040810427845,296.0,4.4200040810427845,4.4200040810427845,15.912014691754024,0.595,4.4200040810427845,-0.07442637577986219,4.4200040810427845,15.912014691754024,0.1270200531517896,0.06038706335295349,0.06038706335295349,-1.6737478319780534,0.0,0.0,0.0,22.534724540356475,0.0037244891948644727,13.408161101512102,14610.294652600482,4.058415181277912,0.8480327976227268,224398.83693589014,1783556830398837.0,1783556830744263.8
297.0,925.3393484703041,24288.0,105.59895180782246,-1063.835268773541,67.8020963843551,1070.927818356351,0.10559895180782244,-1.0638352687735408,0.0678020963843551,1.070927818356351,1.071230198726894,1.071230198726894,10.505179628345095,0.07123019872689396,0.6985296283450947,1.035571960746182,0.8924051499999999,0.14316681074618204,0.16671305000000003,-10.432660138518045,-9.5320638,-0.9005963385180455,-0.09141075664738485,0.6649114285076358,0.81395195,-0.14904052149236416,0.1591754034156642,0.10559895180782244,1.035571960746182,0.16671305000000003,0.16671305000000003,0.0,10.505179628345095,1.071230198726894,43.66120919790361,-79.39459929569416,107.30308498609367,57.55674498184768,-137.0477237349088,1.0,4.4434707472743105,297.0,4.4434707472743105,4.4434707472743105,15.996494690187516,0.595,4.4434707472743105,-0.09691501390633485,4.4434707472743105,15.996494690187516,0.10708383360800248,0.06740258753675071,0.06740258753675071,-2.179486676761452,0.0,0.0,0.0,22.474642095646747,0.0037145589019193927,13.372412046909812,14613.300823101128,4.059250228639203,0.8511220823096759,224532.64433274264,1783556830532644.2,1783556830969150.2
298.0,916.1829991516964,24288.0,110.2605576433671,-975.8274906048481,109.55106255301898,988.015870408462,0.1102605576433671,-0.9758274906048481,0.10955106255301898,0.988015870408462,0.9881585679325114,0.9881585679325114,9.690525220215363,-0.011841432067488568,-0.11612477978463673,1.0812866976133257,0.8924051499999999,0.18888154761332598,0.14709974999999997,-9.569598660740033,-9.5320638,-0.03753486074003248,-0.09806649999999983,1.0743289275855636,0.81395195,0.26037697758556355,0.145822151193337,0.1102605576433671,1.0812866976133257,0.14709974999999997,0.14709974999999997,-0.026708977177481625,9.690525220215363,0.9881585679325114,43.66121508625469,-79.39458989966845,107.3,58.313428062574495,-136.39682540625785,1.0,4.471843564107667,298.0,4.471843564107667,4.471843564107667,16.0986368307876,0.5969418990180696,0.8628202349860308,0.0,4.471843564107667,16.0986368307876,0.10984541096034241,0.0776702303596044,0.0776702303596044,0.0,0.0,0.0,0.0,22.252252683396403,0.0036908788817610985,13.287163974339954,14629.39188143929,4.063719967066469,0.8652829606697886,225260.21626197197,1783556831260216.2,1783556831188379.8
299.0,961.595702241965,24288.0,112.88052128319029,-964.0376542256437,106.71276860987719,976.4443643325762,0.11288052128319029,-0.9640376542256437,0.10671276860987719,0.9764443643325762,0.9765202076513435,0.9765202076513435,9.576391894364049,-0.023479792348656464,-0.23025810563595187,1.1069797640417978,0.8924051499999999,0.214574614041798,0.14709974999999997,-9.453979861811908,-9.5320638,0.0780839381880914,-0.09806649999999983,1.0464947722880522,0.81395195,0.23254282228805218,0.13297561797910096,0.11288052128319029,1.1069797640417978,0.14709974999999997,0.14709974999999997,-0.019524115200839534,9.576391894364049,0.9765202076513435,43.66122098117289,-79.3945805114654,107.3,59.06948116595875,-135.74520114950957,1.0,4.500996409687908,299.0,4.500996409687908,4.500996409687908,16.20358707487647,0.5980335505346626,1.8628202349860299,0.0,4.500996409687908,16.20358707487647,0.11621571040598824,0.08845492743386947,0.08845492743386947,0.0,0.0,0.0,0.0,23.355236416052843,0.0038814750010447725,13.973310003761181,14632.8497619552,4.064680489432,0.8652829606697886,225391.43277426646,1783556831391432.8,1783556831406710.0
300.0,1007.0084053322335,24288.0,115.50048492301347,-952.2478178464394,103.87447466673541,964.8728582566905,0.11550048492301347,-0.9522478178464394,0.10387447466673541,0.9648728582566904,0.9648818473701757,0.9648818473701757,9.462258568512732,-0.03511815262982436,-0.344391431487267,1.1326728304702698,0.8924051499999999,0.24026768047027003,0.14709974999999997,-9.338361062883784,-9.5320638,0.19370273711621527,-0.09806649999999983,1.0186606169905408,0.81395195,0.20470866699054077,0.12012908476486493,0.11550048492301347,1.1326728304702698,0.14709974999999997,0.14709974999999997,-0.012339253224197443,9.462258568512732,0.9648818473701757,43.66122687609108,-79.39457112326235,107.3,59.825534269343,-135.0935768927613,1.0,4.530149255268149,300.0,4.530149255268149,4.530149255268149,16.308537318965335,0.5991252020512556,2.862820234986029,0.0,4.530149255268149,16.308537318965335,0.12258600985163409,0.09923962450813453,0.09923962450813453,0.0,0.0,0.0,0.0,24.458220148709287,0.004072071120328446,14.659456033182407,14636.30764247111,4.06564101179753,0.8652829606697886,225522.64928656092,1783556831522649.2,1783556831625040.5
301.0,1052.4211084225021,24288.0,118.12044856283666,-940.4579814672351,101.03618072359362,953.3013521808048,0.11812044856283666,-0.940457981467235,0.10103618072359362,0.9533013521808047,0.9532434870890077,0.9532434870890077,9.348125242661418,-0.046756512910992254,-0.45852475733858206,1.1583658968987418,0.8924051499999999,0.26596074689874205,0.14709974999999997,-9.222742263955661,-9.5320638,0.3093215360443391,-0.09806649999999983,0.9908264616930293,0.81395195,0.17687451169302937,0.10728255155062891,0.11812044856283666,1.1583658968987418,0.14709974999999997,0.14709974999999997,-0.005154391247555349,9.348125242661418,0.9532434870890077,43.66123277100927,-79.39456173505931,107.3,60.58158737272726,-134.441952636013,1.0,4.55930210084839,301.0,4.55930210084839,4.55930210084839,16.413487563054204,0.6002168535678486,3.8628202349860277,0.0,4.55930210084839,16.413487563054204,0.12895630929727994,0.11002432158239961,0.11002432158239961,0.0,0.0,0.0,0.0,25.56120388136573,0.00426266723961212,15.345602062603634,14639.76552298702,4.066601534163061,0.8652829606697886,225653.8657988554,1783556831653865.8,1783556831843370.8
302.0,1039.2887508053125,24288.0,132.65635801719645,-920.7943567286965,101.42462395309373,936.3457675465223,0.13265635801719644,-0.9207943567286965,0.10142462395309373,0.9363457675465222,0.9362616757890755,0.9362616757890755,9.181590562876936,-0.06373832421092453,-0.6250594371230629,1.3009144733493396,0.8933063988161053,0.4076080745332343,0.07595320517628114,-9.02990797841347,-9.505444261095754,0.4755362826822823,-0.12046978876603187,0.9946357884896065,0.821258605176281,0.1733771833133255,-0.08604984911859481,0.13265635801719644,1.3009144733493396,0.07595320517628114,0.07595320517628114,-0.1120072826493674,9.181590562876936,0.9362616757890755,43.661238776768194,-79.39455248801738,107.30612678686472,61.326272454300124,-133.77807604447565,1.0,4.5822001482822765,302.0,4.5822001482822765,4.5822001482822765,16.495920533816193,0.5950612678686473,0.28260399930962926,0.006126786864732686,4.5822001482822765,16.495920533816193,0.12732937519427576,0.11865503712351752,0.11865503712351752,0.13282726846597304,0.0,0.0,0.0,25.24224517955943,0.004172438945444696,15.020780203600905,14658.183366010773,4.0717176016696595,0.8634304899385664,226379.5156497138,1783556832379515.8,1783556832061267.8
303.0,1054.464582767314,24288.0,149.13297557594095,-912.9896431482385,81.69604240249177,930.4922323611788,0.14913297557594093,-0.9129896431482385,0.08169604240249177,0.9304922323611788,0.9302652526129368,0.9302652526129368,9.122785739536656,-0.06973474738706323,-0.6838642604633436,1.462494894931801,0.8964954860841802,0.565999408847621,0.08445743789114755,-8.953369883979674,-9.498003057470244,0.5446331734905718,-0.06094015976196708,0.8011644942263959,0.8297628378911474,-0.028598343664751502,-0.04352868554426282,0.14913297557594093,1.462494894931801,0.08445743789114755,0.08445743789114755,-0.07093938313944492,9.122785739536656,0.9302652526129368,43.661245063898576,-79.39454359931581,107.32780654681045,62.042099581268026,-133.08309665185166,1.0,4.589220263392905,303.0,4.589220263392905,4.589220263392905,16.52119294821446,0.5952780654681045,1.282603999309631,0.027806546810450968,4.589220263392905,16.52119294821446,0.10540130105643936,0.12181782672864165,0.12181782672864165,0.6028392597699028,0.0,0.0,0.0,25.610835786252522,0.00423497502238582,15.245910080588951,14661.651171750145,4.072680881041706,0.8568754845750626,226508.72701899026,1783556832508727.0,1783556832278065.5
304.0,1069.6404147293156,24288.0,165.60959313468544,-905.1849295677806,61.96746085188982,924.6386971758354,0.16560959313468543,-0.9051849295677806,0.06196746085188982,0.9246386971758355,0.9242688294367981,0.9242688294367981,9.063980916196375,-0.07573117056320193,-0.7426690838036242,1.6240753165142627,0.899684573352255,0.7243907431620078,0.09296167060601399,-8.876831789545875,-9.490561853844737,0.6137300642988612,-0.0014105307579022897,0.6076931999631852,0.8382670706060138,-0.23057387064282847,-0.0010075219699308274,0.16560959313468543,1.6240753165142627,0.09296167060601399,0.09296167060601399,-0.02987148362952244,9.063980916196375,0.9242688294367981,43.66125135102896,-79.39453471061422,107.34948630675616,62.75792670823593,-132.38811725922767,1.0,4.596240378503534,304.0,4.596240378503534,4.596240378503534,16.54646536261272,0.5954948630675616,2.2826039993096328,0.049486306756169246,4.596240378503534,16.54646536261272,0.08347322691860296,0.12498061633376577,0.12498061633376577,1.0728512510738326,0.0,0.0,0.0,25.979426392945616,0.004297511099326944,15.471039957576997,14665.118977489516,4.073644160413754,0.8503204792115588,226637.93838826675,1783556832637938.5,1783556832494863.0
305.0,1084.816246691317,24288.0,182.0862106934299,-897.3802159873227,42.23887930128787,918.785161990492,0.1820862106934299,-0.8973802159873226,0.04223887930128786,0.918785161990492,0.9182724062606593,0.9182724062606593,9.005176092856095,-0.08172759373934063,-0.8014739071439048,1.7856557380967244,0.90287366062033,0.8827820774763945,0.10146590332088042,-8.800293695112078,-9.48312065021923,0.6828269551071509,0.058119098246162515,0.41422190569997464,0.8467713033208801,-0.4325493976209055,0.04151364160440116,0.1820862106934299,1.7856557380967244,0.10146590332088042,0.10146590332088042,0.011196415880400046,9.005176092856095,0.9182724062606593,43.66125763815934,-79.39452582191265,107.37116606670189,63.47375383520384,-131.69313786660365,1.0,4.603260493614163,305.0,4.603260493614163,4.603260493614163,16.571737777010988,0.5957116606670187,3.2826039993096345,0.07116606670188753,4.603260493614163,16.571737777010988,0.06154515278076657,0.1281434059388899,0.1281434059388899,1.5428632423777626,0.0,0.0,0.0,26.348016999638705,0.0043600471762680676,15.69616983456504,14668.586783228886,4.074607439785801,0.8437654738480551,226767.1497575432,1783556832767149.8,1783556832711660.8
306.0,1099.9920786533185,24288.0,198.5628282521744,-889.5755024068648,22.510297750685908,912.9316268051485,0.1985628282521744,-0.8895755024068648,0.022510297750685915,0.9129316268051486,0.9122759830845206,0.9122759830845206,8.946371269515813,-0.08772401691547935,-0.8602787304841855,1.947236159679186,0.9060627478884049,1.0411734117907812,0.10997013603574685,-8.723755600678281,-9.47567944659372,0.7519238459154403,0.11764872725022729,0.220750611436764,0.8552755360357466,-0.6345249245989825,0.08403480517873316,0.1985628282521744,1.947236159679186,0.10997013603574685,0.10997013603574685,0.05226431539032253,8.946371269515813,0.9122759830845206,43.661263925289724,-79.39451693321108,107.3928458266476,64.18958096217173,-130.99815847397966,1.0,4.610280608724792,306.0,4.610280608724792,4.610280608724792,16.59701019140925,0.595928458266476,4.282603999309637,0.09284582664760581,4.610280608724792,16.59701019140925,0.03961707864293018,0.13130619554401401,0.13130619554401401,2.0128752336816924,0.0,0.0,0.0,26.7166076063318,0.0044225832532091905,15.921299711553086,14672.054588968256,4.075570719157849,0.8372104684845513,226896.36112681968,1783556832896361.2,1783556832928458.2
307.0,1086.2151743853922,24288.0,187.05128515975233,-904.79615058226,33.937389872595446,927.383757678906,0.18705128515975233,-0.90479615058226,0.03393738987259545,0.9273837576789061,0.9267076611106912,0.9267076611106912,9.087897684831159,-0.07329233888930879,-0.71875231516884,1.8343464856118852,0.9071151249999999,0.9272313606118853,0.11277647500000021,-8.87301917010752,-9.473223899999999,0.6002047298924785,0.0985107399761074,0.33281210439408815,0.8643147542895542,-0.531502649895466,0.09806649999999995,0.18705128515975233,1.8343464856118852,0.11277647500000021,0.11277647500000021,0.05652057525793557,9.087897684831159,0.9267076611106912,43.661270519657286,-79.39450849166768,107.4,64.86939743537575,-130.26921708352074,1.0,4.631124044323773,307.0,4.631124044323773,4.631124044323773,16.672046559565583,0.5958587607096646,4.631124044323773,0.0858760709664676,4.631124044323773,16.672046559565583,0.04633434437110661,0.13273467721583518,0.13273467721583518,1.8617726036343227,0.0,0.0,0.0,26.381994155472405,0.004366759485704063,15.72033414853463,14675.182890315518,4.07643969175431,0.843023995841106,227023.03737774957,1783556833023037.5,1783556833141239.2
308.0,1058.1784057956618,24288.0,161.75495259758964,-931.3572997725308,60.70934183421763,951.8368791556634,0.16175495259758965,-0.9313572997725308,0.060709341834217626,0.9518368791556633,0.9512006317616292,0.9512006317616292,9.32809167546518,-0.048799368238370805,-0.47855832453481895,1.5862742058911525,0.9071151249999999,0.6791590808911525,0.11277647500000021,-9.133495063814289,-9.473223899999999,0.3397288361857095,0.04062720804126978,0.5953552670985303,0.8736174647790816,-0.27826219768055144,0.09806649999999995,0.16175495259758965,1.5862742058911525,0.11277647500000021,0.11277647500000021,0.04264628668295048,9.32809167546518,0.9512006317616292,43.66127726534597,-79.3945002703596,107.4,65.5314778634359,-129.52354865637076,1.0,4.658775771652949,308.0,4.658775771652949,4.658775771652949,16.771592777950616,0.5956479579383133,4.658775771652949,0.06479579383133022,4.658775771652949,16.771592777950616,0.06716007489851222,0.13330897379009843,0.13330897379009843,1.4047572557553705,0.0,0.0,0.0,25.701037119965033,0.00425264087139932,15.309507137037551,14678.143978224656,4.077262216173516,0.8549292997070432,227148.4650267036,1783556833148465.0,1783556833352042.0
309.0,1030.1416372059316,24288.0,136.45862003542697,-957.9184489628017,87.4812937958398,976.2900006324206,0.13645862003542697,-0.9579184489628016,0.0874812937958398,0.9762900006324206,0.9756936024125672,0.9756936024125672,9.568285666099202,-0.024306397587432818,-0.23836433390079792,1.3382019261704197,0.9071151249999999,0.43108680117041986,0.11277647500000021,-9.39397095752106,-9.473223899999999,0.07925294247894044,-0.01725632389356782,0.8578984298029723,0.8829201752686091,-0.025021745465636847,0.09806649999999995,0.13645862003542697,1.3382019261704197,0.11277647500000021,0.11277647500000021,0.028771998107965394,9.568285666099202,0.9756936024125672,43.66128401103466,-79.39449204905151,107.4,66.19355829149603,-128.7778802292208,1.0,4.686427498982125,309.0,4.686427498982125,4.686427498982125,16.871138996335652,0.5954371551669618,4.686427498982125,0.043715516696192856,4.686427498982125,16.871138996335652,0.08798580542591783,0.13388327036436168,0.13388327036436168,0.9477419078764182,0.0,0.0,0.0,25.020080084457664,0.004138522257094576,14.898680125540473,14681.105066133794,4.07808474059272,0.8668346035729806,227273.89267565767,1783556833273892.8,1783556833562844.8
310.0,1002.1048686162012,24288.0,111.16228747326427,-984.4795981530725,114.25324575746198,1000.7431221091779,0.11116228747326427,-0.9844795981530724,0.11425324575746199,1.0007431221091778,1.0001865730635051,1.0001865730635051,9.808479656733223,0.00018657306350516878,0.0018296567332231062,1.0901296464496872,0.9071151249999999,0.1830145214496871,0.11277647500000021,-9.654446851227828,-9.473223899999999,-0.1812229512278286,-0.07513985582840543,1.1204415925074143,0.8922228857581367,0.2282187067492777,0.09806649999999995,0.11116228747326427,1.0901296464496872,0.11277647500000021,0.11277647500000021,0.0148977095329803,9.808479656733223,1.0001865730635051,43.66129075672334,-79.39448382774343,107.4,66.85563871955618,-128.03221180207086,1.0,4.714079226311301,310.0,4.714079226311301,4.714079226311301,16.970685214720685,0.5952263523956105,4.714079226311301,0.02263523956105548,4.714079226311301,16.970685214720685,0.10881153595332345,0.13445756693862496,0.13445756693862496,0.49072655999746595,0.0,0.0,0.0,24.339123048950295,0.004024403642789832,14.487853114043395,14684.066154042932,4.078907265011925,0.8787399074389178,227399.32032461173,1783556833399320.2,1783556833773647.5
311.0,974.0681000264709,24288.0,85.86595491110158,-1011.0407473433434,141.02519771908416,1025.1962435859352,0.08586595491110159,-1.0110407473433431,0.14102519771908417,1.025196243585935,1.0246795437144431,1.0246795437144431,10.048673647367245,0.024679543714443156,0.24202364736724413,0.8420573667289544,0.9071151249999999,-0.06505775827104565,0.11277647500000021,-9.914922744934596,-9.473223899999999,-0.44169884493459777,-0.13302338776324307,1.3829847552118564,0.9015255962476642,0.48145915896419234,0.09806649999999995,0.08586595491110159,0.8420573667289544,0.11277647500000021,0.11277647500000021,0.001023420957995208,10.048673647367245,1.0246795437144431,43.661297502412026,-79.39447560643535,107.4,67.51771914761632,-127.28654337492092,1.0,4.741730953640477,311.0,4.741730953640477,4.741730953640477,17.070231433105718,0.5950155496242592,4.741730953640477,0.0015549624259181133,4.741730953640477,17.070231433105718,0.12963726648072907,0.1350318635128882,0.1350318635128882,0.03371121211851369,0.0,0.0,0.0,23.658166013442923,0.003910285028485088,14.077026102546316,14687.02724195207,4.07972978943113,0.8906452113048551,227524.7479735658,1783556833524748.0,1783556833984450.5
312.0,986.8102127855078,24288.0,87.15319178261659,-1031.9268091362487,72.05106392753886,1037.7370219217564,0.08715319178261659,-1.0319268091362488,0.07205106392753886,1.0377370219217565,1.0381159232894326,1.0381159232894326,10.180439519126313,0.03811592328943256,0.37378951912631375,0.8546808481949969,0.9080457133935,-0.05336486519850306,0.08765058837549745,-10.119745042815993,-9.473223899999999,-0.646521142815994,-0.2763388812274964,0.7065795660649989,0.9218251,-0.215245533935001,-0.029419950000000084,0.08715319178261659,0.8546808481949969,0.08765058837549745,0.08765058837549745,-0.042157527893461,10.180439519126313,1.0381159232894326,43.66130426297808,-79.39446740851142,107.4,68.17791639689534,-126.53923040335289,1.0,4.769699782191624,312.0,4.769699782191624,4.769699782191624,17.170919215889846,0.6024817022840622,0.926236148796813,0.0,4.769699782191624,17.170919215889846,0.1322075390411629,0.1345571826036323,0.1345571826036323,0.0,0.0,0.0,0.0,23.967646448134413,0.004011138419321509,14.440098309557435,14704.433736635123,4.084564926843089,0.82252441920495,228251.11317983735,1783556834251113.2,1783556834189787.2
313.0,986.6053112442121,24288.0,84.07966866318164,-1025.3699598147875,71.02655622106055,1030.9752710589996,0.08407966866318164,-1.0253699598147876,0.07102655622106055,1.0309752710589997,1.0312788600818177,1.0312788600818177,10.11339083322136,0.03127886008181779,0.30674083322135837,0.8245398826957903,0.9090504122434736,-0.08451052954768336,0.060523719426211334,-10.055444316417685,-9.473223899999999,-0.5822204164176865,-0.24117442147842166,0.6965325775652633,0.9218251,-0.22529252243473658,-0.029419950000000084,0.08407966866318164,0.8245398826957903,0.060523719426211334,0.060523719426211334,-0.08767240868085381,10.11339083322136,1.0312788600818177,43.66131102472894,-79.39445921244977,107.4,68.83796367306049,-125.79178646310055,1.0,4.797693864137797,313.0,4.797693864137797,4.797693864137797,17.27169791089607,0.6008424899536968,1.926236148796808,0.0,4.797693864137797,17.27169791089607,0.13332397837896673,0.1339989629347304,0.1339989629347304,0.0,0.0,0.0,0.0,23.962669799499423,0.0039993990581525295,14.397836609349106,14707.358294065367,4.085377303907046,0.82252441920495,228373.23449844957,1783556834373234.5,1783556834394688.8
314.0,986.4004097029165,24288.0,81.0061455437467,-1018.8131104933262,70.00204851458223,1024.2135201962428,0.08100614554374669,-1.0188131104933262,0.07000204851458224,1.0242135201962428,1.024441796874203,1.024441796874203,10.046342147316404,0.024441796874203014,0.23969214731640293,0.7943989171965835,0.9100551110934472,-0.11565619389686366,0.03339685047692521,-9.991143590019378,-9.473223899999999,-0.517919690019379,-0.2060099617293469,0.6864855890655278,0.9218251,-0.23533951093447214,-0.029419950000000084,0.08100614554374669,0.7943989171965835,0.03339685047692521,0.03339685047692521,-0.13318728946824662,10.046342147316404,1.024441796874203,43.661317786479806,-79.39445101638812,107.4,69.49801094922564,-125.04434252284821,1.0,4.825687946083971,314.0,4.825687946083971,4.825687946083971,17.372476605902293,0.5992032776233316,2.9262361487968027,0.0,4.825687946083971,17.372476605902293,0.13444041771677057,0.13344074326582847,0.13344074326582847,0.0,0.0,0.0,0.0,23.957693150864436,0.003987659696983549,14.35557490914078,14710.282851495609,4.086189680971001,0.82252441920495,228495.3558170618,1783556834495355.8,1783556834599590.2
315.0,986.1955081616208,24288.0,77.93262242431175,-1012.256261171865,68.97754080810391,1017.4517693334858,0.07793262242431175,-1.012256261171865,0.06897754080810392,1.0174517693334857,1.0176047336665883,1.0176047336665883,9.979293461411448,0.01760473366658824,0.17264346141144754,0.7642579516973768,0.9110598099434207,-0.14680185824604397,0.006269981527639093,-9.92684286362107,-9.473223899999999,-0.4536189636210714,-0.17084550198027218,0.6764386005657923,0.9218251,-0.2453864994342077,-0.029419950000000084,0.07793262242431175,0.7642579516973768,0.006269981527639093,0.006269981527639093,-0.17870217025563945,9.979293461411448,1.0176047336665883,43.66132454823067,-79.39444282032646,107.4,70.1580582253908,-124.29689858259587,1.0,4.853682028030144,315.0,4.853682028030144,4.853682028030144,17.473255300908516,0.5975640652929662,3.926236148796798,0.0,4.853682028030144,17.473255300908516,0.1355568570545744,0.13288252359692654,0.13288252359692654,0.0,0.0,0.0,0.0,23.952716502229446,0.00397592033581457,14.31331320893245,14713.207408925853,4.087002058034958,0.82252441920495,228617.477135674,1783556834617477.2,1783556834804491.8
316.0,995.2655144465547,24288.0,143.32336641039288,-914.7365884646356,61.19699458937929,928.6680686074602,0.14332336641039287,-0.9147365884646357,0.061196994589379286,0.9286680686074602,0.9279535876969199,0.9279535876969199,9.100116050787998,-0.07204641230308009,-0.7065339492120003,1.4055220912084792,0.9419003658019414,0.4636217254065378,-0.019613300000000056,-8.97050156526672,-9.4536106,0.4831090347332805,0.06328125919805831,0.6001375069899363,0.9218251,-0.3216875930100636,-0.09806649999999995,0.14332336641039287,1.4055220912084792,-0.019613300000000056,-0.019613300000000056,0.0,9.100116050787998,0.9279535876969199,43.6613313340343,-79.3944346659657,107.4,70.81474723565118,-123.54679584864853,1.0,4.88443567188107,316.0,4.88443567188107,4.882152965380818,17.575750675370944,0.5979828700357062,0.045843382219004566,0.0,4.882152965380818,17.575750675370944,0.13721214786395292,0.13234989460566826,0.13234989460566826,0.0,0.0,0.0,0.0,24.17300881487792,0.004015286778154816,14.455032401357334,14730.57670487402,4.0918268624650045,0.8224375072884079,229337.10472935956,1783556835337104.8,1783556835008565.0
317.0,1001.057287079871,24288.0,128.56368776419956,-930.8040867377068,65.4941162205495,943.2409158783853,0.12856368776419955,-0.9308040867377069,0.0654941162205495,0.9432409158783853,0.942590348562342,0.942590348562342,9.24365364172889,-0.057409651437658,-0.5629963582711088,1.2607790886127874,0.9519774102864514,0.308801678326336,-0.019613300000000056,-9.128069897206332,-9.4536106,0.32554070279366687,0.053204214713548165,0.6422778748342517,0.9218251,-0.2795472251657483,-0.09806649999999995,0.12856368776419955,1.2607790886127874,-0.019613300000000056,-0.019613300000000056,0.0,9.24365364172889,0.942590348562342,43.66133862045794,-79.39442737954207,107.4,71.40153931679754,-122.74135457996363,1.0,4.9726251794520255,317.0,4.9726251794520255,4.920548884657038,17.713975984765337,0.5976092072851695,1.0458433822190054,0.0,4.920548884657038,17.713975984765337,0.15008276949573385,0.13234989460566826,0.13234989460566826,0.0,0.0,0.0,0.0,24.313679388595908,0.004036067200003514,14.529841920012649,14733.351527233575,4.09259764645377,0.8205416629519914,229448.45622901944,1783556835448456.2,1783556835195396.2
318.0,1006.8490597131874,24288.0,113.80400911800623,-946.8715850107781,69.7912378517197,957.8137631493103,0.11380400911800624,-0.9468715850107781,0.0697912378517197,0.9578137631493103,0.9572271094277641,0.9572271094277641,9.387191232669782,-0.04277289057223592,-0.41945876733021736,1.116036086017096,0.9620544547709616,0.15398163124613418,-0.019613300000000056,-9.285638229145945,-9.4536106,0.16797237085405325,0.04312717022903802,0.684418242678567,0.9218251,-0.237406857321433,-0.09806649999999995,0.11380400911800624,1.116036086017096,-0.019613300000000056,-0.019613300000000056,0.0,9.387191232669782,0.9572271094277641,43.66134590688157,-79.39442009311843,107.4,71.9883313979439,-121.93591331127874,1.0,5.060814687022982,318.0,5.060814687022982,4.958944803933259,17.85220129415973,0.597235544534633,2.0458433822190063,0.0,4.958944803933259,17.85220129415973,0.16295339112751478,0.13234989460566826,0.13234989460566826,0.0,0.0,0.0,0.0,24.4543499623139,0.004056847621852213,14.604651438667963,14736.126349593133,4.093368430442536,0.8186458186155748,229559.80772867936,1783556835559807.8,1783556835382227.8
319.0,1012.6408323465038,24288.0,99.04433047181293,-962.9390832838492,74.08835948288991,972.3866104202353,0.09904433047181292,-0.9629390832838493,0.07408835948288992,0.9723866104202353,0.9718638702931861,0.9718638702931861,9.530728823610673,-0.02813612970681384,-0.2759211763893259,0.9712930834214042,0.9721314992554718,-0.0008384158340676295,-0.019613300000000056,-9.44320656108556,-9.4536106,0.01040403891443964,0.03305012574452787,0.7265586105228823,0.9218251,-0.19526648947711767,-0.09806649999999995,0.09904433047181292,0.9712930834214042,-0.019613300000000056,-0.019613300000000056,0.0,9.530728823610673,0.9718638702931861,43.66135319330521,-79.39441280669479,107.4,72.57512347909025,-121.13047204259384,1.0,5.149004194593939,319.0,5.149004194593939,4.997340723209479,17.990426603554127,0.5968618817840965,3.045843382219007,0.0,4.997340723209479,17.990426603554127,0.1758240127592957,0.13234989460566826,0.13234989460566826,0.0,0.0,0.0,0.0,24.595020536031885,0.004077628043700911,14.679460957323279,14738.90117195269,4.094139214431301,0.8167499742791583,229671.15922833924,1783556835671159.2,1783556835569059.0
320.0,1018.4326049798201,24288.0,84.2846518256196,-979.0065815569204,78.38548111406011,986.9594576911604,0.08428465182561962,-0.9790065815569204,0.07838548111406012,0.9869594576911604,0.9865006311586082,0.9865006311586082,9.674266414551566,-0.013499368841391753,-0.13238358544843443,0.8265500808257125,0.9822085437399819,-0.15565846291426944,-0.019613300000000056,-9.600774893025173,-9.4536106,-0.14716429302517398,0.022973081260017715,0.7686989783671976,0.9218251,-0.15312612163280234,-0.09806649999999995,0.08428465182561962,0.8265500808257125,-0.019613300000000056,-0.019613300000000056,0.0,9.674266414551566,0.9865006311586082,43.66136047972884,-79.39440552027115,107.4,73.16191556023661,-120.32503077390895,1.0,5.237193702164895,320.0,5.237193702164895,5.0357366424857,18.12865191294852,0.59648821903356,4.045843382219008,0.0,5.0357366424857,18.12865191294852,0.18869463439107667,0.13234989460566826,0.13234989460566826,0.0,0.0,0.0,0.0,24.735691109749872,0.004098408465549609,14.754270475978593,14741.675994312245,4.094909998420067,0.8148541299427418,229782.51072799912,1783556835782510.8,1783556835755890.5
321.0,1024.2243776131365,24288.0,69.52497317942628,-995.0740798299917,82.68260274523033,1001.5323049620854,0.0695249731794263,-0.9950740798299916,0.08268260274523033,1.0015323049620855,1.0011373920240303,1.0011373920240303,9.817804005492457,0.0011373920240303342,0.011154005492457042,0.6818070782300207,0.9922855882244921,-0.31047850999447124,-0.019613300000000056,-9.758343224964786,-9.4536106,-0.3047326249647876,0.012896036775507567,0.8108393462115129,0.9218251,-0.11098575378848702,-0.09806649999999995,0.0695249731794263,0.6818070782300207,-0.019613300000000056,-0.019613300000000056,0.0,9.817804005492457,1.0011373920240303,43.66136776615248,-79.39439823384753,107.4,73.74870764138296,-119.51958950522405,1.0,5.325383209735851,321.0,5.325383209735851,5.07413256176192,18.266877222342913,0.5961145562830235,5.045843382219009,0.0,5.07413256176192,18.266877222342913,0.2015652560228576,0.13234989460566826,0.13234989460566826,0.0,0.0,0.0,0.0,24.87636168346786,0.004119188887398308,14.829079994633908,14744.450816671802,4.0956807824088335,0.8129582856063252,229893.862227659,1783556835893862.2,1783556835942721.8
322.0,1032.2717412547302,24288.0,71.95345226067913,-985.956753277452,92.316874272577,993.7292018929191,0.07195345226067913,-0.9859567532774519,0.092316874272577,0.9937292018929192,0.9934075854680607,0.9934075854680607,9.742000498030357,-0.006592414531939303,-0.06464950196964256,0.7056223226121889,0.9993861557418933,-0.29376383312970433,-0.019613300000000056,-9.668932794528324,-9.4536106,-0.2153221945283245,-0.002226892225680597,0.9053192750851671,0.9218251,-0.016505824914832823,-0.112774162720276,0.07195345226067913,0.7056223226121889,-0.019613300000000056,-0.019613300000000056,0.0,9.742000498030357,0.9934075854680607,43.66137490831924,-79.39439068265415,107.4,74.3568222242947,-118.73009439134714,1.0,5.316082650147031,322.0,5.316082650147031,5.12215435669167,18.43975568409001,0.5964090266035693,5.316082650147031,0.0,5.12215435669167,18.43975568409001,0.21374175595429015,0.12545470318451932,0.12545470318451932,0.0,0.0,0.0,0.0,25.071816051594887,0.004153736690123518,14.953452084444665,14747.427906112925,4.0965077516980335,0.8095416182435541,230009.6689785127,1783556836009669.0,1783556836136342.2
323.0,1041.3163479385737,24288.0,81.98116836667955,-965.7046991810197,104.31080922289122,976.0332322940949,0.08198116836667955,-0.9657046991810198,0.10431080922289122,0.9760332322940949,0.9757890607632143,0.9757890607632143,9.569221792733575,-0.024210939236785696,-0.2374282072664244,0.8039606247630979,1.0051707617507704,-0.2012101369876723,-0.019613300000000056,-9.470327988223547,-9.4536106,-0.016717388223547514,-0.01958071025231161,1.022939597265666,0.9218251,0.10111449726566621,-0.13398438475282504,0.08198116836667955,0.8039606247630979,-0.019613300000000056,-0.019613300000000056,0.0,9.569221792733575,0.9757890607632143,43.66138198670708,-79.39438301440066,107.4,74.97436392251718,-117.94764939953338,1.0,5.2636797325479225,323.0,5.2636797325479225,5.1744319486545765,18.627955015156477,0.5969988922568634,5.2636797325479225,0.0,5.1744319486545765,18.627955015156477,0.22561137044700316,0.11551100623001427,0.11551100623001427,0.0,0.0,0.0,0.0,25.29149145873208,0.004194371334274644,15.099736803388717,14750.494421978885,4.0973595616608005,0.8054525638319076,230127.44548728707,1783556836127445.5,1783556836332964.0
324.0,1050.3609546224172,24288.0,92.00888447267997,-945.4526450845875,116.30474417320545,958.3372626952706,0.09200888447267998,-0.9454526450845875,0.11630474417320545,0.9583372626952706,0.9581705360583679,0.9581705360583679,9.396443087436793,-0.04182946394163209,-0.41020691256320635,0.9022989269140069,1.0109553677596472,-0.10865644084564025,-0.019613300000000056,-9.27172318191877,-9.4536106,0.18188741808122955,-0.03693452827894263,1.140559919446165,0.9218251,0.21873481944616524,-0.15519460678537406,0.09200888447267998,0.9022989269140069,-0.019613300000000056,-0.019613300000000056,0.0,9.396443087436793,0.9581705360583679,43.66138906509492,-79.39437534614717,107.4,75.59190562073965,-117.1652044077196,1.0,5.211276814948814,324.0,5.211276814948814,5.226709540617484,18.81615434622294,0.5975887579101576,5.211276814948814,0.0,5.226709540617484,18.81615434622294,0.23748098493971617,0.10556730927550922,0.10556730927550922,0.0,0.0,0.0,0.0,25.51116686586927,0.00423500597842577,15.24602152233277,14753.560937844846,4.0982113716235675,0.8013635094202609,230245.22199606147,1783556836245222.0,1783556836529586.0
325.0,1059.4055613062608,24288.0,102.03660057868039,-925.2005909881552,128.2986791235197,940.6412930964464,0.1020366005786804,-0.9252005909881553,0.1282986791235197,0.9406412930964464,0.9405520113535215,0.9405520113535215,9.223664382140011,-0.059447988646478475,-0.5829856178599881,1.0006372290649161,1.016739973768524,-0.016102744703608174,-0.019613300000000056,-9.073118375613992,-9.4536106,0.3804922243860065,-0.05428834630557364,1.2581802416266643,0.9218251,0.33635514162666424,-0.17640482881792308,0.1020366005786804,1.0006372290649161,-0.019613300000000056,-0.019613300000000056,0.0,9.223664382140011,0.9405520113535215,43.66139614348276,-79.39436767789367,107.4,76.20944731896213,-116.38275941590584,1.0,5.158873897349705,325.0,5.158873897349705,5.278987132580391,19.00435367728941,0.5981786235634518,5.158873897349705,0.0,5.278987132580391,19.00435367728941,0.24935059943242918,0.09562361232100419,0.09562361232100419,0.0,0.0,0.0,0.0,25.730842273006463,0.004275640622576896,15.392306241276824,14756.627453710807,4.099063181586334,0.7972744550086143,230362.99850483588,1783556836362998.5,1783556836726207.8
326.0,1068.4501679901043,24288.0,112.06431668468082,-904.948536891723,140.29261407383393,922.9453234976221,0.11206431668468082,-0.904948536891723,0.14029261407383392,0.9229453234976221,0.9229334866486751,0.9229334866486751,9.05088567684323,-0.07706651335132488,-0.75576432315677,1.098975531215825,1.0225245797774012,0.07645095143842384,-0.019613300000000056,-8.874513569309215,-9.4536106,0.5790970306907836,-0.07164216433220465,1.375800563807163,0.9218251,0.45397546380716325,-0.1976150508504721,0.11206431668468082,1.098975531215825,-0.019613300000000056,-0.019613300000000056,0.0,9.05088567684323,0.9229334866486751,43.6614032218706,-79.39436000964018,107.4,76.8269890171846,-115.60031442409208,1.0,5.106470979750596,326.0,5.106470979750596,5.331264724543298,19.192553008355873,0.5987684892167459,5.106470979750596,0.0,5.331264724543298,19.192553008355873,0.26122021392514216,0.08567991536649915,0.08567991536649915,0.0,0.0,0.0,0.0,25.950517680143655,0.004316275266728022,15.538590960220876,14759.693969576769,4.099914991549101,0.7931854005969677,230480.77501361028,1783556836480775.0,1783556836922829.8
327.0,972.4324139169215,24288.0,87.95669010091757,-995.7244131987766,121.1404146350665,1007.0433098990825,0.08795669010091756,-0.9957244131987766,0.1211404146350665,1.0070433098990823,1.007000549129761,1.007000549129761,9.87530193512337,0.00700054912976094,0.06865193512337012,0.8625604749781631,1.0351581868061621,-0.1725977118279989,-0.010707511101405926,-9.764720816695782,-9.43187703403081,-0.33284378266497167,-0.21754802220281236,1.1879816471809748,0.9348652395815136,0.2531164075994613,-0.20593965000000003,0.08795669010091756,0.8625604749781631,-0.010707511101405926,-0.010707511101405926,0.01494259882314451,9.87530193512337,1.007000549129761,43.661410540688664,-79.39435279986299,107.4,77.40760858833166,-114.79129227533966,1.0,5.116085677034901,327.0,5.116085677034901,5.331191937649074,19.192290975536668,0.5951135172166157,0.6075194716607368,0.0,5.331191937649074,19.192290975536668,0.21510626061417354,0.07993930951981536,0.07993930951981536,0.0,0.0,0.0,0.0,23.61843846921419,0.0039043443799840487,14.055639767942576,14776.54934236504,4.104597039545843,0.7707839887657226,231189.65626110297,1783556837189656.2,1783556837113517.2
328.0,971.4981457830511,24288.0,84.59332481898385,-1000.2089002413549,114.78739132474726,1010.4066751810161,0.08459332481898384,-1.0002089002413548,0.11478739132474726,1.0104066751810161,1.0104990913328198,1.0104990913328198,9.909610914018998,0.010499091332819895,0.10296091401899822,0.8295771288360878,1.0360743908656642,-0.20649726202957627,0.003951753850627536,-9.80869861155188,-9.43645805432832,-0.3722405572235613,-0.18822949229874536,1.1256797711348328,0.9321166274030073,0.19356314373182534,-0.20593965000000003,0.08459332481898384,0.8295771288360878,0.003951753850627536,0.003951753850627536,0.039538680957428844,9.909610914018998,1.0104990913328198,43.661418014833735,-79.3943458862788,107.4,77.96437507061826,-113.96510027922659,1.0,5.165766096310379,328.0,5.165766096310379,5.29729882842602,19.07027578233367,0.5953003708433897,1.6075194716607364,0.0,5.29729882842602,19.07027578233367,0.131532732115641,0.0769140593046906,0.0769140593046906,0.0,0.0,0.0,0.0,23.595746964778744,0.0039018142772394965,14.046531398062188,14779.167615219229,4.105324337560894,0.7707839887657226,231301.0210226603,1783556837301021.0,1783556837300370.8
329.0,970.5638776491805,24288.0,81.22995953705012,-1004.6933872839331,108.43436801442802,1013.7700404629499,0.08122995953705012,-1.0046933872839332,0.10843436801442802,1.0137700404629497,1.013997633535879,1.013997633535879,9.943919892914625,0.01399763353587885,0.13726989291462632,0.7965937826940126,1.036990594925166,-0.24039681223115367,0.018611018802661,-9.852676406407982,-9.44103907462583,-0.41163733178215095,-0.15891096239467833,1.0633778950886905,0.9293680152245011,0.13400987986418939,-0.20593965000000003,0.08122995953705012,0.7965937826940126,0.018611018802661,0.018611018802661,0.06413476309171318,9.943919892914625,1.013997633535879,43.66142548897881,-79.3943389726946,107.4,78.52114155290485,-113.13890828311354,1.0,5.215446515585857,329.0,5.215446515585857,5.263405719202964,18.948260589130673,0.5954872244701639,2.6075194716607357,0.0,5.263405719202964,18.948260589130673,0.04795920361710848,0.07388880908956583,0.07388880908956583,0.0,0.0,0.0,0.0,23.573055460343298,0.0038992841744949444,14.0374230281818,14781.785888073415,4.106051635575946,0.7707839887657226,231412.38578421768,1783556837412385.8,1783556837487224.5
330.0,969.6296095153101,24288.0,77.86659425511641,-1009.1778743265114,102.08134470410877,1017.1334057448836,0.07786659425511641,-1.0091778743265114,0.10208134470410878,1.0171334057448835,1.0174961757389378,1.0174961757389378,9.978228871810254,0.017496175738937806,0.17157887181025444,0.7636104365519373,1.0379067989846682,-0.27429636243273103,0.03327028375469446,-9.896654201264083,-9.445620094923342,-0.4510341063407406,-0.12959243249061134,1.0010760190425483,0.9266194030459948,0.07445661599655345,-0.20593965000000003,0.07786659425511641,0.7636104365519373,0.03327028375469446,0.03327028375469446,0.0887308452259975,9.978228871810254,1.0174961757389378,43.66143296312388,-79.39433205911041,107.4,79.07790803519146,-112.31271628700047,1.0,5.265126934861334,330.0,5.265126934861334,5.22951260997991,18.826245395927675,0.595674078096938,3.6075194716607353,0.0,5.22951260997991,18.826245395927675,-0.035614324881424075,0.07086355887444107,0.07086355887444107,0.0,0.0,0.0,0.0,23.55036395590785,0.003896754071750392,14.028314658301412,14784.404160927601,4.1067789335909985,0.7707839887657226,231523.75054577502,1783556837523750.5,1783556837674078.0
331.0,968.6953413814397,24288.0,74.5032289731827,-1013.6623613690897,95.72832139378953,1020.4967710268173,0.07450322897318269,-1.0136623613690896,0.09572832139378953,1.0204967710268171,1.0209947179419967,1.0209947179419967,10.012537850705883,0.02099471794199676,0.2058878507058825,0.730627090409862,1.0388230030441703,-0.3081959126343084,0.04792954870672793,-9.940631996120182,-9.450201115220851,-0.49043088089933023,-0.10027390258654434,0.938774142996406,0.9238707908674885,0.014903352128917524,-0.20593965000000003,0.07450322897318269,0.730627090409862,0.04792954870672793,0.04792954870672793,0.11332692736028184,10.012537850705883,1.0209947179419967,43.66144043726894,-79.39432514552621,107.4,79.63467451747806,-111.4865242908874,1.0,5.3148073541368115,331.0,5.3148073541368115,5.195619500756855,18.704230202724677,0.595860931723712,4.607519471660735,0.0,5.195619500756855,18.704230202724677,-0.11918785337995658,0.06783830865931631,0.06783830865931631,0.0,0.0,0.0,0.0,23.527672451472405,0.0038942239690058396,14.019206288421023,14787.022433781787,4.107506231606051,0.7707839887657226,231635.1153073324,1783556837635115.2,1783556837860931.8
332.0,994.0215294625323,24288.0,104.6924646881137,-899.3139381502584,18.819320515891487,906.4623234405685,0.10469246468811369,-0.8993139381502584,0.018819320515891486,0.9064623234405685,0.9056586937108518,0.9056586937108518,8.881477828679524,-0.09434130628914822,-0.9251721713204754,1.02668235883369,1.0395048999999998,-0.012822541166309848,0.058839899999999945,-8.819257031561232,-9.474921589708421,0.6556645581471897,0.009806649999999806,0.18455448953716724,0.9218251,-0.7372706104628327,-0.20593965000000003,0.10469246468811369,1.02668235883369,0.058839899999999945,0.058839899999999945,0.0,8.881477828679524,0.9056586937108518,43.66144792900877,-79.39431826883828,107.40494617634367,80.1884696619288,-110.65838737058907,1.0,5.342810863695144,332.0,5.342810863695144,5.170394107174384,18.613418785827783,0.5962473088171835,0.25573681020352956,0.004946176343668993,5.170394107174384,18.613418785827783,-0.17241675652076005,0.05868370017842323,0.06600168211000708,0.09566342992704814,0.0,0.0,0.0,24.142794907585984,0.003998568919295756,14.39484810946472,14804.079093110127,4.112244192530589,0.7712834949238944,232343.72651982546,1783556838343726.5,1783556838049461.8
333.0,986.2851752947723,24288.0,107.40018864682968,-912.2723313812563,29.843625204949397,920.0009432341484,0.10740018864682967,-0.9122723313812563,0.029843625204949396,0.9200009432341484,0.9193496422523038,0.9193496422523038,9.015740169193554,-0.08065035774769626,-0.7909098308064455,1.053236059993432,1.0395048999999998,0.013731159993432232,0.058839899999999945,-8.946335458539997,-9.481560014998356,0.53522455645836,0.009806649999999806,0.292665987116117,0.9218251,-0.6291591128838829,-0.20593965000000003,0.10740018864682967,1.053236059993432,0.058839899999999945,0.058839899999999945,0.0,9.015740169193554,0.9193496422523038,43.661455471954085,-79.39431149952837,107.42428706176307,80.73361741074687,-109.8245901956059,1.0,5.307728711247398,333.0,5.307728711247398,5.170394107174384,18.613418785827783,0.5972143530881534,1.2557368102035287,0.024287061763067736,5.170394107174384,18.613418785827783,-0.13733460407301384,0.03169100366219611,0.06762427146428011,0.46973327873338067,0.0,0.0,0.0,23.95489433755943,0.00397369819106863,14.305313487847068,14806.778078107933,4.112993910585534,0.7732366989142555,232459.96524119604,1783556838459965.2,1783556838242870.5
334.0,978.5488211270124,24288.0,110.10791260554565,-925.2307246122542,40.867929894007304,933.5395630277283,0.11010791260554564,-0.9252307246122542,0.04086792989400731,0.9335395630277282,0.9330405907937557,0.9330405907937557,9.150002509707583,-0.06695940920624431,-0.6566474902924158,1.0797897611531742,1.0395048999999998,0.04028486115317431,0.058839899999999945,-9.073413885518763,-9.488198440288292,0.4147845547695301,0.009806649999999806,0.40077748469506674,0.9218251,-0.5210476153049333,-0.20593965000000003,0.11010791260554564,1.0797897611531742,0.058839899999999945,0.058839899999999945,0.0,9.150002509707583,0.9330405907937557,43.6614630148994,-79.39430473021848,107.44362794718248,81.27876515956493,-108.9907930206227,1.0,5.272646558799652,334.0,5.272646558799652,5.170394107174384,18.613418785827783,0.5981813973591235,2.2557368102035276,0.04362794718246648,5.170394107174384,18.613418785827783,-0.10225245162526761,0.004698307145968993,0.06924686081855314,0.8438031275397132,0.0,0.0,0.0,23.766993767532878,0.003948827462841504,14.215778866229416,14809.477063105736,4.1137436286404805,0.7751899029046166,232576.20396256665,1783556838576204.0,1783556838436279.5
335.0,970.8124669592524,24288.0,112.81563656426164,-938.1891178432521,51.89223458306522,947.0781828213081,0.11281563656426163,-0.9381891178432521,0.051892234583065217,0.9470781828213082,0.9467315393352076,0.9467315393352076,9.284264850221613,-0.05326846066479236,-0.5223851497783859,1.1063434623129162,1.0395048999999998,0.06683856231291639,0.058839899999999945,-9.200492312497527,-9.494836865578229,0.29434455308070023,0.009806649999999806,0.5088889822740166,0.9218251,-0.41293611772598343,-0.20593965000000003,0.11281563656426163,1.1063434623129162,0.058839899999999945,0.058839899999999945,0.0,9.284264850221613,0.9467315393352076,43.661470557844716,-79.39429796090859,107.46296883260187,81.823912908383,-108.15699584563953,1.0,5.237564406351906,335.0,5.237564406351906,5.170394107174384,18.613418785827783,0.5991484416300934,3.2557368102035267,0.06296883260186523,5.170394107174384,18.613418785827783,-0.06717029917752138,-0.022294389370258128,0.07086945017282617,1.2178729763460459,0.0,0.0,0.0,23.579093197506324,0.003923956734614378,14.126244244611762,14812.176048103542,4.1144933466954265,0.7771431068949778,232692.44268393723,1783556838692442.8,1783556838629688.2
336.0,963.0761127914925,24288.0,115.52336052297761,-951.14751107425,62.916539272123124,960.616802614888,0.1155233605229776,-0.95114751107425,0.06291653927212312,0.960616802614888,0.9604224878766596,0.9604224878766596,9.418527190735643,-0.0395775121233404,-0.38812280926435616,1.1328971634726583,1.0395048999999998,0.09339226347265847,0.058839899999999945,-9.327570739476293,-9.501475290868164,0.17390455139187033,0.009806649999999806,0.6170004798529662,0.9218251,-0.3048246201470337,-0.20593965000000003,0.1155233605229776,1.1328971634726583,0.058839899999999945,0.058839899999999945,0.0,9.418527190735643,0.9604224878766596,43.66147810079003,-79.39429119159868,107.48230971802127,82.36906065720105,-107.32319867065634,1.0,5.202482253904159,336.0,5.202482253904159,5.170394107174384,18.613418785827783,0.6001154859010635,4.255736810203526,0.08230971802126397,5.170394107174384,18.613418785827783,-0.03208814672977514,-0.04928708588648524,0.0724920395270992,1.5919428251523784,0.0,0.0,0.0,23.39119262747977,0.0038990860063872527,14.03670962299411,14814.875033101345,4.115243064750372,0.7790963108853389,232808.6814053078,1783556838808681.5,1783556838823097.2
337.0,956.3568377363762,24288.0,117.93203090735692,-963.0339845463216,74.20645139441467,973.1529304584469,0.11793203090735692,-0.9630339845463215,0.07420645139441466,0.9731529304584469,0.9731043543958847,0.9731043543958847,9.5428938170364,-0.026895645604115295,-0.26375618296359726,1.1565181508976317,1.0395048999999998,0.11701325089763186,0.058839899999999945,-9.444137224551184,-9.506963944535427,0.06282671998424327,0.009806649999999806,0.7277166965670365,0.9219084186377959,-0.19419172207075944,-0.20593965000000003,0.11793203090735692,1.1565181508976317,0.058839899999999945,0.058839899999999945,0.0,9.5428938170364,0.9731043543958847,43.66148567969093,-79.39428450722407,107.5,82.90736837671164,-106.48542696535948,1.0,5.167880061185583,337.0,5.167880061185583,5.167880061185583,18.6043682202681,0.6008980463610354,5.167880061185583,0.09830077268391742,5.167880061185583,18.6043682202681,-0.0025140459888012175,-0.0754564786464459,0.0754564786464459,1.9012239811181184,0.0,0.0,0.0,23.227994874941107,0.003877112673223901,13.957605623606042,14817.583592967163,4.115995442490877,0.7806180430402858,232925.11040253067,1783556838925110.5,1783556839016992.2
338.0,960.5380708554435,24288.0,117.1356055513441,-963.432197224328,88.34300146364218,974.9448875094757,0.1171356055513441,-0.9634321972243279,0.08834300146364217,0.9749448875094757,0.9749714212648486,0.9749714212648486,9.561203488346926,-0.02502857873515137,-0.24544651165307219,1.1487078861800886,1.0395048999999998,0.10920298618008878,0.058839899999999945,-9.448042356909955,-9.500129962907577,0.05208760599762155,0.009806649999999806,0.8663488953034265,0.9228847017274888,-0.05653580642406239,-0.20593965000000003,0.1171356055513441,1.1487078861800886,0.058839899999999945,0.058839899999999945,0.0,9.561203488346926,0.9749714212648486,43.66149364394448,-79.39427873314024,107.5,83.37236833240046,-105.60505837685623,1.0,5.138421819302351,338.0,5.138421819302351,5.138421819302351,18.498318549488467,0.5997034083270162,5.138421819302351,0.0783901387835981,5.138421819302351,18.498318549488467,-0.03197228787203245,-0.09280214352383043,0.09280214352383043,1.516134692224424,0.0,0.0,0.0,23.32954866493701,0.003886192065639011,13.99029143630044,14820.394771130566,4.116776325314045,0.7775154915870104,233043.57867423756,1783556839043578.8,1783556839216098.5
339.0,964.7193039745108,24288.0,116.33918019533128,-963.8304099023344,102.47955153286969,976.7368445605047,0.11633918019533128,-0.9638304099023344,0.10247955153286968,0.9767368445605046,0.9768384881338126,0.9768384881338126,9.579513159657452,-0.023161511866187447,-0.2271368403425471,1.1408976214625455,1.0395048999999998,0.1013927214625457,0.058839899999999945,-9.451947489268727,-9.493295981279726,0.04134849201099983,0.009806649999999806,1.0049810940398165,0.9238609848171818,0.08112010922263468,-0.20593965000000003,0.11633918019533128,1.1408976214625455,0.058839899999999945,0.058839899999999945,0.0,9.579513159657452,0.9768384881338126,43.661501608198044,-79.39427295905641,107.5,83.83736828808927,-104.72468978835299,1.0,5.108963577419121,339.0,5.108963577419121,5.108963577419121,18.392268878708833,0.5985087702929969,5.108963577419121,0.058479504883278806,5.108963577419121,18.392268878708833,-0.061430529755263676,-0.11014780840121496,0.11014780840121496,1.13104540333073,0.0,0.0,0.0,23.431102454932915,0.003895271458054121,14.022977248994836,14823.20594929397,4.117557208137212,0.7744129401337349,233162.04694594446,1783556839162047.0,1783556839415205.0
340.0,968.900537093578,24288.0,115.54275483931846,-964.2286225803408,116.61610160209719,978.5288016115335,0.11554275483931847,-0.9642286225803407,0.11661610160209719,0.9785288016115334,0.9787055550027765,0.9787055550027765,9.597822830967978,-0.02129444499722352,-0.20882716903202203,1.1330873567450024,1.0395048999999998,0.09358245674500264,0.058839899999999945,-9.455852621627498,-9.486461999651876,0.030609378024378103,0.009806649999999806,1.1436132927762064,0.9248372679068747,0.21877602486933173,-0.20593965000000003,0.11554275483931847,1.1330873567450024,0.058839899999999945,0.058839899999999945,0.0,9.597822830967978,0.9787055550027765,43.66150957245161,-79.39426718497258,107.5,84.30236824377806,-103.84432119984976,1.0,5.079505335535889,340.0,5.079505335535889,5.079505335535889,18.286219207929204,0.5973141322589777,5.079505335535889,0.038568870982959504,5.079505335535889,18.286219207929204,-0.0908887716384949,-0.1274934732785995,0.1274934732785995,0.7459561144370357,0.0,0.0,0.0,23.532656244928823,0.0039043508504692315,14.055663061689232,14826.017127457373,4.118338090960379,0.7713103886804594,233280.51521765138,1783556839280515.2,1783556839614311.2
341.0,973.0817702126453,24288.0,114.74632948330564,-964.6268352583472,130.7526516713247,980.3207586625623,0.11474632948330565,-0.9646268352583471,0.13075265167132472,0.9803207586625623,0.9805726218717404,0.9805726218717404,9.616132502278502,-0.019427378128259596,-0.19051749772149695,1.1252770920274595,1.0395048999999998,0.08577219202745956,0.058839899999999945,-9.459757753986269,-9.479628018024027,0.01987026403775638,0.009806649999999806,1.2822454915125963,0.9258135509965676,0.3564319405160288,-0.20593965000000003,0.11474632948330565,1.1252770920274595,0.058839899999999945,0.058839899999999945,0.0,9.616132502278502,0.9805726218717404,43.66151753670516,-79.39426141088875,107.5,84.76736819946687,-102.96395261134651,1.0,5.050047093652658,341.0,5.050047093652658,5.050047093652658,18.18016953714957,0.5961194942249585,5.050047093652658,0.01865823708264021,5.050047093652658,18.18016953714957,-0.12034701352172614,-0.14483913815598404,0.14483913815598404,0.3608668255433416,0.0,0.0,0.0,23.634210034924727,0.003913430242884342,14.088348874383628,14828.828305620777,4.119118973783547,0.7682078372271839,233398.98348935827,1783556839398983.5,1783556839813417.8
342.0,995.1522466497606,24288.0,132.77855032762085,-972.2491308814265,58.0,983.2076090678554,0.13277855032762087,-0.9722491308814265,0.058,0.9832076090678554,0.9829888212416068,0.9829888212416068,9.639827323829003,-0.017011178758393235,-0.166822676170997,1.302112770570363,1.049854469857409,0.2522583007129539,0.05822911516041456,-9.53450693935834,-9.453882059928704,-0.08062487942963714,0.008585080320829039,0.5687857,0.9265926950356477,-0.3578069950356477,-0.20593965000000003,0.13277855032762087,1.302112770570363,0.05822911516041456,0.05822911516041456,-0.001026529142160309,9.639827323829003,0.9829888212416068,43.661525512102365,-79.39425566782549,107.50138406045237,85.22986999900839,-102.08235220483259,1.0,5.015829072308063,342.0,5.015829072308063,5.015829072308063,18.056984660309027,0.595,0.0629009012947107,0.001384060452369563,5.015829072308063,18.056984660309027,-0.15251728551835808,-0.16119881382118678,0.16119881382118678,0.030454624598115754,0.0,0.0,0.0,24.170257766629387,0.003994806491984579,14.381303371144485,14846.042976995945,4.1239008269433155,0.7816282031140047,234113.2351596916,1783556840113235.2,1783556840013840.5
343.0,997.5726674486191,24288.0,129.257938256554,-976.2098194613767,58.0,986.5081828844806,0.12925793825655402,-0.9762098194613767,0.058,0.9865081828844806,0.9864666184264266,0.9864666184264266,9.673932863591515,-0.013533381573573415,-0.1327171364084837,1.2675873602036354,1.058485822449091,0.20910153775454438,0.048518843494772416,-9.57334802602091,-9.458197736224545,-0.11515028979636485,-0.010835463010455248,0.5687857,0.9244348568877272,-0.35564915688772725,-0.20593965000000003,0.12925793825655402,1.2675873602036354,0.048518843494772416,0.048518843494772416,-0.017346313454163913,9.673932863591515,0.9864666184264266,43.66153365351778,-79.39425038690739,107.52338788589654,85.65515420983704,-101.18240014478381,1.0,4.910699745219501,343.0,4.910699745219501,4.910699745219501,17.678519082790206,0.595,1.0629009012947086,0.02338788589653605,4.910699745219501,17.678519082790206,-0.225091445577292,-0.16286919914157233,0.16286919914157233,0.5146229587754927,0.0,0.0,0.0,24.22904494699206,0.0040045227065167435,14.416281743460276,14849.241908136824,4.124789418926893,0.7934782709360387,234244.1579210844,1783556840244158.0,1783556840233878.8
344.0,999.9930882474775,24288.0,125.73732618548718,-980.1705080413269,58.0,989.8087567011057,0.1257373261854872,-0.9801705080413269,0.058,0.9898087567011058,0.9899444156112464,0.9899444156112464,9.70803840335403,-0.010055584388753595,-0.09861159664597044,1.2330619498369078,1.0671171750407729,0.16594477479613484,0.03880857182913028,-9.612189112683478,-9.462513412520385,-0.14967570016309256,-0.030256006341739534,0.5687857,0.9222770187398067,-0.35349131873980677,-0.20593965000000003,0.1257373261854872,1.2330619498369078,0.03880857182913028,0.03880857182913028,-0.03366609776616752,9.70803840335403,0.9899444156112464,43.66154179493319,-79.39424510598928,107.5453917113407,86.08043842066569,-100.28244808473505,1.0,4.80557041813094,344.0,4.80557041813094,4.80557041813094,17.300053505271386,0.595,2.062900901294707,0.045391711340702544,4.80557041813094,17.300053505271386,-0.2976656056362259,-0.16453958446195785,0.16453958446195785,0.9987912929528697,0.0,0.0,0.0,24.287832127354736,0.004014238921048907,14.451260115776067,14852.440839277706,4.125678010910471,0.8053283387580726,234375.0806824772,1783556840375080.8,1783556840453917.0
345.0,1002.413509046336,24288.0,122.21671411442034,-984.1311966212771,58.0,993.1093305177309,0.12221671411442035,-0.9841311966212771,0.058,0.9931093305177309,0.9934222127960662,0.9934222127960662,9.742143943116544,-0.006577787203933776,-0.06450605688345715,1.1985365394701801,1.075748527632455,0.12278801183772531,0.02909830016348813,-9.651030199346048,-9.466829088816226,-0.18420111052982027,-0.049676549673023825,0.5687857,0.9201191805918862,-0.35133348059188624,-0.20593965000000003,0.12221671411442035,1.1985365394701801,0.02909830016348813,0.02909830016348813,-0.04998588207817112,9.742143943116544,0.9934222127960662,43.661549936348614,-79.39423982507117,107.56739553678487,86.50572263149432,-99.38249602468628,1.0,4.700441091042379,345.0,4.700441091042379,4.700441091042379,16.921587927752565,0.595,3.0629009012947046,0.06739553678486904,4.700441091042379,16.921587927752565,-0.37023976569515976,-0.1662099697823434,0.1662099697823434,1.4829596271302468,0.0,0.0,0.0,24.34661930771741,0.004023955135581072,14.486238488091859,14855.639770418586,4.126566602894049,0.8171784065801065,234506.00344387,1783556840506003.5,1783556840673955.2
346.0,1004.8339298451945,24288.0,118.6961020433535,-988.0918852012273,58.0,996.409904334356,0.11869610204335351,-0.9880918852012273,0.058,0.9964099043343561,0.996900009980886,0.996900009980886,9.776249482879056,-0.0030999900191139556,-0.030400517120943854,1.1640111291034525,1.084379880224137,0.07963124887931577,0.019388028497845988,-9.689871286008616,-9.471144765112067,-0.21872652089654798,-0.06909709300430811,0.5687857,0.9179613424439658,-0.34917564244396576,-0.20593965000000003,0.11869610204335351,1.1640111291034525,0.019388028497845988,0.019388028497845988,-0.06630566639017473,9.776249482879056,0.996900009980886,43.66155807776403,-79.39423454415306,107.58939936222903,86.93100684232297,-98.48254396463751,1.0,4.595311763953818,346.0,4.595311763953818,4.595311763953818,16.543122350233745,0.595,4.062900901294703,0.08939936222903552,4.595311763953818,16.543122350233745,-0.4428139257540937,-0.16788035510272895,0.16788035510272895,1.9671279613076236,0.0,0.0,0.0,24.405406488080086,0.004033671350113236,14.52121686040765,14858.838701559467,4.127455194877627,0.8290284744021404,234636.9262052628,1783556840636926.2,1783556840893993.5
347.0,974.6117422466659,24288.0,145.82121240533453,-926.5188448656673,37.749336526330836,939.5188448656673,0.14582121240533452,-0.9265188448656674,0.037749336526330834,0.9395188448656673,0.9390168039874597,0.9390168039874597,9.20860914082362,-0.06098319601254032,-0.5980408591763785,1.4300175926347738,1.1296856831577449,0.3003319094770289,0.04178784421032653,-9.086046030001897,-9.473223899999999,0.3871778699981014,0.01172758315774486,0.3701945310459423,0.9120184499999999,-0.5418239189540577,-0.20593965000000003,0.14582121240533452,1.4300175926347738,0.04178784421032653,0.04178784421032653,0.03977061833631862,9.20860914082362,0.9390168039874597,43.661566439961824,-79.39423004119331,107.6,87.29364031730258,-97.55818662036117,1.0,4.4694263135933685,347.0,4.4694263135933685,4.4694263135933685,16.08993472893613,0.6002164773260003,0.5182365994559758,0.0,4.4694263135933685,16.08993472893613,-0.49062390409186807,-0.1686850856148967,0.1686850856148967,0.0,0.0,0.0,0.0,23.67136999568702,0.003946559836192067,14.20761541029144,14876.440263120718,4.1323445175335305,0.903169483739232,235378.69933183832,1783556841378699.2,1783556841130587.0
348.0,979.6514137970884,24288.0,137.7577379246587,-921.7311568927661,54.63223622024586,934.7311568927661,0.13775773792465867,-0.9217311568927662,0.054632236220245864,0.9347311568927661,0.9342664248984783,0.9342664248984783,9.162023835730661,-0.06573357510152171,-0.6446261642693378,1.3509419206188542,1.1333923552834912,0.217549565335363,0.046730073711321526,-9.039094849742444,-9.473223899999999,0.4341290502575541,0.015434255283491245,0.5357592193292742,0.9120184499999999,-0.37625923067072586,-0.20593965000000003,0.13775773792465867,1.3509419206188542,0.046730073711321526,0.046730073711321526,0.03779770691063588,9.162023835730661,0.9342664248984783,43.66157500740346,-79.39422626143966,107.6,87.59803237980589,-96.61114162196496,1.0,4.324245544183526,348.0,4.324245544183526,4.324245544183526,15.567283959060696,0.5987045758608734,1.5182365994559783,0.0,4.324245544183526,15.567283959060696,-0.5154125898188925,-0.1686850856148967,0.1686850856148967,0.0,0.0,0.0,0.0,23.793773538303682,0.0039568757347559266,14.244752645121336,14880.05263647042,4.133347954575115,0.9312985278411123,235528.62956046336,1783556841528629.5,1783556841382570.8
349.0,984.6910853475107,24288.0,129.69426344398286,-916.9434689198648,71.51513591416088,929.9434689198648,0.12969426344398285,-0.9169434689198649,0.0715151359141609,0.9299434689198648,0.9295160458094969,0.9295160458094969,9.115438530637702,-0.07048395419050309,-0.691211469362297,1.2718662486029344,1.1370990274092374,0.13476722119369705,0.05167230321231652,-8.992143669482992,-9.473223899999999,0.4810802305170068,0.019140927409237632,0.7013239076126059,0.9120184499999999,-0.21069454238739405,-0.20593965000000003,0.12969426344398285,1.2718662486029344,0.05167230321231652,0.05167230321231652,0.03582479548495314,9.115438530637702,0.9295160458094969,43.661583574845096,-79.39422248168599,107.6,87.90242444230921,-95.66409662356874,1.0,4.179064774773684,349.0,4.179064774773684,4.179064774773684,15.044633189185262,0.5971926743957467,2.5182365994559808,0.0,4.179064774773684,15.044633189185262,-0.5402012755459169,-0.1686850856148967,0.1686850856148967,0.0,0.0,0.0,0.0,23.916177080920342,0.0039671916333197865,14.281889879951231,14883.665009820124,4.134351391616699,0.9594275719429928,235678.55978908844,1783556841678559.8,1783556841634554.2
350.0,989.7307568979331,24288.0,121.63078896330703,-912.1557809469635,88.39803560807592,925.1557809469635,0.12163078896330702,-0.9121557809469636,0.08839803560807592,0.9251557809469636,0.9247656667205155,0.9247656667205155,9.068853225544743,-0.07523433327948448,-0.7377967744552564,1.1927905765870148,1.1408056995349838,0.05198487705203109,0.056614532713311516,-8.945192489223539,-9.473223899999999,0.5280314107764595,0.02284759953498401,0.8668885958959378,0.9120184499999999,-0.04512985410406223,-0.20593965000000003,0.12163078896330702,1.1927905765870148,0.056614532713311516,0.056614532713311516,0.03385188405927041,9.068853225544743,0.9247656667205155,43.66159214228673,-79.39421870193233,107.6,88.20681650481252,-94.71705162517253,1.0,4.033884005363841,350.0,4.033884005363841,4.033884005363841,14.521982419309829,0.59568077293062,3.518236599455983,0.0,4.033884005363841,14.521982419309829,-0.5649899612729413,-0.1686850856148967,0.1686850856148967,0.0,0.0,0.0,0.0,24.038580623537,0.0039775075318836456,14.319027114781127,14887.277383169827,4.135354828658283,0.9875566160448732,235828.4900177135,1783556841828490.0,1783556841886537.8
351.0,952.1307056124874,24288.0,111.80947270218233,-966.1763505123863,47.33229515213178,973.4802920936552,0.11180947270218233,-0.9661763505123863,0.047332295152131776,0.9734802920936552,0.9740018264344859,0.9740018264344859,9.55169501120375,-0.025998173565514135,-0.25495498879624917,1.0964763654748562,1.1403435085486748,-0.04386714307381863,0.05599827806489967,-9.474953307752292,-9.473223899999999,-0.0017294077522931467,0.024516625000000403,0.4641712522536531,0.9120184499999999,-0.44784719774634685,-0.07121011838939839,0.11180947270218233,1.0964763654748562,0.05599827806489967,0.05599827806489967,-0.004783875311616631,9.55169501120375,0.9740018264344859,43.661600781119134,-79.39421526141122,107.61448823979187,88.4838894062152,-93.76211509123209,1.0,3.943268979168785,351.0,3.943268979168785,3.943268979168785,14.195768325007625,0.5957102352041624,0.5497240089234201,0.014488239791878537,3.943268979168785,14.195768325007625,-0.5179210811709011,-0.1667811223278819,0.1667811223278819,0.38184450535104114,0.0,0.0,0.0,23.12535057791609,0.0038266789280185657,13.776044140866837,14904.678687364636,4.140188524267953,1.0020626143424258,236578.06014436376,1783556842578060.2,1783556842144882.5
352.0,950.5493768485953,24288.0,124.1965480193365,-951.9443916373581,53.394055413717865,961.6203263644651,0.1241965480193365,-0.9519443916373581,0.05339405541371786,0.961620326364465,0.9619428790073409,0.9619428790073409,9.433437134417339,-0.038057120992659135,-0.37321286558266065,1.2179520776338262,1.1364666241180694,0.08148545351575681,0.05082909882409242,-9.335385468250497,-9.473223899999999,0.13783843174950172,0.024516625000000403,0.5236168135229362,0.9120184499999999,-0.38840163647706366,-0.04019504294455496,0.1241965480193365,1.2179520776338262,0.05082909882409242,0.05082909882409242,-0.013486197265837586,9.433437134417339,0.9619428790073409,43.66160947842733,-79.3942120987537,107.64084371919007,88.73858532909722,-92.80071464279891,1.0,3.897348460955988,352.0,3.897348460955988,3.897348460955988,14.030454459441557,0.5951831256161985,1.549724008923421,0.04084371919008115,3.897348460955988,14.030454459441557,-0.4119940538080231,-0.1633176329111771,0.1633176329111771,1.0764557996600637,0.0,0.0,0.0,23.086943264898682,0.0038169526316201756,13.741029473832633,14908.279488181957,4.141188746717209,1.002486224951828,236734.61169198906,1783556842734611.8,1783556842408437.2
353.0,948.9680480847034,24288.0,136.5836233364907,-937.7124327623299,59.455815675303946,949.7603606352749,0.13658362333649066,-0.9377124327623299,0.05945581567530395,0.9497603606352749,0.9498839315801959,0.9498839315801959,9.315179257630927,-0.050116068419804136,-0.4914707423690722,1.3394277897927962,1.1325897396874638,0.20683805010533224,0.04565991958328517,-9.195817628748703,-9.473223899999999,0.2774062712512966,0.024516625000000403,0.5830623747922195,0.9120184499999999,-0.3289560752077805,-0.009179967499711533,0.13658362333649066,1.3394277897927962,0.04565991958328517,0.04565991958328517,-0.02218851922005854,9.315179257630927,0.9498839315801959,43.66161817573553,-79.39420893609616,107.66719919858828,88.99328125197924,-91.83931419436573,1.0,3.8514279427431912,353.0,3.8514279427431912,3.8514279427431912,13.86514059387549,0.5946560160282344,2.549724008923422,0.06719919858828377,3.8514279427431912,13.86514059387549,-0.3060670264451451,-0.15985414349447227,0.15985414349447227,1.771067093969086,0.0,0.0,0.0,23.048535951881274,0.0038072263352217856,13.706014806798429,14911.880288999278,4.1421889691664635,1.0029098355612305,236891.16323961437,1783556842891163.2,1783556842671992.0
354.0,947.3867193208113,24288.0,148.97069865364486,-923.4804738873016,65.51757593689003,937.9003949060847,0.14897069865364485,-0.9234804738873017,0.06551757593689003,0.9379003949060848,0.9378249841530508,0.9378249841530508,9.196921380844516,-0.06217501584694913,-0.6097286191554837,1.460903501951766,1.1287128552568584,0.33219064669490767,0.040490740342477925,-9.056249789246907,-9.473223899999999,0.41697411075309143,0.024516625000000403,0.6425079360615026,0.9120184499999999,-0.26951051393849734,0.021835107945131896,0.14897069865364485,1.460903501951766,0.040490740342477925,0.040490740342477925,-0.030890841174279496,9.196921380844516,0.9378249841530508,43.66162687304374,-79.39420577343864,107.69355467798648,89.24797717486126,-90.87791374593255,1.0,3.805507424530395,354.0,3.805507424530395,3.805507424530395,13.699826728309421,0.5941289064402704,3.5497240089234228,0.09355467798648638,3.805507424530395,13.699826728309421,-0.2001399990822671,-0.15639065407776748,0.15639065407776748,2.4656783882781084,0.0,0.0,0.0,23.010128638863865,0.003797500038823395,13.671000139764223,14915.4810898166,4.143189191615719,1.0033334461706327,237047.71478723967,1783556843047714.8,1783556842935546.8
355.0,947.0,24288.0,136.18846324201579,-939.1402813386125,77.19428027817402,953.1000486571661,0.13618846324201578,-0.9391402813386125,0.07719428027817403,0.9531000486571661,0.9528889824693103,0.9528889824693103,9.344648739932662,-0.04711101753068965,-0.46200126006733766,1.335552593052314,1.1277647499999999,0.20778784305231415,0.034126001087247074,-9.209820039989305,-9.473223899999999,0.2634038600106947,0.06634153608457327,0.7570172886899553,0.9099782104348988,-0.15296092174494352,0.029419950000000084,0.13618846324201578,1.335552593052314,0.034126001087247074,0.034126001087247074,-0.03465052827175601,9.344648739932662,0.9528889824693103,43.66163565748916,-79.39420312758118,107.72080465362893,89.46105402688853,-89.90688114850748,1.0,3.760337736923106,355.0,3.760337736923106,3.760337736923106,13.537215852923183,0.5952482792177356,3.760337736923106,0.10000000000000557,3.760337736923106,13.537215852923183,-0.17192582692913608,-0.15554364597581616,0.15554364597581616,2.660181956913333,0.0,0.0,0.0,23.000736,0.0038030968124281726,13.691148524741422,14919.232811962147,4.144231336656149,1.0120687845884202,237210.82792177357,1783556843210828.0,1783556843208046.5
356.0,947.0,24288.0,115.25841114711801,-964.4766601903308,90.68865597093708,977.0594503973781,0.115258411147118,-0.9644766601903308,0.09068865597093709,0.9770594503973781,0.9767332287712558,0.9767332287712558,9.578480917929635,-0.023266771228744175,-0.22816908207036407,1.1302988976758845,1.1277647499999999,0.002534147675884779,0.027374234791969806,-9.458285039655507,-9.473223899999999,0.014938860344491212,0.12170601970584663,0.88935190807739,0.9072775039167879,-0.017925595839397873,0.029419950000000084,0.115258411147118,1.1302988976758845,0.027374234791969806,0.027374234791969806,-0.03681018415745072,9.578480917929635,0.9767332287712558,43.661644470142676,-79.39420064902237,107.74834419585906,89.66065794103895,-88.93273042897341,1.0,3.715411108420605,356.0,3.715411108420605,3.715411108420605,13.375479990314178,0.5969006517515433,3.715411108420605,0.10000000000000166,3.715411108420605,13.375479990314178,-0.16886888315645165,-0.15554364597581616,0.15554364597581616,2.692790505276242,0.0,0.0,0.0,23.000736,0.0038136539747681067,13.729154309165185,14923.033390404522,4.145287052890143,1.0234947979807314,237376.06517515433,1783556843376065.2,1783556843483442.0
357.0,947.0,24288.0,94.32835905222022,-989.8130390420492,104.18303166370012,1001.01885213759,0.09432835905222021,-0.9898130390420492,0.10418303166370013,1.00101885213759,1.0005774750732013,1.0005774750732013,9.812313095926608,0.0005774750732013001,0.005663095926609518,0.9250452022994553,1.1277647499999999,-0.20271954770054457,0.020622468496692532,-9.706750039321712,-9.473223899999999,-0.2335261393217123,0.17707050332712,1.0216865274648248,0.9045767973986769,0.11710973006614778,0.029419950000000084,0.09432835905222021,0.9250452022994553,0.020622468496692532,0.020622468496692532,-0.03896984004314543,9.812313095926608,1.0005774750732013,43.66165328279619,-79.39419817046357,107.77588373808918,89.86026185518936,-87.95857970943936,1.0,3.670484479918104,357.0,3.670484479918104,3.670484479918104,13.213744127705175,0.5985530242853511,3.670484479918104,0.09999999999999774,3.670484479918104,13.213744127705175,-0.1658119393837672,-0.15554364597581616,0.15554364597581616,2.7253990536391512,0.0,0.0,0.0,23.000736,0.0038242111371080407,13.767160093588947,14926.833968846899,4.146342769124136,1.0349208113730426,237541.3024285351,1783556843541302.5,1783556843758837.5
358.0,936.7864636794604,24288.0,23.59452806241554,-1068.6971813732682,147.11376250190077,1078.803949533538,0.02359452806241554,-1.0686971813732682,0.14711376250190075,1.078803949533538,1.0792511632089368,1.0792511632089368,10.58383841968292,0.07925116320893687,0.7771884196829206,0.23138327862328734,1.1426492313298182,-0.9112659527065309,-0.11295098132981846,-10.48033921371416,-9.474445444308726,-1.0058937694054328,0.22555294999999909,1.442693179039265,0.9016882810105451,0.5410048980287199,0.055856144628000835,0.02359452806241554,0.23138327862328734,-0.11295098132981846,-0.11295098132981846,-0.19330580280159365,10.58383841968292,1.0792511632089368,43.66166210327099,-79.39419575087429,107.8,90.0551168211413,-86.98356442482735,1.0,3.62621647118015,358.0,3.62621647118015,3.6290644992571477,13.064632197325732,0.6355408351429799,0.12430418380620367,0.0,3.6290644992571477,13.064632197325732,-0.15940703242881532,-0.15394984008871204,0.15394984008871204,0.0,0.0,0.0,0.0,22.752669629846736,0.004016793258803425,14.46045573169233,14945.138505814199,4.151427362726164,1.0449265234964638,238344.21127450693,1783556844344211.2,1783556844035589.5
359.0,935.0686106354112,24288.0,52.51172097057714,-1026.0371641127128,131.93939394613278,1037.0028587950073,0.052511720970577144,-1.026037164112713,0.1319393939461328,1.0370028587950073,1.0372600142746646,1.0372600142746646,10.172045918986639,0.03726001427466458,0.3653959189866393,0.5149640684561103,1.1440530966260203,-0.6290890281699101,-0.11435484662602052,-10.061987355445936,-9.484272501382142,-0.5777148540637942,0.22555294999999909,1.293883457641843,0.8974766851219389,0.3964067725199042,0.07129866288622386,0.052511720970577144,0.5149640684561103,-0.11435484662602052,-0.11435484662602052,-0.13836065715171705,10.172045918986639,1.0372600142746646,43.66167097884505,-79.3941937467124,107.8,90.21651648461345,-86.00245846813657,1.0,3.5865882947842485,359.0,3.5865882947842485,3.6123480864864996,13.004453111351399,0.6238021726753102,1.1243041838062116,0.0,3.6123480864864996,13.004453111351399,-0.1294164563377921,-0.14112801995119398,0.14112801995119398,0.0,0.0,0.0,0.0,22.71094641511287,0.003935678307121977,14.168441905639115,14948.99704089731,4.1524991780270275,1.0449265234964638,238514.85134354915,1783556844514851.2,1783556844321898.2
360.0,933.350757591362,24288.0,81.42891387873874,-983.3771468521577,116.76502539036483,995.2017680564767,0.08142891387873874,-0.9833771468521577,0.11676502539036482,0.9952017680564766,0.9952688653403923,0.9952688653403923,9.760253418290358,-0.004731134659607714,-0.046396581709642115,0.7985448582889332,1.1454569619222223,-0.34691210363328917,-0.11575871192222259,-9.643635497177712,-9.494099558455556,-0.14953593872215576,0.22555294999999909,1.145073736244421,0.8932650892333326,0.25180864701108857,0.08674118114444687,0.08142891387873874,0.7985448582889332,-0.11575871192222259,-0.11575871192222259,-0.08341551150184046,9.760253418290358,0.9952688653403923,43.66167985441911,-79.39419174255052,107.8,90.37791614808562,-85.02135251144578,1.0,3.5469601183883475,360.0,3.5469601183883475,3.595631673715851,12.944274025377066,0.6120635102076407,2.1243041838062195,0.0,3.595631673715851,12.944274025377066,-0.09942588024676892,-0.1283061998136759,0.1283061998136759,0.0,0.0,0.0,0.0,22.669223200379005,0.0038545633554405287,13.876428079585903,14952.855575980422,4.153570993327892,1.0449265234964638,238685.49141259136,1783556844685491.5,1783556844608207.0
361.0,931.6329045473128,24288.0,110.34610678690034,-940.7171295916025,101.59065683459684,953.400677317946,0.11034610678690034,-0.9407171295916025,0.10159065683459685,0.953400677317946,0.95327771640612,0.95327771640612,9.348460917594076,-0.046722283593880004,-0.4581890824059235,1.0821256481217563,1.1468608272184244,-0.06473517909666837,-0.11716257721842466,-9.225283638909488,-9.503926615528972,0.2786429766194829,0.22555294999999909,0.9962640148469992,0.8890534933447264,0.10721052150227289,0.10218369940266987,0.11034610678690034,1.0821256481217563,-0.11716257721842466,-0.11716257721842466,-0.028470365851963858,9.348460917594076,0.95327771640612,43.66168872999317,-79.39418973838863,107.8,90.53931581155778,-84.040246554755,1.0,3.507331941992446,361.0,3.507331941992446,3.578915260945203,12.884094939402733,0.6003248477399711,3.1243041838062275,0.0,3.578915260945203,12.884094939402733,-0.06943530415574571,-0.11548437967615782,0.11548437967615782,0.0,0.0,0.0,0.0,22.627499985645137,0.0037734484037590804,13.584414253532689,14956.714111063533,4.154642808628756,1.0449265234964638,238856.13148163358,1783556844856131.5,1783556844894516.0
362.0,930.8232254668621,24288.0,125.06581426217028,-932.4245303917892,92.81805840351892,945.601304924927,0.12506581426217028,-0.9324245303917892,0.09281805840351892,0.945601304924927,0.9454017063077335,0.9454017063077335,9.271223643162735,-0.054598293692266577,-0.535426356837266,1.2264766674341119,1.148244832987698,0.07823183444641396,-0.11767980000000011,-9.143961020966639,-9.507547175,0.36358615403336,0.22555294999999909,0.9102342124428687,0.8814343440861133,0.028799868356755416,0.13040950768015033,0.12506581426217028,1.2264766674341119,-0.11767980000000011,-0.11767980000000011,-0.006772721497150721,9.271223643162735,0.9454017063077335,43.661697656785066,-79.39418829290186,107.81767745331378,90.65572411188435,-83.05347897948675,1.0,3.5068781458216556,362.0,3.5068781458216556,3.5727564723957683,12.861923300624767,0.5958232254668622,3.5068781458216556,0.017677453313785323,3.5727564723957683,12.861923300624767,-0.04806479840070652,-0.09634141131797616,0.09634141131797616,0.49478472575354193,0.0,0.0,0.0,22.60783450013915,0.0037417434464478722,13.47027640721234,14960.511510196007,4.15569764172111,1.0449265234964638,239024.180847217,1783556845024180.8,1783556845176774.5
363.0,930.5433295356039,24288.0,131.50342068110902,-944.1801595046338,87.77993164087121,957.6368299690299,0.131503420681109,-0.9441801595046339,0.08777993164087121,0.9576368299690299,0.9574267574729841,0.9574267574729841,9.38914911117244,-0.042573242527015866,-0.4175008888275601,1.2896080204223974,1.1496172537048346,0.1399907667175629,-0.11767980000000011,-9.259244361206116,-9.507547175,0.24830281379388225,0.22555294999999909,0.8608270666259497,0.8718273990661568,-0.011000332440207233,0.16609244632570305,0.131503420681109,1.2896080204223974,-0.11767980000000011,-0.11767980000000011,-0.004470002173095997,9.38914911117244,0.9574267574729841,43.66170661345486,-79.39418717331814,107.8456670464396,90.7458867070827,-82.06340869984717,1.0,3.52927671864093,363.0,3.52927671864093,3.5727564723957683,12.861923300624767,0.595543329535604,3.52927671864093,0.045667046439608304,3.5727564723957683,12.861923300624767,-0.03172280941877889,-0.073511002067318,0.073511002067318,1.2782020491025952,0.0,0.0,0.0,22.60103638776075,0.003738861802145251,13.459902487722902,14964.273245680593,4.156742568244606,1.0449265234964638,239190.71892631563,1783556845190719.0,1783556845456670.5
364.0,930.2634336043458,24288.0,137.94102710004776,-955.9357886174785,82.7418048782235,969.6723550131328,0.13794102710004774,-0.9559357886174785,0.0827418048782235,0.9696723550131328,0.9694518086382349,0.9694518086382349,9.507074579182145,-0.030548191361765155,-0.2995754208178542,1.352739373410683,1.1509896744219712,0.20174969898871184,-0.11767980000000011,-9.374527701445594,-9.507547175,0.13301947355440458,0.22555294999999909,0.8114199208090305,0.8622204540462004,-0.05080053323716989,0.20177538497125574,0.13794102710004774,1.352739373410683,-0.11767980000000011,-0.11767980000000011,-0.0021672828490412726,9.507074579182145,0.9694518086382349,43.66171557012466,-79.39418605373442,107.87365663956543,90.83604930228105,-81.07333842020759,1.0,3.5516752914602048,364.0,3.5516752914602048,3.5727564723957683,12.861923300624767,0.5952634336043457,3.5516752914602048,0.0736566395654313,3.5727564723957683,12.861923300624767,-0.015380820436851253,-0.05068059281665986,0.05068059281665986,2.0616193724516485,0.0,0.0,0.0,22.59423827538235,0.003735980157842629,13.449528568233465,14968.034981165181,4.157787494768103,1.0449265234964638,239357.25700541429,1783556845357257.0,1783556845736566.5
365.0,939.9360237859037,24288.0,89.93602378590364,-888.9276551043971,120.57578592686718,901.9756372649694,0.08993602378590364,-0.8889276551043971,0.12057578592686717,0.9019756372649694,0.9015721764856944,0.9015721764856944,8.841402784533434,-0.09842782351430557,-0.9652472154665647,0.881971107660032,1.157341548084992,-0.27537044042496,-0.11767980000000011,-8.717402388929536,-9.507468750957504,0.7900663620279672,0.22555294999999909,1.1824445310597118,0.852708005745024,0.32973652531468783,0.2353596,0.08993602378590364,0.881971107660032,-0.11767980000000011,-0.11767980000000011,0.0,8.841402784533434,0.9015721764856944,43.66172452780376,-79.39418495201784,107.9,90.92477301593026,-80.08315657197444,1.0,3.57442949917491,365.0,3.57442949917491,3.5727564723957683,12.861923300624767,0.5999040356788554,0.05881588502717266,0.0,3.5727564723957683,12.861923300624767,0.0,-0.02872606031166913,0.02872606031166913,0.0,0.0,0.0,0.0,22.829166145712026,0.0038042550211130283,13.695318076006902,14985.489878378614,4.162636077327391,1.044770034753893,240123.50046779332,1783556846123500.5,1783556846015994.0
366.0,938.8482867899068,24288.0,88.8482867899068,-904.6998415463515,130.3654188908389,918.5636264539214,0.08884828678990679,-0.9046998415463515,0.13036541889083889,0.9185636264539214,0.9184445444485727,0.9184445444485727,9.006864191816595,-0.08155545555142732,-0.7997858081834046,0.8713040516482393,1.16000831208794,-0.28870426043970077,-0.11767980000000011,-8.872074701100528,-9.506135368956029,0.6340606678555009,0.22555294999999909,1.278448035165845,0.8447077137361796,0.43374032142966545,0.2353596,0.08884828678990679,0.8713040516482393,-0.11767980000000011,-0.11767980000000011,0.0,9.006864191816595,0.9184445444485727,43.66173350163398,-79.39418413621509,107.9,90.99047144556381,-79.09118937973156,1.0,3.6028746509968883,366.0,3.6028746509968883,3.5727564723957683,12.861923300624767,0.5982724301848602,1.0588158850271754,0.0,3.5727564723957683,12.861923300624767,0.0,-0.020787490999537275,0.020787490999537275,0.0,0.0,0.0,0.0,22.802747189553255,0.003789548468851312,13.642374487864725,14989.162007608858,4.163656113224681,1.0421093803660815,240285.02941169884,1783556846285029.5,1783556846287928.2
367.0,937.76054979391,24288.0,87.76054979390993,-920.472027988306,140.1550518548106,935.1516156428735,0.08776054979390993,-0.920472027988306,0.1401550518548106,0.9351516156428735,0.935316912411451,0.935316912411451,9.172325599099755,-0.06468308758854907,-0.6343244009002447,0.8606369956364468,1.1626750760908882,-0.3020380804544415,-0.11767980000000011,-9.02674701327152,-9.504801986954554,0.4780549736830344,0.22555294999999909,1.3744515392719783,0.8367074217273351,0.537744117544643,0.2353596,0.08776054979390993,0.8606369956364468,-0.11767980000000011,-0.11767980000000011,0.0,9.172325599099755,0.935316912411451,43.6617424754642,-79.39418332041234,107.9,91.05616987519736,-78.09922218748869,1.0,3.631319802818866,367.0,3.631319802818866,3.5727564723957683,12.861923300624767,0.5966408246908649,2.058815885027178,0.0,3.5727564723957683,12.861923300624767,0.0,-0.012848921687405417,0.012848921687405417,0.0,0.0,0.0,0.0,22.776328233394484,0.003774841916589596,13.589430899722545,14992.834136839103,4.164676149121971,1.0394487259782699,240446.5583556044,1783556846446558.2,1783556846559862.5
368.0,936.672812797913,24288.0,86.67281279791308,-936.2442144302604,149.9446848187823,951.7396048318255,0.08667281279791307,-0.9362442144302603,0.14994468481878231,0.9517396048318255,0.9521892803743292,0.9521892803743292,9.337787006382916,-0.047810719625670815,-0.4688629936170847,0.8499699396246542,1.1653418400938365,-0.3153719004691823,-0.11767980000000011,-9.181419325442512,-9.50346860495308,0.32204927951056794,0.22555294999999909,1.4704550433781114,0.8287071297184907,0.6417479136596207,0.2353596,0.08667281279791307,0.8499699396246542,-0.11767980000000011,-0.11767980000000011,0.0,9.337787006382916,0.9521892803743292,43.66175144929442,-79.3941825046096,107.9,91.1218683048309,-77.10725499524581,1.0,3.659764954640844,368.0,3.659764954640844,3.5727564723957683,12.861923300624767,0.5950092191968696,3.0588158850271805,0.0,3.5727564723957683,12.861923300624767,0.0,-0.004910352375273562,0.004910352375273562,0.0,0.0,0.0,0.0,22.749909277235716,0.0037601353643278803,13.536487311580368,14996.506266069347,4.165696185019261,1.036788071590458,240608.0872995099,1783556846608087.2,1783556846831796.8
369.0,901.8326612077898,24288.0,102.36342709080651,-854.6802769203413,136.07993076991468,871.5037386261904,0.10236342709080651,-0.8546802769203412,0.13607993076991468,0.8715037386261903,0.871881821211826,0.871881821211826,8.550239861986952,-0.128118178788174,-1.2564101380130466,1.0038423022800576,1.1566602500335301,-0.15281794775347268,-0.10614190073766581,-8.381550337660864,-9.528733824899408,1.1471834872385442,0.18614307469822675,1.3344882530847837,0.8237586,0.5107296530847836,0.22172390087178676,0.10236342709080651,1.0038423022800576,-0.10614190073766581,-0.10614190073766581,0.01935889137975553,8.550239861986952,0.871881821211826,43.661760422656855,-79.39418167912592,107.9106958026741,91.18834636178204,-76.11533951128955,1.0,3.665492766903527,369.0,3.665492766903527,3.5831910538548706,12.899487793877535,0.596,0.38145636271525485,0.010695802674097891,3.5831910538548706,12.899487793877535,0.010434581459102229,-8.139285870863134e-10,8.139285870863134e-10,0.2999037531552259,0.0,0.0,0.0,21.9037116754148,0.0036262811551520053,13.05461215854722,15013.27060878547,4.170352946884851,1.0335265853645543,241367.74698393763,1783556847367747.0,1783556847106958.0
370.0,830.6126175864707,24288.0,92.83003542496064,-906.2727494649189,123.18181263377029,920.0118785729943,0.09283003542496064,-0.9062727494649188,0.12318181263377029,0.9200118785729944,0.9202550327986683,0.9202550327986683,9.02461901739506,-0.07974496720133176,-0.7820309826049401,0.9103516669001902,1.155285387748532,-0.24493372084834192,-0.07589493046770872,-8.887499658540145,-9.532858411754402,0.6453587532142565,0.19851683526320918,1.2080009228649633,0.8237586,0.3842423228649632,0.18597748146183748,0.09283003542496064,0.9103516669001902,-0.07589493046770872,-0.07589493046770872,0.0701088414971332,9.02461901739506,0.9202550327986683,43.66176939526078,-79.3941808379443,107.93873518992659,91.25608860925108,-75.12350787396635,1.0,3.6343836897762483,370.0,3.6343836897762483,3.6105456413752557,12.997964308950921,0.596,1.3814563627152538,0.038735189926584125,3.6105456413752557,12.997964308950921,0.03778916897948737,-7.50535011329557e-10,7.50535011329557e-10,1.0861109906501587,0.0,0.0,0.0,20.173919255940202,0.0033399044101501,12.02365587654036,15016.010354810489,4.171113987447356,1.0292908311833737,241534.86173196245,1783556847534861.8,1783556847387352.0
371.0,759.3925739651517,24288.0,83.29664375911479,-957.8652220094964,110.28369449762589,968.5200185197983,0.08329664375911479,-0.9578652220094963,0.11028369449762589,0.9685200185197983,0.9686282443855105,0.9686282443855105,9.498998172803166,-0.0313717556144895,-0.3076518271968336,0.8168610315203229,1.153910525463534,-0.33704949394321115,-0.04564796019775162,-9.393448979419428,-9.536982998609396,0.143534019189969,0.2108905958281916,1.081513592645143,0.8237586,0.2577549926451428,0.1502310620518882,0.08329664375911479,0.8168610315203229,-0.04564796019775162,-0.04564796019775162,0.12085879161451088,9.498998172803166,0.9686282443855105,43.6617783678647,-79.39417999676269,107.96677457717908,91.32383085672014,-74.13167623664313,1.0,3.6032746126489696,371.0,3.6032746126489696,3.637900228895641,13.096440824024308,0.596,2.381456362715253,0.06677457717907036,3.637900228895641,13.096440824024308,0.06514375649987252,-6.871414355728007e-10,6.871414355728007e-10,1.8723182281450914,0.0,0.0,0.0,18.444126836465603,0.0030535276651481942,10.9926995945335,15018.750100835507,4.171875028009861,1.0250550770021931,241701.9764799873,1783556847701976.5,1783556847667745.8
372.0,688.1725303438326,24288.0,73.76325209326893,-1009.457694554074,97.3855763614815,1017.0281584666022,0.07376325209326892,-1.0094576945540739,0.09738557636148149,1.0170281584666023,1.0170014559723528,1.0170014559723528,9.97337732821127,0.017001455972352753,0.16672732821127267,0.7233703961404556,1.152535663178536,-0.42916526703808033,-0.015400989927794526,-9.89939830029871,-9.54110758546439,-0.3582907148343186,0.22326435639317405,0.9550262624253223,0.8237586,0.13126766242532234,0.11448464264193892,0.07376325209326892,0.7233703961404556,-0.015400989927794526,-0.015400989927794526,0.17160874173188856,9.97337732821127,1.0170014559723528,43.661787340468614,-79.39417915558106,107.99481396443156,91.39157310418918,-73.13984459931993,1.0,3.572165535521691,372.0,3.572165535521691,3.665254816416026,13.194917339097692,0.596,3.381456362715252,0.09481396443155658,3.665254816416026,13.194917339097692,0.09249834402025767,-6.237478598160443e-10,6.237478598160443e-10,2.6585254656400243,0.0,0.0,0.0,16.714334416991008,0.0027671509201462885,9.96174331252664,15021.489846860524,4.172636068572366,1.0208193228210125,241869.0912280121,1783556847869091.2,1783556847948139.8
373.0,733.180765652693,24288.0,68.6690401343878,-1020.5544479372857,98.99715183873464,1027.7765119283265,0.06866904013438781,-1.0205544479372857,0.09899715183873464,1.0277765119283264,1.027686709737361,1.027686709737361,10.07816387204589,0.027686709737360884,0.2715138720458901,0.6734132424338941,1.1522813749999998,-0.4788681325661057,0.0010818691887018988,-10.008220276864183,-9.54187045,-0.46634982686418275,0.22555294999999909,0.970830419079327,0.8248474519188702,0.14598296716045678,0.10569544616225961,0.06866904013438781,0.6734132424338941,0.0010818691887018988,0.0010818691887018988,0.15892003404606606,10.07816387204589,1.027686709737361,43.661796328111706,-79.394178777936,108.0,91.42198570995126,-72.14635053253345,1.0,3.5894847370831395,373.0,3.5894847370831395,3.6703141942164814,13.213131099179334,0.597110319955204,3.5894847370831395,0.07779360089591428,3.6703141942164814,13.213131099179334,0.07589366467369775,-6.120228768224933e-10,6.120228768224933e-10,2.181284901286026,0.0,0.0,0.0,17.807494436172608,0.0029551486626703707,10.638535185613335,15025.033851530869,4.173620514314129,0.9912791284385046,242033.46045861553,1783556848033460.5,1783556848222064.0
374.0,804.5643001703315,24288.0,64.58219655513369,-1022.4616416076043,103.90136413383956,1029.956161837262,0.06458219655513368,-1.0224616416076042,0.10390136413383957,1.0299561618372621,1.0298195597907402,1.0298195597907402,10.099079986021863,0.02981955979074034,0.29242998602186376,0.6333349978474018,1.1522813749999998,-0.5189463771525981,0.014441284050865998,-10.026923457671211,-9.54187045,-0.4850530076712126,0.22555294999999909,1.0189243125831178,0.8261833934050866,0.1927409191780312,0.1030235631898268,0.06458219655513368,0.6333349978474018,0.014441284050865998,0.014441284050865998,0.131835401406663,10.099079986021863,1.0298195597907402,43.66180531916758,-79.39417850547977,108.0,91.44392722349343,-71.15247921612313,1.0,3.6177936078742983,374.0,3.6177936078742983,3.6703141937597845,13.213131097535225,0.5984726011482887,3.6177936078742983,0.05054797703422173,3.6703141937597845,13.213131097535225,0.04931345418027558,-6.120228768224933e-10,6.120228768224933e-10,1.4173343028924053,0.0,0.0,0.0,19.541257722537015,0.0032507946398639583,11.70286070351025,15028.760363957561,4.174655656654876,0.955996681071062,242197.2066580243,1783556848197206.8,1783556848494520.2
375.0,875.94783468797,24288.0,60.49535297587958,-1024.368835277923,108.8055764289445,1032.1358117461975,0.060495352975879574,-1.0243688352779228,0.1088055764289445,1.0321358117461976,1.0319524098441197,1.0319524098441197,10.119996099997836,0.031952409844119796,0.3133460999978374,0.5932567532609094,1.1522813749999998,-0.5590246217390904,0.027800698913030095,-10.045626638478241,-9.54187045,-0.5037561884782426,0.22555294999999909,1.0670182060869087,0.827519334891303,0.23949887119560567,0.100351680217394,0.060495352975879574,0.5932567532609094,0.027800698913030095,0.027800698913030095,0.10475076876725997,10.119996099997836,1.0319524098441197,43.661814310223455,-79.39417823302352,108.0,91.4658687370356,-70.1586078997128,1.0,3.6461024786654574,375.0,3.6461024786654574,3.670314193303088,13.213131095891116,0.5998348823413735,3.6461024786654574,0.023302353172529183,3.670314193303088,13.213131095891116,0.022733243686853408,-6.120228768224933e-10,6.120228768224933e-10,0.6533837044987845,0.0,0.0,0.0,21.27502100890142,0.0035464406170575458,12.767186221407165,15032.486876384253,4.175690798995624,0.9207142337036193,242360.9528574331,1783556848360952.8,1783556848766976.5
376.0,918.7852036826113,24288.0,147.13248044798783,-893.8927699316629,108.36907668944569,912.656173690205,0.14713248044798782,-0.893892769931663,0.10836907668944569,0.9126561736902051,0.9124055597026559,0.9124055597026559,8.947641982058052,-0.08759444029734408,-0.8590080179419493,1.4428767393852597,1.1524747263776076,0.2904020130076521,-0.014060380307370146,-8.766093532250341,-9.527160474999999,0.7610669427496574,0.18142302499999907,1.0627376059165525,0.828661925,0.23407568091655245,0.09845320275521552,0.14713248044798782,1.4428767393852597,-0.014060380307370146,-0.014060380307370146,-0.08644161179246752,8.947641982058052,0.9124055597026559,43.66182330127933,-79.3941780394327,108.00394327069097,91.48145904146723,-69.16473658323679,1.0,3.670314194522612,376.0,3.670314194522612,3.670314192912489,13.213131094484961,0.5940394327069096,0.14473042383542647,0.003943270690964223,3.670314192912489,13.213131094484961,-1.610123010791953e-09,-6.120228768224933e-10,6.120228768224933e-10,0.10743687007991913,0.0,0.0,0.0,22.315455027043264,0.00368215702727251,13.255765298181036,15049.464578977819,4.180406827493837,1.0152272977050547,243118.46246061125,1783556849118462.5,1783556849039432.8
377.0,772.2037472397546,24288.0,141.1384431956777,-906.9706693912486,104.00977686958379,924.0993357173426,0.1411384431956777,-0.9069706693912486,0.10400977686958378,0.9240993357173426,0.9239073053937689,0.9239073053937689,9.060435576439804,-0.0760926946062311,-0.7462144235601962,1.3840953139648926,1.1538106678644342,0.2302846461004585,-0.043451093017553705,-8.894343914985688,-9.527160474999999,0.6328165600143112,0.18142302499999907,1.0199874783381038,0.828661925,0.1913255533381037,0.10112508572886854,0.1411384431956777,1.3840953139648926,-0.043451093017553705,-0.043451093017553705,-0.11334717018658015,9.060435576439804,0.9239073053937689,43.661832292335205,-79.39417831188894,108.0311888945651,91.45951752791504,-68.17086526637259,1.0,3.670314194065915,377.0,3.670314194065915,3.670314192912489,13.213131094484961,0.594311888945651,1.1447304238354274,0.031188894565099594,3.670314192912489,13.213131094484961,-1.1534261582268934e-09,-6.120228768224933e-10,6.120228768224933e-10,0.849760890370816,0.0,0.0,0.0,18.75528461295916,0.0030954678538610983,11.143684273899954,15051.04739898032,4.180846499716753,0.98200277270412,243280.57392266236,1783556849280574.0,1783556849311889.0
378.0,625.6222907968979,24288.0,135.1444059433676,-920.0485688508344,99.65047704972187,935.5424977444801,0.13514440594336757,-0.9200485688508343,0.09965047704972188,0.9355424977444801,0.9354090510848819,0.9354090510848819,9.173229170821557,-0.0645909489151181,-0.633420829178443,1.3253138885445255,1.1551466093512608,0.17016727919326488,-0.07284180572773725,-9.022594297721033,-9.527160474999999,0.5045661772789649,0.18142302499999907,0.9772373507596549,0.828661925,0.14857542575965493,0.10379696870252157,0.13514440594336757,1.3253138885445255,-0.07284180572773725,-0.07284180572773725,-0.1402527285806928,9.173229170821557,0.9354090510848819,43.661841283391084,-79.39417858434518,108.05843451843924,91.43757601436285,-67.17699394950837,1.0,3.6703141936092183,378.0,3.6703141936092183,3.670314192912489,13.213131094484961,0.5945843451843924,2.144730423835428,0.058434518439234966,3.670314192912489,13.213131094484961,-6.967293056618337e-10,-6.120228768224933e-10,6.120228768224933e-10,1.592084910661713,0.0,0.0,0.0,15.195114198875057,0.002508778680449686,9.03160324961887,15052.630218982818,4.181286171939671,0.9487782477031852,243442.68538471346,1783556849442685.5,1783556849584345.2
379.0,479.04083435404135,24288.0,129.15036869105745,-933.1264683104201,95.29117722985997,946.9856597716176,0.12915036869105745,-0.93312646831042,0.09529117722985997,0.9469856597716175,0.9469107967759949,0.9469107967759949,9.28602276520331,-0.05308920322400512,-0.5206272347966898,1.2665324631241586,1.1564825508380872,0.11004991228607128,-0.10223251843792082,-9.15084468045638,-9.527160474999999,0.3763157945436188,0.18142302499999907,0.9344872231812061,0.828661925,0.10582529818120615,0.10646885167617459,0.12915036869105745,1.2665324631241586,-0.10223251843792082,-0.10223251843792082,-0.16715828697480542,9.28602276520331,0.9469107967759949,43.66185027444697,-79.39417885680142,108.08568014231336,91.41563450081064,-66.18312263264416,1.0,3.6703141931525214,379.0,3.6703141931525214,3.670314192912489,13.213131094484961,0.5948568014231337,3.144730423835429,0.08568014231337034,3.670314192912489,13.213131094484961,-2.4003245309677396e-10,-6.120228768224933e-10,6.120228768224933e-10,2.33440893095261,0.0,0.0,0.0,11.634943784790956,0.0019220895070382743,6.919522225337786,15054.21303898532,4.181725844162587,0.9155537227022504,243604.79684676457,1783556849604796.8,1783556849856801.5
380.0,946.9336405461836,24288.0,118.06635945381639,-991.1350230040098,75.334101365459,1001.1350230040098,0.1180663594538164,-0.9911350230040098,0.07533410136545901,1.0011350230040097,1.0010082794764281,1.0010082794764281,9.816537843927511,0.001008279476428081,0.009887843927513434,1.1578354639377686,1.1565311116288894,0.0013043523088790802,-0.10330085583556833,-9.719714273342273,-9.527160474999999,-0.19255379834227415,0.18142302499999907,0.7387751651555785,0.8325834552266632,-0.09380829007108467,0.09610573488666843,0.1180663594538164,1.1578354639377686,-0.10330085583556833,-0.10330085583556833,0.023925031887573674,9.816537843927511,1.0010082794764281,43.66185926543782,-79.39417913329493,108.1133294931727,91.3933678566865,-65.18925850388841,1.0,3.655496144074339,380.0,3.655496144074339,3.6703141927493297,13.213131093897587,0.5957997695903623,0.4744162309229408,0.013329493172706082,3.6703141927493297,13.213131093897587,-1.631590951628933e-10,-7.237387546894052e-10,7.237387546894052e-10,0.3745137216227803,0.0,0.0,0.0,22.999124261585706,0.003806316180895992,13.70273825122557,15070.573807545474,4.186270502095963,1.0358573061079168,244365.11025396796,1783556850365110.2,1783556850133295.0
381.0,944.685910843214,24288.0,120.31408915678603,-978.7725096376769,69.71477710803492,988.7725096376769,0.12031408915678603,-0.9787725096376768,0.06971477710803492,0.9887725096376767,0.988658070065558,0.988658070065558,9.695423662808402,-0.011341929934442056,-0.11122633719159618,1.1798781624293957,1.1551534429731627,0.02472471945623298,-0.07299214540958096,-9.598479431638323,-9.527160474999999,-0.07131895663832463,0.18142302499999907,0.6836684189265106,0.8408494671610234,-0.1571810482345128,0.0919727289194883,0.12031408915678603,1.1798781624293957,-0.07299214540958096,-0.07299214540958096,0.07435549848655434,9.695423662808402,0.988658070065558,43.66186825635663,-79.39417941426115,108.14142611445982,91.37074101546051,-64.19540233850512,1.0,3.6242618652442857,381.0,3.6242618652442857,3.6703141924054146,13.213131092659491,0.5974855668675895,1.4744162309229405,0.04142611445982891,3.6703141924054146,13.213131092659491,-5.070745949456044e-10,-9.592194793888472e-10,9.592194793888472e-10,1.163933849374717,0.0,0.0,0.0,22.94453140255998,0.003807984296032889,13.7087434657184,15074.429018767723,4.187341394102144,1.0373643484758863,244533.97094790355,1783556850533971.0,1783556850414261.2
382.0,942.4381811402443,24288.0,122.56181885975566,-966.4099962713439,64.09545285061084,976.4099962713439,0.12256181885975567,-0.9664099962713438,0.06409545285061084,0.9764099962713438,0.9763078606546878,0.9763078606546878,9.574309481689292,-0.02369213934531219,-0.2323405183107058,1.2019208609210228,1.153775774317436,0.04814508660358688,-0.042683434983593574,-9.477244589934374,-9.527160474999999,0.04991588506562489,0.18142302499999907,0.6285616726974428,0.8491154790953835,-0.2205538063979409,0.08783972295230816,0.12256181885975567,1.2019208609210228,-0.042683434983593574,-0.042683434983593574,0.12478596508553502,9.574309481689292,0.9763078606546878,43.66187724727544,-79.39417969522736,108.16952273574695,91.34811417423452,-63.20154617312183,1.0,3.5930275864142325,382.0,3.5930275864142325,3.670314192061499,13.213131091421396,0.5991713641448168,2.47441623092294,0.06952273574695174,3.670314192061499,13.213131091421396,-8.509900947283155e-10,-1.194700204088289e-09,1.194700204088289e-09,1.9533539771266535,0.0,0.0,0.0,22.889938543534253,0.0038096524111697863,13.714748680211232,15078.284229989973,4.188412286108323,1.0388713908438558,244702.83164183915,1783556850702831.8,1783556850695227.2
383.0,940.1904514372746,24288.0,124.8095485627253,-954.0474829050108,58.47612859318676,964.0474829050108,0.1248095485627253,-0.9540474829050108,0.05847612859318675,0.9640474829050109,0.9639576512438177,0.9639576512438177,9.453195300570183,-0.03604234875618233,-0.35345469942981544,1.22396355941265,1.1523981056617092,0.07156545375094078,-0.012374724557606201,-9.356009748230424,-9.527160474999999,0.17115072676957438,0.18142302499999907,0.5734549264683748,0.8573814910297438,-0.283926564561369,0.08370671698512802,0.1248095485627253,1.22396355941265,-0.012374724557606201,-0.012374724557606201,0.1752164316845157,9.453195300570183,0.9639576512438177,43.66188623819425,-79.39417997619357,108.19761935703407,91.32548733300852,-62.207690007738535,1.0,3.5617933075841792,383.0,3.5617933075841792,3.6703141917175834,13.2131310901833,0.6008571614220439,3.4744162309229396,0.09761935703407457,3.6703141917175834,13.2131310901833,-1.1949055945110265e-09,-1.4301809287877312e-09,1.4301809287877312e-09,2.74277410487859,0.0,0.0,0.0,22.83534568450853,0.0038113205263066836,13.72075389470406,15082.139441212223,4.189483178114504,1.040378433211825,244871.69233577474,1783556850871692.2,1783556850976193.5
384.0,944.2493708641933,24288.0,138.24433777773993,-966.1361264189919,86.2846024693671,979.8892720980252,0.13824433777773992,-0.9661361264189919,0.0862846024693671,0.9798892720980253,0.980248268398858,0.980248268398858,9.61295168129366,-0.019751731601142006,-0.1936983187063393,1.3557138350680733,1.1522813749999998,0.20343246006807342,0.07477262139267081,-9.474558844146808,-9.508757581963351,0.034198737816544644,-0.23906485746596462,0.8461628968062189,0.8825985,-0.03643560319378103,0.029444628858634102,0.13824433777773992,1.3557138350680733,0.07477262139267081,0.07477262139267081,0.10702425969587367,9.61295168129366,0.980248268398858,43.66189522923852,-79.39418024937088,108.2,91.3034877512396,-61.21381997436468,1.0,3.586868715351607,384.0,3.586868715351607,3.6425922854174084,13.113332227502669,0.59674811259258,0.9152694218423735,0.0,3.6425922854174084,13.113332227502669,-0.02772190718983929,-0.013860954433030115,0.013860954433030115,0.0,0.0,0.0,0.0,22.933928719549527,0.0038016089768817857,13.685792316774428,15099.559543584612,4.194322095440167,1.0594877426086422,245631.37314765182,1783556851631373.2,1783556851249370.8
385.0,944.5218271030255,24288.0,140.69644392723004,-1015.4507056476264,71.2995093335942,1027.8415701324986,0.14069644392723005,-1.0154507056476265,0.0712995093335942,1.0278415701324985,1.0282187516582966,1.0282187516582966,10.083381420949832,0.028218751658296473,0.27673142094983305,1.3797607818389703,1.1522813749999998,0.22747940683897055,0.07610856287994285,-9.958169662539296,-9.515437289399713,-0.44273237313958314,-0.22704138408051602,0.6992093332062916,0.8825985,-0.18338916679370837,0.01875709696045757,0.14069644392723005,1.3797607818389703,0.07610856287994285,0.07610856287994285,0.07114883242201304,10.083381420949832,1.0282187516582966,43.6619042202944,-79.39418052182711,108.2,91.28154623768009,-60.219948657169006,1.0,3.6171569622977713,385.0,3.6171569622977713,3.612304038471244,13.004294538496477,0.5975654813090766,1.91526942184238,0.0,3.612304038471244,13.004294538496477,-0.05801015380250494,-0.02900507773936294,0.02900507773936294,0.0,0.0,0.0,0.0,22.940546136678286,0.0038079157430397762,13.708496674943195,15103.30536563743,4.19536260156595,1.0636271539519795,245794.5744347123,1783556851794574.5,1783556851521827.0
386.0,944.7942833418577,24288.0,143.14855007672014,-1064.765284876261,56.314416197821295,1075.7938681669718,0.14314855007672014,-1.064765284876261,0.0563144161978213,1.0757938681669719,1.0761892349177349,1.0761892349177349,10.553811160606005,0.07618923491773497,0.7471611606060053,1.4038077286098676,1.1522813749999998,0.2515263536098677,0.0774445043672149,-10.441780480931785,-9.522116996836074,-0.919663484095711,-0.21501791069506743,0.5522557696063642,0.8825985,-0.3303427303936357,0.008069565062281035,0.14314855007672014,1.4038077286098676,0.0774445043672149,0.0774445043672149,0.035273405148152415,10.553811160606005,1.0761892349177349,43.66191321135028,-79.39418079428334,108.2,91.25960472412056,-59.22607733997333,1.0,3.6474452092439362,386.0,3.6474452092439362,3.5820157915250794,12.895256849490284,0.5983828500255733,2.9152694218423862,0.0,3.5820157915250794,12.895256849490284,-0.08829840041517059,-0.044149201045695766,0.044149201045695766,0.0,0.0,0.0,0.0,22.94716355380704,0.0038142225091977668,13.73120103311196,15107.05118769025,4.196403107691733,1.0677665652953165,245957.7757217728,1783556851957775.8,1783556851794283.2
387.0,943.9793554948468,24288.0,141.35484105302436,-1096.9696806531736,44.125161852725846,1106.6051647584761,0.14135484105302434,-1.0969696806531737,0.044125161852725844,1.1066051647584763,1.1069759739629481,1.1069759739629481,10.855725935063743,0.10697597396294814,1.0490759350637453,1.3862174520126411,1.1522813749999998,0.23393607701264138,0.08596002757734532,-10.757597718777445,-9.527160474999999,-1.2304372437774471,-0.17769967958998792,0.43272001848303393,0.880811160100632,-0.4480911416175981,0.0,0.14135484105302434,1.3862174520126411,0.08596002757734532,0.08596002757734532,0.02020559376497246,10.855725935063743,1.1069759739629481,43.66192218709537,-79.3941813645159,108.20729031789395,91.21368261432939,-58.2338984780633,1.0,3.647691849561496,387.0,3.647691849561496,3.5446289225401233,12.760664121144444,0.5987083872842419,3.647691849561496,0.007290317893950855,3.5446289225401233,12.760664121144444,-0.11758081356182083,-0.06284263535116942,0.06284263535116942,0.2169732606299545,0.0,0.0,0.0,22.92737058625884,0.00381302805475386,13.726900997113896,15110.860306168208,4.197461196157833,1.0724008063692763,246124.37739146902,1783556852124377.5,1783556852072903.2
388.0,939.8126981652126,24288.0,126.47392201861656,-1076.434012385691,40.553741284467975,1084.5814045875525,0.12647392201861657,-1.0764340123856908,0.040553741284467974,1.0845814045875526,1.084795906840483,1.084795906840483,10.638213779817223,0.0847959068404832,0.8315637798172244,1.240285487363866,1.1522813749999998,0.08800411236386613,0.11660574015358818,-10.556211607562135,-9.527160474999999,-1.0290511325621365,-0.06241342751745535,0.39769634696732786,0.8735145618681933,-0.47581821490086545,0.0,0.12647392201861657,1.240285487363866,0.11660574015358818,0.11660574015358818,0.06927473320888959,10.638213779817223,1.084795906840483,43.66193111564679,-79.3941828526078,108.23705215596277,91.09384322687438,-57.246936404179486,1.0,3.5553388832144215,388.0,3.5553388832144215,3.4853614125901444,12.54730108532452,0.5975179137614893,3.5553388832144215,0.03705215596276477,3.4853614125901444,12.54730108532452,-0.14376286711470462,-0.09247639007672188,0.09247639007672188,1.1027402658643075,0.0,0.0,0.0,22.826170813036686,0.003788711998132426,13.639363193276731,15114.864528195176,4.198573480054213,1.0785603000366824,246301.46032797845,1783556852301460.2,1783556852370521.5
389.0,935.6460408355784,24288.0,111.59300298420877,-1055.8983441182081,36.982320716210104,1062.557644416629,0.11159300298420875,-1.0558983441182082,0.036982320716210104,1.062557644416629,1.0626158397180183,1.0626158397180183,10.420701624570702,0.06261583971801826,0.6140516245707037,1.0943535227150907,1.1522813749999998,-0.0579278522849091,0.14725145272983103,-10.354825496346825,-9.527160474999999,-0.8276650213468257,0.05287282455507719,0.3626726754516218,0.8662179636357545,-0.5035452881841328,0.0,0.11159300298420875,1.0943535227150907,0.14725145272983103,0.14725145272983103,0.1183438726528067,10.420701624570702,1.0626158397180183,43.66194004419821,-79.39418434069971,108.26681399403158,90.97400383941937,-56.25997433029566,1.0,3.462985916867347,389.0,3.462985916867347,3.426093902640165,12.333938049504594,0.5963274402387366,3.462985916867347,0.06681399403157869,3.426093902640165,12.333938049504594,-0.1699449206675884,-0.12211014480227435,0.12211014480227435,1.9885072710986604,0.0,0.0,0.0,22.72497103981453,0.0037643959415109914,13.551825389439568,15118.868750222142,4.199685763950593,1.0847197937040887,246478.5432644879,1783556852478543.2,1783556852668140.0
390.0,931.4793835059443,24288.0,96.71208394980096,-1035.3626758507253,33.410900147952226,1040.5338842457054,0.09671208394980096,-1.0353626758507253,0.03341090014795223,1.0405338842457055,1.0404357725955533,1.0404357725955533,10.203189469324181,0.04043577259555331,0.3965394693241828,0.9484215580663155,1.1522813749999998,-0.20385981693368438,0.1778971653060739,-10.153439385131513,-9.527160474999999,-0.6262789101315152,0.16815907662760976,0.32764900393591573,0.8589213654033158,-0.5312723614674001,0.0,0.09671208394980096,0.9484215580663155,0.1778971653060739,0.1778971653060739,0.16741301209672382,10.203189469324181,1.0404357725955533,43.66194897274963,-79.3941858287916,108.2965758321004,90.85416445196435,-55.273012256411846,1.0,3.3706329505202723,390.0,3.3706329505202723,3.3668263926901862,12.12057501368467,0.595136966715984,3.3706329505202723,0.0965758321003926,3.3668263926901862,12.12057501368467,-0.1961269742204722,-0.15174389952782683,0.15174389952782683,2.874274276333013,0.0,0.0,0.0,22.623771266592378,0.0037400798848895573,13.464287585602404,15122.87297224911,4.200798047846972,1.090879287371495,246655.62620099736,1783556852655626.2,1783556852965758.2
391.0,940.4269066517026,24288.0,69.98834656191754,-984.3686394612902,103.98834656191754,992.0820927871415,0.06998834656191753,-0.9843686394612902,0.10398834656191754,0.9920820927871414,0.9923298457503168,0.9923298457503168,9.731431481827345,-0.007670154249683172,-0.07521851817265549,0.6863512188114286,1.1522813749999998,-0.46593015618857125,0.12258312500000001,-9.653358718173061,-9.53137556941306,-0.12198314876000052,-0.19613300000000145,1.0197773188114285,0.865107032355102,0.15467028645632658,-0.058839899999999945,0.06998834656191753,0.6863512188114286,0.12258312500000001,0.12258312500000001,-0.06973342582683599,9.731431481827345,0.9923298457503168,43.6619577367602,-79.39418857892007,108.3,90.63269042257512,-54.30423852772072,1.0,3.282156247489669,391.0,3.282156247489669,3.282156247489669,11.815762490962808,0.5999941732809587,0.8849477007540862,0.0,3.282156247489669,11.815762490962808,-0.21992786330601824,-0.17310198826361847,0.17310198826361847,0.0,0.0,0.0,0.0,22.841088708756548,0.003806830458888846,13.704589651999845,15140.980770823091,4.2058279918953,1.1433023590712272,247448.4952711185,1783556853448495.2,1783556853286546.8
392.0,939.7793052761532,24288.0,65.45513693307277,-961.0549899415171,99.45513693307277,968.4446425795937,0.06545513693307276,-0.9610549899415171,0.09945513693307276,0.9684446425795936,0.968416970353891,0.968416970353891,9.496926282320985,-0.03158302964610899,-0.30972371767901474,0.6418956186047179,1.1522813749999998,-0.5103857563952819,0.12258312500000001,-9.424729917109978,-9.536138669435207,0.11140875232523018,-0.19613300000000145,0.975321718604718,0.8730455323920147,0.10227618621270332,-0.058839899999999945,0.06545513693307276,0.6418956186047179,0.12258312500000001,0.12258312500000001,-0.03808492069628725,9.496926282320985,0.968416970353891,43.66196647937877,-79.39419149312626,108.3,90.39800284482864,-53.33782947089903,1.0,3.194183498542072,392.0,3.194183498542072,3.194183498542072,11.499060594751459,0.5977275684665364,1.8849477007540902,0.0,3.194183498542072,11.499060594751459,-0.24341917653005693,-0.1933841553386138,0.1933841553386138,0.0,0.0,0.0,0.0,22.82535976654721,0.0037898410167274514,13.643427660218824,15145.374690151624,4.207048525042116,1.178353540813266,247641.1566803444,1783556853641156.8,1783556853610347.2
393.0,939.131703900604,24288.0,60.92192730422798,-937.7413404217439,94.92192730422798,944.8071923720458,0.06092192730422798,-0.937741340421744,0.09492192730422798,0.9448071923720458,0.9445040949574652,0.9445040949574652,9.262421082814626,-0.05549590504253481,-0.544228917185374,0.5974400183980072,1.1522813749999998,-0.5548413566019926,0.12258312500000001,-9.196101116046895,-9.540901769457356,0.34480065341046084,-0.19613300000000145,0.9308661183980073,0.8809840324289272,0.04988208596908006,-0.058839899999999945,0.06092192730422798,0.5974400183980072,0.12258312500000001,0.12258312500000001,-0.0064364155657385125,9.262421082814626,0.9445040949574652,43.661975221997345,-79.39419440733245,108.3,90.16331526708215,-52.37142041407734,1.0,3.1062107495944753,393.0,3.1062107495944753,3.1062107495944753,11.18235869854011,0.595460963652114,2.8849477007540942,0.0,3.1062107495944753,11.18235869854011,-0.26691048975409565,-0.21366632241360914,0.21366632241360914,0.0,0.0,0.0,0.0,22.809630824337866,0.0037728515745660573,13.582265668437804,15149.76860948016,4.208269058188931,1.2134047225553046,247833.8180895703,1783556853833818.0,1783556853934148.0
394.0,935.2901101937557,24288.0,144.9479390480372,-956.5494490312213,85.76620867734161,971.4325533698922,0.1449479390480372,-0.9565494490312214,0.08576620867734161,0.9714325533698922,0.9712859752447682,0.9712859752447682,9.525061609134104,-0.028714024755231826,-0.28158839086589416,1.4214537064654342,1.14737805,0.2740756564654342,0.18575317258141316,-9.380545654342027,-9.54187045,0.16132479565797264,-0.1822932301085524,0.841079190325652,0.8825985,-0.04151930967434793,-0.058839899999999945,0.1449479390480372,1.4214537064654342,0.18575317258141316,0.18575317258141316,0.0770579113542203,9.525061609134104,0.9712859752447682,43.6619837704666,-79.39419823804924,108.3,89.85481902910358,-51.42647262268942,1.0,2.9758448976891545,394.0,2.9758448976891545,2.9758448976891545,10.713041631680957,0.595,0.7966281333292471,0.0,2.9758448976891545,10.713041631680957,-0.30418635904911834,-0.21779114459177895,0.21779114459177895,0.0,0.0,0.0,0.0,22.71632619638594,0.003754503913013787,13.516214086849633,15168.177201540439,4.213382555983452,1.2647104465047858,248643.1490271697,1783556854643149.0,1783556854294368.0
395.0,929.3778286546129,24288.0,154.9249141453406,-986.1108567269351,87.98331425452014,1002.1025138541952,0.1549249141453406,-0.9861108567269351,0.08798331425452013,1.0021025138541952,1.002100055150031,1.002100055150031,9.82724450583705,0.0021000551500310813,0.020594505837052357,1.5192944093034044,1.14737805,0.37191635930340444,0.1911887671835226,-9.670444033121198,-9.54187045,-0.12857358312119815,-0.18954068957803152,0.8628215687340899,0.8825985,-0.019776931265910104,-0.058839899999999945,0.1549249141453406,1.5192944093034044,0.1911887671835226,0.1911887671835226,0.04965155201585312,9.82724450583705,1.002100055150031,43.66199226937131,-79.3942023027428,108.3,89.5274801161304,-50.48700369581778,1.0,2.834656474847949,395.0,2.834656474847949,2.834656474847949,10.204763309452614,0.595,1.7966281333292433,0.0,2.834656474847949,10.204763309452614,-0.34498129926581156,-0.21779114459177895,0.21779114459177895,0.0,0.0,0.0,0.0,22.57272870236324,0.0037307704383072577,13.430773577906127,15173.111390931927,4.214753164147755,1.3201658062156743,248863.01199690657,1783556854863012.0,1783556854663885.8
396.0,924.3168885602164,24288.0,163.36622287956715,-1012.2756832909339,88.41555719891787,1029.0493343193507,0.16336622287956715,-1.0122756832909339,0.08841555719891786,1.0290493343193508,1.0292047274135523,1.0292047274135523,10.093050540090113,0.029204727413552355,0.2864005400901132,1.602075369601907,1.14737805,0.4546973196019071,0.19946258771326414,-9.927033329545035,-9.543202285085306,-0.38383104445973054,-0.19657694502843664,0.8670604240047678,0.8832644175426527,-0.016203993537884934,-0.07238022336727366,0.16336622287956715,1.602075369601907,0.19946258771326414,0.19946258771326414,0.02916203506219897,10.093050540090113,1.0292047274135523,43.662000769586506,-79.39420636215836,108.30452697943166,89.20056625262661,-49.547389908277026,1.0,2.6741176093850205,396.0,2.6741176093850205,2.6741176093850205,9.626823393786074,0.5951810791772665,2.6741176093850205,0.004526979431663632,2.6741176093850205,9.626823393786074,-0.39690489038269033,-0.21779114459177895,0.21779114459177895,0.22670584840255165,0.0,0.0,0.0,22.44980858935054,0.0037115918600550152,13.361730696198055,15178.212708279794,4.216170196744384,1.3822325713447756,249090.11660679567,1783556855090116.5,1783556855045269.8
397.0,927.822406892635,24288.0,156.35518621473003,-1004.2630699596914,70.88796553682502,1018.532779322095,0.15635518621473002,-1.0042630699596915,0.07088796553682503,1.018532779322095,1.0189842036030552,1.0189842036030552,9.992821440263901,0.018984203603055264,0.18617144026390192,1.533320586892682,1.14737805,0.3859425368926821,0.2362955070217775,-9.848456435020207,-9.55793545280871,-0.29052098221149747,-0.20148800093623834,0.6951734672317051,0.8906310014043555,-0.1954575341726503,-0.2221674285552283,0.15635518621473002,1.533320586892682,0.2362955070217775,0.2362955070217775,0.07827190516897516,9.992821440263901,1.0189842036030552,43.662009282988166,-79.39421036846502,108.35460581275193,88.87792936709823,-48.60631848830523,1.0,2.3188686622240597,397.0,2.3188686622240597,2.3188686622240597,8.347927184006615,0.5971842325100771,2.3188686622240597,0.05460581275193314,2.3188686622240597,8.347927184006615,-0.5608083761367894,-0.21779114459177895,0.21779114459177895,2.7345953951216684,0.0,0.0,0.0,22.53495061860832,0.003738246045325438,13.457685763171575,15184.995718324673,4.2180543662012955,1.5108253232062943,249390.08881838404,1783556855390088.8,1783556855546058.2
398.0,929.3188308567322,24288.0,173.2367992416544,-882.3766171346437,121.4735984833088,907.4201245644472,0.1732367992416544,-0.8823766171346437,0.1214735984833088,0.9074201245644472,0.9078777955731706,0.9078777955731706,8.903239783957634,-0.09212220442682942,-0.9034102160423666,1.6988726572831698,1.0934414749999999,0.60543118228317,0.3089094750000001,-8.653158652423452,-9.571290399999999,0.9181317475765465,-0.19509077912627723,1.1912490645663403,0.9169217749999999,0.27432728956634034,-0.3383294250000001,0.1732367992416544,1.6988726572831698,0.3089094750000001,0.3089094750000001,0.06263433094865373,8.903239783957634,0.9078777955731706,43.66201779707714,-79.39421437196934,108.4,88.55551816139838,-47.66517109310548,1.0,1.984287409902156,398.0,1.984287409902156,1.984287409902156,7.143434675647762,0.593106276952244,0.09354543150465246,0.0,1.984287409902156,7.143434675647762,-0.684248318393432,-0.21779114459177895,0.21779114459177895,0.0,0.0,0.0,0.0,22.571295763848312,0.00371866440584114,13.387191861028105,15205.242403341157,4.22367844537254,1.8973432663225775,250286.6173932926,1783556856286617.5,1783556856053138.5
399.0,932.7271304562304,24288.0,143.69820271267048,-950.5426091246067,62.39640542534093,965.3612177559156,0.14369820271267048,-0.9505426091246066,0.06239640542534092,0.9653612177559157,0.9655159347589117,0.9655159347589117,9.468476841603481,-0.034484065241088296,-0.3381731583965185,1.4091979796322096,1.0934414749999999,0.3157565046322098,0.3089094750000001,-9.321638677771823,-9.571290399999999,0.24965172222817555,-0.18394944537047128,0.6118997092644196,0.9169217749999999,-0.30502206573558033,-0.3383294250000001,0.14369820271267048,1.4091979796322096,0.3089094750000001,0.3089094750000001,0.0250581631381775,9.468476841603481,0.9655159347589117,43.66202631782614,-79.39421834831887,108.4,88.23529379163818,-46.7232874984852,1.0,1.849975974136708,399.0,1.849975974136708,1.849975974136708,6.659913506892148,0.5942423768187434,1.0935454315046644,0.0,1.849975974136708,6.659913506892148,-0.41559681085056344,-0.21779114459177895,0.21779114459177895,0.0,0.0,0.0,0.0,22.654076544520926,0.0037394669094286837,13.462080873943261,15212.917906309105,4.225810529530304,2.03817119559339,250624.60710357619,1783556856624607.0,1783556856621188.5
400.0,937.5031437795792,24288.0,89.92820544569929,-870.8752735688738,140.90407996110764,889.4591308654703,0.0899282054456993,-0.8708752735688738,0.14090407996110765,0.8894591308654703,0.8891641447171502,0.8891641447171502,8.719721559790441,-0.11083585528284978,-1.086928440209559,0.8818944359340669,1.0264396433153367,-0.1445452073812698,0.32361945000000003,-8.540369001544196,-9.590903699999998,1.0505346984558028,-0.021196358423316686,1.3817969957505962,0.9189622579211657,0.46283473782943035,-0.357942725,0.0899282054456993,0.8818944359340669,0.32361945000000003,0.32361945000000003,0.019578572467649154,8.719721559790441,0.8891641447171502,43.66203449685622,-79.39422328878487,108.4,87.83742695434272,-45.819177513302904,1.0,1.727254830058058,400.0,1.727254830058058,1.7367890409837186,6.2524405475413865,0.5962484281102104,0.3331368098906695,0.0,1.7367890409837186,6.2524405475413865,-0.2108655735454425,-0.20888334535688086,0.20888334535688086,0.0,0.0,0.0,0.0,22.77007635611842,0.0037712039118476424,13.576334082651512,15234.439249955236,4.231788680543119,2.1320841577634146,251570.05088237274,1783556857570051.0,1783556857208071.2
401.0,930.008156296088,24288.0,161.75516882915662,-969.5592754348413,71.57544573881407,986.8939681508559,0.16175516882915658,-0.9695592754348412,0.07157544573881405,0.9868939681508558,0.9873830552762689,0.9873830552762689,9.68292003902502,-0.012616944723731122,-0.12372996097497801,1.5862763263984485,1.0019394036470104,0.584336922751438,0.32361945000000003,-9.508128468443086,-9.590903699999998,0.08277523155691258,-0.14369755676494916,0.7019153449545409,0.9250873178382474,-0.2231719728837066,-0.357942725,0.16175516882915658,1.5862763263984485,0.32361945000000003,0.32361945000000003,0.004137244945594823,9.68292003902502,0.9873830552762689,43.66204199184371,-79.39423015919006,108.4,87.28413777387986,-44.99068159700726,1.0,1.627734781322466,401.0,1.627734781322466,1.665888498236641,5.997198593651908,0.5999959218519559,1.3331368098906529,0.0,1.665888498236641,5.997198593651908,-0.13408799989395115,-0.18214418303548696,0.18214418303548696,0.0,0.0,0.0,0.0,22.588038100119388,0.0037645797419765667,13.55248707111564,15242.899902658723,4.234138861849642,2.1320841577634146,251945.42483883759,1783556857945424.8,1783556857832653.8
402.0,931.5561132537085,24288.0,160.55234879117626,-1002.2231981939898,55.2225707835678,1016.111599096995,0.16055234879117625,-1.0022231981939898,0.0552225707835678,1.0161115990969949,1.0167807611380577,1.0167807611380577,9.971213051214532,0.01678076113805768,0.16456305121453335,1.5744806912729885,0.9953749749999998,0.5791057162729887,0.32361945000000003,-9.82845212656909,-9.590903699999998,-0.23754842656909186,-0.18523808950987172,0.541548423774675,0.9289080223774675,-0.3873595986027924,-0.357942725,0.16055234879117625,1.5744806912729885,0.32361945000000003,0.32361945000000003,0.0,9.971213051214532,1.0167807611380577,43.66204933416988,-79.39423733416989,108.4,86.70632051399127,-44.17906086156713,1.0,1.6214385058825416,402.0,1.6214385058825416,1.6468918859504682,5.928810789421686,0.5978884009030051,1.6214385058825416,0.0,1.6468918859504682,5.928810789421686,-0.0630569396371794,-0.12242874009320086,0.12242874009320086,0.0,0.0,0.0,0.0,22.625634878706073,0.0037575746701227993,13.527268812442077,15251.169396096318,4.236435943360086,2.1644365779268253,252310.04140908786,1783556858310041.5,1783556858444514.2
403.0,944.3141480386819,24288.0,135.87140275725287,-1039.0845268336313,29.371703922636193,1049.170258328796,0.13587140275725287,-1.0390845268336313,0.029371703922636192,1.049170258328796,1.048375201229943,1.048375201229943,10.281048667141619,0.04837520122994299,0.4743986671416204,1.3324432918494138,0.9953749749999998,0.3370683168494139,0.3078585515411782,-10.18993827507303,-9.590903699999998,-0.5990345750730327,-0.16811231232942664,0.28803802027292025,0.926728425,-0.6386904047270797,-0.3571019862329425,0.13587140275725287,1.3324432918494138,0.3078585515411782,0.3078585515411782,-0.025471960241630807,10.281048667141619,1.048375201229943,43.66205668585196,-79.39424447152322,108.4,86.13153339883685,-43.36640592446499,1.0,1.6614715060030445,403.0,1.6614715060030445,1.6614715060030445,5.981297421610961,0.594,0.08517487193120062,0.0,1.6614715060030445,5.981297421610961,0.014579620052576391,-0.052407660653629076,0.05624309527257137,0.0,0.0,0.0,0.0,22.935502027563505,0.0037843578345479784,13.623688204372723,15272.878634093613,4.242466287248223,2.1210065280030683,253259.46225406392,1783556859259462.2,1783556859042865.8
404.0,936.2618675272174,24288.0,134.36160016135327,-969.6336074222502,45.47626494556518,980.725873981348,0.13436160016135326,-0.9696336074222501,0.045476264945565184,0.980725873981348,0.980170605305577,0.980170605305577,9.612190066519934,-0.019829394694423075,-0.19445993348006407,1.317637186222335,0.9953749749999998,0.3222622112223351,0.2955201301852792,-9.508857416227409,-9.590903699999998,0.08204628377258916,-0.06940494148223432,0.4459698136284267,0.926728425,-0.4807586113715733,-0.3472312491482234,0.13436160016135326,1.317637186222335,0.2955201301852792,0.2955201301852792,-0.03378066149139462,9.612190066519934,0.980170605305577,43.66206473813247,-79.39425000746607,108.4,85.68571147169635,-42.476306836603285,1.0,1.8326442911450387,404.0,1.8326442911450387,1.8326442911450387,6.5975194481221395,0.594,1.0851748719311922,0.0,1.8326442911450387,6.5975194481221395,0.18575240519457054,-0.0013279574560742871,0.05019351107584477,0.0,0.0,0.0,0.0,22.739928238501058,0.0037520881593526745,13.507517373669629,15279.623802951312,4.24433994526425,1.990949041455934,253558.40316805206,1783556859558403.2,1783556859546133.2
405.0,929.8681413926729,24288.0,122.1976434554518,-977.6923299162368,49.593508188510846,986.043952869109,0.1221976434554518,-0.9776923299162368,0.04959350818851085,0.9860439528691091,0.9866226191035657,0.9866226191035657,9.675462707631983,-0.013377380896434272,-0.13118729236801713,1.1983495201924061,0.9947284293942277,0.20362109079817856,0.2843928499999999,-9.587886487173062,-9.611594576009619,0.023708088836556784,-0.1700542439422799,0.4863461770768599,0.926943940201924,-0.44059776312506416,-0.36284605000000003,0.1221976434554518,1.1983495201924061,0.2843928499999999,0.2843928499999999,0.0,9.675462707631983,0.9866226191035657,43.66207283510452,-79.39425539557583,108.40439528691091,85.2517948769071,-41.581267547183465,1.0,1.99783987351138,405.0,1.99783987351138,1.99783987351138,7.192223544640968,0.5997802356544548,0.09816014023874635,0.004395286910903353,1.99783987351138,7.192223544640968,0.33599861264102227,0.04673583702896068,0.04673583702896068,0.19680643265354564,0.0,0.0,0.0,22.58463741814524,0.0037627317949782053,13.545834461921539,15299.848379774912,4.249957883270805,1.8645414761650703,254454.15195711987,1783556860454152.0,1783556860043952.8
406.0,928.5248404661828,24288.0,144.58599223028702,-974.5579610877598,35.26496497261631,986.4917198446058,0.144585992230287,-0.9745579610877598,0.0352649649726163,0.9864917198446057,0.9863086882929831,0.9863086882929831,9.672384098048383,-0.01369131170701686,-0.1342659019516169,1.417904220705144,0.9881417883788456,0.4297624323262985,0.2843928499999999,-9.557148829101278,-9.622572311035256,0.06542348193397653,-0.10418783378845828,0.3458311687487077,0.9291394872070514,-0.5833083184583436,-0.36284605000000003,0.144585992230287,1.417904220705144,0.2843928499999999,0.2843928499999999,0.0,9.672384098048383,0.9863086882929831,43.66208134267705,-79.39425942547861,108.44917198446058,84.92725774339347,-40.640840479490954,1.0,2.108120296834057,406.0,2.108120296834057,2.108120296834057,7.589233068602605,0.5975414007769713,1.098160140238741,0.049171984460571236,2.108120296834057,7.589233068602605,0.2939832580284851,0.06709116773494742,0.06709116773494742,2.2017590761081034,0.0,0.0,0.0,22.55201132524265,0.0037432920812904107,13.475851492645479,15305.846850085518,4.251624125023752,1.7716673233763556,254720.5733075404,1783556860720573.2,1783556860491719.8
407.0,927.1815395396927,24288.0,166.97434100512223,-971.4235922592829,20.93642175672177,986.9394868201024,0.16697434100512223,-0.9714235922592829,0.02093642175672177,0.9869394868201025,0.9859947574824005,0.9859947574824005,9.669305488464783,-0.014005242517599449,-0.13734451153521662,1.637458921217882,0.9815551473634634,0.6559037738544186,0.2843928499999999,-9.526411171029496,-9.633550046060892,0.10713887503139627,-0.03832142363463667,0.20531616042055556,0.9313350342121788,-0.7260188737916232,-0.36284605000000003,0.16697434100512223,1.637458921217882,0.2843928499999999,0.2843928499999999,0.0,9.669305488464783,0.9859947574824005,43.66208985024958,-79.39426345538139,108.49394868201024,84.60272060987984,-39.70041341179845,1.0,2.2184007201567333,407.0,2.2184007201567333,2.2184007201567333,7.986242592564241,0.5953025658994877,2.0981601402387358,0.09394868201023912,2.2184007201567333,7.986242592564241,0.2519679034159478,0.08744649844093415,0.08744649844093415,4.206711719562661,0.0,0.0,0.0,22.519385232340056,0.0037238523676026165,13.405868523369419,15311.845320396123,4.253290366776698,1.6787931705876407,254986.99465796095,1783556860986994.8,1783556860939486.8
408.0,927.372336441958,24288.0,111.91551505453995,-1010.8399992895143,45.435887379023484,1022.3719619860174,0.11191551505453995,-1.0108399992895143,0.04543588737902348,1.0223719619860174,1.0216551858844405,1.0216551858844405,10.019014828653647,0.021655185884440466,0.21236482865364797,1.0975162857096041,0.9970961792583767,0.10042010645122745,0.2843928499999999,-9.912954079032515,-9.635033624999998,-0.2779204540325166,-0.029419950000001194,0.4455738449655006,0.93163175,-0.48605790503449936,-0.36284605000000003,0.11191551505453995,1.0975162857096041,0.2843928499999999,0.2843928499999999,0.0,10.019014828653647,1.0216551858844405,43.6620980743924,-79.39426846803731,108.5,84.19904015596289,-38.79131666496289,1.0,2.2666194900042025,408.0,2.2666194900042025,2.2666194900042025,8.15983016401513,0.595,2.2666194900042025,0.06276635580418871,2.2666194900042025,8.15983016401513,0.1879021033938872,0.09019740651654473,0.09019740651654473,2.8104701301391732,0.0,0.0,0.0,22.52401930750228,0.0037227198577677377,13.401791487963855,15317.649332478462,4.2549025923551245,1.6546142689917207,255244.54018296505,1783556861244540.2,1783556861372336.5
409.0,927.8028550433958,24288.0,44.754613230264425,-1056.9054896433443,76.00270808109761,1063.2712291225953,0.04475461323026442,-1.0569054896433443,0.0760027080810976,1.0632712291225954,1.0629370514304717,1.0629370514304717,10.423851635410635,0.06293705143047176,0.6172016354106358,0.43889282783457273,1.0160949328509257,-0.5772021050163532,0.2843928499999999,-10.364702220010901,-9.635033624999998,-0.7296685950109039,-0.029419950000001194,0.7453319572034958,0.93163175,-0.18629979279650422,-0.36284605000000003,0.04475461323026442,0.43889282783457273,0.2843928499999999,0.2843928499999999,0.0,10.423851635410635,1.0629370514304717,43.66210625424582,-79.39427363426053,108.5,83.78299258249879,-37.88711566702331,1.0,2.3051403613567722,409.0,2.3051403613567722,2.3051403613567722,8.298505300884381,0.595,2.3051403613567722,0.019714495660424797,2.3051403613567722,8.298505300884381,0.12039064942330097,0.09019740651654473,0.09019740651654473,0.8827500095311356,0.0,0.0,0.0,22.534475743294,0.003724448074238869,13.408013067259928,15323.422958065217,4.256506377240334,1.6411698473176972,255500.69875082048,1783556861500698.8,1783556861802855.0
410.0,932.6306545254217,24288.0,123.24645625116091,-1008.5989155130782,106.108714228061,1022.9068163759478,0.12324645625116092,-1.0085989155130781,0.10610871422806101,1.0229068163759476,1.0227868316102402,1.0227868316102402,10.030112482210562,0.02278683161024017,0.22346248221056178,1.208634860195447,1.1050591458991363,0.10357571429631063,0.15396307560204092,-9.890976554816326,-9.6498197515989,-0.2411568032174269,0.01961329999999961,1.0405710223846143,0.926728425,0.11384259738461441,-0.28552183000392495,0.12324645625116092,1.208634860195447,0.15396307560204092,0.15396307560204092,-0.1806424339186603,10.030112482210562,1.0227868316102402,43.66211409250582,-79.39427966171574,108.5,83.29758805966645,-37.02067440707251,1.0,2.3645403434149,410.0,2.3645403434149,2.3645403434149,8.51234523629364,0.5992153950431435,0.5420756363466793,0.0,2.3645403434149,8.51234523629364,0.11196326508220533,0.09066896377035026,0.09066896377035026,0.0,0.0,0.0,0.0,22.651733337113445,0.0037703394968370625,13.573222188613425,15342.570052417486,4.261825014560409,1.5784658174603545,256346.23702588608,1783556862346237.0,1783556862215395.0
411.0,928.2597783677207,24288.0,134.7696752123725,-967.2742682039055,145.04924726939672,989.5292166262313,0.1347696752123725,-0.9672742682039055,0.14504924726939672,0.9895292166262314,0.9890160021772244,0.9890160021772244,9.698933777751277,-0.010983997822775551,-0.10771622224872185,1.3216390354214127,1.1264909722350955,0.1951480631863172,0.10330603153522878,-9.48572020228183,-9.677096621481029,0.1913764191992,0.01961329999999961,1.422447200734429,0.926728425,0.49571877573442913,-0.18810443756774764,0.1347696752123725,1.3216390354214127,0.10330603153522878,0.10330603153522878,-0.19676482262790854,9.698933777751277,0.9890160021772244,43.662121642201,-79.39428641670617,108.5,82.75359349003098,-36.18613110163369,1.0,2.441578184182056,411.0,2.441578184182056,2.441578184182056,8.789681463055404,0.5996127474211163,1.5420756363466765,0.0,2.441578184182056,8.789681463055404,0.15344779925026286,0.09153887420754236,0.09153887420754236,0.0,0.0,0.0,0.0,22.545573496995203,0.0037551527419312585,13.518549870952532,15347.920508359446,4.263311252322064,1.5317581883921627,256584.6484526698,1783556862584648.5,1783556862612747.5
412.0,938.9042185991543,24288.0,56.063173549387024,-885.197267510571,175.72998079995742,905.1493768101482,0.05606317354938703,-0.8851972675105709,0.1757299807999574,0.9051493768101482,0.9045759886070976,0.9045759886070976,8.870860118673793,-0.0954240113929023,-0.9357898813262053,0.5497919208880963,1.14737805,-0.5975861291119037,-0.0507239804142858,-8.68081978343254,-9.634798801331348,0.9539790178988079,0.01914365266269797,1.7233224162119023,0.926728425,0.7965939912119024,-0.09274049239642847,0.05606317354938703,0.5497919208880963,-0.0507239804142858,-0.0507239804142858,-0.17395016108381275,8.870860118673793,0.9045759886070976,43.662129191562805,-79.39429317240652,108.50095781400846,82.20954174757374,-35.35162464813357,1.0,2.517970734462274,412.0,2.517970734462274,2.5175287350313753,9.063103446112951,0.596,0.025417739137822287,0.0009578140084567259,2.5175287350313753,9.063103446112951,0.1928917385800274,0.09238667348816865,0.09238667348816865,0.03609320521473388,0.0,0.0,0.0,22.80410566133626,0.0037753463817101133,13.591246974156409,15366.856406929674,4.268571224147128,1.485833351794548,257418.7085714904,1783556863418708.5,1783556863009578.2
413.0,935.1359290464792,24288.0,97.89118758408154,-932.3008869190107,86.42151840155563,950.3688514422503,0.09789118758408155,-0.9323008869190107,0.08642151840155564,0.9503688514422504,0.9501143006970653,0.9501143006970653,9.317438406930874,-0.0498856993029347,-0.48921159306912454,0.9599846147214333,1.14737805,-0.18739343527856672,-0.11724171454942159,-9.142748492704316,-9.625560227145911,0.4828117344415968,0.0006665042918266341,0.8475055834326155,0.926728425,-0.07922284156738446,-0.07611105886264456,0.09789118758408155,0.9599846147214333,-0.11724171454942159,-0.11724171454942159,-0.22045305127895812,9.317438406930874,0.9501143006970653,43.66213672814191,-79.39429995532772,108.5386407095352,81.66329785035356,-34.51853119385969,1.0,2.5696211682913215,413.0,2.5696211682913215,2.5517897610731146,9.186443139863213,0.596,1.0254177391378303,0.038640709535206395,2.5517897610731146,9.186443139863213,0.15409396175148662,0.09238667348816865,0.09238667348816865,1.4560938204947333,0.0,0.0,0.0,22.712581444680886,0.003760194039174946,13.536698541029805,15371.923956367136,4.269978876768645,1.4699228155099677,257643.29862882986,1783556863643298.8,1783556863386407.0
414.0,931.367639493804,24288.0,139.71920161877605,-979.4045063274505,-2.8869439968461847,995.5883260743525,0.13971920161877605,-0.9794045063274505,-0.002886943996846164,0.9955883260743525,0.9956526127870329,0.9956526127870329,9.764016695187955,-0.0043473872129670965,-0.04263330481204386,1.3701773085547702,1.14737805,0.22279925855477023,-0.18375944868455737,-9.60467720197609,-9.616321652960476,0.011644450984385823,-0.017810644079044702,-0.028311249346671508,0.926728425,-0.9550396743466715,-0.05948162532886067,0.13971920161877605,1.3701773085547702,-0.18375944868455737,-0.18375944868455737,-0.2669559414741035,9.764016695187955,0.9956526127870329,43.662144264721015,-79.39430673824891,108.57632360506196,81.11705395313338,-33.685437739585794,1.0,2.621271602120369,414.0,2.621271602120369,2.5860507871148544,9.309782833613477,0.596,2.025417739137838,0.07632360506195607,2.5860507871148544,9.309782833613477,0.11529618492294585,0.09238667348816865,0.09238667348816865,2.876094435774733,0.0,0.0,0.0,22.62105722802551,0.0037450416966397786,13.482150107903204,15376.991505804597,4.2713865293901625,1.4540122792253878,257867.8886861693,1783556863867888.8,1783556863763236.0
415.0,930.2828938167107,24288.0,151.31799298653328,-1005.2938623072803,-46.02851807548087,1018.5833372183326,0.15131799298653328,-1.0052938623072802,-0.04602851807548086,1.0185833372183326,1.0187441493801304,1.0187441493801304,9.990467312518653,0.01874414938013034,0.18381731251865516,1.4839225959213866,1.14737805,0.3365445459213867,-0.22555295000000009,-9.858565054795688,-9.610516999999998,-0.24804805479568975,-0.060872176619115766,-0.4513855667849144,0.9253305482613726,-1.376716115046287,-0.04903325000000003,0.15131799298653328,1.4839225959213866,-0.22555295000000009,-0.22555295000000009,-0.2539562394374304,9.990467312518653,1.0187441493801304,43.66215170833139,-79.3943137083314,108.6,80.55573753678274,-32.86262104834483,1.0,2.6471459651147855,415.0,2.6471459651147855,2.6141551225503465,9.410958441181249,0.5958574562425877,2.6471459651147855,0.08574562425876531,2.6141551225503465,9.410958441181249,0.08453724624083575,0.09238667348816865,0.09238667348816865,3.231143400819143,0.0,0.0,0.0,22.59471092502027,0.00373977784969567,13.463200258904411,15382.107712454568,4.272807697904043,1.4414239342750308,258093.81353566033,1783556864093813.5,1783556864142543.8
416.0,933.7343736036022,24288.0,111.81772431433019,-995.3229207007047,-11.130222452466477,1004.0104225625685,0.1118177243143302,-0.9953229207007046,-0.011130222452466476,1.0040104225625683,1.0038919670276327,1.0038919670276327,9.844817158451534,0.0038919670276327083,0.03816715845153429,1.0965572861471262,1.14737805,-0.05082076385287382,-0.22555295000000009,-9.760783520289564,-9.610516999999998,-0.1502665202895663,-0.1454908122494154,-0.10915019601348036,0.9215697200111371,-1.0307199160246174,-0.04903325000000003,0.1118177243143302,1.0965572861471262,-0.22555295000000009,-0.22555295000000009,-0.1403741781887059,9.844817158451534,1.0038919670276327,43.66215899478872,-79.39432099478871,108.6,79.96894274249013,-32.057176055245804,1.0,2.6294488143562647,416.0,2.6294488143562647,2.6318522733088674,9.474668183911923,0.5954739584884886,2.6294488143562647,0.04739584884886156,2.6318522733088674,9.474668183911923,0.06736704841461486,0.09238667348816865,0.09238667348816865,1.786012820573356,0.0,0.0,0.0,22.67854046608429,0.0037512293789780573,13.504425764321008,15387.306168583817,4.274251713495501,1.4344513756226578,258321.99469934925,1783556864321994.8,1783556864526041.5
417.0,937.1858533904938,24288.0,72.31745564212709,-985.3519790941292,23.768073170547922,989.4375079068042,0.07231745564212709,-0.9853519790941292,0.02376807317054791,0.9894375079068042,0.9890397846751351,0.9890397846751351,9.699167004384412,-0.010960215324864922,-0.10748299561558658,0.7091919763728656,1.14737805,-0.43818607362713435,-0.22555295000000009,-9.66300198578344,-9.610516999999998,-0.05248498578344288,-0.23010944787971507,0.23308517475795376,0.9178088917609015,-0.6847237170029479,-0.04903325000000003,0.07231745564212709,0.7091919763728656,-0.22555295000000009,-0.22555295000000009,-0.02679211693998146,9.699167004384412,0.9890397846751351,43.662166281246044,-79.39432828124605,108.6,79.38214794819751,-31.25173106214678,1.0,2.611751663597744,417.0,2.611751663597744,2.6495494240673882,9.538377926642598,0.5950904607343895,2.611751663597744,0.009046073438957816,2.6495494240673882,9.538377926642598,0.050196850588393974,0.09238667348816865,0.09238667348816865,0.34088224032756953,0.0,0.0,0.0,22.762370007148313,0.003762680908260445,13.545651269737602,15392.504624713067,4.2756957290869595,1.4274788169702848,258550.1758630382,1783556864550175.8,1783556864909539.2
418.0,937.78105542648,24288.0,81.28400531031183,-957.0473614338002,125.31956720878439,969.2130448058563,0.08128400531031182,-0.9570473614338002,0.1253195672087844,0.9692130448058562,0.9688371769444925,0.9688371769444925,9.501047101282706,-0.03116282305550758,-0.3056028987172934,0.7971237906763693,1.0514586628019107,-0.2543348721255414,-0.32361945000000003,-9.385428507004777,-9.635033624999998,0.24960511799522211,-0.1887056913043006,1.2289651337680256,0.926728425,0.30223670876802555,0.07581270171503181,0.08128400531031182,0.7971237906763693,-0.32361945000000003,-0.32361945000000003,-0.11798943800318466,9.501047101282706,0.9688371769444925,43.6621738402164,-79.39433500589976,108.6,78.84059646168726,-30.416162479850446,1.0,2.646512179571511,418.0,2.646512179571511,2.679825217019441,9.647370781269988,0.59860947228676,0.7641166514726974,0.0,2.679825217019441,9.647370781269988,0.05941436721967061,0.09177782620902386,0.09177782620902386,0.0,0.0,0.0,0.0,22.776826274198346,0.0037872722638778583,13.63418014996029,15411.154380084492,4.2808762166901335,1.4001469427072963,259369.47279787555,1783556865369472.8,1783556865278105.5
419.0,941.4206246219946,24288.0,88.19918678178978,-947.9484384450135,110.03337658762261,959.0222510584151,0.08819918678178977,-0.9479484384450134,0.11003337658762262,0.959022251058415,0.9586153589645386,0.9586153589645386,9.400805309989593,-0.04138464103546137,-0.40584469001040724,0.8649385550536386,1.0157666815507165,-0.15082812649707783,-0.32361945000000003,-9.29619855387679,-9.635033624999998,0.3388350711232081,-0.10839873348911333,1.0790588125130092,0.926728425,0.1523303875130093,0.168611852968137,0.08819918678178977,0.8649385550536386,-0.32361945000000003,-0.32361945000000003,-0.058502802584527475,9.400805309989593,0.9586153589645386,43.662181483311706,-79.39434155712432,108.6,78.31301161615724,-29.57129472435087,1.0,2.697466414214924,419.0,2.697466414214924,2.713984045676603,9.77034256443577,0.5967896876890026,1.7641166514726876,0.0,2.713984045676603,9.77034256443577,0.07677778989058155,0.09098102734595584,0.09098102734595584,0.0,0.0,0.0,0.0,22.865224130819005,0.0037904030212998394,13.645450876679423,15416.12477056763,4.282256880713228,1.390324255562216,259586.02716500868,1783556865586027.2,1783556865642062.5
420.0,943.0177038377085,24288.0,35.224248610974726,-1098.462983589508,131.58691045346762,1106.4452797517993,0.03522424861097473,-1.098462983589508,0.13158691045346763,1.1064452797517994,1.1068919274354359,1.1068919274354359,10.854901720184715,0.10689192743543578,1.0482517201847161,0.3454318776408153,0.9804335128799141,-0.6350016352390987,-0.33342610000000006,-10.772242018018048,-9.635033624999998,-1.137208393018049,-0.029419950000001194,1.2904267753984981,0.926728425,0.3636983503984981,0.25970260965993547,0.03522424861097473,0.3454318776408153,-0.33342610000000006,-0.33342610000000006,-0.01635701043620566,10.854901720184715,1.1068919274354359,43.66218912982814,-79.39434810032174,108.6,77.78607321301361,-28.7260487975331,1.0,2.7479024268785985,420.0,2.7479024268785985,2.7479024268785985,9.892448736762955,0.596,0.016538720457219824,0.0,2.7479024268785985,9.892448736762955,0.09362468071118019,0.090167204119287,0.090167204119287,0.0,0.0,0.0,0.0,22.904013990810263,0.0037918867607008105,13.650792338522917,15434.744305115564,4.287428973643209,1.3805260543392495,260398.51716242477,1783556866398517.2,1783556866005901.2
421.0,944.0881516848877,24288.0,48.78325467524552,-1065.9927322250699,106.60979401928456,1072.9045805401822,0.048783254675245524,-1.06599273222507,0.10660979401928457,1.072904580540182,1.0730257568410744,1.0730257568410744,10.522788038325519,0.07302575684107426,0.7161380383255209,0.47840030446099646,0.9664368363725266,-0.48803653191153007,-0.33342610000000006,-10.453817627474981,-9.635033624999998,-0.8187840024749833,-0.029419950000001194,1.045484936519217,0.926728425,0.1187565115192169,0.24920510227939488,0.048783254675245524,0.47840030446099646,-0.33342610000000006,-0.33342610000000006,-0.010485921297200818,10.522788038325519,1.0730257568410744,43.66219697977902,-79.39435416619287,108.6,77.2975749696204,-27.858315227282432,1.0,2.7675227998076717,421.0,2.7675227998076717,2.7675227998076717,9.963082079307618,0.596,1.0165387204572198,0.0,2.7675227998076717,9.963082079307618,0.07975643394016485,0.08834104124678062,0.08834104124678062,0.0,0.0,0.0,0.0,22.930013028122552,0.0037961910457669557,13.66628776476104,15439.630529522654,4.288786258200734,1.3721838881436235,260611.17946806437,1783556866611179.5,1783556866362717.2
422.0,945.1585995320671,24288.0,62.34226073951632,-1033.522480860632,81.6326775851015,1039.363881328565,0.06234226073951632,-1.033522480860632,0.08163267758510151,1.0393638813285648,1.0391595862467127,1.0391595862467127,10.190674356466324,0.03915958624671277,0.3840243564663256,0.6113687312811777,0.9524401598651392,-0.34107142858396144,-0.33342610000000006,-10.135393236931916,-9.635033624999998,-0.5003596119319177,-0.029419950000001194,0.8005430976399357,0.926728425,-0.12618532736006433,0.23870759489885426,0.06234226073951632,0.6113687312811777,-0.33342610000000006,-0.33342610000000006,-0.004614832158195978,10.190674356466324,1.0391595862467127,43.6622048297299,-79.394360232064,108.6,76.80907672622719,-26.99058165703176,1.0,2.787143172736745,422.0,2.787143172736745,2.787143172736745,10.033715421852282,0.596,2.01653872045722,0.0,2.787143172736745,10.033715421852282,0.06588818716914953,0.08651487837427423,0.08651487837427423,0.0,0.0,0.0,0.0,22.956012065434845,0.0038004953308331015,13.681783190999166,15444.516753929742,4.290143542758258,1.3638417219479975,260823.84177370399,1783556866823841.8,1783556866719533.2
423.0,947.1067087038455,24288.0,71.45060781461639,-1008.7378058025636,66.3530542351254,1013.9591475433327,0.07145060781461637,-1.0087378058025636,0.0663530542351254,1.0139591475433327,1.013568666879253,1.013568666879253,9.939713167051424,0.01356866687925299,0.13306316705142632,0.7006911031252077,0.9414384,-0.24074729687479232,-0.332702559672629,-9.89233860327371,-9.63322477418157,-0.25911382909213954,-0.029419950000001194,0.6507011793148925,0.926728425,-0.27602724568510756,0.21887962976206293,0.07145060781461637,0.7006911031252077,-0.332702559672629,-0.332702559672629,0.001203894055525892,9.939713167051424,1.013568666879253,43.66221269695335,-79.39436625426985,108.6,76.32409494640602,-26.120938777493876,1.0,2.809763825863014,423.0,2.809763825863014,2.809763825863014,10.11514977310685,0.5963689029012817,2.809763825863014,0.0,2.809763825863014,10.11514977310685,0.058128894303247775,0.08375392660273881,0.08375392660273881,0.0,0.0,0.0,0.0,23.003327740998998,0.0038107205029635407,13.718593810668747,15449.392435563414,4.291497898767612,1.3567796583868592,261035.34212873408,1783556867035342.2,1783556867073780.5
424.0,952.2788872870884,24288.0,64.2095577980762,-1012.1859248580589,86.69695666254782,1018.4417023154766,0.0642095577980762,-1.012185924858059,0.08669695666254781,1.0184417023154766,1.0183766993683379,1.0183766993683379,9.986863858860511,0.018376699368337964,0.1802138588605115,0.6296806599805039,0.9414384,-0.31175774001949613,-0.32932110999907166,-9.926153100009284,-9.624771149997677,-0.3013819500116061,-0.029419950000001194,0.8502067100547744,0.926728425,-0.07652171494522556,0.16477643498514577,0.0642095577980762,0.6296806599805039,-0.32932110999907166,-0.32932110999907166,0.0068302662245064765,9.986863858860511,1.0183766993683379,43.66222062762717,-79.39437211607225,108.6,75.85203081752987,-25.244282092633362,1.0,2.8434059417545714,424.0,2.8434059417545714,2.8434059417545714,10.236261390316457,0.5980929624290294,2.8434059417545714,0.0,2.8434059417545714,10.236261390316457,0.07281070812564741,0.07755904854202464,0.07755904854202464,0.0,0.0,0.0,0.0,23.1289496144288,0.003842695922413405,13.833705320688258,15454.229388552745,4.292841496820204,1.3544200234638666,261242.57408396935,1783556867242574.0,1783556867418592.5
425.0,957.4510658703314,24288.0,56.96850778153602,-1015.6340439135543,107.04085908997023,1022.9242570876205,0.05696850778153602,-1.0156340439135543,0.10704085908997023,1.0229242570876205,1.023184731857423,1.023184731857423,10.034014550669596,0.02318473185742294,0.22736455066959665,0.5586702168358001,0.9414384,-0.3827681831641999,-0.32593966032551436,-9.959967596744857,-9.616317525813784,-0.34365007093107275,-0.029419950000001194,1.0497122407946564,0.926728425,0.12298381579465639,0.11067324020822862,0.05696850778153602,0.5586702168358001,-0.32593966032551436,-0.32593966032551436,0.012456638393487061,10.034014550669596,1.023184731857423,43.662228558301,-79.39437797787464,108.6,75.37996668865372,-24.36762540777285,1.0,2.8770480576461286,425.0,2.8770480576461286,2.8770480576461286,10.357373007526064,0.5998170219567771,2.8770480576461286,0.0,2.8770480576461286,10.357373007526064,0.08749252194804703,0.07136417048131047,0.07136417048131047,0.0,0.0,0.0,0.0,23.25457148785861,0.0038746713418632696,13.948816830707772,15459.066341542079,4.294185094872796,1.352060388540874,261449.80603920462,1783556867449806.0,1783556867763404.5
426.0,942.793265225059,24288.0,86.8629587378246,-1007.5959135035412,95.16836937352453,1016.2161178283641,0.0868629587378246,-1.0075959135035413,0.09516836937352452,1.0162161178283642,1.0159881112577118,1.0159881112577118,9.96343981126544,0.015988111257711796,0.15678981126543945,0.8518346343062876,0.9908018779033747,-0.1389672435970872,-0.32361945000000003,-9.8811404651595,-9.590903699999998,-0.29023676515950253,-0.02587204273381979,0.9332828895168742,0.9443143494193249,-0.011031459902450726,0.23045627499999988,0.0868629587378246,0.8518346343062876,-0.32361945000000003,-0.32361945000000003,0.0,9.96343981126544,1.0159881112577118,43.6622364808173,-79.39438386061296,108.6,74.90621654239118,-23.491870456172734,1.0,2.914194357161256,426.0,2.914194357161256,2.9083226736973593,10.469961625310493,0.595,0.31384153262485076,0.0,2.9083226736973593,10.469961625310493,0.09567216445381463,0.06711350244559489,0.06711350244559489,0.0,0.0,0.0,0.0,22.898562825786232,0.00378462357815078,13.624644881342808,15477.418555440212,4.299282932066723,1.3379347998053466,262248.50359554496,1783556868248503.5,1783556868103367.5
427.0,942.1345417820146,24288.0,83.23997980108025,-968.0725069208754,111.63645544963524,978.6688815748316,0.08323997980108025,-0.9680725069208754,0.11163645544963523,0.9786688815748317,0.9785513540220844,0.9785513540220844,9.596310635920673,-0.02144864597791562,-0.21033936407932607,0.8163053479162635,1.023101229167033,-0.20679588125076945,-0.32361945000000003,-9.493548249995602,-9.590903699999998,0.09735545000439594,-0.014567269791538764,1.0947796458351653,0.9378544791665934,0.156925166668572,0.23045627499999988,0.08323997980108025,0.8163053479162635,-0.32361945000000003,-0.32361945000000003,0.0,9.596310635920673,0.9785513540220844,43.66224438549862,-79.39438978912396,108.6,74.42878022019094,-22.618086983321028,1.0,2.9590019284157862,427.0,2.9590019284157862,2.9344211741199056,10.56391622683166,0.595,1.3138415326248558,0.0,2.9344211741199056,10.56391622683166,0.08963597048976743,0.06711350244559489,0.06711350244559489,0.0,0.0,0.0,0.0,22.88256375080157,0.003781979286590815,13.615125431726932,15481.897456484481,4.3005270712456865,1.319889856104823,262444.47381985065,1783556868444473.8,1783556868432729.0
428.0,941.4758183389702,24288.0,79.61700086433589,-928.5491003382098,128.10454152574593,941.1216453212993,0.07961700086433589,-0.9285491003382098,0.12810454152574594,0.9411216453212993,0.9411145967864569,0.9411145967864569,9.229181460575909,-0.05888540321354303,-0.5774685394240916,0.7807760615262396,1.0554005804306912,-0.2746245189044517,-0.32361945000000003,-9.105956034831705,-9.590903699999998,0.48494766516829435,-0.003262496849257737,1.2562764021534565,0.9313946089138617,0.3248817932395947,0.23045627499999988,0.07961700086433589,0.7807760615262396,-0.32361945000000003,-0.32361945000000003,0.0,9.229181460575909,0.9411145967864569,43.662252290179936,-79.39439571763495,108.6,73.95134389799071,-21.74430351046932,1.0,3.0038094996703166,428.0,3.0038094996703166,2.960519674542452,10.657870828352827,0.595,2.313841532624861,0.0,2.960519674542452,10.657870828352827,0.08359977652572023,0.06711350244559489,0.06711350244559489,0.0,0.0,0.0,0.0,22.866564675816907,0.0037793349950308495,13.605605982111058,15486.37635752875,4.30177121042465,1.3018449124042992,262640.44404415635,1783556868640444.0,1783556868762090.8
429.0,950.6272153371899,24288.0,59.34019171487349,-972.73528175331,137.83133036611397,984.1761047590949,0.059340191714873494,-0.97273528175331,0.13783133036611397,0.9841761047590948,0.9844456115853206,0.9844456115853206,9.654113556853185,-0.015554388414679328,-0.15253644314681503,0.5819284910806641,1.0695920782161328,-0.48766358713546865,-0.22555295000000009,-9.539274450806097,-9.595807025,0.05653257419390252,-0.01611734510289379,1.3516636159348514,0.9490835515351601,0.40258006439969124,0.23045627499999988,0.059340191714873494,0.5819284910806641,-0.22555295000000009,-0.22555295000000009,0.1494572743128282,9.654113556853185,0.9844456115853206,43.662260143511816,-79.39440177072716,108.6,73.4638747707787,-20.876196204511157,1.0,3.0308816146604904,429.0,3.0308816146604904,2.97937150872536,10.725737431411297,0.5955591769942151,0.27766600081656595,0.0,2.97937150872536,10.725737431411297,0.07185479886126629,0.06711350244559489,0.06711350244559489,0.0,0.0,0.0,0.0,23.088833806109665,0.0038196437769601297,13.750717597056466,15504.643155214531,4.306845320892922,1.286729982258404,263433.0108955872,1783556869433011.0,1783556869093196.2
430.0,949.2846503068519,24288.0,42.55812883564867,-1000.5935061328232,126.4195276082411,1010.0204815931011,0.04255812883564867,-1.0005935061328233,0.12641952760824107,1.010020481593101,1.0100204048745136,1.0100204048745136,9.90491660346265,0.010020404874513708,0.09826660346264982,0.417352674146114,1.0366769148292228,-0.6193242406831088,-0.22555295000000009,-9.812470306917449,-9.595807025,-0.21666328191745066,-0.09182222089278715,1.2397520604193573,0.9589581005512331,0.28079395986812417,0.23045627499999988,0.04255812883564867,0.417352674146114,-0.22555295000000009,-0.22555295000000009,0.09413767198188702,9.90491660346265,1.0100204048745136,43.66226786326074,-79.39440814791105,108.6,72.95030581086887,-20.022855158448667,1.0,3.011815840917074,430.0,3.011815840917074,2.97937150872536,10.725737431411297,0.5975730245397222,1.2776660008165646,0.0,2.97937150872536,10.725737431411297,0.04525871033462148,0.06711350244559489,0.06711350244559489,0.0,0.0,0.0,0.0,23.05622558665282,0.00382712102283836,13.777635682218097,15509.282872784333,4.308134131328978,1.279237333567035,263634.7312913955,1783556869634731.2,1783556869428837.5
431.0,947.9420852765139,24288.0,25.776065956423842,-1028.4517305123363,115.00772485036822,1035.8648584271073,0.025776065956423844,-1.0284517305123364,0.1150077248503682,1.0358648584271073,1.0355951981637068,1.0355951981637068,10.155719650072115,0.03559519816370674,0.3490696500721146,0.2527768572115639,1.0037617514423127,-0.7509848942307489,-0.22555295000000009,-10.085666163028803,-9.595807025,-0.48985913802880376,-0.16752709668268048,1.1278405049038633,0.9688326495673062,0.15900785533655715,0.23045627499999988,0.025776065956423844,0.2527768572115639,-0.22555295000000009,-0.22555295000000009,0.038818069650945836,10.155719650072115,1.0355951981637068,43.66227558300966,-79.39441452509493,108.6,72.43673685095904,-19.169514112386178,1.0,2.992750067173658,431.0,2.992750067173658,2.97937150872536,10.725737431411297,0.5995868720852291,2.2776660008165632,0.0,2.97937150872536,10.725737431411297,0.018662621807976655,0.06711350244559489,0.06711350244559489,0.0,0.0,0.0,0.0,23.023617367195968,0.0038345982687165905,13.804553767379726,15513.922590354136,4.309422941765034,1.271744684875666,263836.4516872038,1783556869836451.8,1783556869764478.8
432.0,945.1977416975599,24288.0,20.708405903527144,-1040.9912177127328,108.60200737994678,1047.4918450189662,0.020708405903527148,-1.040991217712733,0.10860200737994678,1.0474918450189663,1.047081639714267,1.047081639714267,10.268363162103919,0.04708163971426715,0.4617131621039179,0.2030800887538245,0.9806649999999999,-0.7775849112461755,-0.22555295000000009,-10.20863652518257,-9.595807025,-0.6128295001825712,-0.22064962500000007,1.065021875672555,0.975761675,0.08926020067255498,0.23045627499999988,0.020708405903527148,0.2030800887538245,-0.22555295000000009,-0.22555295000000009,0.0,10.268363162103919,1.047081639714267,43.66228310263469,-79.3944213028856,108.61001254612466,71.89090612629528,-18.338294762065445,1.0,2.979355054280236,432.0,2.979355054280236,2.97937150872536,10.725737431411297,0.6011001254612467,2.979355054280236,0.010012546124668236,2.97937150872536,10.725737431411297,0.0,0.06376688032440428,0.06376688032440428,0.33608089507716904,0.0,0.0,0.0,22.956962750350336,0.0038331649441699757,13.799393799011913,15518.538335730927,4.310705093258587,1.2653682564712738,264038.2755276705,1783556870038275.5,1783556870100125.5
433.0,939.1558657989962,24288.0,43.19761063706976,-1017.4950336627629,113.97256373422562,1025.6739598297083,0.04319761063706976,-1.017495033662763,0.11397256373422561,1.0256739598297084,1.0254267585972523,1.0254267585972523,10.056001322197744,0.025426758597252276,0.24935132219774403,0.4236238483540201,0.9806649999999999,-0.5570411516459799,-0.22555295000000009,-9.978217671868933,-9.595807025,-0.3824106468689337,-0.22064962500000007,1.1176890421442436,0.975761675,0.14192736714424348,0.23045627499999988,0.04319761063706976,0.4236238483540201,-0.22555295000000009,-0.22555295000000009,0.0,10.056001322197744,1.0254267585972523,43.6622901514899,-79.39442902306037,108.6435785233389,71.26918309177361,-17.559114306722115,1.0,2.9792998925338394,433.0,2.9792998925338394,2.97937150872536,10.725737431411297,0.601435785233389,2.9792998925338394,0.04357852333891381,2.97937150872536,10.725737431411297,0.0,0.05254769187164733,0.05254769187164733,1.4627557214243287,0.0,0.0,0.0,22.81021766852602,0.0038107704670995958,13.718773681558545,15523.0976891182,4.311971580310607,1.2616176154822656,264240.34271050023,1783556870240342.8,1783556870435785.2
434.0,933.1139899004324,24288.0,65.68681537061236,-993.998849612793,119.34312008850445,1003.8560746404507,0.06568681537061238,-0.9939988496127931,0.11934312008850445,1.0038560746404508,1.0037718774802373,1.0037718774802373,9.84363948229157,0.0037718774802373983,0.036989482291570175,0.6441676079542158,0.9806649999999999,-0.3364973920457842,-0.22555295000000009,-9.747798818555296,-9.595807025,-0.15199179355529624,-0.22064962500000007,1.170356208615932,0.975761675,0.194594533615932,0.23045627499999988,0.06568681537061238,0.6441676079542158,-0.22555295000000009,-0.22555295000000009,0.0,9.84363948229157,1.0037718774802373,43.662297200345115,-79.39443674323512,108.67714450055315,70.64746005725193,-16.779933851378786,1.0,2.9792447307874435,434.0,2.9792447307874435,2.97937150872536,10.725737431411297,0.6017714450055315,2.9792447307874435,0.07714450055315937,2.97937150872536,10.725737431411297,0.0,0.04132850341889039,0.04132850341889039,2.5894305477714887,0.0,0.0,0.0,22.663472586701705,0.003788375990029216,13.638153564105176,15527.65704250547,4.313238067362627,1.2578669744932574,264442.40989332995,1783556870442410.0,1783556870771445.0
435.0,943.1711329143538,24288.0,140.4689400048267,-917.6845316574155,81.04141332689775,932.6845316574155,0.14046894000482668,-0.9176845316574156,0.08104141332689775,0.9326845316574156,0.9321994707826146,0.9321994707826146,9.141753940150327,-0.0678005292173854,-0.6648960598496725,1.3775297304983334,0.976962123374861,0.4005676071234724,-0.17984631590600697,-8.999411012378193,-9.591366559578141,0.5919555471999475,-0.08825985000000003,0.7947447760022219,1.0149882749999999,-0.220243498997778,0.22119908343715272,0.14046894000482668,1.3775297304983334,-0.17984631590600697,-0.17984631590600697,0.07059455036782226,9.141753940150327,0.9321994707826146,43.66230407673583,-79.39444473751541,108.7,70.00366268821604,-16.01981762181658,1.0,3.0170660248540666,435.0,3.0170660248540666,3.0172148500710763,10.861973460255875,0.595,0.3190873216362297,0.0,3.0172148500710763,10.861973460255875,0.037843341345716146,0.03138005549385054,0.03138005549385054,0.0,0.0,0.0,0.0,22.907740476223825,0.0037861404398203263,13.630105583353174,15545.675350040374,4.318243152788988,1.2347625118573857,265231.1662645235,1783556871231166.2,1783556871094397.0
436.0,949.9753296565517,24288.0,126.26887723850078,-944.9013186262068,99.97483034866563,959.9013186262068,0.12626887723850078,-0.9449013186262069,0.09997483034866564,0.9599013186262069,0.9593294583178182,0.9593294583178182,9.407808232412432,-0.04067054168218172,-0.39884176758756723,1.2382746849709434,0.9653575362475786,0.2729171487233649,-0.1595382884332626,-9.266316516305691,-9.592817132969051,0.32650061666336067,-0.08825985000000003,0.9804181700387419,1.0149882749999999,-0.03457010496125801,0.19218761561894654,0.12626887723850078,1.2382746849709434,-0.1595382884332626,-0.1595382884332626,0.08522218120053124,9.407808232412432,0.9593294583178182,43.66231058509793,-79.39445331672,108.7,69.31276004981345,-15.300383275103844,1.0,3.1357133412217957,436.0,3.1357133412217957,3.1358135494855848,11.288928778148106,0.595,1.3190873216362224,0.0,3.1358135494855848,11.288928778148106,0.15644204076022486,0.024143289536606515,0.024143289536606515,0.0,0.0,0.0,0.0,23.073000806698328,0.0038134542999959734,13.728435479985503,15549.796655273138,4.31938795979809,1.205376615049806,265407.18787589774,1783556871407188.0,1783556871390231.8
437.0,956.7795263987496,24288.0,112.06881447217486,-972.1181055949982,118.90824737043351,987.1181055949982,0.11206881447217487,-0.9721181055949981,0.11890824737043353,0.9871181055949982,0.9864594458530219,0.9864594458530219,9.673862524674536,-0.013540554146978037,-0.1327874753254621,1.0990196394435534,0.9537529491202961,0.14526669032325745,-0.13923026096051822,-9.533222020233188,-9.594267706359961,0.061045686126773746,-0.08825985000000003,1.1660915640752618,1.0149882749999999,0.151103289075262,0.16317614780074033,0.11206881447217487,1.0990196394435534,-0.13923026096051822,-0.13923026096051822,0.0998498120332402,9.673862524674536,0.9864594458530219,43.66231709346003,-79.3944618959246,108.7,68.62185741141084,-14.58094892839111,1.0,3.2543606575895248,437.0,3.2543606575895248,3.2544122489000937,11.715884096040337,0.595,2.319087321636215,0.0,3.2544122489000937,11.715884096040337,0.27504074017473357,0.016906523579362485,0.016906523579362485,0.0,0.0,0.0,0.0,23.238261137172827,0.00384076816017162,13.826765376617832,15553.917960505902,4.320532766807191,1.1759907182422262,265583.209487272,1783556871583209.5,1783556871686066.2
438.0,963.5837231409474,24288.0,97.86875170584895,-999.3348925637895,137.84166439220138,1014.3348925637895,0.09786875170584897,-0.9993348925637894,0.1378416643922014,1.0143348925637896,1.0135894333882256,1.0135894333882256,9.939916816936643,0.013589433388225658,0.1332668169366431,0.9597645939161635,0.9421483619930137,0.017616231923149983,-0.11892223348777387,-9.800127524160686,-9.595718279750873,-0.20440924440981312,-0.08825985000000003,1.3517649581117819,1.0149882749999999,0.336776683111782,0.13416467998253412,0.09786875170584897,0.9597645939161635,-0.11892223348777387,-0.11892223348777387,0.11447744286594916,9.939916816936643,1.0135894333882256,43.66232360182213,-79.39447047512917,108.7,67.93095477300824,-13.861514581678374,1.0,3.3730079739572534,438.0,3.3730079739572534,3.3730109483146022,12.142839413932569,0.595,3.319087321636208,0.0,3.3730109483146022,12.142839413932569,0.3936394395892423,0.009669757622118455,0.009669757622118455,0.0,0.0,0.0,0.0,23.40352146764733,0.003868082020347267,13.925095273250161,15558.039265738664,4.321677573816292,1.1466048214346463,265759.23109864624,1783556871759231.0,1783556871981901.0
439.0,952.4465574619603,24288.0,78.03081644550942,-922.139019747431,108.23868695373484,932.7363962446892,0.07803081644550942,-0.922139019747431,0.10823868695373486,0.9327363962446892,0.9327225588548812,0.9327225588548812,9.14688368179422,-0.06727744114511881,-0.6597663182057794,0.7652209060953549,0.9522932345313344,-0.18707232843597954,-0.0753086464059966,-9.043094618006144,-9.595807025,0.5527124069938555,0.004903325000000791,1.0614589194148438,1.0149882749999999,0.046470644414843915,0.1161075232029983,0.07803081644550942,0.7652209060953549,-0.0753086464059966,-0.0753086464059966,0.06655182708645949,9.14688368179422,0.9327225588548812,43.66232925770411,-79.39448013180187,108.7,67.1532812044396,-13.236313387932972,1.0,3.383695617280386,439.0,3.383695617280386,3.383695617280386,12.18130422220939,0.5986163936549007,0.9388205728280911,0.0,3.383695617280386,12.18130422220939,0.2933878689753041,0.007512582190141797,0.007512582190141797,0.0,0.0,0.0,0.0,23.133021987636088,0.0038466263356073498,13.84785480818646,15575.982330975034,4.326661758604172,1.1448070091010258,266534.6491550668,1783556872534649.2,1783556872276721.2
440.0,951.8570491426309,24288.0,100.43213258002532,-898.853441133921,119.14459086132813,913.2826217068201,0.10043213258002534,-0.8988534411339211,0.11914459086132813,0.9132826217068201,0.9134848015004422,0.9134848015004422,8.95822572863431,-0.08651519849955774,-0.848424271365688,0.9849027729659053,0.9638554380508371,0.021047334915068272,-0.04062203584748866,-8.814741098495967,-9.595807025,0.7810659265040332,0.004903325000000791,1.1684093019702433,1.0149882749999999,0.15342102697024348,0.09876421792374426,0.10043213258002534,0.9849027729659053,-0.04062203584748866,-0.04062203584748866,0.12003106675474728,8.95822572863431,0.9134848015004422,43.66233485803314,-79.39448985868914,108.7,66.3699530987247,-12.617253016498033,1.0,3.3873479322929785,440.0,3.3873479322929785,3.3873479322929785,12.194452556254722,0.5971426228565773,1.9388205728280896,0.0,3.3873479322929785,12.194452556254722,0.17887464438373257,0.005686424683845612,0.005686424683845612,0.0,0.0,0.0,0.0,23.118704009576216,0.0038347841745869976,13.805223028513192,15580.03320912268,4.327787002534073,1.1448070091010258,266710.0278800673,1783556872710028.0,1783556872571475.5
441.0,951.2675408233016,24288.0,122.83344871454123,-875.567862520411,130.0504947689214,893.828847168951,0.12283344871454124,-0.8755678625204111,0.1300504947689214,0.8938288471689511,0.8942470441460033,0.8942470441460033,8.769567775474403,-0.10575295585399669,-1.0370822245255966,1.204584639836456,0.9754176415703397,0.22916699826611608,-0.005935425288980736,-8.58638757898579,-9.595807025,1.0094194460142107,0.004903325000000791,1.275359684525643,1.0149882749999999,0.2603714095256431,0.08142091264449022,0.12283344871454124,1.204584639836456,-0.005935425288980736,-0.005935425288980736,0.17351030642303505,8.769567775474403,0.8942470441460033,43.66234045836218,-79.39449958557641,108.7,65.58662499300979,-11.998192645063092,1.0,3.3910002473055707,441.0,3.3910002473055707,3.3910002473055707,12.207600890300055,0.5956688520582538,2.9388205728280883,0.0,3.3910002473055707,12.207600890300055,0.06436141979216109,0.003860267177549427,0.003860267177549427,0.0,0.0,0.0,0.0,23.104386031516345,0.0038229420135666454,13.762591248839923,15584.084087270323,4.328912246463974,1.1448070091010258,266885.4066050678,1783556872885406.5,1783556872866229.5
442.0,948.3666663170042,24288.0,126.18431282048142,-887.4607872961408,124.77646923072214,905.292159557203,0.12618431282048143,-0.8874607872961408,0.12477646923072214,0.905292159557203,0.9057685201162367,0.9057685201162367,8.882554857797892,-0.09423147988376329,-0.9240951422021073,1.237445391320974,0.9806649999999999,0.2567803913209742,0.012844789030864754,-8.703017329737698,-9.595047490242283,0.8920301605045851,-0.009527835396607188,1.2236391619814613,1.0149882749999999,0.20865088698146134,0.07051173596913513,0.12618431282048143,1.237445391320974,0.012844789030864754,0.012844789030864754,0.17224202907053174,8.882554857797892,0.9057685201162367,43.662345633333686,-79.3945097313733,108.7,64.76956115304844,-11.426151294949882,1.0,3.4132911569619533,442.0,3.4132911569619533,3.393596971115342,12.216949096015231,0.5951549019813527,3.4132911569619533,0.0,3.393596971115342,12.216949096015231,0.011410823332099753,0.0025619052726638305,0.0025619052726638305,0.0,0.0,0.0,0.0,23.033929591507395,0.003807972793654075,13.70870205715467,15588.016840915838,4.330004678032172,1.1432918292363135,267057.3215808862,1783556873057321.5,1783556873154902.0
443.0,943.5451482046226,24288.0,113.70508947078797,-928.5855006076306,106.05763420618196,942.4462108937904,0.11370508947078797,-0.9285855006076306,0.10605763420618196,0.9424462108937903,0.9428495656372304,0.9428495656372304,9.246195692856345,-0.05715043436276962,-0.5604543071436546,1.115066015658703,0.9806649999999999,0.13440101565870288,0.018407487924604407,-9.10631299953382,-9.593656815518848,0.4873438159850285,-0.03595065514187054,1.0400700984880542,1.0149882749999999,0.025081823488054433,0.06494903707539564,0.11370508947078797,1.115066015658703,0.018407487924604407,0.018407487924604407,0.12548097385018964,9.246195692856345,0.9428495656372304,43.6623504548518,-79.39452022526567,108.7,63.92446440223015,-10.893180682816263,1.0,3.4510699187080784,443.0,3.4510699187080784,3.3953165450793774,12.22313956228576,0.5954385206938457,3.4510699187080784,0.0,3.3953165450793774,12.22313956228576,0.009616062222225582,0.001702118290645984,0.001702118290645984,0.0,0.0,0.0,0.0,22.916824559593874,0.003790405125386133,13.645458451390079,15591.851438297315,4.331069843971472,1.1405176015687755,267226.35833353206,1783556873226358.2,1783556873438520.8
444.0,938.723630092241,24288.0,101.22586612109451,-969.7102139191204,87.33879918164178,979.6002622303777,0.10122586612109452,-0.9697102139191204,0.08733879918164178,0.9796002622303777,0.9799306111582241,0.9799306111582241,9.609836527914798,-0.020069388841775934,-0.19681347208520206,0.9926866399964315,0.9806649999999999,0.012021639996431577,0.023970186818344057,-9.50960866932994,-9.592266140795413,0.08265747146547198,-0.06237347488713389,0.8565010349946474,1.0149882749999999,-0.15848724000535253,0.05938633818165614,0.10122586612109452,0.9926866399964315,0.023970186818344057,0.023970186818344057,0.07871991862984754,9.609836527914798,0.9799306111582241,43.66235527636991,-79.39453071915804,108.7,63.079367651411864,-10.360210070682644,1.0,3.488848680454203,444.0,3.488848680454203,3.3970361190434133,12.229330028556289,0.5957221394063388,3.488848680454203,0.0,3.3970361190434133,12.229330028556289,0.007821301112351412,0.0008423313086281374,0.0008423313086281374,0.0,0.0,0.0,0.0,22.799719527680352,0.003772837457118191,13.582214845625488,15595.686035678793,4.332135009910771,1.1377433739012375,267395.3950861779,1783556873395395.0,1783556873722139.5
445.0,963.994026480922,24288.0,27.543590236093046,-1057.546012550076,134.89247665659698,1066.5758801454658,0.027543590236093044,-1.0575460125500762,0.13489247665659698,1.066575880145466,1.0664959877042883,1.0664959877042883,10.458752877820258,0.06649598770428837,0.6521028778202596,0.27011034918878185,0.9806649999999999,-0.710554650811218,0.029419950000000084,-10.370983603974205,-9.566240624472833,-0.8047429795013711,0.005020485421732247,1.3228433062044167,1.0149882749999999,0.3078550312044169,0.053936575000000264,0.027543590236093044,0.27011034918878185,0.029419950000000084,0.029419950000000084,0.0,10.458752877820258,1.0664959877042883,43.662360095576304,-79.39454121504669,108.7,62.23411013487373,-9.827494995511678,1.0,3.5251009743527093,445.0,3.5251009743527093,3.3987207816606695,12.235394813978411,0.5950298675953897,0.02030232342985998,0.0,3.3987207816606695,12.235394813978411,0.0060267605093143346,0.0,0.0,0.0,0.0,0.0,0.0,23.413486915168633,0.0038699231383301004,13.931723297988361,15613.45772287957,4.337071589688765,1.144819917860934,268159.58411144675,1783556874159584.0,1783556874005973.5
446.0,963.6997981331872,24288.0,54.31836987996148,-1035.18465812223,129.59636639737025,1045.6856674562937,0.054318369879961484,-1.03518465812223,0.12959636639737027,1.0456856674562938,1.0456176838468798,1.0456176838468798,10.254006659297003,0.04561768384687985,0.4473566592970043,0.5326812419833242,0.9806649999999999,-0.44798375801667567,0.029419950000000084,-10.151693627574367,-9.55902713840705,-0.5926664891673169,0.010791274274358916,1.270906206530771,1.0149882749999999,0.25591793153077114,0.053936575000000264,0.054318369879961484,0.5326812419833242,0.029419950000000084,0.029419950000000084,0.0,10.254006659297003,1.0456176838468798,43.66236480322987,-79.3945518072672,108.7,61.381094796786336,-9.307110970501231,1.0,3.4876928811118786,446.0,3.4876928811118786,3.3987207816606695,12.235394813978411,0.5965010093340638,1.0203023234298678,0.0,3.3987207816606695,12.235394813978411,0.0042428605620974825,0.0,0.0,0.0,0.0,0.0,0.0,23.40634069705885,0.0038783000940032348,13.961880338411646,15617.586807703403,4.338218557695385,1.145455744590461,268336.1211200877,1783556874336121.0,1783556874300201.8
447.0,963.4055697854524,24288.0,81.09314952382991,-1012.8233036943839,124.30025613814354,1024.7954547671218,0.08109314952382991,-1.012823303694384,0.12430025613814354,1.0247954547671216,1.0247393799894713,1.0247393799894713,10.049260440773748,0.024739379989471323,0.242610440773749,0.7952521347778666,0.9806649999999999,-0.1854128652221333,0.029419950000000084,-9.932403651174528,-9.551813652341266,-0.38058999883326267,0.016562063126985584,1.2189691068571253,1.0149882749999999,0.20398083185712534,0.053936575000000264,0.08109314952382991,0.7952521347778666,0.029419950000000084,0.029419950000000084,0.0,10.049260440773748,1.0247393799894713,43.66236951088344,-79.39456239948773,108.7,60.52807945869894,-8.786726945490784,1.0,3.4502847878710483,447.0,3.4502847878710483,3.3987207816606695,12.235394813978411,0.5979721510727379,2.0203023234298754,0.0,3.3987207816606695,12.235394813978411,0.0024589606148806295,0.0,0.0,0.0,0.0,0.0,0.0,23.399194478949067,0.0038866770496763696,13.99203737883493,15621.715892527236,4.339365525702006,1.1460915713199877,268512.65812872857,1783556874512658.2,1783556874594430.2
448.0,963.1113414377176,24288.0,107.86792916769835,-990.4619492665377,119.00414587891682,1003.9052420779497,0.10786792916769834,-0.9904619492665376,0.11900414587891682,1.0039052420779497,1.0038610761320628,1.0038610761320628,9.844514222250492,0.003861076132062796,0.037864222250493684,1.057823027572409,0.9806649999999999,0.07715802757240908,0.029419950000000084,-9.713113674774691,-9.544600166275483,-0.16851350849920843,0.022332851979612253,1.1670320071834794,1.0149882749999999,0.15204373218347958,0.053936575000000264,0.10786792916769834,1.057823027572409,0.029419950000000084,0.029419950000000084,0.0,9.844514222250492,1.0038610761320628,43.662374218536996,-79.39457299170824,108.7,59.67506412061155,-8.266342920480337,1.0,3.412876694630218,448.0,3.412876694630218,3.3987207816606695,12.235394813978411,0.599443292811412,3.0203023234298834,0.0,3.3987207816606695,12.235394813978411,0.0006750606676637766,0.0,0.0,0.0,0.0,0.0,0.0,23.39204826083928,0.0038950540053495045,14.022194419258215,15625.844977351067,4.340512493708626,1.1467273980495145,268689.19513736945,1783556874689195.2,1783556874888658.5
449.0,953.6489018228078,24288.0,115.29103771893178,-979.7622568126446,108.76818985743324,993.874778920586,0.11529103771893177,-0.9797622568126445,0.10876818985743324,0.993874778920586,0.9930301963119849,0.9930301963119849,9.738299574662927,-0.006969803688015159,-0.06835042533707386,1.1306188550463623,0.9806649999999999,0.14995385504636236,0.029419950000000084,-9.608185535771721,-9.54187045,-0.06631508577172093,0.024516624999998626,1.0666515690653975,1.0444082249999997,0.022243344065397814,0.053936575000000264,0.11529103771893177,1.1306188550463623,0.029419950000000084,0.029419950000000084,0.0,9.738299574662927,0.9930301963119849,43.66237849661704,-79.39458391370871,108.7,58.795490860817566,-7.793443952909189,1.0,3.3675866152500604,449.0,3.3675866152500604,3.3675866152500604,12.123311814900218,0.5951920474643583,0.6215815417692123,0.0,3.3675866152500604,12.123311814900218,-0.031134166410609003,-0.009080977166353026,0.009080977166353026,0.0,0.0,0.0,0.0,23.162224527472357,0.0038294565124297616,13.786043444747142,15643.830122401057,4.345508367333623,1.146968006620204,269465.4602887576,1783556875465460.2,1783556875192047.5
450.0,959.5192528187881,24288.0,135.06485160012846,-942.3773899435072,110.00405322500802,959.8885363122793,0.13506485160012843,-0.9423773899435071,0.11000405322500803,0.9598885363122792,0.9592257672854272,0.9592257672854272,9.406791370749634,-0.04077423271457282,-0.39985862925036547,1.3245337269443995,0.9806649999999999,0.3438687269443997,0.029419950000000084,-9.241565231089494,-9.54187045,0.30030521891050577,0.024516624999998626,1.0787712485590248,1.0444082249999997,0.03436302355902518,0.053936575000000264,0.13506485160012843,1.3245337269443995,0.029419950000000084,0.029419950000000084,0.0,9.406791370749634,0.9592257672854272,43.66238251317298,-79.39459503647903,108.7,57.89974915471255,-7.349453858941385,1.0,3.317497987582657,450.0,3.317497987582657,3.317497987582657,11.942992755297565,0.5955010133062519,1.6215815417692048,0.0,3.317497987582657,11.942992755297565,-0.08122279407801263,-0.02369044761572593,0.02369044761572593,0.0,0.0,0.0,0.0,23.304803612462724,0.0038550415371252558,13.87814953365092,15648.163956268425,4.346712210074558,1.146968006620204,269649.6039305262,1783556875649604.0,1783556875501013.2
451.0,965.3896038147684,24288.0,154.8386654813251,-904.9925230743697,111.23991659258282,925.9022937039724,0.15483866548132513,-0.9049925230743697,0.11123991659258282,0.9259022937039725,0.9254213382588695,0.9254213382588695,9.075283166836343,-0.07457866174113047,-0.7313668331636571,1.518448598842437,0.9806649999999999,0.5377835988424371,0.029419950000000084,-8.874944926407267,-9.54187045,0.6669255235927325,0.024516624999998626,1.0908909280526522,1.0444082249999997,0.04648270305265255,0.053936575000000264,0.15483866548132513,1.518448598842437,0.029419950000000084,0.029419950000000084,0.0,9.075283166836343,0.9254213382588695,43.66238652972893,-79.39460615924934,108.7,57.00400744860754,-6.905463764973581,1.0,3.2674093599152534,451.0,3.2674093599152534,3.2674093599152534,11.762673695694911,0.5958099791481457,2.621581541769197,0.0,3.2674093599152534,11.762673695694911,-0.13131142174541624,-0.03829991806509883,0.03829991806509883,0.0,0.0,0.0,0.0,23.447382697453094,0.0038806265618207495,13.970255622554697,15652.497790135792,4.347916052815493,1.146968006620204,269833.74757229484,1783556875833747.5,1783556875809979.2
452.0,967.8614325262783,24288.0,162.06620761387265,-893.5121822342971,108.07826759051416,915.1205997664151,0.16206620761387266,-0.8935121822342972,0.10807826759051416,0.9151205997664151,0.9147627735948354,0.9147627735948354,8.970758353673792,-0.08523722640516462,-0.8358916463262076,1.5893265748965841,0.9806649999999999,0.6086615748965843,0.029419950000000084,-8.76236124190797,-9.544971986865603,0.7826107449576334,0.01024955541822235,1.0598857428665156,1.0444082249999997,0.015477517866515918,0.053936575000000264,0.16206620761387266,1.5893265748965841,0.029419950000000084,0.029419950000000084,0.0,8.970758353673792,0.9147627735948354,43.662390518089964,-79.39461730125491,108.7,56.106716683902164,-6.464590335734281,1.0,3.212126903337952,452.0,3.212126903337952,3.212126903337952,11.563656852016626,0.5958734925029198,3.212126903337952,0.0,3.212126903337952,11.563656852016626,-0.16608485739164375,-0.05489682830674116,0.05489682830674116,0.0,0.0,0.0,0.0,23.507418473198246,0.0038909643612501763,14.007471700500634,15656.918271343693,4.349143964262132,1.150565546762859,270022.27196076274,1783556876022272.0,1783556876126507.5
453.0,964.9039438758133,24288.0,149.2504234618577,-923.4156785889986,97.89136223891255,941.4093877705483,0.1492504234618577,-0.9234156785889986,0.09789136223891254,0.9414093877705483,0.9410809396162525,0.9410809396162525,9.228851396487721,-0.058919060383747515,-0.5777986035122775,1.4636466652422269,0.9806649999999999,0.4829816652422271,0.029419950000000084,-9.055614364434803,-9.553028391330626,0.4974140268958222,-0.02680990512088255,0.9599863275002317,1.0444082249999997,-0.08442189749976806,0.053936575000000264,0.1492504234618577,1.4636466652422269,0.029419950000000084,0.029419950000000084,0.0,9.228851396487721,0.9410809396162525,43.66239446140816,-79.39462847398981,108.7,55.206951216943956,-6.028695941647769,1.0,3.1485470330274845,453.0,3.1485470330274845,3.1485470330274845,11.334769318898944,0.5955448826528681,3.1485470330274845,0.0,3.1485470330274845,11.334769318898944,-0.17639147158358445,-0.07466877771742333,0.07466877771742333,0.0,0.0,0.0,0.0,23.435586988855754,0.00387694391967666,13.956998110835976,15661.47717621663,4.350410326726837,1.159910345720374,270217.79482154344,1783556876217794.8,1783556876455117.2
454.0,961.9464552253484,24288.0,136.4346393098428,-953.3191749437002,87.70445688731093,967.6981757746814,0.1364346393098428,-0.9533191749437001,0.08770445688731093,0.9676981757746814,0.9673991056376696,0.9673991056376696,9.486944439301652,-0.03260089436233039,-0.3197055606983473,1.3379667555878698,0.9806649999999999,0.3573017555878698,0.029419950000000084,-9.348867486961637,-9.561084795795647,0.21221730883401102,-0.06386936565998744,0.8600869121339477,1.0444082249999997,-0.18432131286605205,0.053936575000000264,0.1364346393098428,1.3379667555878698,0.029419950000000084,0.029419950000000084,0.0,9.486944439301652,0.9673991056376696,43.66239840472637,-79.39463964672471,108.7,54.307185749985756,-5.592801547561257,1.0,3.0849671627170174,454.0,3.0849671627170174,3.0849671627170174,11.10588178578126,0.5952162728028164,3.0849671627170174,0.0,3.0849671627170174,11.10588178578126,-0.18669808577552516,-0.0944407271281055,0.0944407271281055,0.0,0.0,0.0,0.0,23.36375550451326,0.0038629234781031433,13.906524521171317,15666.036081089567,4.3516766891915415,1.169255144677889,270413.3176823242,1783556876413317.8,1783556876783727.2
455.0,911.5355688509754,24288.0,129.85366372051524,-975.0637683175506,118.16406756969124,991.9351633282724,0.12985366372051527,-0.9750637683175506,0.11816406756969124,0.9919351633282723,0.9917066865501942,0.9917066865501942,9.72532037765746,-0.008293313449805807,-0.0813296223425381,1.2734294313247907,1.044408225,0.22902120632479084,0.029419950000000084,-9.562109103571308,-9.563519556893452,0.0014104533221439008,-0.0750692667098887,1.1587936532323124,1.0444082249999997,0.11438542823231267,0.019298003970473727,0.12985366372051527,1.2734294313247907,0.029419950000000084,0.029419950000000084,0.0,9.72532037765746,0.9917066865501942,43.662402286584076,-79.39465085975222,108.7,53.40417542915821,-5.16370099686426,1.0,3.0290475434883537,455.0,3.0290475434883537,3.0290475434883537,10.904571156558072,0.6002982268709793,0.34185538631152274,0.0,3.0290475434883537,10.904571156558072,-0.184926198897426,-0.10745352913486705,0.10745352913486705,0.0,0.0,0.0,0.0,22.13937589625249,0.0036949994562542514,13.301998042515304,15684.050927093975,4.356680813081655,1.060353681245215,271212.5925019612,1783556877212592.5,1783556877116962.2
456.0,643.9825776991092,24288.0,114.79953122603683,-913.8208202150134,153.7465625566402,936.1664452237274,0.11479953122603684,-0.9138208202150134,0.1537465625566402,0.9361664452237273,0.9362014422640905,0.9362014422640905,9.180999873779141,-0.06379855773590948,-0.6256501262208566,1.125798822897814,1.044408225,0.08139059789781411,0.029419950000000084,-8.961520946561562,-9.55513145414192,0.593610507580358,-0.03648399405283843,1.5077387276960754,1.0444082249999997,0.46333050269607573,0.03271896837292619,0.11479953122603684,1.125798822897814,0.029419950000000084,0.029419950000000084,0.0,9.180999873779141,0.9362014422640905,43.6624060501172,-79.39466215035158,108.7,52.49491807177127,-4.747680045354789,1.0,2.9878755432555084,456.0,2.9878755432555084,2.9878755432555084,10.756351955719829,0.5982453906217323,1.3418553863115246,0.0,2.9878755432555084,10.756351955719829,-0.15990061838457686,-0.10745352913486705,0.10745352913486705,0.0,0.0,0.0,0.0,15.641048847155961,0.0026070790510057482,9.385484583620691,15685.143634914079,4.356984343031684,0.8069882851064509,271416.1654300115,1783556877416165.5,1783556877459101.5
457.0,376.4295865472428,24288.0,99.74539873155842,-852.5778721124764,189.3290575435892,880.3977271191824,0.09974539873155842,-0.8525778721124763,0.18932905754358917,0.8803977271191823,0.8806961979779868,0.8806961979779868,8.636679369900824,-0.11930380202201316,-1.1699706300991752,0.9781682144708373,1.044408225,-0.06624001052916262,0.029419950000000084,-8.360932789551816,-9.546743351390388,1.1858105618385721,0.0021012786042118453,1.8566838021598384,1.0444082249999997,0.8122755771598388,0.04613993277537866,0.09974539873155842,0.9781682144708373,0.029419950000000084,0.029419950000000084,0.0,8.636679369900824,0.8806961979779868,43.66240981365032,-79.39467344095095,108.7,51.585660714384325,-4.331659093845319,1.0,2.9467035430226627,457.0,2.9467035430226627,2.9467035430226627,10.608132754881586,0.5961925543724852,2.341855386311526,0.0,2.9467035430226627,10.608132754881586,-0.1348750378717277,-0.10745352913486705,0.10745352913486705,0.0,0.0,0.0,0.0,9.142721798059434,0.001519158645757245,5.468971124726082,15686.236342734182,4.357287872981712,0.5536228889676869,271619.7383580619,1783556877619738.2,1783556877801241.0
458.0,223.4080175778925,24288.0,75.11381708456675,-941.1109519362019,147.1453095289349,957.1109519362019,0.07511381708456674,-0.9411109519362019,0.1471453095289349,0.9571109519362019,0.956943794250926,0.956943794250926,9.384412859890844,-0.04305620574907401,-0.4222371401091567,0.7366149143123664,0.9901101317944154,-0.25349521748204906,0.19105067199140854,-9.229145716805153,-9.566387074999998,0.33724135819484463,0.2408104705909796,1.4430025496919292,1.0091758862034366,0.43382666348849264,0.012530329201288859,0.07511381708456674,0.7366149143123664,0.19105067199140854,0.19105067199140854,0.23501556975511892,9.384412859890844,0.956943794250926,43.66241377809613,-79.394684593415,108.7,50.68752770520685,-3.8934292539706803,1.0,2.9087725897055514,458.0,2.9087725897055514,2.9087725897055514,10.471581322939986,0.595,0.41906989760014257,0.0,2.9087725897055514,10.471581322939986,-0.11651893882491692,-0.11245789965579198,0.11245789965579198,0.0,0.0,0.0,0.0,5.426133930931853,0.0008968193580290145,3.2285496889044523,15690.57077092191,4.358491880811637,0.4064353034442133,272421.1639329933,1783556878421164.0,1783556878148174.8
459.0,231.54035444438895,24288.0,111.17896318815973,-938.9894727536376,109.31226410653832,954.9894727536376,0.11117896318815973,-0.9389894727536376,0.10931226410653833,0.9549894727536377,0.9547111488313296,0.9547111488313296,9.362518087686759,-0.04528885116867045,-0.44413191231324206,1.0902931793491664,1.0126484526055841,0.07764472674358236,0.22572501170089876,-9.20834111297946,-9.566387074999998,0.35804596202053834,0.2772185272859439,1.071987114800384,0.9953061503196404,0.07668096448074357,0.007329178244865274,0.11117896318815973,1.0902931793491664,0.22572501170089876,0.22572501170089876,0.2058774691589087,9.362518087686759,0.9547111488313296,43.66241802105449,-79.39469555439076,108.7,49.804815676590025,-3.424412636362665,1.0,2.875334494805192,459.0,2.875334494805192,2.875334494805192,10.351204181298693,0.595,1.4190698976001521,0.0,2.875334494805192,10.351204181298693,-0.10740832024140717,-0.12439951261721713,0.12439951261721713,0.0,0.0,0.0,0.0,5.623652128745318,0.0009294647268342956,3.3460730166034645,15691.812430427599,4.358836786229884,0.4064353034442133,272631.54395193094,1783556878631544.0,1783556878501754.5
460.0,239.6726913108854,24288.0,147.2441092917527,-936.8679935710734,71.47921868414177,952.8679935710734,0.1472441092917527,-0.9368679935710734,0.07147921868414177,0.9528679935710733,0.9524785034117331,0.9524785034117331,9.340623315482672,-0.04752149658826688,-0.4660266845173274,1.4439714443859666,1.0351867734167528,0.4087846709692138,0.260399351410389,-9.187536509153766,-9.566387074999998,0.37885056584623206,0.3136265839809082,0.7009716799088389,0.9814364144358444,-0.2804647345270056,0.00212802728844169,0.1472441092917527,1.4439714443859666,0.260399351410389,0.260399351410389,0.1767393685626985,9.340623315482672,0.9524785034117331,43.66242226401286,-79.39470651536655,108.7,48.92210364797321,-2.9553960187546497,1.0,2.8418963999048326,460.0,2.8418963999048326,2.8418963999048326,10.230827039657397,0.595,2.4190698976001617,0.0,2.8418963999048326,10.230827039657397,-0.09829770165789745,-0.13634112557864228,0.13634112557864228,0.0,0.0,0.0,0.0,5.821170326558785,0.0009621100956395768,3.4635963443024766,15693.05408993329,4.359181691648131,0.4064353034442133,272841.9239708686,1783556878841924.0,1783556878855334.5
461.0,247.070965623125,24288.0,128.75378074447906,-952.0576977356598,80.42579373875009,967.379203465139,0.12875378074447905,-0.9520576977356598,0.08042579373875008,0.967379203465139,0.9671279561002599,0.9671279561002599,9.484285370690614,-0.03287204389974007,-0.3223646293093859,1.2626432639378453,1.044408225,0.21823503893784535,0.2745862000000001,-9.336496621499407,-9.560842278468328,0.2243456569689219,0.3285227749999997,0.7887076101681135,0.9790885529190015,-0.19038094275088807,-0.001108959306333837,0.12875378074447905,1.2626432639378453,0.2745862000000001,0.2745862000000001,0.12754170398877793,9.484285370690614,0.9671279561002599,43.66242603548281,-79.3947177849427,108.7,48.01453933704181,-2.5384977301367826,1.0,2.7794272594850695,461.0,2.7794272594850695,2.7794272594850695,10.005938134146252,0.5968093180547221,2.7794272594850695,0.0,2.7794272594850695,10.005938134146252,-0.12196979799071066,-0.14122698227898223,0.14122698227898223,0.0,0.0,0.0,0.0,6.00085961305446,0.0009949947335782558,3.581981040881721,15694.426628202747,4.359562952278536,0.3994773576822054,273064.3773483747,1783556879064377.2,1783556879226164.8
462.0,253.9609280951491,24288.0,72.48575388961585,-979.2347719308658,121.76556857089449,993.4079505816743,0.07248575388961584,-0.9792347719308657,0.12176556857089449,0.9934079505816743,0.993467652769052,0.993467652769052,9.742589557027625,-0.006532347230947984,-0.06406044297237612,0.7108424183816011,1.044408225,-0.33356580661839885,0.2745862000000001,-9.603012676155824,-9.551457910346624,-0.051554765809199155,0.3285227749999997,1.1941123130257623,0.9847191737920244,0.2093931392337378,-0.0029858329306747667,0.07248575388961584,0.7108424183816011,0.2745862000000001,0.2745862000000001,0.06445351493530002,9.742589557027625,0.993467652769052,43.66242948046405,-79.3947292682135,108.7,47.08976571706227,-2.157689504367526,1.0,2.696855167231333,462.0,2.696855167231333,2.696855167231333,9.7086786020328,0.599871523597844,2.696855167231333,0.0,2.696855167231333,9.7086786020328,-0.16834274188718615,-0.14122698227898223,0.14122698227898223,0.0,0.0,0.0,0.0,6.168203021574981,0.0010280450567610585,3.700962204339811,15695.889795295147,4.359969387581981,0.38770128546231436,273295.1910911875,1783556879295191.0,1783556879608940.5
463.0,260.85089056717317,24288.0,16.21772703475264,-1006.4118461260719,163.1053434030389,1019.4366976982096,0.016217727034752633,-1.0064118461260718,0.1631053434030389,1.0194366976982097,1.0198073494378441,1.0198073494378441,10.000893743364633,0.019807349437844096,0.19424374336463374,0.1590415728253569,1.044408225,-0.885366652174643,0.2745862000000001,-9.86952873081224,-9.542073542224921,-0.32745518858732015,0.3285227749999997,1.599517015883411,0.9903497946650475,0.6091672212183636,-0.004862706555015696,0.016217727034752633,0.1590415728253569,0.2745862000000001,0.2745862000000001,0.001365325881822116,10.000893743364633,1.0198073494378441,43.66243292544528,-79.39474075148428,108.7,46.16499209708273,-1.7768812785982693,1.0,2.614283074977597,463.0,2.614283074977597,2.614283074977597,9.411419069919349,0.6029337291409658,2.614283074977597,0.0,2.614283074977597,9.411419069919349,-0.21471568578366163,-0.14122698227898223,0.14122698227898223,0.0,0.0,0.0,0.0,6.335546430095501,0.0010610953799438615,3.8199433677979013,15697.352962387546,4.360375822885426,0.3759252132424234,273526.0048340003,1783556879526004.8,1783556879991716.2
464.0,306.4594971494208,24288.0,124.58305061904298,-975.644769248497,42.67177114888313,987.0154296573635,0.12458305061904297,-0.975644769248497,0.042671771148883125,0.9870154296573634,0.9865915729874614,0.9865915729874614,9.675158249237487,-0.013408427012538617,-0.1314917507625118,1.2217423733532375,1.0719539640821756,0.14978840927106196,-0.010317902035570162,-9.567806776350771,-9.54187045,-0.025936326350772726,0.22555295000000086,0.4184671245371947,1.005806361972608,-0.5873392374354134,-0.0030669423945215617,0.12458305061904297,1.2217423733532375,-0.010317902035570162,-0.010317902035570162,-0.348840177802423,9.675158249237487,0.9865915729874614,43.66243562162476,-79.39475261005252,108.7,45.209994928800135,-1.478845599149145,1.0,2.612428194572794,464.0,2.612428194572794,2.612428194572794,9.404741500462059,0.5956254821767926,0.9783584550086639,0.0,2.612428194572794,9.404741500462059,-0.1349964500395937,-0.1285782221252514,0.1285782221252514,0.0,0.0,0.0,0.0,7.4432882667651326,0.0012313706220223575,4.4329342392804865,15703.308443572367,4.362030123214543,0.4608262821392314,274349.8381048084,1783556880349838.0,1783556880374517.8
465.0,338.61488660649036,24288.0,157.88684684243646,-959.9498767754035,5.539952371076609,974.7657574832417,0.15788684684243645,-0.9599498767754034,0.005539952371076601,0.9747657574832418,0.9745304172337058,0.9745304172337058,9.55687871616492,-0.02546958276629423,-0.2497712838350793,1.5483410465873793,1.1001090221196017,0.44823202446777766,-0.09102906840952482,-9.41389245907951,-9.54187045,0.12797799092048984,0.22555295000000086,0.054328373919818373,0.9964213426267995,-0.9420929687069811,-0.0011899385253598652,0.15788684684243645,1.5483410465873793,-0.09102906840952482,-0.09102906840952482,-0.352217112178728,9.55687871616492,0.9745304172337058,43.66243830124055,-79.39476447692243,108.7,44.25432920772173,-1.1826408700802857,1.0,2.6123588000120193,465.0,2.6123588000120193,2.6123588000120193,9.40449168004327,0.5952426799213513,1.9783584550086533,0.0,2.6123588000120193,9.40449168004327,-0.05248802229255897,-0.11564966808764292,0.11564966808764292,0.0,0.0,0.0,0.0,8.224278365898437,0.001359740704288961,4.89506653544026,15705.294436311955,4.362581787864428,0.5164204035132178,274577.605446796,1783556880577605.5,1783556880757320.0
466.0,809.1836639532313,24288.0,100.26905066268046,-894.2588903092509,124.61723286018962,910.1086363004151,0.10026905066268045,-0.8942588903092509,0.12461723286018961,0.9101086363004152,0.9100206292000841,0.9100206292000841,8.924253803345003,-0.08997937079991593,-0.8823961966549955,0.9833034856811752,1.162088025,-0.17878453931882488,-0.12083084210163951,-8.769683946651215,-9.54187045,0.7721865033487845,0.22555295000000086,1.2220775866283784,1.0113045538106273,0.21077303281775095,0.0,0.10026905066268045,0.9833034856811752,-0.12083084210163951,-0.12083084210163951,0.035609304830600944,8.924253803345003,0.9100206292000841,43.66244045076203,-79.39477650762026,108.7,43.285470056907556,-0.9450327661096203,1.0,2.5858476829325516,466.0,2.5858476829325516,2.5858476829325516,9.309051658557186,0.5957512700441787,0.36604364811921886,0.0,2.5858476829325516,9.309051658557186,-0.026621166282880415,-0.09842659550846197,0.09842659550846197,0.0,0.0,0.0,0.0,19.653452830096086,0.003250407808215843,11.701468109577036,15720.16140418439,4.366711501162327,0.572935571740968,275407.15240530146,1783556881407152.5,1783556881150254.0
467.0,621.1833082569732,24288.0,131.05513511075765,-908.6257297183536,71.66516760949682,924.0649945835435,0.13105513511075767,-0.9086257297183536,0.0716651676094968,0.9240649945835434,0.9238074998352733,0.9238074998352733,9.059456818259582,-0.07619250016472662,-0.7471931817404163,1.2852118407339115,1.162088025,0.12312381573391146,-0.06246189345811044,-8.910574512342492,-9.54187045,0.6312959376575074,0.22555295000000086,0.7027952159376718,1.0012409419755361,-0.29844572603786435,0.0,0.13105513511075767,1.2852118407339115,-0.06246189345811044,-0.06246189345811044,0.13289088590314937,9.059456818259582,0.9238074998352733,43.662441682205404,-79.39478882205404,108.7,42.29376101202457,-0.8089090148128699,1.0,2.513541759601085,467.0,2.513541759601085,2.513541759601085,9.048750334563906,0.5978036756740505,1.3660436481192255,0.0,2.513541759601085,9.048750334563906,-0.09885267741578115,-0.07376578340917617,0.07376578340917617,0.0,0.0,0.0,0.0,15.087300190945367,0.002501539943615682,9.005543797016454,15722.673785112482,4.367409384753463,0.6310459144959184,275653.44108088606,1783556881653441.0,1783556881560735.2
468.0,433.182952560715,24288.0,161.84121955883487,-922.9925691274562,18.713102358804022,938.0213528666718,0.16184121955883488,-0.9229925691274563,0.018713102358803996,0.9380213528666718,0.9375943704704627,0.9375943704704627,9.194659833174162,-0.06240562952953732,-0.6119901668258372,1.5871201957866479,1.162088025,0.4250321707866478,-0.00409294481458139,-9.051465078033768,-9.54187045,0.49040537196623035,0.22555295000000086,0.18351284524696543,0.9911773301404451,-0.8076644848934798,0.0,0.16184121955883488,1.5871201957866479,-0.00409294481458139,-0.00409294481458139,0.2301724669756978,9.194659833174162,0.9375943704704627,43.66244291364878,-79.39480113648783,108.7,41.30205196714159,-0.6727852635161196,1.0,2.4412358362696183,468.0,2.4412358362696183,2.4412358362696183,8.788449010570625,0.5998560813039223,2.366043648119232,0.0,2.4412358362696183,8.788449010570625,-0.17108418854868188,-0.049104971309890354,0.049104971309890354,0.0,0.0,0.0,0.0,10.521147551794646,0.0017526720790155207,6.309619484455874,15725.186166040572,4.3681072683446,0.6891562572508688,275899.72975647065,1783556881899729.8,1783556881971216.2
469.0,420.0,24288.0,187.28354174272775,-904.9151297190756,47.82597688318993,927.1673804258269,0.18728354174272774,-0.9049151297190756,0.04782597688318993,0.9271673804258269,0.9269460483063763,0.9269460483063763,9.090235464623724,-0.07305395169362368,-0.7164145353762745,1.8366241446313207,1.162088025,0.6745361196313208,0.0,-8.874185956859572,-9.526897758548765,0.6527118016891922,0.22180977713719238,0.4690126162015345,0.99047165,-0.5214590337984655,0.0,0.18728354174272774,1.8366241446313207,0.0,0.0,0.14653403081546035,9.090235464623724,0.9269460483063763,43.66244414509222,-79.39481345092217,108.7,40.31034287669427,-0.5366615062649269,1.0,2.436165557592045,469.0,2.436165557592045,2.436165557592045,8.77019600733136,0.598473210377526,2.436165557592045,0.0,2.436165557592045,8.77019600733136,-0.10891355537611633,-0.02932714262288301,0.02932714262288301,0.0,0.0,0.0,0.0,10.20096,0.001695833688925758,6.105001280132728,15727.68297236423,4.368800825656727,0.6941189960983435,276144.4916537486,1783556882144491.8,1783556882381697.5
470.0,420.0,24288.0,212.32289166435754,-884.3910724062644,83.1273554612254,914.4424648918839,0.21232289166435755,-0.8843910724062644,0.0831273554612254,0.9144424648918839,0.9144550721404169,0.9144550721404169,8.967740833205818,-0.08554492785958316,-0.8389091667941811,2.082176285540272,1.162088025,0.9200882605402718,0.0,-8.67291371021289,-9.510795978817029,0.837882268604139,0.21778433220425886,0.8152008804338261,0.99047165,-0.17527076956617393,0.0,0.21232289166435755,2.082176285540272,0.0,0.0,0.049252444936231043,8.967740833205818,0.9144550721404169,43.66244537653566,-79.39482576535656,108.7,39.31863378281096,-0.4005377485647107,1.0,2.436165508182058,470.0,2.436165508182058,2.436165508182058,8.770195829455409,0.5968312857925011,2.436165508182058,0.0,2.436165508182058,8.770195829455409,-0.03660767788200242,-0.009917538938216619,0.009917538938216619,0.0,0.0,0.0,0.0,10.20096,0.0016911811314216313,6.088252073117872,15730.178604209443,4.369494056724841,0.6950738825898105,276389.13841691735,1783556882389138.5,1783556882792178.5
471.0,430.38689019780446,24288.0,107.17611639567804,-987.5835372307373,81.30589538456225,997.3791672966722,0.10717611639567803,-0.9875835372307373,0.08130589538456225,0.9973791672966722,0.9978763860189539,0.9978763860189539,9.785824460952774,-0.002123613981046088,-0.020825539047225616,1.0510386618516758,1.1767979999999998,-0.12575933814832385,-0.08582712144709717,-9.68488609538381,-9.502643849999998,-0.1822422453838118,-0.03393259875519314,0.7973384589730174,0.99047165,-0.1931331910269827,0.0,0.10717611639567803,1.0510386618516758,-0.08582712144709717,-0.08582712144709717,-0.10725728214283685,9.785824460952774,0.9978763860189539,43.662446204369935,-79.39483813109801,108.7,38.322792814321126,-0.3090289474936464,1.0,2.4319990654153476,471.0,2.4319990654153476,2.4361654831664024,8.770195739399048,0.5952043699340651,0.49371256141551817,0.0,2.4361654831664024,8.770195739399048,-9.57707105687043e-08,-7.217626912197421e-05,7.217626912197421e-05,0.0,0.0,0.0,0.0,10.453236789124276,0.0017282778802631149,6.221800368947213,15738.936837157295,4.371926899210356,0.693706486026452,277229.80448070285,1783556883229804.5,1783556883204370.0
472.0,429.1450546641132,24288.0,67.02343413966045,-1004.9692347024151,110.28205783735845,1014.3509195904528,0.06702343413966044,-1.004969234702415,0.11028205783735845,1.0143509195904528,1.0148949590351868,1.0148949590351868,9.952719650022415,0.014894959035186877,0.14606965002241537,0.657275360405701,1.1767979999999998,-0.5195226395942988,-0.0411735511800279,-9.855381545494438,-9.502643849999998,-0.3527376954944397,0.09596869656719142,1.0814975424907312,0.99047165,0.09102589249073118,0.0,0.06702343413966044,0.657275360405701,-0.0411735511800279,-0.0411735511800279,0.04271283287628075,9.952719650022415,1.0148949590351868,43.662446618315116,-79.39485054945335,108.7,37.32271473222598,-0.26327144764442884,1.0,2.4235601110992797,472.0,2.4235601110992797,2.4361654831664024,8.770195739399048,0.5956183151119623,1.4937125614155131,0.0,2.4361654831664024,8.770195739399048,-4.594375515178778e-08,-3.465618741307023e-05,3.465618741307023e-05,0.0,0.0,0.0,0.0,10.423075087681982,0.0017244881183318933,6.208157225994816,15741.501466523132,4.3726392962564224,0.6946694307613975,277476.5158067295,1783556883476515.8,1783556883618315.0
473.0,419.5396270901555,24288.0,19.953748282956177,-952.1076556061086,205.71733480163607,975.6532327933461,0.01995374828295618,-0.9521076556061085,0.20571733480163606,0.975653232793346,0.9749393574143262,0.9749393574143262,9.560889049387201,-0.025060642585673754,-0.24576095061279749,0.1956794255990522,1.1770765228422984,-0.9813970972432462,0.02451662499999996,-9.336986540849644,-9.542566757105746,0.20558021625610284,0.21574630000000106,2.017397901332464,0.9900538657365522,1.0273440355959123,0.0,0.01995374828295618,0.1956794255990522,0.02451662499999996,0.02451662499999996,0.039700529823755853,9.560889049387201,0.9749393574143262,43.662447056802854,-79.39486296564849,108.7,36.32281061742352,-0.2148010130054604,1.0,2.4251009980632325,473.0,2.4251009980632325,2.4449086354487055,8.80167108761534,0.5998579928710117,0.07793372548326324,0.0,2.4449086354487055,8.80167108761534,0.008743152282303006,0.0003336602112963514,0.0003337771634953983,0.0,0.0,0.0,0.0,10.189778462765696,0.0016978767737145038,6.112356385372213,15750.152000350183,4.375042222319492,0.6917407999842089,278320.8988483496,1783556884320898.8,1783556884028401.5
474.0,426.46380640802147,24288.0,57.85451928601231,-966.3204447322546,137.93326358463182,984.0351340728681,0.05785451928601232,-0.9663204447322545,0.13793326358463182,0.9840351340728681,0.983469110902735,0.983469110902735,9.644537356434306,-0.01653088909726493,-0.1621126435656931,0.5673590215561726,1.1806503651111169,-0.6132913435549443,0.02451662499999996,-9.476366389333563,-9.551501362777792,0.07513497344422784,0.21574630000000106,1.3526632393322295,0.9846931023333244,0.36797013699890513,0.0,0.05785451928601232,0.5673590215561726,0.02451662499999996,0.02451662499999996,0.024809520370345603,9.644537356434306,0.983469110902735,43.662447785663836,-79.39487535628516,108.7,35.324964781914915,-0.13423272010191228,1.0,2.544717532152687,474.0,2.544717532152687,2.557095653688719,9.205544353279388,0.5980358404189416,1.0779337254832715,0.0,2.557095653688719,9.205544353279388,0.12093017052231675,0.0046157652265403646,0.004615838311911706,0.0,0.0,0.0,0.0,10.357952930038026,0.0017205213182112605,6.193876745560538,15752.458734451018,4.375682981791946,0.6726185506446523,278537.73499014595,1783556884537735.0,1783556884392832.0
475.0,433.3879857258875,24288.0,95.75529028906844,-980.5332338584006,70.14919236762756,992.4170353523901,0.09575529028906846,-0.9805332338584006,0.07014919236762757,0.9924170353523901,0.9919988643911439,0.9919988643911439,9.728185663481412,-0.008001135608856104,-0.0784643365185887,0.939038617513293,1.1842242073799354,-0.2451855898666424,0.02451662499999996,-9.615746237817484,-9.560435968449838,-0.05531026936764716,0.21574630000000106,0.687928577331995,0.9793323389300967,-0.2914037615981018,0.0,0.09575529028906846,0.939038617513293,0.02451662499999996,0.02451662499999996,0.009918510916935352,9.728185663481412,0.9919988643911439,43.66244851452481,-79.39488774692182,108.7,34.32711894640631,-0.05366442719836417,1.0,2.6643340662421418,475.0,2.6643340662421418,2.669282671928733,9.609417618943437,0.5962136879668717,2.0779337254832795,0.0,2.669282671928733,9.609417618943437,0.2331171887623305,0.008897870241784378,0.008897899460328014,0.0,0.0,0.0,0.0,10.526127397310356,0.0017431658627080173,6.275397105748862,15754.765468551852,4.376323741264399,0.6534963013050956,278754.57113194227,1783556884754571.2,1783556884757262.5
476.0,444.0,24288.0,119.55141882466954,-929.6296697539702,130.0,947.4774037569787,0.11955141882466955,-0.9296296697539703,0.13,0.9474774037569788,0.9467681309255267,0.9467681309255267,9.284623691140817,-0.053231869074473276,-0.5220263088591833,1.1723989214169457,1.211121275,-0.03872235358305441,0.05054661419818097,-9.116552800892773,-9.536503012063786,0.4199502111710133,0.21574630000000106,1.2748645,0.8776951749999999,0.39716932500000013,-0.2689765550478697,0.11955141882466955,1.1723989214169457,0.05054661419818097,0.05054661419818097,0.03805046789304527,9.284623691140817,0.9467681309255267,43.6624491152266,-79.39490014815759,108.7,33.328419542405655,0.012737148298586048,1.0,2.761751071369321,476.0,2.761751071369321,2.761751071369321,9.942303856929556,0.595,0.333926222532626,0.0,2.761751071369321,9.942303856929556,0.2901139990186594,0.020621852314130336,0.020621852314130336,0.0,0.0,0.0,0.0,10.783872,0.0017823344,6.41640384,15763.457667884786,4.378738241079104,0.6264085153335692,279562.559826821,1783556885562559.8,1783556885115226.5
477.0,444.0,24288.0,91.25600343719628,-982.4247740744996,130.0,996.8218476644016,0.0912560034371963,-0.9824247740744996,0.13,0.9968218476644016,0.9963634115302863,0.9963634115302863,9.77098724968348,-0.00363658846971375,-0.03566275031651833,0.894915686107381,1.211121275,-0.316205588892619,0.0403947885161237,-9.634295910677691,-9.520429288067195,-0.11386662261049574,0.21574630000000106,1.2748645,0.8776951749999999,0.39716932500000013,-0.16407435633327822,0.0912560034371963,0.894915686107381,0.0403947885161237,0.0403947885161237,0.0039266840878107515,9.77098724968348,0.9963634115302863,43.66244946029264,-79.39491257053507,108.7,32.32801754797794,0.0508807484087619,1.0,2.814887264999419,477.0,2.814887264999419,2.814887264999419,10.133594153997908,0.595,1.3339262225326285,0.0,2.814887264999419,10.133594153997908,0.23702436553272904,0.04718994912917935,0.04718994912917935,0.0,0.0,0.0,0.0,10.783872,0.0017823344,6.41640384,15765.671750957305,4.379353264154803,0.6219681370608118,279767.8741214008,1783556885767874.0,1783556885460292.8
478.0,444.0,24288.0,62.96058804972304,-1035.219878395029,130.0,1046.1662915718246,0.06296058804972304,-1.0352198783950288,0.13,1.0461662915718246,1.0459586921350459,1.0459586921350459,10.257350808226146,0.04595869213504579,0.45070080822614667,0.6174324507978164,1.211121275,-0.5936888242021836,0.03024296283406643,-10.15203902046261,-9.504355564070606,-0.6476834563920049,0.21574630000000106,1.2748645,0.8776951749999999,0.39716932500000013,-0.059172157618686716,0.06296058804972304,0.6174324507978164,0.03024296283406643,0.03024296283406643,-0.030197099717423764,10.257350808226146,1.0459586921350459,43.66244980535868,-79.39492499291256,108.7,31.32761555355023,0.08902434851893776,1.0,2.868023458629517,478.0,2.868023458629517,2.868023458629517,10.32488445106626,0.595,2.333926222532631,0.0,2.868023458629517,10.32488445106626,0.1839347320467986,0.07375804594422836,0.07375804594422836,0.0,0.0,0.0,0.0,10.783872,0.0017823344,6.41640384,15767.885834029825,4.379968287230503,0.6175277587880544,279973.18841598067,1783556885973188.5,1783556885805358.8
479.0,445.2474728259116,24288.0,55.73230978138103,-1057.5151630445305,119.32717693386763,1066.3765549527625,0.05573230978138103,-1.0575151630445305,0.11932717693386763,1.0663765549527626,1.0662290555357117,1.0662290555357117,10.456135167469286,0.0662290555357116,0.6494851674692861,0.5465472557175802,1.2077230723921595,-0.6611758166745793,0.02451662499999996,-10.370681073670644,-9.501745447454898,-0.8689356262157473,0.18991996018041313,1.170199859678513,0.8776951749999999,0.2925046846785131,-0.04213771233722206,0.05573230978138103,0.5465472557175802,0.02451662499999996,0.02451662499999996,-0.04259177625309493,10.456135167469286,1.0662290555357117,43.66245027721618,-79.39493740571558,108.7,30.32798461278583,0.1411834766804725,1.0,2.932240530015671,479.0,2.932240530015671,2.932240530015671,10.556065908056416,0.5956930404588398,2.932240530015671,0.0,2.932240530015671,10.556065908056416,0.16688897832899005,0.08950619637312733,0.08950619637312733,0.0,0.0,0.0,0.0,10.81417061999574,0.0017894601865545536,6.442056671596394,15770.049749651876,4.3805693749032955,0.6134907258997584,280172.16485506075,1783556886172164.8,1783556886138608.0
480.0,448.1091068664405,24288.0,75.76374806508372,-1040.3453588013567,94.84430792045325,1048.8887913717524,0.07576374806508371,-1.0403453588013567,0.09484430792045324,1.0488887913717524,1.0485545892058183,1.0485545892058183,10.28280786223524,0.04855458920581844,0.47615786223523937,0.742988559962453,1.1999277825411725,-0.4569392225787193,0.02451662499999996,-10.202302812889325,-9.516556498171772,-0.6857463147175527,0.13067575731291126,0.9301049322681127,0.8776951749999999,0.052409757268112867,-0.1387993064894611,0.07576374806508371,0.742988559962453,0.02451662499999996,0.02451662499999996,-0.026870183276314352,10.28280786223524,1.0485545892058183,43.66245091313486,-79.39494980612976,108.7,29.32935137304693,0.21147792716163671,1.0,3.0107956476712276,480.0,3.0107956476712276,3.0107956476712276,10.83886433161642,0.5972828371480224,3.0107956476712276,0.0,3.0107956476712276,10.83886433161642,0.1964820222968301,0.09125393137173393,0.09125393137173393,0.0,0.0,0.0,0.0,10.883673987572108,0.0018058063489289956,6.500902856144385,15772.148751352683,4.381152430931297,0.6099755997513683,280362.9404577627,1783556886362940.5,1783556886456567.5
481.0,450.97074090696947,24288.0,95.79518634878639,-1023.1755545581831,70.36143890703886,1031.401027790742,0.09579518634878639,-1.023175554558183,0.07036143890703886,1.031401027790742,1.0308801228759252,1.0308801228759252,10.109480557001193,0.0308801228759253,0.30283055700119277,0.939429864207326,1.1921324926901853,-0.25270262848285935,0.02451662499999996,-10.033924552108004,-9.531367548888648,-0.5025570032193581,0.07143155444540941,0.6900100048577126,0.8776951749999999,-0.18768517014228736,-0.23546090064170014,0.09579518634878639,0.939429864207326,0.02451662499999996,0.02451662499999996,-0.011148590299533773,10.109480557001193,1.0308801228759252,43.662451549053536,-79.39496220654392,108.7,28.33071813330803,0.28177237764280094,1.0,3.0893507653267847,481.0,3.0893507653267847,3.0893507653267847,11.121662755176423,0.5988726338372052,3.0893507653267847,0.0,3.0893507653267847,11.121662755176423,0.2260750662646701,0.09300166637034053,0.09300166637034053,0.0,0.0,0.0,0.0,10.953177355148474,0.0018221525113034374,6.559749040692375,15774.247753053489,4.381735486959299,0.6064604736029781,280553.7160604646,1783556886553716.0,1783556886774526.8
482.0,465.27540049913733,24288.0,130.5900083189557,-919.4162098163678,95.70857953536898,934.5080099827468,0.1305900083189557,-0.9194162098163677,0.09570857953536897,0.9345080099827469,0.9343441518564531,0.9343441518564531,9.162786076803085,-0.06565584814354689,-0.6438639231969141,1.2806505050810868,1.211121275,0.06952923008108686,0.02721738130486518,-9.016392973995682,-9.544571206304864,0.5281782323091819,0.029419949999999417,0.938580541500526,0.8112511936951348,0.12732934780539135,-0.17041018152432608,0.1305900083189557,1.2806505050810868,0.02721738130486518,0.02721738130486518,0.004539086226664239,9.162786076803085,0.9343441518564531,43.662452367200665,-79.3949745802065,108.7,27.334239261448754,0.3722103614839851,1.0,3.1472135578949185,482.0,3.1472135578949185,3.1472135578949185,11.329968808421706,0.595,0.29087400265359475,0.0,3.1472135578949185,11.329968808421706,0.22653740624017765,0.09473855317989816,0.09473855317989816,0.0,0.0,0.0,0.0,11.300608927323047,0.0018677395310436702,6.723862311757213,15783.076958362131,4.384188043989476,0.592007707683841,281338.62109899556,1783556887338621.0,1783556887091800.2
483.0,466.22220391444745,24288.0,146.37006524079064,-938.036676984133,56.88963950765503,953.4440782889487,0.14637006524079063,-0.938036676984133,0.05688963950765503,0.9534440782889488,0.953309050665671,0.953309050665671,9.348768201710502,-0.04669094933432907,-0.45788179828949815,1.4354000002935994,1.211121275,0.2242787252935994,0.03650235101761597,-9.198997378346448,-9.553856176017614,0.3548587976711678,0.029419949999999417,0.5578967832777451,0.801966223982384,-0.24406944070463882,-0.2168350300880799,0.14637006524079063,1.4354000002935994,0.03650235101761597,0.03650235101761597,0.0201440773405311,9.348768201710502,0.953309050665671,43.66245362960522,-79.39498688865089,108.7,26.34301255464154,0.5117565607507194,1.0,3.1546302276360856,483.0,3.1546302276360856,3.1546302276360856,11.356668819489908,0.595,1.2908740026535934,0.0,3.1546302276360856,11.356668819489908,0.1559815756899174,0.09644899303026185,0.09644899303026185,0.0,0.0,0.0,0.0,11.3236048886741,0.001871540252433636,6.737544908761089,15785.211443494736,4.384780956526311,0.5888969822751782,281526.4037763654,1783556887526403.8,1783556887407401.2
484.0,467.16900732975756,24288.0,162.15012216262556,-956.6571441518981,18.070699479941084,972.3801465951507,0.1621501221626256,-0.9566571441518982,0.01807069947994107,0.9723801465951507,0.9722739494748888,0.9722739494748888,9.534750326617917,-0.02772605052511124,-0.27189967338208215,1.590149495506112,1.211121275,0.37902822050611196,0.045787320730366746,-9.381601782697212,-9.563141145730366,0.18153936303315377,0.029419949999999417,0.17721302505496406,0.7926812542696333,-0.615468229214669,-0.2632598786518337,0.1621501221626256,1.590149495506112,0.045787320730366746,0.045787320730366746,0.03574906845439796,9.534750326617917,0.9722739494748888,43.66245489200977,-79.39499919709529,108.7,25.35178584783433,0.6513027600174537,1.0,3.1620468973772526,484.0,3.1620468973772526,3.1620468973772526,11.38336883055811,0.595,2.290874002653592,0.0,3.1620468973772526,11.38336883055811,0.0854257451396572,0.09815943288062554,0.09815943288062554,0.0,0.0,0.0,0.0,11.346600850025151,0.0018753409738236015,6.751227505764965,15787.345928627341,4.385373869063145,0.5857862568665153,281714.1864537352,1783556887714186.5,1783556887723002.5
485.0,388.00498145690943,24288.0,204.80548437863825,-947.7369057654707,45.24002514608644,971.3597233930492,0.20480548437863824,-0.9477369057654706,0.04524002514608644,0.9713597233930491,0.9707140421661422,0.9707140421661422,9.519452861608597,-0.029285957833857797,-0.28719713839140154,2.0084557033817725,1.1866046499999998,0.8218510533817729,0.19122967499999977,-9.294124126924952,-9.613907140472154,0.3197830135472029,0.029419949999999417,0.44365309259886854,0.7855407896852294,-0.34188769708636085,-0.3029973603147707,0.20480548437863824,2.0084557033817725,0.19122967499999977,0.19122967499999977,0.22060801131824054,9.519452861608597,0.9707140421661422,43.66245613715723,-79.39501150872948,108.7,24.36030225894925,0.7889413594319293,1.0,3.182226401590977,485.0,3.182226401590977,3.182226401590977,11.456015045727518,0.6009314213868324,0.12231762496304537,0.0,3.182226401590977,11.456015045727518,0.03636435673478012,0.10025248247310034,0.10025248247310034,0.0,0.0,0.0,0.0,9.423864989625418,0.0015731735338971565,5.663424722029763,15795.080460320172,4.387522350088932,0.5735172691261151,282500.5392946437,1783556888500539.2,1783556888034289.2
486.0,330.81765015282406,24288.0,186.86436083225854,-929.2351221082666,47.20233553397172,949.7743091263111,0.18686436083225852,-0.9292351221082666,0.04720233553397172,0.949774309126311,0.9493160586230684,0.9493160586230684,9.309610326295914,-0.05068394137693152,-0.49703967370408547,1.832513384155668,1.1866046499999998,0.6459087341556681,0.19122967499999977,-9.112683610223032,-9.601536196151569,0.48885258592853775,0.029419949999999417,0.4628967837642237,0.793788085898953,-0.3308913021347293,-0.29475006410104704,0.18686436083225852,1.832513384155668,0.19122967499999977,0.19122967499999977,0.1565691056099039,9.309610326295914,0.9493160586230684,43.662457258477446,-79.39502384325193,108.7,23.36697542897547,0.9128920968603962,1.0,3.2939848166563586,486.0,3.2939848166563586,3.2939848166563586,11.858345339962892,0.6003707612760081,1.122317624963044,0.0,3.2939848166563586,11.858345339962892,0.14153497731433068,0.1050909240503346,0.1050909240503346,0.0,0.0,0.0,0.0,8.034899086911793,0.0013405709188220776,4.8260553077594786,15795.85943188862,4.387738731080168,0.49553374975579567,282668.4569978356,1783556888668457.0,1783556888314619.2
487.0,273.63031884873874,24288.0,168.92323728587883,-910.7333384510625,49.164645921857,928.188894859573,0.1689232372858788,-0.9107333384510625,0.049164645921857,0.9281888948595729,0.9279180750799948,0.9279180750799948,9.09976779098323,-0.07208192492000523,-0.7068822090167693,1.656571064929563,1.1866046499999998,0.46996641492956337,0.19122967499999977,-8.931243093521111,-9.589165251830984,0.6579221583098727,0.029419949999999417,0.4821404749295789,0.8020353821126767,-0.31989490718309777,-0.2865027678873234,0.1689232372858788,1.656571064929563,0.19122967499999977,0.19122967499999977,0.09253019990156722,9.09976779098323,0.9279180750799948,43.66245837979767,-79.39503617777437,108.7,22.373648599001687,1.036842834288863,1.0,3.4057432317217398,487.0,3.4057432317217398,3.4057432317217398,12.260675634198265,0.5998101011651837,2.1223176249630424,0.0,3.4057432317217398,12.260675634198265,0.2467055978938812,0.10992936562756886,0.10992936562756886,0.0,0.0,0.0,0.0,6.645933184198167,0.0011079683037469984,3.988685893489195,15796.63840345707,4.3879551120714035,0.41755023038547623,282836.37470102747,1783556888836374.8,1783556888594949.5
488.0,216.44298754465333,24288.0,150.98211373949908,-892.2315547938584,51.12695630974229,906.6034805928348,0.15098211373949907,-0.8922315547938584,0.05112695630974229,0.9066034805928349,0.906520091536921,0.906520091536921,8.889925255670546,-0.09347990846307895,-0.9167247443294533,1.4806287457034584,1.1866046499999998,0.29402409570345867,0.19122967499999977,-8.74980257681919,-9.576794307510399,0.8269917306912076,0.029419949999999417,0.5013841660949341,0.8102826783264003,-0.30889851223146625,-0.27825547167359976,0.15098211373949907,1.4806287457034584,0.19122967499999977,0.19122967499999977,0.028491294193230543,8.889925255670546,0.906520091536921,43.662459501117894,-79.39504851229681,108.7,21.380321769027905,1.1607935717173299,1.0,3.5175016467871214,488.0,3.5175016467871214,3.5175016467871214,12.663005928433638,0.5992494410543593,3.122317624963041,0.0,3.5175016467871214,12.663005928433638,0.35187621847343176,0.11476780720480312,0.11476780720480312,0.0,0.0,0.0,0.0,5.256967281484541,0.0008753656886719195,3.1513164792189103,15797.41737502552,4.388171493062639,0.33956671101515673,283004.2924042194,1783556889004292.5,1783556888875279.5
489.0,192.0654248907605,24288.0,139.65152177189557,-885.9786462256981,64.48069157748016,899.7396640048128,0.13965152177189555,-0.8859786462256981,0.06448069157748015,0.8997396640048128,0.8997380837403495,0.8997380837403495,8.823416478912298,-0.10026191625965057,-0.9832335210877022,1.3695135959843594,1.1866046499999998,0.1829089459843596,0.19197597850035525,-8.68848249100924,-9.566812578997865,0.878330087988625,0.029419949999999417,0.6323395740582957,0.81395195,-0.18161237594170426,-0.2745862000000001,0.13965152177189555,1.3695135959843594,0.19197597850035525,0.19197597850035525,0.001254291597236103,8.823416478912298,0.8997380837403495,43.66246060881423,-79.39506084916002,108.7,20.386806431629736,1.2832383242640826,1.0,3.5793735029025773,489.0,3.5793735029025773,3.572473684047399,12.860905262570636,0.5983911857767082,3.5793735029025773,0.0,3.572473684047399,12.860905262570636,0.3432387318063114,0.108651571622541,0.108651571622541,0.0,0.0,0.0,0.0,4.664885039746792,0.000775371760165827,2.7913383365969766,15798.199454738944,4.38838873742748,0.2982554648963781,283169.56111571466,1783556889169561.0,1783556889152203.5
490.0,193.98478434166856,24288.0,133.61924921189885,-889.5431709202416,86.96461657383156,904.6751597357191,0.13361924921189883,-0.8895431709202416,0.08696461657383157,0.9046751597357191,0.9046707326300013,0.9046707326300013,8.871789240146002,-0.09532926736999865,-0.9348607598539973,1.3103572102838676,1.1866046499999998,0.1237525602838678,0.19332044181173008,-8.723438537104986,-9.558745799129618,0.8353072620246309,0.029419949999999417,0.8528315571237652,0.81395195,0.038879607123765314,-0.2745862000000001,0.13361924921189883,1.3103572102838676,0.19332044181173008,0.19332044181173008,0.003513893801227445,8.871789240146002,0.9046707326300013,43.662461705591056,-79.39507318789934,108.7,19.39314000614838,1.4044760348609913,1.0,3.6012614454229865,490.0,3.6012614454229865,3.5819316255005473,12.89495385180197,0.597294408947618,3.6012614454229865,0.0,3.5819316255005473,12.89495385180197,0.24338441995920118,0.09375519817896458,0.09375519817896458,0.0,0.0,0.0,0.0,4.711502442090446,0.0007816632595853019,2.8139877345070867,15798.984025620388,4.388606673783436,0.2863369256687554,283332.7066690418,1783556889332706.8,1783556889426397.8
491.0,195.9041437925766,24288.0,127.58697665190212,-893.1076956147851,109.44854157018298,909.6106554666255,0.12758697665190213,-0.8931076956147851,0.109448541570183,0.9096106554666256,0.9096033815196533,0.9096033815196533,8.920162001379708,-0.09039661848034673,-0.8864879986202923,1.251200824583376,1.1866046499999998,0.06459617458337599,0.19466490512310494,-8.758394583200731,-9.550679019261368,0.7922844360606367,0.029419949999999417,1.073323540189235,0.81395195,0.25937159018923484,-0.2745862000000001,0.12758697665190213,1.251200824583376,0.19466490512310494,0.19466490512310494,0.0057734960052187876,8.920162001379708,0.9096033815196533,43.662462802367884,-79.39508552663867,108.7,18.39947358066702,1.5257137454579002,1.0,3.623149387943396,491.0,3.623149387943396,3.5913895669536955,12.929002441033303,0.5961976321185276,3.623149387943396,0.0,3.5913895669536955,12.929002441033303,0.14353010811209094,0.07885882473538816,0.07885882473538816,0.0,0.0,0.0,0.0,4.7581198444341,0.0007879547590047768,2.8366371324171964,15799.768596501832,4.388824610139393,0.2744183864411327,283495.852222369,1783556889495852.2,1783556889700592.0
492.0,197.82350324348465,24288.0,121.5547040919054,-896.6722203093286,131.9324665665344,914.5461511975319,0.1215547040919054,-0.8966722203093287,0.1319324665665344,0.914546151197532,0.9145360304093052,0.9145360304093052,8.968534762613412,-0.08546396959069483,-0.8381152373865873,1.192044438882884,1.1866046499999998,0.005439788882884183,0.1960093684344798,-8.793350629296478,-9.54261223939312,0.7492616100966425,0.029419949999999417,1.2938155232547044,0.81395195,0.4798635732547044,-0.2745862000000001,0.1215547040919054,1.192044438882884,0.1960093684344798,0.1960093684344798,0.00803309820921013,8.968534762613412,0.9145360304093052,43.66246389914471,-79.39509786537799,108.7,17.405807155185663,1.6469514560548089,1.0,3.645037330463805,492.0,3.645037330463805,3.6008475084068436,12.963051030264637,0.5951008552894373,3.645037330463805,0.0,3.6008475084068436,12.963051030264637,0.04367579626498064,0.06396245129181177,0.06396245129181177,0.0,0.0,0.0,0.0,4.804737246777755,0.0007942462584242518,2.8592865303273065,15800.553167383276,4.38904254649535,0.26249984721351,283658.9977756962,1783556889658997.8,1783556889974786.2
493.0,255.30285410609665,24288.0,141.50422832848773,-1022.5887948982423,21.370507361900366,1032.8409090624862,0.14150422832848772,-1.0225887948982424,0.021370507361900364,1.0328409090624862,1.0328371354976293,1.0328371354976293,10.128672294827824,0.03283713549762925,0.32202229482782585,1.3876824407375639,1.192785638421955,0.1948968023156088,0.1961329999999999,-10.028170405488847,-9.4952888625,-0.5328815429888469,0.20593964999999947,0.20957308602058022,0.8065347638936536,-0.5969616778730735,-0.272113804631218,0.14150422832848772,1.3876824407375639,0.1961329999999999,0.1961329999999999,0.0,10.128672294827824,1.0328371354976293,43.66246551268498,-79.39511009302323,108.7,16.421087386901583,1.8253121980078393,1.0,3.635621009594797,493.0,3.635621009594797,3.6131462736501048,13.007326585140378,0.594,0.9080439276593828,0.0,3.6131462736501048,13.007326585140378,0.03722631444469618,0.05687483419650994,0.05687483419650994,0.0,0.0,0.0,0.0,6.200795720528875,0.0010231312938872644,3.6832726579941517,15805.214266128743,4.3903372961468685,0.3048713743596145,284417.75581356086,1783556890417755.8,1783556890252114.2
494.0,262.24398758445517,24288.0,142.0595190067564,-1034.2498991418847,37.19629169255774,1044.7796586452628,0.1420595190067564,-1.0342498991418847,0.03719629169255775,1.044779658645263,1.0449926512540346,1.0449926512540346,10.247877183420378,0.04499265125403469,0.4412271834203793,1.3931279820676075,1.1995925650845096,0.1935354169830979,0.1961329999999999,-10.142526773419762,-9.4952888625,-0.6472379109197617,0.20593964999999947,0.36477101392682143,0.7983664518985883,-0.433595437971767,-0.2693910339661961,0.1420595190067564,1.3931279820676075,0.1961329999999999,0.1961329999999999,0.0,10.247877183420378,1.0449926512540346,43.66246717855702,-79.39512230941816,108.7,15.437273631456065,2.0094576927065204,1.0,3.6230345589323685,494.0,3.6230345589323685,3.6257327243125332,13.05263780752512,0.594,1.9080439276593881,0.0,3.6257327243125332,13.05263780752512,0.04023578174050803,0.05057799664587524,0.05057799664587524,0.0,0.0,0.0,0.0,6.369381970451247,0.0010509480251244556,3.7834128904480404,15806.311803076438,4.390642167521228,0.3048713743596145,284582.67714500666,1783556890582677.2,1783556890529759.5
495.0,269.18512106281366,24288.0,142.61480968502508,-1045.911003385527,53.02207602321512,1056.7184082280394,0.14261480968502507,-1.045911003385527,0.053022076023215126,1.0567184082280394,1.0571481670104401,1.0571481670104401,10.367082072012932,0.05714816701044014,0.5604320720129328,1.398573523397651,1.2063994917470642,0.19217403165058697,0.1961329999999999,-10.256883141350677,-9.4952888625,-0.7615942788506764,0.20593964999999947,0.5199689418330625,0.7901981399035231,-0.2702291980704605,-0.2666682633011743,0.14261480968502507,1.398573523397651,0.1961329999999999,0.1961329999999999,0.0,10.367082072012932,1.0571481670104401,43.66246884442906,-79.39513452581308,108.7,14.453459876010548,2.1936031874052015,1.0,3.6104481082699404,495.0,3.6104481082699404,3.6383191749749613,13.097949029909861,0.594,2.9080439276593935,0.0,3.6383191749749613,13.097949029909861,0.04324524903631988,0.04428115909524055,0.04428115909524055,0.0,0.0,0.0,0.0,6.537968220373618,0.0010787647563616468,3.8835531229019287,15807.40934002413,4.390947038895588,0.3048713743596145,284747.59847645246,1783556890747598.5,1783556890807404.8
496.0,307.89044768150706,24288.0,205.15070728439562,-1020.1642702005652,18.958961588445852,1040.657430465306,0.2051507072843956,-1.020164270200565,0.018958961588445854,1.0406574304653062,1.0408424151726852,1.0408424151726852,10.207177270753212,0.04084241517268506,0.40052727075321193,2.011841183590518,1.1857986083149628,0.8260425752755554,0.1961329999999999,-10.004393940362371,-9.544288575055111,-0.46010536530726126,0.21077590011022163,0.18592390066133252,0.784532,-0.5986080993386674,-0.25591309146459273,0.2051507072843956,2.011841183590518,0.1961329999999999,0.1961329999999999,0.0,10.207177270753212,1.0408424151726852,43.66247032877351,-79.39514678089537,108.7,13.466530539648103,2.357682623450888,1.0,3.6120066244109523,496.0,3.6120066244109523,3.6536134016336743,13.153008245881228,0.6004246463578021,0.3063267041040941,0.0,3.6536134016336743,13.153008245881228,0.04817011916679694,0.03901595936486454,0.03901595936486454,0.0,0.0,0.0,0.0,7.4780431932884435,0.0012471406808053484,4.489706450899255,15813.027512439814,4.392507642344389,0.30889068917468526,285511.8228662094,1783556891511822.8,1783556891082193.5
497.0,314.0617923804161,24288.0,208.90717797068805,-1001.1135974343678,28.618457638912137,1023.2166737075197,0.20890717797068806,-1.0011135974343677,0.02861845763891214,1.0232166737075197,1.0233314853979671,1.0233314853979671,10.035453711277974,0.023331485397967092,0.228803711277974,2.048679576846248,1.1831672945109821,0.8655122823352658,0.1961329999999999,-9.817570660279742,-9.552182516467052,-0.2653881438126896,0.22656378293410598,0.2806511976046377,0.784532,-0.5038808023953624,-0.2269686396208051,0.20890717797068806,2.048679576846248,0.1961329999999999,0.1961329999999999,0.0,10.035453711277974,1.0233314853979671,43.66247140205085,-79.39515912358476,108.7,12.472546006156831,2.4763227006193493,1.0,3.645596255082373,497.0,3.645596255082373,3.6750393558718817,13.230141681138774,0.598546411014656,1.306326704104093,0.0,3.6750393558718817,13.230141681138774,0.057432396971790964,0.036086891605230875,0.036086891605230875,0.0,0.0,0.0,0.0,7.627932813335546,0.0012679948888119018,4.5647815997228465,15814.301091956653,4.3928614144324,0.32201169612974634,285671.20455104206,1783556891671204.5,1783556891350512.8
498.0,320.2331370793251,24288.0,212.66364865698048,-982.0629246681704,38.27795368937842,1005.7759169497334,0.21266364865698048,-0.9820629246681704,0.03827795368937842,1.0057759169497333,1.0058205556232491,1.0058205556232491,9.863730151802736,0.005820555623249131,0.05708015180273612,2.0855179701019777,1.1805359807070013,0.9049819893949763,0.1961329999999999,-9.630747380197112,-9.560076457878994,-0.07067092231811789,0.24235166575799033,0.3753784945479428,0.784532,-0.4091535054520572,-0.1980241877770174,0.21266364865698048,2.0855179701019777,0.1961329999999999,0.1961329999999999,0.0,9.863730151802736,1.0058205556232491,43.66247247532819,-79.39517146627416,108.7,11.47856147266556,2.594962777787811,1.0,3.6791858857537934,498.0,3.6791858857537934,3.6964653101100886,13.307275116396319,0.5966681756715098,2.306326704104092,0.0,3.6964653101100886,13.307275116396319,0.06669467477678498,0.03315782384559722,0.03315782384559722,0.0,0.0,0.0,0.0,7.7778224333826484,0.0012888490968184553,4.639856748546439,15815.574671473494,4.393215186520411,0.3351327030848074,285830.58623587474,1783556891830586.2,1783556891618832.0
499.0,326.4044817782341,24288.0,216.42011934327294,-963.012251901973,47.9374497398447,988.3351601919471,0.21642011934327293,-0.9630122519019729,0.0479374497398447,0.988335160191947,0.9883096258485312,0.9883096258485312,9.692006592327498,-0.011690374151468834,-0.11464340767250181,2.1223563633577074,1.1779046669030206,0.9444516964546867,0.1961329999999999,-9.443924100114483,-9.567970399290935,0.12404629917645382,0.2581395485818747,0.470105791491248,0.784532,-0.314426208508752,-0.16907973593322978,0.21642011934327293,2.1223563633577074,0.1961329999999999,0.1961329999999999,0.0,9.692006592327498,0.9883096258485312,43.662473548605526,-79.39518380896357,108.7,10.48457693917429,2.7136028549562727,1.0,3.7127755164252134,499.0,3.7127755164252134,3.717891264348296,13.384408551653866,0.5947899403283635,3.306326704104091,0.0,3.717891264348296,13.384408551653866,0.07595695258177901,0.030228756085963558,0.030228756085963558,0.0,0.0,0.0,0.0,7.927712053429751,0.0013097033048250087,4.714931897370032,15816.848250990333,4.393568958608422,0.3482537100398685,285989.9679207074,1783556891989968.0,1783556891887151.5
500.0,332.6781957623469,24288.0,194.70476017180306,-959.2912283894048,55.06516313528907,982.0728070973512,0.19470476017180305,-0.9592912283894046,0.055065163135289065,0.9820728070973511,0.9820017628398261,0.9820017628398261,9.63014758755318,-0.01799823716017394,-0.17650241244681977,1.9094014363388123,1.1715376781393805,0.7378637581994321,0.1953815254484828,-9.407433324884956,-9.559642544451485,0.15220921956652972,0.25576185538179524,0.5400047820606825,0.784532,-0.24452721793931753,-0.1569064,0.19470476017180305,1.9094014363388123,0.1953815254484828,0.1953815254484828,-0.0012651086725876824,9.63014758755318,0.9820017628398261,43.662474,-79.39519620313337,108.7,9.486446572233502,2.7635000000917387,1.0,3.7351484961836072,500.0,3.7351484961836072,3.726902502150945,13.416849007743403,0.594,3.7351484961836072,0.0,3.726902502150945,13.416849007743403,0.06761440431658056,0.027196067295823884,0.027196067295823884,0.0,0.0,0.0,0.0,8.080088018675882,0.0013332145230815205,4.7995722830934735,15818.16439417317,4.3939345539369885,0.35533571622027327,286148.0353451181,1783556892148035.2,1783556892153258.2
501.0,339.0262146230508,24288.0,154.5006407206782,-966.6972503935593,60.35517885254234,983.9243125983899,0.1545006407206782,-0.9666972503935592,0.06035517885254234,0.9839243125983897,0.9838256601714822,0.9838256601714822,9.648033910320665,-0.0161743398285178,-0.15861608967933408,1.515133708323439,1.1624591449285002,0.35267456339493886,0.19408459213264273,-9.480061590571998,-9.539540078055964,0.059478487483967085,0.24019865559171452,0.5918821146942842,0.784532,-0.19264988530571578,-0.1569064,0.1545006407206782,1.515133708323439,0.19408459213264273,0.19408459213264273,-0.003448498093193873,9.648033910320665,0.9838256601714822,43.662474,-79.3952086346703,108.7,8.48530694678104,2.7635000000917387,1.0,3.749379855531156,501.0,3.749379855531156,3.726902502150945,13.416849007743403,0.594,3.749379855531156,0.0,3.726902502150945,13.416849007743403,0.046493370532501424,0.02408816504816448,0.02408816504816448,0.0,0.0,0.0,0.0,8.234268700764657,0.0013586543356261687,4.8911556082542065,15819.511432247411,4.394308731179832,0.35803430596476593,286305.1488119205,1783556892305148.8,1783556892417759.0
502.0,345.3742334837547,24288.0,114.29652126955337,-974.1032723977139,65.6451945697956,985.7758180994284,0.11429652126955338,-0.9741032723977139,0.0656451945697956,0.9857758180994285,0.9856495575031383,0.9856495575031383,9.665920233088151,-0.014350442496861657,-0.14072976691184838,1.1208659803080656,1.15338061171762,-0.03251463140955424,0.19278765881680265,-9.55268985625904,-9.519437611660445,-0.03325224459859552,0.22463545580163383,0.643759447327886,0.784532,-0.140772552672114,-0.1569064,0.11429652126955338,1.1208659803080656,0.19278765881680265,0.19278765881680265,-0.0056318875138000645,9.665920233088151,0.9856495575031383,43.662474,-79.39522106620724,108.7,7.484167321328579,2.7635000000917387,1.0,3.7636112148787046,502.0,3.7636112148787046,3.726902502150945,13.416849007743403,0.594,3.7636112148787046,0.0,3.726902502150945,13.416849007743403,0.025372336748422278,0.02098026280050508,0.02098026280050508,0.0,0.0,0.0,0.0,8.388449382853434,0.0013840941481708168,4.98273893341494,15820.85847032165,4.394682908422676,0.36073289570925865,286462.26227872295,1783556892462262.2,1783556892682259.8
503.0,351.72225234445864,24288.0,74.09240181842853,-981.5092944018684,70.93521028704887,987.6273236004671,0.07409240181842855,-0.9815092944018684,0.07093521028704887,0.9876273236004671,0.9874734548347944,0.9874734548347944,9.683806555855636,-0.012526545165205516,-0.12284344414436267,0.7265982522926921,1.1443020785067397,-0.41770382621404734,0.19149072550096258,-9.625318121946082,-9.499335145264924,-0.12598297668115815,0.20907225601155316,0.6956367799614878,0.784532,-0.08889522003851222,-0.1569064,0.07409240181842855,0.7265982522926921,0.19149072550096258,0.19149072550096258,-0.007815276934406255,9.683806555855636,0.9874734548347944,43.662474,-79.39523349774417,108.7,6.483027695876117,2.7635000000917387,1.0,3.7778425742262534,503.0,3.7778425742262534,3.726902502150945,13.416849007743403,0.594,3.7778425742262534,0.0,3.726902502150945,13.416849007743403,0.004251302964343132,0.017872360552845676,0.017872360552845676,0.0,0.0,0.0,0.0,8.54263006494221,0.0014095339607154648,5.074322258575673,15822.205508395888,4.3950570856655204,0.3634314854537513,286619.37574552535,1783556892619375.8,1783556892946760.5
504.0,1262.648476145608,24288.0,137.40142576898847,-922.367082515955,61.13024416719165,934.8336303685393,0.13740142576898845,-0.922367082515955,0.06113024416719165,0.9348336303685393,0.9348614154278163,0.9348614154278163,9.167858699605194,-0.06513858457218367,-0.638791300394805,1.3474476920174505,1.1790856357492727,0.1683620562681779,0.1649131251224552,-9.04533114975509,-9.513018039556865,0.4676868898017754,0.12415667196349436,0.59948290896219,0.7372986748775449,-0.13781576591535483,-0.15314689287463634,0.13740142576898845,1.3474476920174505,0.1649131251224552,0.1649131251224552,-0.030862675688580327,9.167858699605194,0.9348614154278163,43.662472833630375,-79.3952457975049,108.7,5.492500304390989,2.6345695009891448,1.0,3.6974838117523054,504.0,3.6974838117523054,3.6562304209902186,13.162429515564787,0.5959330957051686,0.7987170984240514,0.0,3.6562304209902186,13.162429515564787,-0.0706720811607267,-0.010319180522970262,0.03676631223980524,0.0,0.0,0.0,0.0,30.667206188624526,0.00507261778649386,18.2614240313779,15845.636313492663,4.401565642636847,0.4622774488866398,287385.731081849,1783556893385731.0,1783556893233274.0
505.0,1024.3268924084186,24288.0,130.39196742377703,-920.3226571652683,76.3174039151498,933.3733265466202,0.130391967423777,-0.9203226571652683,0.0763174039151498,0.9333733265466203,0.9330814843016598,0.9330814843016598,9.150403538026872,-0.06691851569834023,-0.6562464619731282,1.2787083873363827,1.1819497734443172,0.09675861389206558,0.1749376070551108,-9.025282185889779,-9.535215106693459,0.5099329208036812,0.021763749365654256,0.7484180691045037,0.727274192944889,0.021143876159614716,-0.15457896172215863,0.130391967423777,1.2787083873363827,0.1749376070551108,0.1749376070551108,0.0027205552638215405,9.150403538026872,0.9330814843016598,43.66247137332655,-79.395258064057,108.7,4.504647278146523,2.473147516462975,1.0,3.5932876051842975,505.0,3.5932876051842975,3.56774842742808,12.843894338741087,0.5971013387627038,1.7987170984240541,0.0,3.56774842742808,12.843894338741087,-0.15915407472286522,-0.04483199306696503,0.06120490170746141,0.0,0.0,0.0,0.0,24.87885156281567,0.004120952069467664,14.835427450083591,15848.342958046693,4.402317488346299,0.572579589927905,287560.6754797149,1783556893560675.5,1783556893525334.8
506.0,786.0053086712292,24288.0,123.38250907856556,-918.2782318145817,91.50456366310794,931.9130227247011,0.12338250907856556,-0.9182782318145817,0.09150456366310794,0.9319130227247012,0.9313015531755032,0.9313015531755032,9.132948376448548,-0.06869844682449677,-0.6737016235514512,1.2099690826553149,1.1848139111393616,0.02515517151595323,0.18496208898776642,-9.005233222024467,-9.557412173830054,0.5521789518055872,-0.08062917323218588,0.8973532292468176,0.7172497110122333,0.18010351823458426,-0.1560110305696809,0.12338250907856556,1.2099690826553149,0.18496208898776642,0.18496208898776642,0.03630378621622341,9.132948376448548,0.9313015531755032,43.662469913022726,-79.39527033060912,108.7,3.5167942519020574,2.3117255319368053,1.0,3.4890913986162895,506.0,3.4890913986162895,3.4792664338659414,12.52535916191739,0.598269581820239,2.798717098424057,0.0,3.4792664338659414,12.52535916191739,-0.24763606828500373,-0.0793448056109598,0.08564349117511758,0.0,0.0,0.0,0.0,19.090496937006815,0.0031692863524414674,11.409430868789284,15851.04960260072,4.403069334055751,0.6828817309691703,287735.6198775808,1783556893735620.0,1783556893817395.5
507.0,982.5016777804165,24288.0,46.88047125609601,-1034.5900424570168,127.58972573774574,1043.8252993135732,0.04688047125609601,-1.0345900424570167,0.12758972573774574,1.043825299313573,1.0443246144444631,1.0443246144444631,10.241325980241793,0.04432461444446305,0.43467598024179344,0.459740373443594,1.1767979999999998,-0.7170576265564058,0.14075682843356144,-10.145862439861101,-9.571290399999999,-0.5745720398611034,-0.14464808749999847,1.2512277839060642,0.7109821249999999,0.5402456589060644,-0.15632962958691288,0.04688047125609601,0.459740373443594,0.14075682843356144,0.14075682843356144,-0.07817416443573853,10.241325980241793,1.0443246144444631,43.66246841185786,-79.3952825875087,108.71176284282782,2.5297185643568882,2.1457867675863187,1.0,3.39596382710961,507.0,3.39596382710961,3.39596382710961,12.225469777594597,0.594,0.3747720775658106,0.011762842827817165,3.39596382710961,12.225469777594597,-0.2953022626817597,-0.11490212982849016,0.11490212982849016,0.3691963187082435,0.0,0.0,0.0,23.863000749930755,0.003937395123738575,14.17462244545887,15867.656401536015,4.4076823337599995,1.415320501292161,288508.8712863972,1783556894508871.2,1783556894117628.5
508.0,2440.7257838291216,24288.0,78.58099530063308,-1004.1449847112732,102.48039976187479,1014.0079747172263,0.07858099530063309,-1.0041449847112731,0.10248039976187479,1.0140079747172264,1.0144678588901945,1.0144678588901945,9.948531228385527,0.014467858890194495,0.14188122838552575,0.7706163175649534,1.1767979999999998,-0.4061816824350464,0.0976651134068383,-9.847298414318807,-9.571290399999999,-0.2760080143188075,-0.14464808749999847,1.0049894123247896,0.7109821249999999,0.29400728732478953,-0.1547906397645299,0.07858099530063309,0.7706163175649534,0.0976651134068383,0.0976651134068383,-0.1325828955300862,9.948531228385527,1.0144678588901945,43.662466842524985,-79.39529482830513,108.74314950029766,1.5439397019731498,1.9723127116954575,1.0,3.321301931457241,508.0,3.321301931457241,3.321301931457241,11.956686953246068,0.594,1.3747720775658172,0.04314950029765406,3.321301931457241,11.956686953246068,-0.2748759314015398,-0.15220200079028337,0.15220200079028337,1.3543185858371611,0.0,0.0,0.0,59.2803478376417,0.009781257393210882,35.21252661555918,15890.668590298917,4.414074608416362,3.185662614688307,288695.3080317681,1783556894695308.0,1783556894431495.0
509.0,3898.949889877827,24288.0,110.28151934517014,-973.6999269655297,77.37107378600385,984.1906501208796,0.11028151934517015,-0.9736999269655296,0.07737107378600384,0.9841906501208795,0.9846111033359259,0.9846111033359259,9.655736476529258,-0.015388896664074059,-0.15091352347074194,1.0814922616863127,1.1767979999999998,-0.09530573831368705,0.05457339838011516,-9.548734388776511,-9.571290399999999,0.02255601122348838,-0.14464808749999847,0.7587510407435146,0.7109821249999999,0.04776891574351472,-0.15325164994214688,0.11028151934517015,1.0814922616863127,0.05457339838011516,0.05457339838011516,-0.18699162662443386,9.655736476529258,0.9846111033359259,43.66246527319211,-79.39530706910153,108.7745361577675,0.5581608395894113,1.7988386558045961,1.0,3.246640035804872,509.0,3.246640035804872,3.246640035804872,11.68790412889754,0.594,2.374772077565824,0.07453615776749095,3.246640035804872,11.68790412889754,-0.2544496001213199,-0.18950187175207656,0.18950187175207656,2.339440852966079,0.0,0.0,0.0,94.69769492535264,0.01562511966268319,56.25043078565948,15913.68077906182,4.420466883072724,4.956004728084453,288881.7447771389,1783556894881744.8,1783556894745361.5
510.0,5215.177783017946,24288.0,136.58697357843366,-941.3041241938699,60.39140289761666,952.8910977723035,0.13658697357843366,-0.9413041241938699,0.06039140289761666,0.9528910977723035,0.953226092132423,0.953226092132423,9.347954656410426,-0.04677390786757692,-0.4586953435895731,1.3394606444429464,1.1767979999999998,0.1626626444429466,0.019613300000000056,-9.231040089525813,-9.566813320988818,0.3357732314630053,-0.14464808749999847,0.5922373512259124,0.7109821249999999,-0.11874477377408751,-0.1500843268523511,0.13658697357843366,1.3394606444429464,0.019613300000000056,0.019613300000000056,-0.21605882487818037,9.347954656410426,0.953226092132423,43.662463608684284,-79.39531928267503,108.8,-0.42542570018353354,1.6148439601742592,1.0,3.166979047819668,510.0,3.166979047819668,3.166979047819668,11.401124572150806,0.594,3.166979047819668,0.09347807135073188,3.166979047819668,11.401124572150806,-0.24145175153438428,-0.21976307527069294,0.21976307527069294,2.9339642064265425,0.0,0.0,0.0,126.66623799393987,0.02089992926900008,75.23974536840029,15939.053593536539,4.427514887093479,6.505589698028096,289071.7402561766,1783556895071740.2,1783556895065219.2
511.0,5920.924170618987,24288.0,139.69751103602883,-900.5215219720664,78.3633970970555,915.2190330080952,0.13969751103602884,-0.9005215219720664,0.0783633970970555,0.9152190330080952,0.9152706816874011,0.9152706816874011,8.97573923056975,-0.08472931831259892,-0.8309107694302482,1.3699645966014722,1.1767979999999998,0.19316659660147234,0.019613300000000056,-8.831099383447363,-9.54308802486552,0.7119886414181571,-0.14464808749999847,0.7684824081418393,0.7109821249999999,0.057500283141839414,-0.1399163427995092,0.13969751103602884,1.3699645966014722,0.019613300000000056,0.019613300000000056,-0.1361756729478844,8.97573923056975,0.9152706816874011,43.662461534992644,-79.3953313792096,108.8,-1.399586830780766,1.3856180865017018,1.0,3.0658255611884413,511.0,3.0658255611884413,3.0658255611884413,11.03697202027839,0.594,3.0658255611884413,0.05891654404412068,3.0658255611884413,11.03697202027839,-0.2603910314495075,-0.21976307527069294,0.21976307527069294,1.8491933872194677,0.0,0.0,0.0,143.80740625599395,0.023728222032239003,85.42159931606041,15974.575399375486,4.437382055382075,7.1060778538183085,289277.03572837793,1783556895277035.8,1783556895410834.5
512.0,6626.670558220028,24288.0,142.80804849362403,-859.7389197502628,96.33539129649435,877.5469682438868,0.14280804849362402,-0.8597389197502627,0.09633539129649435,0.8775469682438868,0.8773152712423791,0.8773152712423791,8.603523804729075,-0.12268472875762093,-1.2031261952709231,1.400468548759998,1.1767979999999998,0.2236705487599981,0.019613300000000056,-8.431158677368913,-9.519362728742221,1.088204051373309,-0.14464808749999847,0.9447274650577663,0.7109821249999999,0.23374534005776637,-0.12974835874666732,0.14280804849362402,1.400468548759998,0.019613300000000056,0.019613300000000056,-0.0562925210175885,8.603523804729075,0.8773152712423791,43.662459461301005,-79.39534347574414,108.8,-2.3737479613779984,1.1563922128291444,1.0,2.964672074557215,512.0,2.964672074557215,2.964672074557215,10.672819468405974,0.594,2.964672074557215,0.024355016737509477,2.964672074557215,10.672819468405974,-0.27933031136463066,-0.21976307527069294,0.21976307527069294,0.7644225680123928,0.0,0.0,0.0,160.94857451804802,0.026556514795477923,95.60345326372052,16010.097205214433,4.447249223670672,7.706566009608521,289482.3312005792,1783556895482331.2,1783556895756449.8
513.0,11567.577177241435,24288.0,67.10971925058742,-1014.8086364400841,-23.639304917762484,1018.3572326930212,0.06710971925058741,-1.0148086364400841,-0.023639304917762484,1.018357232693021,1.0182888241550079,1.0182888241550079,9.986002097399707,0.018288824155007898,0.1793520973997082,0.658121528288773,1.142474725,-0.484353196711227,0.019613300000000056,-9.951873114545151,-9.502643849999998,-0.4492292645451521,-0.12285952715234494,-0.23182238957177545,0.7502701477005213,-0.9820925372722967,-0.06984537368981585,0.06710971925058741,0.658121528288773,0.019613300000000056,0.019613300000000056,0.0,9.986002097399707,1.0182888241550079,43.662457561123,-79.39535562073527,108.8,-3.3518114085855615,0.9463465359549225,1.0,2.8712442199096495,513.0,2.8712442199096495,2.8712442199096495,10.336479191674739,0.5996708422482377,0.2953142226197072,0.0,2.8712442199096495,10.336479191674739,-0.2827107318299523,-0.21976307527069294,0.21976307527069294,0.0,0.0,0.0,0.0,280.95331448084,0.046794844330059565,168.46143958821443,16221.640526733625,4.506011257426003,10.568075959152212,290292.5023926007,1783556896292502.5,1783556896109719.2
514.0,12510.901798623367,24288.0,67.48125316999739,-976.9121766602665,28.37544379963427,982.3184425102534,0.0674812531699974,-0.9769121766602665,0.028375443799634283,0.9823184425102534,0.9822734329777274,0.9822734329777274,9.63281176151103,-0.017726567022272544,-0.173838238488969,0.6617650313995549,1.142474725,-0.48070969360044513,0.019613300000000056,-9.580235797245402,-9.502643849999998,-0.07759194724540358,-0.04907858915901378,0.2782680459376834,0.733874383702003,-0.4556063377643196,-0.040697348803561004,0.0674812531699974,0.6617650313995549,0.019613300000000056,0.019613300000000056,0.0,9.63281176151103,0.9822734329777274,43.66245607498732,-79.39536788135462,108.8,-4.339186655914842,0.7820690979797371,1.0,2.7962514508866976,514.0,2.7962514508866976,2.7962514508866976,10.066505223192113,0.5985562404900078,1.2953142226197019,0.0,2.7962514508866976,10.066505223192113,-0.24896423416287788,-0.21976307527069294,0.21976307527069294,0.0,0.0,0.0,0.0,303.86478288496437,0.050509437959612574,181.83397665460527,16296.134977974296,4.5267041605484115,12.941506078223878,290514.3081424884,1783556896514308.2,1783556896481253.2
515.0,13454.226420005298,24288.0,67.85278708940737,-939.0157168804488,80.39019251703102,946.2796523274857,0.06785278708940737,-0.9390157168804488,0.08039019251703103,0.9462796523274857,0.946258041800447,0.946258041800447,9.279621425622354,-0.05374195819955298,-0.5270285743776462,0.6654085345103368,1.142474725,-0.4770661904896633,0.019613300000000056,-9.208598479945653,-9.502643849999998,0.29404537005434495,0.024702348834317378,0.7883584814471423,0.7174786197034846,0.07087986174365746,-0.011549323917306176,0.06785278708940737,0.6654085345103368,0.019613300000000056,0.019613300000000056,0.0,9.279621425622354,0.946258041800447,43.66245458885164,-79.39538014197396,108.8,-5.326561903244123,0.6177916600045517,1.0,2.7212586818637456,515.0,2.7212586818637456,2.7212586818637456,9.796531254709485,0.5974416387317779,2.2953142226196963,0.0,2.7212586818637456,9.796531254709485,-0.21521773649580345,-0.21976307527069294,0.21976307527069294,0.0,0.0,0.0,0.0,326.7762512890887,0.05422403158916559,195.2065137209961,16370.629429214967,4.54739706367082,15.314936197295541,290736.1138923762,1783556896736114.0,1783556896852787.0
516.0,11182.868591014572,24288.0,144.15805590482563,-1109.7924034239275,-65.88723696682277,1121.8240146048925,0.1441580559048256,-1.1097924034239273,-0.06588723696682278,1.1218240146048926,1.1218795333286593,1.1218795333286593,11.001879925517496,0.12187953332865922,1.1952299255174959,1.4137075989390582,1.131616618630644,0.282090980308414,-0.00996164989390568,-10.883345673037256,-9.519534237685663,-1.3638114353515927,-0.5662177875795719,-0.6461330724006925,0.7097756687367381,-1.3559087411374309,0.004903325000000014,0.1441580559048256,1.4137075989390582,-0.00996164989390568,-0.00996164989390568,-0.03351175433884664,11.001879925517496,1.1218795333286593,43.66245301580559,-79.39539238145808,108.8,-6.312235083682558,0.4439071494433636,1.0,2.63306351137884,516.0,2.63306351137884,2.63306351137884,9.479028640963826,0.5952460486023793,0.6037699308143339,0.0,2.63306351137884,9.479028640963826,-0.2106631251935507,-0.21976307527069294,0.21976307527069294,0.0,0.0,0.0,0.0,271.60951233856196,0.044907483901031636,161.6669420437139,16603.042082536645,4.6119561340379525,17.347211718736006,291565.6449670181,1783556897565645.0,1783556897246048.5
517.0,10500.27181374618,24288.0,127.85723734319237,-1079.6358890849058,-25.95023149082131,1088.4073365535444,0.12785723734319238,-1.0796358890849058,-0.025950231490821304,1.0884073365535443,1.088528703225581,1.088528703225581,10.674820007487144,0.08852870322558107,0.8681700074871445,1.2538511765916174,1.113632771116557,0.14021840547506045,0.0060239923408383494,-10.587611291694492,-9.547509111596465,-1.0401021800980255,-0.5782070192556297,-0.2544848376494627,0.7077774634573951,-0.962262301106858,0.004903325000000014,0.12785723734319238,1.2538511765916174,0.0060239923408383494,0.0060239923408383494,0.020176418639496776,10.674820007487144,1.088528703225581,43.662451385723735,-79.395404607072,108.8,-7.296791265662642,0.2637179011979234,1.0,2.5362041325958646,517.0,2.5362041325958646,2.5362041325958646,9.130334877345112,0.5956535690664202,1.603769930814328,0.0,2.5362041325958646,9.130334877345112,-0.2252659819327963,-0.21976307527069294,0.21976307527069294,0.0,0.0,0.0,0.0,255.03060181226724,0.04219463250619787,151.90067702231232,16661.56138061594,4.6282114946155355,19.15560111580439,291808.5271635864,1783556897808527.2,1783556897653569.0
518.0,10302.53930683859,24288.0,110.23926517940676,-1052.3505549032486,16.379181091497212,1058.680443922599,0.11023926517940677,-1.0523505549032486,0.016379181091497212,1.058680443922599,1.0588053143934684,1.0588053143934684,10.383333136396706,0.05880531439346829,0.5766831363967058,1.0810778898716293,1.0967272469241942,-0.015649357052564886,0.019613300000000056,-10.320033569241943,-9.566761251387742,-0.7532723178541996,-0.5883990000000008,0.16062489625093113,0.706402310615161,-0.5457774143642299,0.004579814384838867,0.11023926517940677,1.0810778898716293,0.019613300000000056,0.019613300000000056,0.06147401858844083,10.383333136396706,1.0588053143934684,43.66244960413318,-79.3954167814007,108.8,-8.277217334442458,0.0667808810889756,1.0,2.441869340066456,518.0,2.441869340066456,2.4418693537563754,8.79072967352295,0.5962639112154802,2.441869340066456,0.0,2.4418693537563754,8.79072967352295,-0.23399334740454641,-0.21791985339747558,0.21791985339747558,0.0,0.0,0.0,0.0,250.22807468449565,0.04145463414907364,149.2366829366651,16726.42088184986,4.646228022736067,20.93408437245877,292054.586682322,1783556898054586.8,1783556898065977.8
519.0,12854.410219256002,24288.0,85.15188297730387,-1041.3473170953087,72.27562915583172,1049.877853676247,0.08515188297730387,-1.0413473170953087,0.07227562915583172,1.049877853676247,1.0496526822282164,1.0496526822282164,10.293576476173337,0.049652682228216415,0.48692647617333845,0.8350547131993771,1.085936756719271,-0.2508820435198939,0.019613300000000056,-10.212128667192708,-9.536547878813957,-0.6755807883787515,-0.5883990000000008,0.7087817986610372,0.7085604086561457,0.0002213900048914086,0.002421716343854191,0.08515188297730387,0.8350547131993771,0.019613300000000056,0.019613300000000056,0.032506259649049365,10.293576476173337,1.0496526822282164,43.6624469633561,-79.39542866489754,108.8,-9.234222058174094,-0.22513061661492545,1.0,2.361851154100001,519.0,2.361851154100001,2.3618512591136254,8.502664532809051,0.5980244292647506,2.361851154100001,0.0,2.3618512591136254,8.502664532809051,-0.20940155148026718,-0.20562395543533596,0.20562395543533596,0.0,0.0,0.0,0.0,312.2079154052898,0.05190243367665497,186.8487612359579,16827.234866304785,4.67423190730688,22.542973722183298,292318.6643897126,1783556898318664.5,1783556898506107.2
520.0,15406.281131673415,24288.0,60.06450077520098,-1030.344079287369,128.17207722016624,1041.0752634298951,0.06006450077520099,-1.0303440792873688,0.12817207722016624,1.0410752634298952,1.0405000500629646,1.0405000500629646,10.20381981594997,0.04050005006296453,0.39716981594997114,0.5890315365271247,1.0751462665143476,-0.48611472998722294,0.019613300000000056,-10.104223765143475,-9.506334506240172,-0.5978892589033034,-0.5883990000000008,1.2569387010711432,0.7107185066971304,0.5462201943740127,0.0002636183028695161,0.06006450077520099,0.5890315365271247,0.019613300000000056,0.019613300000000056,0.003538500709657902,10.20381981594997,1.0405000500629646,43.66244432257903,-79.39544054839438,108.8,-10.19122678190573,-0.5170421143188265,1.0,2.281832968133546,520.0,2.281832968133546,2.281833164470876,8.214599392095153,0.599784947314021,2.281832968133546,0.0,2.281833164470876,8.214599392095153,-0.18480975555598791,-0.19332805747319634,0.19332805747319634,0.0,0.0,0.0,0.0,374.18775612608397,0.06235023320423631,224.46083953525073,16928.04885075971,4.702235791877694,24.151863071907826,292582.74209710315,1783556898582742.0,1783556898946236.8
521.0,18821.41993309713,24288.0,177.2500293609228,-1003.0793732927708,64.63639566646125,898.9535365064705,0.1772500293609228,-1.0030793732927707,0.06463639566646125,0.8989535365064706,1.0207552658158996,1.0207552658158996,10.01018962751349,0.020755265815899492,0.20353962751349072,1.7382290004322933,1.073828175,0.6644008254322934,-0.20471425064844057,-9.83684833610155,-9.47405981836849,-0.36278851773306064,-0.6251739374999996,0.6338665095625021,0.7090876454348957,-0.07522113587239353,0.004903325000000014,0.1772500293609228,1.7382290004322933,-0.20471425064844057,-0.20471425064844057,-0.27177282238551564,10.01018962751349,1.0207552658158996,43.662441681802164,-79.39545243189025,108.8,-11.148231428915995,-0.8089535886207002,1.0,2.272058581163315,521.0,2.272058581163315,2.272058708487889,8.179411350556402,0.5953863663055384,0.8778469291648997,0.0,2.272058708487889,8.179411350556402,-0.1115621599216323,-0.1528327596964186,0.1528327596964186,0.0,0.0,0.0,0.0,457.13464733506316,0.07560975753392393,272.1951271221261,17308.885578091078,4.808023771691962,28.003884570812616,293440.2743181009,1783556899440274.2,1783556899386366.2
522.0,20609.22584886214,24288.0,182.09145355427955,-974.6910223408154,69.91794933194133,732.584596043848,0.18209145355427955,-0.9746910223408154,0.06991794933194133,0.7325845960438482,0.9940703468956205,0.9940703468956205,9.748499967383935,-0.005929653104379595,-0.05815003261606422,1.7857071529980753,1.073828175,0.7118789779980753,-0.2759314794971133,-9.558453714238556,-9.49456174788553,-0.06389196635302585,-0.6251739374999996,0.6856608578160823,0.7069295475909965,-0.021268689774914126,0.004903325000000014,0.18209145355427955,1.7857071529980753,-0.2759314794971133,-0.2759314794971133,-0.2715719955036456,9.748499967383935,0.9940703468956205,43.66243904102534,-79.39546431538601,108.8,-12.10523606525042,-1.1008650596661638,1.0,2.272058672487012,522.0,2.272058672487012,2.272058708487889,8.179411350556402,0.5958264957776618,1.8778469291649118,0.0,2.272058708487889,8.179411350556402,-0.0315440725864308,-0.1084134938921602,0.1084134938921602,0.0,0.0,0.0,0.0,500.55687741716366,0.08284977716540662,298.2591977954638,17444.680467685874,4.845744574357183,28.003884570812616,293702.5914834864,1783556899702591.5,1783556899826495.8
523.0,22338.053427219285,24288.0,83.81483730815047,-933.5723210475348,91.6447939250855,942.0470715895555,0.08381483730815048,-0.9335723210475348,0.0916447939250855,0.9420470715895554,0.9422274708139974,0.9422274708139974,9.240095026658087,-0.05777252918600263,-0.5665549733419126,0.8219427742879739,1.0638564499352703,-0.2419136756472965,-0.30400614999999986,-9.155217002200807,-9.467903686014365,0.31268668381355874,-0.6251739374999996,0.8987284183454397,0.7109821249999999,0.18774629334543974,0.12258312500000013,0.08381483730815048,0.8219427742879739,-0.30400614999999986,-0.30400614999999986,0.0,9.240095026658087,0.9422274708139974,43.6624362205423,-79.39547611783081,108.8,-13.055713487040407,-1.4126412544400444,1.0,2.300270876895128,523.0,2.300270876895128,2.300270876895128,8.28097515682246,0.5962710412149829,0.605788220677024,0.0,2.300270876895128,8.28097515682246,0.02821216840723876,-0.06779463058662141,0.06779463058662141,0.0,0.0,0.0,0.0,542.546641640302,0.08984696257877901,323.44906528360445,17905.986551090977,4.973885153080822,28.003884570812616,294553.5249457979,1783556900553525.0,1783556900254208.2
524.0,21321.284609739916,24288.0,65.35102056481892,-990.6423000723778,81.15398895728349,996.5992574221259,0.06535102056481892,-0.9906423000723779,0.08115398895728348,0.9965992574221259,0.9965790406136894,0.9965790406136894,9.773101848634237,-0.0034209593863106236,-0.03354815136576306,0.6408745858219815,1.047395705529271,-0.40652111970728944,-0.30400614999999986,-9.714882312004782,-9.48745081999649,-0.22743149200829327,-0.6251739374999996,0.7958487658079441,0.7109821249999999,0.08486664080794412,0.12258312500000013,0.06535102056481892,0.6408745858219815,-0.30400614999999986,-0.30400614999999986,0.0,9.773101848634237,0.9965790406136894,43.662433283116904,-79.39548786753237,108.8,-14.001943376818774,-1.737344257328462,1.0,2.346841885449419,524.0,2.346841885449419,2.346841885449419,8.44863078761791,0.5983692022085433,1.6057882206770184,0.0,2.346841885449419,8.44863078761791,0.07478317696153008,-0.029648848433914195,0.029648848433914195,0.0,0.0,0.0,0.0,517.851360601363,0.08605600988359279,309.80163558093403,18031.538052950767,5.008760570264098,28.003884570812616,294805.3042650252,1783556900805304.2,1783556900673840.5
525.0,20249.513064999144,24288.0,64.74064536266388,-1039.7110784100562,73.94221568201124,1012.9320327976891,0.06474064536266387,-1.039711078410056,0.07394221568201123,1.012932032797689,1.0453001450030224,1.0453001450030224,10.25089266699389,0.045300145003022464,0.44424266699389026,0.6348888498457677,1.034601575,-0.39971272515423223,-0.30400614999999986,-10.196082647089975,-9.498986358147041,-0.6970962889429336,-0.6222864439318762,0.7251254294179954,0.7109821249999999,0.014143304417995524,0.12258312500000013,0.06474064536266387,0.6348888498457677,-0.30400614999999986,-0.30400614999999986,0.0,10.25089266699389,1.0453001450030224,43.66243029333824,-79.39549959109313,108.8,-14.94606808860393,-2.0678343915794115,1.0,2.418676808011537,525.0,2.418676808011537,2.412778283442885,8.686001820394386,0.5996074101324953,2.418676808011537,0.0,2.412778283442885,8.686001820394386,0.13200560775514666,0.0,0.0,0.0,0.0,0.0,0.0,491.8201733226992,0.08192514447492005,294.9305201097122,18148.351569160972,5.041208769211377,28.115631831701545,295047.7181942331,1783556901047718.2,1783556901078518.0
526.0,18985.817282881024,24288.0,126.42732928753715,-1060.86079861287,78.17215972257398,895.9035810087867,0.12642732928753714,-1.0608607986128697,0.07817215972257398,0.8959035810087866,1.0743745366970563,1.0743745366970563,10.536015050300186,0.07437453669705621,0.7293650503001863,1.239828568757626,1.034601575,0.2052269937576262,-0.30400614999999986,-10.4034905507169,-9.482566565776578,-0.920923984940321,-0.6093234499551938,0.7666070101433801,0.7109821249999999,0.05562488514338014,0.12258312500000013,0.12642732928753714,1.239828568757626,-0.30400614999999986,-0.30400614999999986,0.0,10.536015050300186,1.0743745366970563,43.66242712088021,-79.39551122343924,108.8,-15.882847079531091,-2.41851790220746,1.0,2.578666585260679,526.0,2.578666585260679,2.546287468908603,9.16663488807097,0.5978449334489275,2.578666585260679,0.0,2.546287468908603,9.16663488807097,0.2263946699514426,0.0,0.0,0.0,0.0,0.0,0.0,461.12753016661435,0.0766082017286506,275.78952622314216,18234.67512031835,5.065187533421759,28.61730535430452,295257.4529195776,1783556901257453.0,1783556901431013.2
527.0,17722.121500762907,24288.0,188.1140132124104,-1082.0105188156836,82.40210376313671,778.8751292198842,0.1881140132124104,-1.0820105188156834,0.08240210376313672,0.7788751292198842,1.10344892839109,1.10344892839109,10.82113743360648,0.10344892839108998,1.0144874336064824,1.8447682876694849,1.034601575,0.8101667126694848,-0.30400614999999986,-10.610898454343822,-9.466146773406113,-1.1447516809377085,-0.5963604559785116,0.8080885908687647,0.7109821249999999,0.09710646586876476,0.12258312500000013,0.1881140132124104,1.8447682876694849,-0.30400614999999986,-0.30400614999999986,0.0,10.82113743360648,1.10344892839109,43.66242394842217,-79.39552285578534,108.8,-16.819626070458252,-2.7692014128355082,1.0,2.7386563625098215,527.0,2.7386563625098215,2.6797966543743206,9.647267955747553,0.5960824567653596,2.7386563625098215,0.0,2.6797966543743206,9.647267955747553,0.32078373214773853,0.0,0.0,0.0,0.0,0.0,0.0,430.43488701052956,0.07129125898238116,256.64853233657215,18320.998671475725,5.089166297632142,29.11897887690749,295467.1876449222,1783556901467187.8,1783556901783508.8
528.0,15445.600228008198,24288.0,68.02207611121445,-1137.816480239911,-37.691606193044976,1142.3752938906457,0.06802207611121446,-1.137816480239911,-0.03769160619304497,1.1423752938906457,1.1421210265485713,1.1421210265485713,11.200381165002545,0.14212102654857128,1.3937311650025466,0.6670686926960412,0.9758699213480205,-0.3088012286519793,-0.33353434634802054,-11.158167985944724,-9.434970693679984,-1.7231972922647392,-0.2745861999999981,-0.36962838987302443,0.750208725,-1.1198371148730244,0.12258312500000013,0.06802207611121446,0.6670686926960412,-0.33353434634802054,-0.33353434634802054,-0.04158178677314473,11.200381165002545,1.1421210265485713,43.66242074266928,-79.3955344705092,108.8,-17.754985901802467,-3.123565337439734,1.0,2.8264219897114593,528.0,2.8264219897114593,2.7617937227000584,9.94245740172021,0.5951397034126836,0.38583200818947916,0.0,2.7617937227000584,9.94245740172021,0.3258411804887963,0.0061562242254187514,0.0061562242254187514,0.0,0.0,0.0,0.0,375.1427383378631,0.06201337859655749,223.24816294760697,18629.816809576758,5.1749491137713175,22.920762021253715,296274.26323395944,1783556902274263.2,1783556902139703.5
529.0,13687.322641928193,24288.0,65.48749145253241,-1093.2802069516408,25.31092675133739,1099.287354693051,0.06548749145253241,-1.0932802069516407,0.025310926751337393,1.0992873546930508,1.09910206102078,1.09910206102078,10.778509226709431,0.09910206102078001,0.9718592267094323,0.6422129080529769,0.9634420290264883,-0.3212291209735115,-0.32110645402648835,-10.721416341502309,-9.443847759623937,-1.2775685818783717,-0.2745861999999981,0.24821539982600294,0.750208725,-0.5019933251739971,0.12258312500000013,0.06548749145253241,0.6422129080529769,-0.32110645402648835,-0.32110645402648835,0.00015759553734211174,10.778509226709431,1.09910206102078,43.66241748391758,-79.39554605718193,108.8,-18.68808671271132,-3.483787750745784,1.0,2.7992211023332243,529.0,2.7992211023332243,2.7617937227000584,9.94245740172021,0.5955017869353525,1.3858320081894726,0.0,2.7617937227000584,9.94245740172021,0.18870042670526418,0.022111935765026,0.022111935765026,0.0,0.0,0.0,0.0,332.437692327152,0.054982709602802965,197.93775457009068,18688.87683289542,5.191354675804279,20.178630298969612,296490.06501347007,1783556902490065.0,1783556902501787.0
530.0,11929.04505584819,24288.0,62.95290679385035,-1048.7439336633706,88.31345969571976,1056.199415495456,0.06295290679385035,-1.0487439336633706,0.08831345969571974,1.0561994154954562,1.0560830954929887,1.0560830954929887,10.356637288416318,0.05608309549298873,0.5499872884163179,0.6173571234099126,0.9510141367049562,-0.33365701329504366,-0.30867856170495617,-10.284664697059892,-9.452724825567888,-0.8319398714920045,-0.2745861999999981,0.8660591895250302,0.750208725,0.11585046452503023,0.12258312500000013,0.06295290679385035,0.6173571234099126,-0.30867856170495617,-0.30867856170495617,0.041896977847828955,10.356637288416318,1.0560830954929887,43.662414225165875,-79.39555764385466,108.8,-19.621187523620176,-3.8440101640518343,1.0,2.7720202149549893,530.0,2.7720202149549893,2.7617937227000584,9.94245740172021,0.5958638704580214,2.385832008189466,0.0,2.7617937227000584,9.94245740172021,0.05155967292173208,0.03806764730463325,0.03806764730463325,0.0,0.0,0.0,0.0,289.7326463164408,0.04795204060904843,172.62734619257435,18747.93685621408,5.207760237837241,17.43649857668551,296705.86679298076,1783556902705866.8,1783556902863870.5
531.0,654.9245763456793,24288.0,31.062198359698673,-925.6268098418079,147.33386958275793,938.1685435396527,0.031062198359698673,-0.9256268098418079,0.1473338695827579,0.9381685435396526,0.93781040714542,0.93781040714542,9.196778429232632,-0.06218959285458009,-0.6098715707673678,0.304616107544139,0.93163175,-0.627015642455861,-0.30400614999999986,-9.077298154735166,-9.4560622625,0.37876410776483466,-0.2647795500000001,1.4448516921437526,0.7950528965400385,0.6497987956037142,0.25006957500000004,0.031062198359698673,0.304616107544139,-0.30400614999999986,-0.30400614999999986,0.0,9.196778429232632,0.93781040714542,43.662411166934795,-79.39556933226083,108.8,-20.562481158230653,-4.182067028352814,1.0,2.753013509880775,531.0,2.753013509880775,2.7617937227000584,9.94245740172021,0.5988543342446119,0.6240382854894003,0.0,2.7617937227000584,9.94245740172021,0.0,0.05678104453793354,0.05678104453793354,0.0,0.0,0.0,0.0,15.906808110283858,0.002647478667039802,9.530923201343287,18782.03951715442,5.217233199209556,12.806250640346082,297523.3342248912,1783556903523334.2,1783556903229133.2
532.0,568.2705602192298,24288.0,34.36680066960564,-905.7991959823662,141.4590210318122,917.6065736113427,0.034366800669605645,-0.9057991959823661,0.14145902103181218,0.9176065736113427,0.9174456332914996,0.9174456332914996,8.997068219718084,-0.08255436670850033,-0.8095817802819147,0.33702318578658813,0.93163175,-0.5946085642134119,-0.30400614999999986,-8.88285568528047,-9.4560622625,0.5732065772195298,-0.2647795500000001,1.387239108601621,0.8040548627184967,0.5831842458831242,0.25006957500000004,0.034366800669605645,0.33702318578658813,-0.30400614999999986,-0.30400614999999986,0.0,8.997068219718084,0.9174456332914996,43.66240822951052,-79.39558108195794,108.8,-21.508710688790416,-4.5067699078089705,1.0,2.738943519267303,532.0,2.738943519267303,2.7617937227000584,9.94245740172021,0.5970184440724413,1.6240382854893927,0.0,2.7617937227000584,9.94245740172021,0.0,0.07715585304293021,0.07715585304293021,0.0,0.0,0.0,0.0,13.802155366604653,0.002290844565999575,8.24704043759847,18784.549360141355,5.217930377817039,7.038477290041417,297741.80515537946,1783556903741805.2,1783556903596311.2
533.0,481.6165440927804,24288.0,37.67140297951261,-885.9715821229244,135.58417248086647,897.0446036830326,0.03767140297951261,-0.8859715821229244,0.1355841724808665,0.8970446036830326,0.8970808594375794,0.8970808594375794,8.797358010203538,-0.10291914056242057,-1.0092919897964618,0.3694302640290373,0.93163175,-0.5622014859709626,-0.30400614999999986,-8.688413215825776,-9.4560622625,0.767649046674225,-0.2647795500000001,1.3296265250594892,0.8130568288969547,0.5165696961625343,0.25006957500000004,0.03767140297951261,0.3694302640290373,-0.30400614999999986,-0.30400614999999986,0.0,8.797358010203538,0.8970808594375794,43.66240529208624,-79.39559283165504,108.8,-22.454940219350178,-4.831472787265127,1.0,2.724873528653831,533.0,2.724873528653831,2.7617937227000584,9.94245740172021,0.5951825539002707,2.624038285489385,0.0,2.7617937227000584,9.94245740172021,0.0,0.09753066154792689,0.09753066154792689,0.0,0.0,0.0,0.0,11.697502622925448,0.0019342104649593482,6.9631576738536545,18787.059203128294,5.218627556424522,1.2707039397367534,297960.2760858678,1783556903960276.0,1783556903963489.2
534.0,455.30425442594503,24288.0,31.36409540972939,-904.2237092274913,134.68400454332044,914.9077137708118,0.03136409540972939,-0.9042237092274914,0.13468400454332047,0.9149077137708118,0.9148114817523174,0.9148114817523174,8.971236017526364,-0.08518851824768264,-0.8354139824736369,0.3075767062498227,0.93163175,-0.6240550437501773,-0.30400614999999986,-8.867405438095776,-9.48007840305066,0.6126729649548831,-0.267878406845246,1.3207988931547534,0.81395195,0.5068469431547534,0.20978443601179508,0.03136409540972939,0.3075767062498227,-0.30400614999999986,-0.30400614999999986,0.0,8.971236017526364,0.9148114817523174,43.662401524049976,-79.39560411185461,108.83159954566796,-23.36336005793123,-5.247991515904748,1.0,2.763432728932698,534.0,2.763432728932698,2.789643276954514,10.04271579703625,0.5953159954566796,2.763432728932698,0.03159954566795797,2.789643276954514,10.04271579703625,0.027849554254455237,0.10476700120544863,0.10476700120544863,1.1087845869607769,0.0,0.0,0.0,11.058429731497352,0.001828601700711594,6.582966122561738,18789.216229983205,5.219226730550886,0.6799843953794401,298170.333292181,1783556904170333.2,1783556904315995.5
535.0,435.65462480080646,24288.0,23.99548430030243,-926.6804287990783,134.3331183000144,937.0135470990926,0.023995484300302433,-0.9266804287990783,0.1343331183000144,0.9370135470990927,0.9367484251108426,0.9367484251108426,9.186363943113244,-0.06325157488915745,-0.6202860568867559,0.2353153161135608,0.93163175,-0.6963164338864392,-0.30400614999999986,-9.087630627082481,-9.506746297029519,0.41911566994703864,-0.27131942542316256,1.3173578745768362,0.81395195,0.5034059245768362,0.1650511944988711,0.023995484300302433,0.2353153161135608,-0.30400614999999986,-0.30400614999999986,0.0,9.186363943113244,0.9367484251108426,43.6623976643013,-79.39561534021439,108.86668816999857,-24.26760512163069,-5.674648134615489,1.0,2.8078030060195833,535.0,2.8078030060195833,2.8205678528100564,10.154044270116204,0.5956668816999856,2.8078030060195833,0.06668816999856553,2.8205678528100564,10.154044270116204,0.05877413010999798,0.1105526506601016,0.1105526506601016,2.339996144375195,0.0,0.0,0.0,10.581179527161988,0.0017507100168165219,6.302556060539479,18791.334300479346,5.219815083466481,0.6608916762785361,298379.4614931914,1783556904379461.5,1783556904666881.8
536.0,337.89773805121877,24288.0,137.58537637519274,-1004.8636507349584,66.25565487195313,1015.7613887861771,0.13758537637519275,-1.0048636507349582,0.06625565487195312,1.0157613887861772,1.0164580950353048,1.0164580950353048,9.968048777677971,0.016458095035304845,0.16139877767797225,1.349251631229784,0.93163175,0.4176198812297839,-0.30400614999999986,-9.854346120479978,-9.579927061669983,-0.27441905880999556,-0.26344242047997923,0.649746017850039,0.7898531779750064,-0.1401071601249674,0.12642737237006005,0.13758537637519275,1.349251631229784,-0.30400614999999986,-0.30400614999999986,0.0,9.968048777677971,1.0164580950353048,43.6623937954761,-79.39562656244071,108.9,-25.17135624345338,-6.102308071991937,1.0,2.851990650111016,536.0,2.851990650111016,2.851990650111016,10.267166340399658,0.5951193056069114,0.05063733227109367,0.0,2.851990650111016,10.267166340399658,0.08869482264407479,0.11585062544196069,0.11585062544196069,0.0,0.0,0.0,0.0,8.206860261788,0.0013566788584346225,4.884043890364642,18798.312412191666,5.221753447831015,0.5865411447516564,299183.26028219436,1783556905183260.2,1783556905017043.8
537.0,335.87824088984036,24288.0,109.64899897612517,-1002.1709878531206,71.30439777539907,1011.0492287429608,0.10964899897612518,-1.0021709878531204,0.07130439777539907,1.0110492287429609,1.0114564472202552,1.0114564472202552,9.918999368132516,0.011456447220255201,0.11234936813251567,1.075289355809218,0.93163175,0.143657605809218,-0.30400614999999986,-9.827940118029803,-9.55682180952608,-0.2711183085037243,-0.23703641802980413,0.6992572724441172,0.7981050537406862,-0.09884778129656896,0.2023446294143132,0.10964899897612518,1.075289355809218,-0.30400614999999986,-0.30400614999999986,0.0,9.918999368132516,1.0114564472202552,43.66238975648178,-79.3956376696751,108.9,-26.06584680677502,-6.548778504359694,1.0,2.8927542404460227,537.0,2.8927542404460227,2.8927542404460227,10.413915265605683,0.5974753856285195,1.0506373322710825,0.0,2.8927542404460227,10.413915265605683,0.09979443386499792,0.11200554099098345,0.11200554099098345,0.0,0.0,0.0,0.0,8.157810714732443,0.0013538494262294732,4.873857934426104,18799.946285303788,5.2222073014732695,0.5507617945820871,299385.8831640527,1783556905385883.2,1783556905353626.5
538.0,333.858743728462,24288.0,81.71262157705762,-999.4783249712826,76.35314067884501,1006.3370686997447,0.08171262157705761,-0.9994783249712826,0.07635314067884501,1.0063370686997446,1.0064547994052055,1.0064547994052055,9.869949958587059,0.006454799405205559,0.0632999585870591,0.8013270803886521,0.93163175,-0.1303046696113479,-0.30400614999999986,-9.801534115579628,-9.533716557382176,-0.2678175581974531,-0.21063041557962905,0.7487685270381953,0.8063569295063658,-0.05758840246817051,0.2782618864585663,0.08171262157705761,0.8013270803886521,-0.30400614999999986,-0.30400614999999986,0.0,9.869949958587059,1.0064547994052055,43.66238571748746,-79.39564877690948,108.9,-26.960337370096656,-6.99524893672745,1.0,2.9335178307810295,538.0,2.9335178307810295,2.9335178307810295,10.560664190811707,0.5998314656501277,2.050637332271071,0.0,2.9335178307810295,10.560664190811707,0.11089404508592104,0.10816045654000621,0.10816045654000621,0.0,0.0,0.0,0.0,8.108761167676885,0.0013510199940243238,4.863671978487566,18801.580158415905,5.222661155115524,0.5149824444125177,299588.506045911,1783556905588506.0,1783556905690209.5
539.0,340.7462179540307,24288.0,101.81987842488914,-999.5332957455258,139.874876221967,1014.6876856670494,0.10181987842488914,-0.9995332957455257,0.13987487622196704,1.0146876856670495,1.014418400813777,1.014418400813777,9.948046210340427,0.014418400813777205,0.1413962103404282,0.9985119107554391,0.93163175,0.06688016075543908,-0.3353013291521813,-9.80207319472286,-9.510999537406253,-0.29107365731660706,0.10812549132065297,1.371703954902153,0.8390994283016289,0.5326045266005242,0.4707191999999998,0.10181987842488914,0.9985119107554391,-0.3353013291521813,-0.3353013291521813,-0.050864615019621605,9.948046210340427,1.014418400813777,43.6623816654885,-79.39565987487622,108.9,-27.854081587986556,-7.443156900997274,1.0,2.9741876474305946,539.0,2.9741876474305946,2.9741876474305946,10.70707553075014,0.5980257316535872,0.0796007223930233,0.0,2.9741876474305946,10.70707553075014,0.12114479315385797,0.10311359122839074,0.10311359122839074,0.0,0.0,0.0,0.0,8.276044141667498,0.0013748069474432284,4.949305010795622,18808.160348040998,5.224488985566939,0.48205115636319906,300388.4132604988,1783556906388413.2,1783556906025731.8
540.0,350.1207302900656,24288.0,99.55706510239796,-981.1075301195262,150.86568378835275,998.2014743174709,0.09955706510239795,-0.9811075301195262,0.15086568378835274,0.9982014743174709,0.9978263538242785,0.9978263538242785,9.78533381273086,-0.0021736461757215116,-0.021316187269139364,0.976321292486431,0.93163175,0.04468954248643096,-0.2972602692624531,-9.621378160246651,-9.492771529542425,-0.1286066307042263,0.11129557964479693,1.4794869579230494,0.8470246491119888,0.6324623088110607,0.4707191999999998,0.09955706510239795,0.976321292486431,-0.2972602692624531,-0.2972602692624531,0.03119702613711512,9.78533381273086,0.9978263538242785,43.662377463120905,-79.39567086568378,108.9,-28.739196037507956,-7.907686615477696,1.0,3.0137731870818563,540.0,3.0137731870818563,3.0137731870818563,10.849583473494683,0.5983489906996574,1.0796007223930064,0.0,3.0137731870818563,10.849583473494683,0.12158039119164736,0.08417089428710847,0.08417089428710847,0.0,0.0,0.0,0.0,8.503732297285113,0.0014134332398200828,5.088359663352297,18809.895732203906,5.224971036723303,0.48205115636319906,300582.0454290948,1783556906582045.5,1783556906348990.8
541.0,359.4952426261005,24288.0,97.29425177990679,-962.6817644935267,161.8564913547385,981.7152629678923,0.09729425177990678,-0.9626817644935266,0.16185649135473848,0.9817152629678922,0.9812343068347797,0.9812343068347797,9.622621415121293,-0.018765693165220226,-0.18402858487870694,0.9541306742174228,0.93163175,0.022498924217422833,-0.2592192093727249,-9.440683125770443,-9.474543521678598,0.03386039590815443,0.11446566796894088,1.587269960943946,0.8549498699223489,0.7323200910215971,0.4707191999999998,0.09729425177990678,0.9541306742174228,-0.2592192093727249,-0.2592192093727249,0.11325866729385184,9.622621415121293,0.9812343068347797,43.662373260753306,-79.39568185649135,108.9,-29.624310487029355,-8.37221632995812,1.0,3.053358726733118,541.0,3.053358726733118,3.053358726733118,10.992091416239225,0.5986722497457275,2.0796007223929895,0.0,3.053358726733118,10.992091416239225,0.12201598922943675,0.06522819734582622,0.06522819734582622,0.0,0.0,0.0,0.0,8.731420452902729,0.001452059532196937,5.227414315908973,18811.631116366814,5.225453087879666,0.48205115636319906,300775.67759769084,1783556906775677.5,1783556906672249.8
542.0,368.86975496213535,24288.0,95.0314384574156,-944.2559988675271,172.8472989211242,965.2290516183136,0.0950314384574156,-0.944255998867527,0.17284729892112422,0.9652290516183136,0.9646422598452811,0.9646422598452811,9.459909017511723,-0.03535774015471894,-0.34674098248827445,0.9319400559484147,0.93163175,0.0003083059484147166,-0.22117814948299674,-9.259988091294234,-9.456315513814769,0.19632742252053514,0.11763575629308483,1.6950529639648426,0.862875090732709,0.8321778732321337,0.4707191999999998,0.0950314384574156,0.9319400559484147,-0.22117814948299674,-0.22117814948299674,0.19532030845058856,9.459909017511723,0.9646422598452811,43.66236905838571,-79.39569284729892,108.9,-30.509424936550754,-8.836746044438542,1.0,3.0929442663843796,542.0,3.0929442663843796,3.0929442663843796,11.134599358983767,0.5989955087917977,3.079600722392973,0.0,3.0929442663843796,11.134599358983767,0.12245158726722614,0.04628550040454395,0.04628550040454395,0.0,0.0,0.0,0.0,8.959108608520344,0.0014906858245737912,5.366468968465648,18813.36650052972,5.22593513903603,0.48205115636319906,300969.30976628687,1783556906969309.8,1783556906995508.8
543.0,374.13797076305065,24288.0,137.0104668272965,-902.2917667470006,124.03816096387027,927.2208032128628,0.1370104668272965,-0.9022917667470006,0.12403816096387027,0.9272208032128628,0.9266147059075023,0.9266147059075023,9.086986105687807,-0.0733852940924977,-0.7196638943121925,1.343613694511907,0.93163175,0.4119819445119071,-0.15396190016893596,-8.848459554369473,-9.47310468106794,0.6246451266984652,0.11767980000000122,1.2163988312163383,0.8807685932882837,0.3356302379280545,0.4203329190165292,0.1370104668272965,1.343613694511907,-0.15396190016893596,-0.15396190016893596,0.24916370466393484,9.086986105687807,0.9266147059075023,43.66236416426281,-79.39570327594151,108.9,-31.349266977529652,-9.377742389132802,1.0,3.1446428984084123,543.0,3.1446428984084123,3.143460599613598,11.316458158608954,0.5977910657028116,3.1446428984084123,0.0,3.143460599613598,11.316458158608954,0.13541317972196282,0.05222503075889598,0.05222503075889598,0.0,0.0,0.0,0.0,9.087063033892974,0.0015088379986568858,5.431816795164789,18815.076538003897,5.226410149445522,0.4809721906784482,301151.8289767068,1783556907151829.0,1783556907302233.5
544.0,379.3483318167535,24288.0,179.6128307369843,-859.9958946640012,74.38648504034923,888.9093248768127,0.1796128307369843,-0.8599958946640012,0.07438648504034923,0.8889093248768126,0.8882851411857343,0.8882851411857343,8.71110147980908,-0.1117148588142657,-1.0955485201909183,1.761400166546847,0.93163175,0.8297684165468471,-0.08633459354457515,-8.433678740406727,-9.490387214983054,1.0567084745763258,0.11767980000000122,0.7294822235209407,0.8988025417214466,-0.16932031820050597,0.3692367317892345,0.1796128307369843,1.761400166546847,-0.08633459354457515,-0.08633459354457515,0.3026095262223538,8.71110147980908,0.8882851411857343,43.662359260393586,-79.39571369666363,108.9,-32.18847116302745,-9.919816093322016,1.0,3.196512195139973,544.0,3.196512195139973,3.1941309398157367,11.49887138333665,0.596565098396058,3.196512195139973,0.0,3.1941309398157367,11.49887138333665,0.1485512543752887,0.058515133693177415,0.058515133693177415,0.0,0.0,0.0,0.0,9.21361228316531,0.001526701707226554,5.496126146015594,18816.786218361565,5.226885060655986,0.4798780231478471,301334.1916135864,1783556907334191.5,1783556907608725.5
545.0,384.5586928704563,24288.0,222.2151946466721,-817.7000225810018,24.73480911682819,850.5978465407625,0.22221519464667214,-0.8177000225810018,0.024734809116828183,0.8505978465407624,0.8499555764639664,0.8499555764639664,8.335216853930355,-0.1500444235360337,-1.4714331460696446,2.179186638581787,0.93163175,1.2475548885817869,-0.01870728692021434,-8.01889792644398,-9.507669748898167,1.4887718224541864,0.11767980000000122,0.24256561582554315,0.9168364901546094,-0.6742708743290663,0.31814054456193974,0.22221519464667214,2.179186638581787,-0.01870728692021434,-0.01870728692021434,0.35605534778077286,8.335216853930355,0.8499555764639664,43.66235435652436,-79.39572411738574,108.9,-33.02767534852526,-10.461889797511231,1.0,3.2483814918715335,545.0,3.2483814918715335,3.244801280017875,11.681284608064349,0.5953391310893044,3.2483814918715335,0.0,3.244801280017875,11.681284608064349,0.1616893290286146,0.06480523662745885,0.06480523662745885,0.0,0.0,0.0,0.0,9.340161532437643,0.0015445654157962222,5.5604354968664,18818.495898719237,5.227359971866449,0.478783855617246,301516.554250466,1783556907516554.2,1783556907915217.2
546.0,446.67704189529036,24288.0,134.8091504929018,-1025.9101334046422,-26.318511578156627,1036.6903814749494,0.13480915049290182,-1.025910133404642,-0.026318511578156623,1.0366903814749495,1.036568799446609,1.036568799446609,10.165267417093087,0.03656879944660903,0.35861741709308836,1.3220261556812154,0.93163175,0.39039440568121536,0.06864654999999997,-10.060741609752634,-9.46857905240026,-0.5921625573523738,0.11550296697386911,-0.2580964315679296,0.9218251,-1.1799215315679297,-0.046823712826652056,0.13480915049290182,1.3220261556812154,0.06864654999999997,0.06864654999999997,0.0891631365894405,10.165267417093087,1.036568799446609,43.662349226421725,-79.39573432518137,108.9,-33.849732085776274,-11.028971343029365,1.0,3.261861408165441,546.0,3.261861408165441,3.259686213731498,11.734870369433393,0.5981120992281229,0.7233767267396064,0.0,3.259686213731498,11.734870369433393,0.12949422075545328,0.06654522549028452,0.06654522549028452,0.0,0.0,0.0,0.0,10.848891993552813,0.0018026550710788698,6.4895582558839315,18826.931004745817,5.229703056873833,0.4764961013325103,302298.07523981674,1783556908298075.2,1783556908221975.2
547.0,433.78893289193627,24288.0,95.8379637446645,-999.5201959215839,-44.73009586866243,1007.2318466101401,0.09583796374466452,-0.9995201959215838,-0.04473009586866243,1.0072318466101402,1.007334881389649,1.007334881389649,9.878580614579802,0.007334881389649099,0.07193061457980238,0.9398493671566142,0.93163175,0.008217617156614176,0.06864654999999997,-9.8019447293344,-9.485882332195665,-0.3160623971387343,0.11249370092249435,-0.4386523946504184,0.9218251,-1.3604774946504183,-0.08443953846883719,0.09583796374466452,0.9398493671566142,0.06864654999999997,0.06864654999999997,0.053996421464860056,9.878580614579802,1.007334881389649,43.662344009806176,-79.39574445155272,108.9,-34.66523154369171,-11.605616025803464,1.0,3.2606610124136948,547.0,3.2606610124136948,3.2608866094832445,11.73919179413968,0.5968846602754225,1.7233767267395932,0.0,3.2608866094832445,11.73919179413968,0.07996345184394442,0.06654522549028452,0.06654522549028452,0.0,0.0,0.0,0.0,10.53586560207935,0.0017471425733211353,6.289713263956087,18828.76690453181,5.230213029036609,0.4786870632618233,302480.6567840309,1783556908480656.8,1783556908528835.0
548.0,420.90082388858224,24288.0,56.86677699642722,-973.1302584385255,-63.14168015916824,977.7733117453308,0.05686677699642724,-0.9731302584385255,-0.06314168015916824,0.9777733117453308,0.9781009633326891,0.9781009633326891,9.591893812066516,-0.02189903666731083,-0.21475618793348372,0.5576725786320129,0.93163175,-0.37395917136798706,0.06864654999999997,-9.543147848916165,-9.50318561199107,-0.03996223692509482,0.1094844348711196,-0.6192083577329072,0.9218251,-1.5410334577329072,-0.12205536411102232,0.05686677699642724,0.5576725786320129,0.06864654999999997,0.06864654999999997,0.01882970634027961,9.591893812066516,0.9781009633326891,43.66233879319063,-79.39575457792408,108.9,-35.480731001607154,-12.182260708577562,1.0,3.259460616661948,548.0,3.259460616661948,3.2620870052349913,11.743513218845969,0.5956572213227221,2.7233767267395796,0.0,3.2620870052349913,11.743513218845969,0.030432682932435562,0.06654522549028452,0.06654522549028452,0.0,0.0,0.0,0.0,10.222839210605885,0.001691630075563401,6.089868272028243,18830.6028043178,5.230723001199384,0.4808780251911363,302663.23832824506,1783556908663238.2,1783556908835694.8
549.0,200.2365981658919,24288.0,64.22119167669666,-991.7113661628081,150.30058162037142,1004.9564534058638,0.06422119167669665,-0.9917113661628081,0.1503005816203714,1.0049564534058637,1.005473062068082,1.005473062068082,9.860322404129956,0.005473062068082102,0.05367240412995734,0.6297947493562772,0.9169217749999999,-0.2871270256437227,0.009496771520531803,-9.725366268980503,-9.58109705,-0.1442692189805017,0.12446320822895263,1.4739451987474153,0.9136850101252584,0.5602601886221569,-0.003333120250516946,0.06422119167669665,0.6297947493562772,0.009496771520531803,0.009496771520531803,-0.0833104143606315,9.860322404129956,1.005473062068082,43.66233309479644,-79.3957641502908,108.9,-36.2516152203278,-12.812161202249586,1.0,3.272541997397366,549.0,3.272541997397366,3.2621885664212895,11.743878839116642,0.596,0.46455885135776004,0.0,3.2621885664212895,11.743878839116642,0.0028295109456397435,0.06269440872885308,0.06269440872885308,0.0,0.0,0.0,0.0,4.8633464962531825,0.0008051540310463602,2.898554511766897,18834.934961236264,5.23192637812118,0.4859138329073394,303439.4524440957,1783556909439452.5,1783556909138343.0
550.0,146.93139956353576,24288.0,49.62926580230868,-982.4797395892157,168.1682459563567,998.4049764826692,0.04962926580230867,-0.9824797395892156,0.1681682459563567,0.9984049764826692,0.9987985936613737,0.9987985936613737,9.794868228529308,-0.0012014063386263443,-0.011781771470690053,0.4866968394802103,0.9169217749999999,-0.43022493551978963,0.029939330074255647,-9.634834938242582,-9.58109705,-0.053737888242581494,0.13906503576732704,1.6491671292079055,0.8961628170792094,0.753004312128696,0.03171126584158112,0.04962926580230867,0.4866968394802103,0.029939330074255647,0.029939330074255647,-0.014711224583034699,9.794868228529308,0.9987985936613737,43.66232684111392,-79.39577308412298,108.9,-36.971076815517364,-13.503443267870383,1.0,3.3020842652401736,550.0,3.3020842652401736,3.2610236330823583,11.73968507909649,0.596,1.4645588513577494,0.0,3.2610236330823583,11.73968507909649,0.0004996442677775398,0.054405218349256046,0.054405218349256046,0.0,0.0,0.0,0.0,3.5686698325991575,0.0005908131167303049,2.126927220229098,18835.13325651789,5.231981460143854,0.4942285524156448,303616.93790983316,1783556909616938.0,1783556909436137.5
551.0,93.62620096117965,24288.0,35.03733992792069,-973.2481130156233,186.035910292342,991.8534995594746,0.035037339927920685,-0.9732481130156233,0.186035910292342,0.9918534995594745,0.9921241252546652,0.9921241252546652,9.729414052928663,-0.007875874745334792,-0.07723594707133746,0.34359892960414334,0.9169217749999999,-0.5733228453958565,0.05038188862797949,-9.544303607504661,-9.58109705,0.03679344249533875,0.15366686330570145,1.8243890596683958,0.8786406240331603,0.9457484356352353,0.06675565193367917,0.035037339927920685,0.34359892960414334,0.05038188862797949,0.05038188862797949,0.053887965194562085,9.729414052928663,0.9921241252546652,43.662320587431395,-79.39578201795514,108.9,-37.69053841070693,-14.194725333491181,1.0,3.3316265330829817,551.0,3.3316265330829817,3.259858699743427,11.735491319076338,0.596,2.4645588513577388,0.0,3.259858699743427,11.735491319076338,-0.0018302224100846644,0.04611602796965901,0.04611602796965901,0.0,0.0,0.0,0.0,2.273993168945132,0.0003764722024142496,1.3552999286912986,18835.331551799514,5.232036542166527,0.5025432719239502,303794.4233755706,1783556909794423.5,1783556909733931.8
552.0,128.32442874953497,24288.0,24.879865420671308,-963.742127747293,199.2525421848768,984.5104144375838,0.024879865420671304,-0.963742127747293,0.1992525421848768,0.9845104144375838,0.98466389631404,0.98466389631404,9.65625419878808,-0.01533610368595996,-0.15039580121191923,0.24398813222762625,0.9136755873876291,-0.6696874551600028,0.06637421867134038,-9.45108173707299,-9.581908596903093,0.13082685983010311,0.16671305000000203,1.953999942817322,0.8629851999999999,1.091014742817322,0.08410789326680546,0.024879865420671304,0.24398813222762625,0.06637421867134038,0.06637421867134038,0.10757891982920337,9.65625419878808,0.98466389631404,43.66231427175817,-79.39579086064944,108.9,-38.402660467573654,-14.89285985225305,1.0,3.353401956652608,552.0,3.353401956652608,3.2603060601723195,11.737101816620351,0.5961324076055481,3.353401956652608,0.0,3.2603060601723195,11.737101816620351,-0.002294195970318074,0.03840152423743663,0.03840152423743663,0.0,0.0,0.0,0.0,3.116743725468705,0.000518256993170474,1.8657251754137065,18836.730608471156,5.232425169019761,0.5542606291193327,303972.8611408322,1783556909972861.2,1783556910033102.0
553.0,901.0523468774247,24288.0,51.91136074721992,-951.9352677196051,173.46387422966376,970.5286065100587,0.051911360747219915,-0.9519352677196051,0.17346387422966375,0.9705286065100587,0.9706139852745279,0.9706139852745279,9.518471638692448,-0.02938601472547204,-0.28817836130755037,0.5090765458717242,0.8832056547848592,-0.37412910891313506,0.04504526584940148,-9.335295993182465,-9.589526080053785,0.2542300868713212,0.16671305000000203,1.701099502214332,0.8629851999999999,0.838114302214332,-0.046912816925105044,0.051911360747219915,0.5090765458717242,0.04504526584940148,0.04504526584940148,0.03624383153211462,9.518471638692448,0.9706139852745279,43.66230743620763,-79.39579893902736,108.9,-39.05323040746263,-15.648461609248542,1.0,3.310041715522063,553.0,3.310041715522063,3.2742747199301734,11.787388991748625,0.5973752349768836,3.310041715522063,0.0,3.2742747199301734,11.787388991748625,0.012889908916944002,0.035506557945962774,0.035506557945962774,0.0,0.0,0.0,0.0,21.88475940095889,0.0036466453130841077,13.127923127102788,18848.199699835695,5.2356110277321335,0.969968759922747,304159.2852465325,1783556910159285.2,1783556910343808.8
554.0,1673.7802650053145,24288.0,78.94285607376854,-940.1284076919172,147.67520627445072,956.5467985825335,0.07894285607376852,-0.9401284076919172,0.14767520627445072,0.9565467985825334,0.9565640742350159,0.9565640742350159,9.380689078596818,-0.04343592576498412,-0.4259609214031814,0.7741649595158222,0.8527357221820894,-0.07857076266626717,0.023716313027462563,-9.21951024929194,-9.597143563204478,0.3776333139125393,0.16671305000000203,1.448199061611342,0.8629851999999999,0.585213861611342,-0.17793352711701554,0.07894285607376852,0.7741649595158222,0.023716313027462563,0.023716313027462563,-0.03509125676497414,9.380689078596818,0.9565640742350159,43.66230060065708,-79.39580701740526,108.9,-39.7038003473516,-16.404063366244035,1.0,3.2666814743915173,554.0,3.2666814743915173,3.2882433796880273,11.837676166876898,0.5986180623482192,3.2666814743915173,0.0,3.2882433796880273,11.837676166876898,0.02807401380420608,0.03261159165448892,0.03261159165448892,0.0,0.0,0.0,0.0,40.652775076449075,0.006775033632997742,24.39012107879187,18859.668791200234,5.238796886444506,1.3856768907261614,304345.70935223287,1783556910345709.2,1783556910654515.5
555.0,2446.5081831332045,24288.0,105.97435140031715,-928.3215476642292,121.88653831923766,942.5649906550084,0.10597435140031713,-0.9283215476642294,0.12188653831923765,0.9425649906550083,0.9425141631955039,0.9425141631955039,9.242906518501186,-0.0574858368044962,-0.5637434814988126,1.0392533731599203,0.8222657895793195,0.21698758358060066,0.0023873602055236587,-9.103724505401413,-9.60476104635517,0.5010365409537574,0.16671305000000203,1.195298621008352,0.8629851999999999,0.33231342100835193,-0.308954237308926,0.10597435140031713,1.0392533731599203,0.0023873602055236587,0.0023873602055236587,-0.10642634506206287,9.242906518501186,0.9425141631955039,43.66229376510654,-79.39581509578318,108.9,-40.354370287240585,-17.159665123239527,1.0,3.223321233260972,555.0,3.223321233260972,3.302212039445881,11.887963342005172,0.5998608897195548,3.223321233260972,0.0,3.302212039445881,11.887963342005172,0.04325811869146816,0.029716625363015062,0.029716625363015062,0.0,0.0,0.0,0.0,59.420790751939265,0.009903421952911376,35.65231903048095,18871.137882564777,5.241982745156878,1.8013850215295755,304532.1334579332,1783556910532133.5,1783556910965222.5
556.0,11313.773158857572,24288.0,132.67577151391126,-910.5486936718305,36.33412531889536,923.4623911393192,0.13267577151391127,-0.9105486936718304,0.03633412531889536,0.9234623911393193,0.9231253563390616,0.9231253563390616,9.052767275742458,-0.07687464366093849,-0.7538827242575423,1.3011048547168977,0.7256921,0.5754127547168979,0.15437903389646335,-8.929432346796856,-9.637881280649411,0.7084489338525557,0.15353269516601353,0.35631605005854516,0.8486440419335952,-0.49232799187505005,-0.2524455338964631,0.13267577151391127,1.3011048547168977,0.15437903389646335,0.15437903389646335,0.15736063907989156,9.052767275742458,0.9231253563390616,43.6622868174981,-79.39582298891519,108.9,-40.99002195837678,-17.927653760196385,1.0,3.241398976592923,556.0,3.241398976592923,3.295049572595804,11.862178461344895,0.5947311955696596,0.888069506953556,0.0,3.295049572595804,11.862178461344895,0.024146872835551374,0.025555361592450938,0.025555361592450938,0.0,0.0,0.0,0.0,274.7889224823327,0.04539587714489868,163.42515772163523,19079.711567015518,5.299919879726528,5.376130667843059,305307.6698316222,1783556911307669.8,1783556911268804.5
557.0,11338.290562829996,24288.0,171.72200746999408,-903.2842776800011,17.567717340002837,922.8570231400001,0.1717220074699941,-0.9032842776800011,0.017567717340002835,0.9228570231400002,0.9224293358815915,0.9224293358815915,9.04594164672321,-0.07757066411840857,-0.7607083532767913,1.6840176245556173,0.7256921,0.9583255245556177,0.07423450067440573,-8.858192761710582,-9.624523858445736,0.7663310967351531,0.13869111493970632,0.17228045525233876,0.854580674024118,-0.6823002187717793,-0.17230100067440549,0.1717220074699941,1.6840176245556173,0.07423450067440573,0.07423450067440573,-0.0923044461632555,9.04594164672321,0.9224293358815915,43.66227985576611,-79.39583085869918,108.9,-41.62379336094861,-18.697203614569815,1.0,3.267220239816978,557.0,3.267220239816978,3.2852237810832623,11.826805611899745,0.59442851157,1.8880695069535398,0.0,3.2852237810832623,11.826805611899745,0.0007131100056507814,0.021234496236573697,0.021234496236573697,0.0,0.0,0.0,0.0,275.38440119001496,0.04547107164755394,163.69585793119418,19129.375682193633,5.313715467276004,7.842460091746441,305487.46412742,1783556911487464.2,1783556911571488.5
558.0,11362.80796680242,24288.0,210.76824342607694,-896.0198616881718,-1.198690638889694,922.251655140681,0.21076824342607692,-0.8960198616881717,-0.0011986906388896934,0.922251655140681,0.9217333154241214,0.9217333154241214,9.03911601770396,-0.07826668457587865,-0.7675339822960403,2.0669303943943373,0.7256921,1.3412382943943375,-0.005910032547651878,-8.786953176624309,-9.611166436242058,0.8242132596177505,0.1238495347133991,-0.011755139553867644,0.8605173061146407,-0.8722724456685084,-0.09215646745234782,0.21076824342607692,2.0669303943943373,-0.005910032547651878,-0.005910032547651878,-0.34196953140640257,9.03911601770396,0.9217333154241214,43.66227289403412,-79.39583872848317,108.9,-42.25756476352044,-19.466753468943246,1.0,3.293041503041033,558.0,3.293041503041033,3.2753979895707204,11.791432762454594,0.5941258275703405,2.888069506953524,0.0,3.2753979895707204,11.791432762454594,-0.022720652824249815,0.01691363088069646,0.01691363088069646,0.0,0.0,0.0,0.0,275.9798798976972,0.04554626615020921,163.96655814075316,19179.039797371744,5.32751105482548,10.308789515649824,305667.25842321775,1783556911667258.5,1783556911874172.5
559.0,13242.964715349552,24288.0,42.072788551050856,-1045.4244114909034,33.93169138182255,1046.85330291468,0.04207278855105086,-1.0454244114909033,0.03393169138182255,1.04685330291468,1.0474228002584398,1.0474228002584398,10.271708804154429,0.04742280025843988,0.4650588041544294,0.41259311184416286,0.7256921,-0.3130989881558371,-0.20593965000000003,-10.252111304947265,-9.601234725599694,-0.6508765793475711,0.22363939220398094,0.3327562212895502,0.8629851999999999,-0.5302289787104497,0.049736078560734726,0.04207278855105086,0.41259311184416286,-0.20593965000000003,-0.20593965000000003,-0.2297587148958367,10.271708804154429,1.0474228002584398,43.66226607054858,-79.39584682250856,108.9,-42.90939482970685,-20.221021559793652,1.0,3.297977436764898,559.0,3.297977436764898,3.277111470233389,11.7976012928402,0.5968930571398604,0.5842939485337477,0.0,3.277111470233389,11.7976012928402,-0.02086596653150917,0.01276662929636789,0.01276662929636789,0.0,0.0,0.0,0.0,321.6451270064099,0.05332114419017658,191.95611908463565,19426.701188807612,5.396305885779888,11.334057582075753,306445.3454682112,1783556912445345.5,1783556912178611.5
560.0,12700.36918540091,24288.0,52.46616771626426,-1013.6328987502505,57.775325937312125,1017.5072911540774,0.052466167716264264,-1.0136328987502505,0.05777532593731212,1.0175072911540775,1.0176879484857944,1.0176879484857944,9.980109520018214,0.017687948485794365,0.17345952001821535,0.5145173436347029,0.7256921,-0.21117475636529703,-0.20593965000000003,-9.940343066529143,-9.593740296791566,-0.3466027697375765,0.32106696670964363,0.5665824001031419,0.8629851999999999,-0.29640279989685797,0.06772270770024177,0.052466167716264264,0.5145173436347029,-0.20593965000000003,-0.20593965000000003,-0.14425180903128965,9.980109520018214,1.0176879484857944,43.662259345420885,-79.39585507607437,108.9,-43.57407304495387,-20.964417175258102,1.0,3.2880541410172217,560.0,3.2880541410172217,3.2870347659810646,11.833325157531833,0.5984214952523917,1.584293948533759,0.0,3.2870347659810646,11.833325157531833,-0.0010193750361571219,0.008743326104166954,0.008743326104166954,0.0,0.0,0.0,0.0,308.4665667750173,0.0512608856288064,184.53918826370304,19479.28761626029,5.410913226738965,11.334057582075753,306629.0637293375,1783556912629063.8,1783556912484299.0
561.0,12157.773655452269,24288.0,62.85954688147766,-981.8413860095977,81.6189604928017,988.1612793934748,0.06285954688147767,-0.9818413860095977,0.08161896049280169,0.9881612793934749,0.9879530967131489,0.9879530967131489,9.688510235882001,-0.012046903286851138,-0.11813976411799865,0.616441575425243,0.7256921,-0.10925052457475698,-0.20593965000000003,-9.62857482811102,-9.586245867983438,-0.042328960127581805,0.41849454121530627,0.8004085789167338,0.8629851999999999,-0.06257662108326612,0.08570933683974882,0.06285954688147767,0.616441575425243,-0.20593965000000003,-0.20593965000000003,-0.05874490316674258,9.688510235882001,0.9879530967131489,43.662252620293195,-79.39586332964018,108.9,-44.23875126020089,-21.707812790722553,1.0,3.278130845269546,561.0,3.278130845269546,3.296958061728741,11.869049022223466,0.5999499333649232,2.5842939485337704,0.0,3.296958061728741,11.869049022223466,0.01882721645919492,0.004720022911966016,0.004720022911966016,0.0,0.0,0.0,0.0,295.2880065436247,0.04920062706743623,177.1222574427704,19531.874043712967,5.425520567698042,11.334057582075753,306812.7819904638,1783556912812782.0,1783556912789986.8
562.0,11577.504806912042,24288.0,72.31476119018248,-954.0742113531329,99.94439939975328,962.5371635911694,0.07231476119018249,-0.9540742113531329,0.09994439939975328,0.9625371635911694,0.9620916400524727,0.9620916400524727,9.434895981920581,-0.037908359947527254,-0.3717540180794181,0.709165552825703,0.7238760957739437,-0.014710542948240698,-0.20593965000000003,-9.3562718647662,-9.58109705,0.22482518523380143,0.48542917500000016,0.9801197443735904,0.8629851999999999,0.11713454437359054,0.09806650000000006,0.07231476119018249,0.709165552825703,-0.20593965000000003,-0.20593965000000003,0.0,9.434895981920581,0.9620916400524727,43.66224596301015,-79.39587168512298,108.9,-44.911637080801114,-22.443708858195354,1.0,3.2814015813251607,562.0,3.2814015813251607,3.306212814075543,11.902366130671954,0.6004444573143561,3.2814015813251607,0.0,3.306212814075543,11.902366130671954,0.03189377495750725,0.0017748346170537934,0.0017748346170537934,0.0,0.0,0.0,0.0,281.1944367502797,0.04690807752691401,168.86907909689043,19580.77236406308,5.439103434461962,11.448014662815952,306994.09131632635,1783556912994091.2,1783556913092590.5
563.0,10914.539776115842,24288.0,79.71062275640514,-935.1408057436029,106.15692311538032,945.0829302948839,0.07971062275640514,-0.9351408057436028,0.10615692311538032,0.9450829302948839,0.9447326196013948,0.9447326196013948,9.264662144014018,-0.05526738039860524,-0.541987855985982,0.7816941786541005,0.7180738057076719,0.06362037294642864,-0.20593965000000003,-9.170598582645502,-9.58109705,0.41049846735449863,0.48542917500000016,1.0410437900694445,0.8629851999999999,0.1780585900694445,0.09806650000000006,0.07971062275640514,0.7816941786541005,-0.20593965000000003,-0.20593965000000003,0.0,9.264662144014018,0.9447326196013948,43.662239454651974,-79.3958802643224,108.9,-45.60253930275775,-23.16314277126445,1.0,3.3136343546922364,563.0,3.3136343546922364,3.3140000560199825,11.930400201671937,0.5986694505384628,3.3136343546922364,0.0,3.3140000560199825,11.930400201671937,0.030077576497159947,0.001196201469714435,0.001196201469714435,0.0,0.0,0.0,0.0,265.09234208230157,0.04410562926054218,158.78026533795185,19621.57497135855,5.4504374920440375,11.812117360416014,307170.11282160244,1783556913170112.8,1783556913388425.0
564.0,10251.574745319642,24288.0,87.10648432262781,-916.2074001340728,112.36944683100737,927.6286969985983,0.08710648432262781,-0.9162074001340728,0.11236944683100736,0.9276286969985984,0.9273735991503168,0.9273735991503168,9.094428306107455,-0.07262640084968322,-0.7122216938925459,0.854222804482498,0.7122715156414001,0.14195128884109798,-0.20593965000000003,-8.984925300524804,-9.58109705,0.5961717494751959,0.48542917500000016,1.1019678357652984,0.8629851999999999,0.23898263576529843,0.09806650000000006,0.08710648432262781,0.854222804482498,-0.20593965000000003,-0.20593965000000003,0.0,9.094428306107455,0.9273735991503168,43.66223294629379,-79.39588884352182,108.9,-46.293441524714375,-23.882576684333543,1.0,3.345867128059312,564.0,3.345867128059312,3.3217872979644216,11.958434272671917,0.5968944437625693,3.345867128059312,0.0,3.3217872979644216,11.958434272671917,0.028261378036812643,0.0006175683223750763,0.0006175683223750763,0.0,0.0,0.0,0.0,248.9902474143235,0.04130318099417035,148.69145157901323,19662.377578654025,5.461771549626113,12.176220058016076,307346.1343268785,1783556913346134.2,1783556913684259.2
565.0,9588.609714523442,24288.0,94.50234588885048,-897.2739945245428,118.58197054663441,910.1744637023129,0.09450234588885048,-0.8972739945245428,0.1185819705466344,0.9101744637023129,0.9100145786992389,0.9100145786992389,8.92419446820089,-0.0899854213007612,-0.8824555317991096,0.9267514303108956,0.7064692255751283,0.22028220473576732,-0.20593965000000003,-8.799252018404108,-9.58109705,0.781845031595893,0.48542917500000016,1.1628918814611522,0.8629851999999999,0.2999066814611524,0.09806650000000006,0.09450234588885048,0.9267514303108956,-0.20593965000000003,-0.20593965000000003,0.0,8.92419446820089,0.9100145786992389,43.662226437935615,-79.39589742272123,108.9,-46.98434374667101,-24.60201059740264,1.0,3.378099901426388,565.0,3.378099901426388,3.3295745399088608,11.986468343671898,0.5951194369866759,3.378099901426388,0.0,3.3295745399088608,11.986468343671898,0.026445179576465343,3.8935175035717615e-05,3.8935175035717615e-05,0.0,0.0,0.0,0.0,232.88815274634538,0.03850073272779851,138.60263782007465,19703.180185949495,5.473105607208189,12.540322755616138,307522.1558321546,1783556913522155.8,1783556913980093.8
566.0,10486.058174135405,24288.0,89.13101021028572,-1006.6261732242923,56.88392612149724,1015.227880233639,0.08913101021028572,-1.0066261732242925,0.05688392612149723,1.015227880233639,1.0146523888420216,1.0146523888420216,9.95034084903761,0.014652388842021587,0.14369084903761103,0.8740766212786983,0.7256921,0.14838452127869844,-0.20593965000000003,-9.871630561650006,-9.58109705,-0.290533511650006,0.4030282049351867,0.5578407540993808,0.8433718999999998,-0.285531145900619,0.09806650000000006,0.08913101021028572,0.8740766212786983,-0.20593965000000003,-0.20593965000000003,0.0,9.95034084903761,1.0146523888420216,43.66222067837834,-79.39590696273122,108.9,-47.75262220442117,-25.23867205860564,1.0,3.3662168322743686,566.0,3.3662168322743686,3.3300985292958263,11.988354705464975,0.6245165006308394,0.9327118136685658,0.0,3.3300985292958263,11.988354705464975,0.01895029235289063,0.0036863392615799954,0.0036863392615799954,0.0,0.0,0.0,0.0,254.68538093340075,0.044326967223366785,159.57708200412043,19914.02045793829,5.531672349427299,13.106149065871087,308336.65078352805,1783556914336650.8,1783556914280085.2
567.0,9705.600786122448,24288.0,127.86860276652718,-957.978963967617,70.69733121907171,972.5864992802569,0.12786860276652717,-0.9579789639676171,0.07069733121907171,0.9725864992802569,0.9721950868578355,0.9721950868578355,9.533976948534391,-0.027804913142164434,-0.2726730514656067,1.2539626333203637,0.7256921,0.5282705333203637,-0.20593965000000003,-9.39456440699303,-9.58109705,0.18653264300696915,0.31468262073945075,0.6933039831995096,0.8433718999999998,-0.1500679168004903,0.09806650000000006,0.12786860276652717,1.2539626333203637,-0.20593965000000003,-0.20593965000000003,0.0,9.533976948534391,0.9721950868578355,43.662214972841454,-79.3959165720565,108.9,-48.52648277927911,-25.869362106042193,1.0,3.351151134803407,567.0,3.351151134803407,3.3300985292958263,11.988354705464975,0.6122045526090882,1.9327118136685708,0.0,3.3300985292958263,11.988354705464975,0.011045730177183197,0.0076386203494337125,0.0076386203494337125,0.0,0.0,0.0,0.0,235.72963189334203,0.04026251661699724,144.94505982119009,19951.406278599377,5.542057299610934,12.366972748490147,308515.324175551,1783556914515324.2,1783556914580376.8
568.0,8925.14339810949,24288.0,166.60619532276863,-909.3317547109417,84.51073631664619,929.9451183268749,0.16660619532276863,-0.9093317547109417,0.08451073631664618,0.9299451183268749,0.9297377848736496,0.9297377848736496,9.117613048031174,-0.07026221512635045,-0.6890369519688244,1.633848645362029,0.7256921,0.9081565453620289,-0.20593965000000003,-8.917498252336056,-9.58109705,0.6635987976639444,0.2263370365437148,0.8287672122996382,0.8433718999999998,-0.014604687700361607,0.09806650000000006,0.16660619532276863,1.633848645362029,-0.20593965000000003,-0.20593965000000003,0.0,9.117613048031174,0.9297377848736496,43.66220926730457,-79.3959261813818,108.9,-49.30034335413705,-26.50005215347874,1.0,3.3360854373324456,568.0,3.3360854373324456,3.3300985292958263,11.988354705464975,0.5998926045873371,2.9327118136685755,0.0,3.3300985292958263,11.988354705464975,0.0031411680014757602,0.011590901437287431,0.011590901437287431,0.0,0.0,0.0,0.0,216.7738828532833,0.03619806601062771,130.31303763825974,19988.792099260463,5.552442249794569,11.627796431109209,308693.997567574,1783556914693997.5,1783556914880668.2
569.0,10131.751988108652,24288.0,37.443840424069556,-1032.5677934085272,83.44384042406956,1037.111557686012,0.037443840424069556,-1.0325677934085273,0.08344384042406956,1.037111557686012,1.0367677291693866,1.0367677291693866,10.167218251258964,0.036767729169386636,0.3605682512589654,0.36719863769470173,0.7256921,-0.3584934623052982,-0.20593965000000003,-10.126030951229733,-9.605613675,-0.5204172762297324,0.14005052024102688,0.8183045376947017,0.8433718999999998,-0.025067362305298116,0.09806650000000006,0.037443840424069556,0.36719863769470173,-0.20593965000000003,-0.20593965000000003,0.0,10.167218251258964,1.0367677291693866,43.6622039186691,-79.39593616266181,108.88187452408386,-50.1041582806472,-27.09129031832378,1.0,3.329115606756819,569.0,3.329115606756819,3.329115606756819,11.984816184324549,0.6000937262041922,0.6026132843727583,-0.018125475916157107,3.329115606756819,11.984816184324549,-0.0009829225390072273,0.010775903564747712,0.010775903564747712,-0.545180276815708,0.0,0.0,0.0,246.07999228718296,0.04101107323633962,147.63986365082263,20177.264974009904,5.6047958261138575,11.334057582075753,309474.0278364603,1783556915474027.8,1783556915181254.8
570.0,10652.404280789575,24288.0,43.1586836135193,-972.110768088559,89.1586836135193,977.5568760275357,0.0431586836135193,-0.972110768088559,0.08915868361351931,0.9775568760275357,0.9774252070870535,0.9774252070870535,9.585266907080252,-0.02257479291294652,-0.2213830929197469,0.423242104658519,0.7256921,-0.3024499953414809,-0.20593965000000003,-9.533150063875667,-9.605613675,0.07246361112433453,0.09580567790117091,0.874348004658519,0.8433718999999998,0.030976104658519188,0.09806650000000006,0.0431586836135193,0.423242104658519,-0.20593965000000003,-0.20593965000000003,0.0,9.585266907080252,0.9774252070870535,43.66219880538835,-79.39594638922331,108.85179640203411,-50.92772627555213,-27.656512372248415,1.0,3.327484506738786,570.0,3.327484506738786,3.327484506738786,11.978944224259632,0.5985898201017055,1.6026132843727705,-0.04820359796589516,3.327484506738786,11.978944224259632,-0.0026140225570400744,0.006817175911140294,0.006817175911140294,-1.4498737028545583,0.0,0.0,0.0,258.7255951718172,0.04300500615180293,154.81802214649056,20227.549355499174,5.618763709860877,11.334057582075753,309653.2934438767,1783556915653293.5,1783556915482036.0
571.0,11173.056573470496,24288.0,48.873526802969046,-911.6537427685906,94.87352680296904,918.0021943690595,0.04887352680296904,-0.9116537427685907,0.09487352680296905,0.9180021943690595,0.9180826850047203,0.9180826850047203,9.00331556290154,-0.08191731499527966,-0.8033344370984592,0.4792855716223363,0.7256921,-0.24640652837766364,-0.20593965000000003,-8.9402691765216,-9.605613675,0.6653444984784016,0.05156083556131494,0.9303914716223364,0.8433718999999998,0.0870195716223365,0.09806650000000006,0.04887352680296904,0.4792855716223363,-0.20593965000000003,-0.20593965000000003,0.0,9.00331556290154,0.9180826850047203,43.6621936921076,-79.39595661578481,108.82171827998437,-51.751294270457066,-28.221734426173047,1.0,3.3258534067207535,571.0,3.3258534067207535,3.3258534067207535,11.973072264194712,0.5970859139992186,2.602613284372783,-0.07828172001563322,3.3258534067207535,11.973072264194712,-0.004245122575072921,0.0028584482575328782,0.0028584482575328782,-2.3545671288934087,0.0,0.0,0.0,271.3711980564514,0.04499893906726625,161.9961806421585,20277.833736988443,5.632731593607897,11.334057582075753,309832.5590512931,1783556915832559.0,1783556915782817.2
572.0,11232.252022250972,24288.0,51.20998182649904,-873.28481555986,104.19957659921708,880.8814882843603,0.05120998182649904,-0.8732848155598599,0.10419957659921708,0.8808814882843603,0.8811127678850934,0.8811127678850934,8.64076452518035,-0.11888723211490664,-1.1658854748196492,0.5021983682788367,0.7256921,-0.22349373172116324,-0.1917292028923917,-8.563998536510102,-9.605613675,1.0416151384898997,0.032151929800832306,1.0218487778567122,0.8433718999999998,0.17847687785671232,0.10057422596016624,0.05120998182649904,0.5021983682788367,-0.1917292028923917,-0.1917292028923917,0.023883104382535,8.64076452518035,0.8811127678850934,43.66218846569871,-79.39596672764675,108.8,-52.56562525166206,-28.799461664787316,1.0,3.3192213874253746,572.0,3.3192213874253746,3.3246756507818827,11.968832342814778,0.595914761039357,3.3192213874253746,-0.0914761039357175,3.3246756507818827,11.968832342814778,-0.004960637985722344,0.0,0.0,-2.7514294188127666,0.0,0.0,0.0,272.80893711643165,0.04516053055216439,162.5779099877918,20323.791033972866,5.645497509436903,11.405859420391893,310012.7171815825,1783556916012717.2,1783556916085239.0
573.0,10092.61514164328,24288.0,44.76962270573436,-892.2992091544985,122.90728642620019,902.0426682525871,0.04476962270573436,-0.8922992091544986,0.12290728642620019,0.902042668252587,0.9022653002998995,0.9022653002998995,8.848200007186009,-0.09773469970010049,-0.9584499928139905,0.4390400205071899,0.7256921,-0.2866520794928101,-0.14060101660105845,-8.750466039454963,-9.605613675,0.8551476355450373,0.07726503535200885,1.205308740431496,0.8433718999999998,0.36193684043149615,0.10959684707040153,0.04476962270573436,0.4390400205071899,-0.14060101660105845,-0.14060101660105845,0.10981282924191861,8.848200007186009,0.9022653002998995,43.66218294539089,-79.3959765415273,108.8,-53.35595912285155,-29.409676491112254,1.0,3.2995973326112074,573.0,3.2995973326112074,3.3246756507818827,11.968832342814778,0.5956080772717016,3.2995973326112074,-0.06080772717016882,3.3246756507818827,11.968832342814778,-0.003297529171528267,0.0,0.0,-1.8289822393913322,0.0,0.0,0.0,245.12943656023202,0.04056182825341932,146.02258171230955,20358.506870645295,5.655140797401466,11.664197369767344,310195.1940233375,1783556916195194.0,1783556916391922.8
574.0,8952.978261035589,24288.0,38.329263584969695,-911.3136027491371,141.61499625318328,923.2038482208138,0.03832926358496969,-0.9113136027491371,0.14161499625318327,0.9232038482208138,0.9234178327147057,0.9234178327147057,9.055635489191667,-0.07658216728529435,-0.7510145108083317,0.37588167273554296,0.7256921,-0.349810427264457,-0.08947283030972522,-8.936933542399826,-9.605613675,0.6686801326001749,0.12237814090318541,1.3887687030062799,0.8433718999999998,0.54539680300628,0.11861946818063683,0.03832926358496969,0.37588167273554296,-0.08947283030972522,-0.08947283030972522,0.1957425541013022,9.055635489191667,0.9234178327147057,43.66217742508307,-79.39598635540787,108.8,-54.14629299404103,-30.019891317437192,1.0,3.27997327779704,574.0,3.27997327779704,3.3246756507818827,11.968832342814778,0.5953013935040461,3.27997327779704,-0.030139350404620138,3.3246756507818827,11.968832342814778,-0.0016344203573341889,0.0,0.0,-0.9065350599698982,0.0,0.0,0.0,217.4499360040324,0.035963125954674255,129.46725343682732,20393.222707317724,5.66478408536603,11.922535319142794,310377.67086509254,1783556916377670.8,1783556916698606.5
575.0,12431.755044246891,24288.0,39.79452336891585,-980.1335598102047,120.20547663108415,988.1592443890902,0.03979452336891585,-0.9801335598102047,0.12020547663108415,0.9881592443890902,0.988286297353962,0.988286297353962,9.69177781794623,-0.011713702646038042,-0.11487218205376896,0.3902509625957786,0.7256921,-0.3354411374042213,0.0833565249999999,-9.611826774312744,-9.58109705,-0.030729724312743317,0.019613300000001388,1.1788130374042212,0.8434726518702109,0.33534038553401024,0.12748645000000014,0.03979452336891585,0.3902509625957786,0.0833565249999999,0.0833565249999999,0.2049637408591271,9.69177781794623,0.988286297353962,43.66217189212477,-79.39599615410746,108.8,-54.93540430821486,-30.63150452851911,1.0,3.261187755316022,575.0,3.261187755316022,3.3248328627017565,11.969398305726322,0.5950205476631084,0.017249897670580813,0.0,3.3248328627017565,11.969398305726322,0.00015721191987362322,0.0,0.0,0.0,0.0,0.0,0.0,301.9424665146685,0.049906284634217514,179.66262468318305,20607.924699126554,5.72442352753515,10.381140327280571,311155.0770125505,1783556917155077.0,1783556917005137.0
576.0,12823.354135203348,24288.0,27.882763948187126,-987.8762034336784,132.11723605181288,997.390857940155,0.027882763948187124,-0.9878762034336783,0.13211723605181286,0.9973908579401549,0.9973733768315005,0.9973733768315005,9.780891625904633,-0.0026266231684994677,-0.025758374095365313,0.2734365070724893,0.7256921,-0.45225559292751066,0.0833565249999999,-9.687756170402881,-9.58109705,-0.10665912040288149,0.019613300000001388,1.2956274929275107,0.8493133746463754,0.4463141182811352,0.12748645000000014,0.027882763948187124,0.2734365070724893,0.0833565249999999,0.0833565249999999,0.1436116108573996,9.780891625904633,0.9973733768315005,43.66216563845107,-79.39600508792704,108.8,-55.6548648885011,-31.322785618753937,1.0,3.2901745589059272,576.0,3.2901745589059272,3.3339466512514555,12.00220794450524,0.5962117236051813,1.017249897670567,0.0,3.3339466512514555,12.00220794450524,0.00927100046957275,0.0,0.0,0.0,0.0,0.0,0.0,311.45362523581895,0.051588688868630383,185.71927992706938,20667.452690895632,5.740959080804338,10.16027777915498,311333.4556098759,1783556917333455.5,1783556917302931.0
577.0,13214.953226159805,24288.0,15.971004527458401,-995.618847057152,144.0289954725416,1006.6224714912197,0.0159710045274584,-0.9956188470571521,0.1440289954725416,1.0066224714912198,1.0064604563090391,1.0064604563090391,9.870005433863037,0.006460456309039107,0.06335543386303835,0.15662205154919992,0.7256921,-0.5690700484508,0.0833565249999999,-9.76368556649302,-9.58109705,-0.18258851649301966,0.019613300000001388,1.4124419484508,0.8551540974225399,0.5572878510282602,0.12748645000000014,0.0159710045274584,0.15662205154919992,0.0833565249999999,0.0833565249999999,0.08225948085567208,9.870005433863037,1.0064604563090391,43.662159384777375,-79.39601402174661,108.8,-56.37432546878734,-32.014066708988764,1.0,3.3191613624958327,577.0,3.3191613624958327,3.3430604398011545,12.035017583284157,0.5974028995472541,2.017249897670553,0.0,3.3430604398011545,12.035017583284157,0.018384789019271878,0.0,0.0,0.0,0.0,0.0,0.0,320.96478395696937,0.05327109310304326,191.77593517095573,20726.980682664707,5.757494634073526,9.93941523102939,311511.8342072013,1783556917511834.2,1783556917600725.0
578.0,13606.552317116262,24288.0,4.059245106729676,-1003.3614906806257,155.9407548932703,1015.8540850422845,0.004059245106729677,-1.0033614906806256,0.15594075489327033,1.0158540850422844,1.0155475357865777,1.0155475357865777,9.95911924182144,0.015547535786577683,0.152469241821442,0.03980759602591055,0.7256921,-0.6858845039740894,0.0833565249999999,-9.839614962583159,-9.58109705,-0.2585179125831578,0.019613300000001388,1.5292564039740895,0.8609948201987043,0.6682615837753851,0.12748645000000014,0.004059245106729677,0.03980759602591055,0.0833565249999999,0.0833565249999999,0.020907350853944573,9.95911924182144,1.0155475357865777,43.66215313110368,-79.39602295556618,108.8,-57.09378604907358,-32.70534779922359,1.0,3.3481481660857377,578.0,3.3481481660857377,3.3521742283508535,12.067827222063073,0.598594075489327,3.0172498976705393,0.0,3.3521742283508535,12.067827222063073,0.027498577568971005,0.0,0.0,0.0,0.0,0.0,0.0,330.4759426781198,0.054953497337456136,197.83259041484206,20786.508674433786,5.774030187342714,9.7185526829038,311690.21280452673,1783556917690212.8,1783556917898518.8
579.0,1845.4836622574285,24288.0,106.69773247670828,-956.5012589430287,136.58438482892404,972.7329971399123,0.10669773247670829,-0.9565012589430286,0.13658438482892404,0.9727329971399123,0.9731426236794709,0.9731426236794709,9.543269110506282,-0.026857376320529102,-0.2633808894937167,1.0463473181927114,0.7256921,0.32065521819271137,0.16215555320940994,-9.380073071013651,-9.529877681663883,0.14980461065023187,0.019613300000001388,1.3394352574825679,0.8629851999999999,0.47645005748256797,0.33342609999999995,0.10669773247670829,1.0463473181927114,0.16215555320940994,0.16215555320940994,0.09988516177654344,9.543269110506282,0.9731426236794709,43.66214648110873,-79.39603130478541,108.8,-57.766167450111354,-33.44043824155922,1.0,3.3574866276444677,579.0,3.3574866276444677,3.3552799913424867,12.079007968832952,0.596,0.6592237163835027,0.0,3.3552799913424867,12.079007968832952,0.024591397624728353,-0.0005327260521748307,0.0005327260521748307,0.0,0.0,0.0,0.0,44.82310718890843,0.007420714412385951,26.714571884589425,20839.848432267023,5.788846786740834,7.818498777768846,312464.098226073,1783556918464098.2,1783556918196473.5
580.0,1263.7140319920968,24288.0,115.34082636896987,-964.8463151148675,104.09827330283737,978.3957138279458,0.11534082636896988,-0.9648463151148674,0.10409827330283737,0.9783957138279458,0.9789532405486303,0.9789532405486303,9.600251796426225,-0.021046759451369697,-0.2063982035737746,1.1311071149112584,0.7256921,0.40541501491125853,0.13292803709956605,-9.461910116121214,-9.548875567135282,0.08696545101406754,0.019613300000001388,1.02085533188527,0.8629851999999999,0.1578701318852701,0.33342609999999995,0.11534082636896988,1.1311071149112584,0.13292803709956605,0.13292803709956605,0.001806248656261944,9.600251796426225,0.9789532405486303,43.66213962624116,-79.39603935180386,108.8,-58.41421194193108,-34.1981753026762,1.0,3.356668159453549,580.0,3.356668159453549,3.3552799913424867,12.079007968832952,0.596,1.6592237163834946,0.0,3.3552799913424867,12.079007968832952,0.015470149729002484,-0.0013408372273876375,0.0013408372273876375,0.0,0.0,0.0,0.0,30.693086409024048,0.005081410972160647,18.29307949977833,20841.043490356464,5.789178747321235,5.050410886748456,312641.728707445,1783556918641728.8,1783556918494511.2
581.0,681.9444017267647,24288.0,123.98392026123148,-973.1913712867063,71.6121617767507,984.0584305159792,0.12398392026123148,-0.9731913712867062,0.0716121617767507,0.9840584305159792,0.9847638574177897,0.9847638574177897,9.657234482346166,-0.015236142582210292,-0.1494155176538325,1.2158669116298055,0.7256921,0.4901748116298057,0.10370052098972217,-9.543747161228778,-9.56787345260668,0.024126291377903203,0.019613300000001388,0.7022754062879722,0.8629851999999999,-0.16070979371202765,0.33342609999999995,0.12398392026123148,1.2158669116298055,0.10370052098972217,0.10370052098972217,-0.09627266446401955,9.657234482346166,0.9847638574177897,43.662132771373585,-79.3960473988223,108.8,-59.062256433750804,-34.95591236379318,1.0,3.35584969126263,581.0,3.35584969126263,3.3552799913424867,12.079007968832952,0.596,2.6592237163834866,0.0,3.3552799913424867,12.079007968832952,0.0063489018332766115,-0.0021489484026004442,0.0021489484026004442,0.0,0.0,0.0,0.0,16.563065629139665,0.0027421075319353436,9.871587114967241,20842.23854844591,5.789510707901635,2.2823229957280677,312819.35918881703,1783556918819359.2,1783556918792549.0
582.0,276.7111296805022,24288.0,129.51854946750368,-978.614839574003,49.19258021299853,987.614839574003,0.12951854946750369,-0.978614839574003,0.04919258021299853,0.987614839574003,0.9883744825596485,0.9883744825596485,9.692642619393576,-0.011625517440351464,-0.11400738060642267,1.270143083135495,0.7299413751780545,0.5402017079574405,0.090910791983208,-9.596933216508395,-9.58109705,-0.01583616650839547,0.019613300000001388,0.482414416745802,0.8610966332541978,-0.3786822165083959,0.33342609999999995,0.12951854946750369,1.270143083135495,0.090910791983208,0.090910791983208,-0.13600117959857608,9.692642619393576,0.9883744825596485,43.662125785327554,-79.39605521467244,108.8,-59.69168442145491,-35.72814989258109,1.0,3.336143448682268,582.0,3.336143448682268,3.3376631808532258,12.015587451071612,0.5959037098935007,3.336143448682268,0.0,3.3376631808532258,12.015587451071612,-0.017616810489261094,-0.0034713053424506694,0.0034713053424506694,0.0,0.0,0.0,0.0,6.720759917680038,0.001112481141320022,4.0049321087520795,20843.451653428212,5.7898476815078315,0.3552350545780204,313000.2926133671,1783556919000292.5,1783556919096290.0
583.0,275.76072243172996,24288.0,127.93453738621663,-977.3476299089733,49.82618504551335,986.3476299089733,0.12793453738621663,-0.9773476299089733,0.049826185045513345,0.9863476299089733,0.9869469446453728,0.9869469446453728,9.678643254706543,-0.013053055354627228,-0.1280067452934551,1.2546092310585415,0.7439218420473127,0.5106873890112287,0.11576495530633374,-9.584506134846833,-9.58109705,-0.003409084846832309,0.019613300000001388,0.4886279575765834,0.8548830924234164,-0.36625513484683303,0.33342609999999995,0.12793453738621663,1.2546092310585415,0.11576495530633374,0.11576495530633374,-0.042102456142037545,9.678643254706543,0.9869469446453728,43.662118498871976,-79.39606250112801,108.8,-60.27847907463062,-36.533594691928144,1.0,3.2731826402048507,583.0,3.2731826402048507,3.2797024169424556,11.80692870099284,0.5955869074772433,3.2731826402048507,0.0,3.2797024169424556,11.80692870099284,-0.07557757440003113,-0.005971327625774226,0.005971327625774226,0.0,0.0,0.0,0.0,6.697676426421858,0.001108073904377951,3.989066055760624,20844.706087288156,5.790196135357815,0.3541065727604713,313188.79005104024,1783556919188790.0,1783556919413092.5
584.0,274.81031518295777,24288.0,126.35052530492959,-976.0804202439436,50.45978987802816,985.0804202439436,0.1263505253049296,-0.9760804202439437,0.05045978987802816,0.9850804202439437,0.9855194067310971,0.9855194067310971,9.66464389001951,-0.01448059326890299,-0.14200610998048752,1.2390753789815878,0.757902308916571,0.48117307006501686,0.14061911862945947,-9.57207905318527,-9.58109705,0.009017996814730853,0.019613300000001388,0.49484149840736485,0.848669551592635,-0.35382805318527016,0.33342609999999995,0.1263505253049296,1.2390753789815878,0.14061911862945947,0.14061911862945947,0.05179626731450099,9.66464389001951,0.9855194067310971,43.6621112124164,-79.39606978758358,108.8,-60.865273727806326,-37.339039491275194,1.0,3.2102218317274334,584.0,3.2102218317274334,3.2217416530316854,11.598269950914068,0.5952701050609859,3.2102218317274334,0.0,3.2217416530316854,11.598269950914068,-0.13353833831080117,-0.008471349909097783,0.008471349909097783,0.0,0.0,0.0,0.0,6.674592935163679,0.00110366666743588,3.9732000027691683,20845.960521148096,5.790544589207798,0.35297809094292226,313377.2874887134,1783556919377287.5,1783556919729895.0
585.0,274.32525519642275,24288.0,92.37172022448316,-918.5071077218582,134.63028356891988,933.1818525254355,0.09237172022448316,-0.9185071077218583,0.13463028356891987,0.9331818525254355,0.9329967354971775,0.9329967354971775,9.149572436163394,-0.06700326450282246,-0.6570775638366038,0.9058571301394277,0.817943942465143,0.0879131876742846,0.16180972500000002,-9.007477727940561,-9.58109705,0.5736193220594388,-0.020068966267428073,1.3202720703611481,0.8433718999999998,0.4769001703611483,0.3238571083840021,0.09237172022448316,0.9058571301394277,0.16180972500000002,0.16180972500000002,0.0,9.149572436163394,0.9329967354971775,43.66210383837429,-79.39607688283553,108.79535349719396,-61.436670322063655,-38.154166105615225,1.0,3.157274931888153,585.0,3.157274931888153,3.171591079466955,11.417727886081039,0.599767674859698,0.1474021436551969,-0.0046465028060392,3.171591079466955,11.417727886081039,-0.17518787658251916,-0.01047687644751443,0.01047687644751443,-0.14646997520629473,0.0,0.0,0.0,6.662811798210717,0.0011100281879364664,3.996101476571279,20851.21168264827,5.7920032451800685,0.3555780495452873,314165.64669169596,1783556920165646.8,1783556920046465.0
586.0,276.5318390924046,24288.0,94.89353039131953,-949.0840559947493,118.55374375533799,961.5522169023448,0.09489353039131954,-0.9490840559947493,0.118553743755338,0.9615522169023447,0.9616157614729708,0.9616157614729708,9.430229207248907,-0.038384238527029255,-0.3764207927510914,0.9305876398120336,0.8117613150469916,0.11882632476504204,0.16180972500000002,-9.307335157720908,-9.58109705,0.27376189227909237,-0.02316027997650375,1.1626150711982854,0.8433718999999998,0.3192431711982855,0.2589395204934116,0.09489353039131954,0.9305876398120336,0.16180972500000002,0.16180972500000002,0.0,9.430229207248907,0.9616157614729708,43.662095957717526,-79.39608287213467,108.7638308701085,-61.91900205131883,-39.025293904903094,1.0,3.1622501003905614,586.0,3.1622501003905614,3.1666159109645466,11.39981727947237,0.5981915435054252,1.1474021436551805,-0.03616912989149206,3.1666159109645466,11.39981727947237,-0.12249064574114382,-0.00962215956189058,0.00962215956189058,-1.1401459935748939,0.0,0.0,0.0,6.7164053078763235,0.0011159723887108858,4.017500599359189,20852.491763626633,5.7923588232296135,0.3555780495452873,314353.2063228544,1783556920353206.2,1783556920361691.2
587.0,278.7384229883864,24288.0,97.4153405581559,-979.6610042676404,102.47720394175613,989.9225812792539,0.0974153405581559,-0.9796610042676402,0.10247720394175612,0.9899225812792538,0.9902347874487639,0.9902347874487639,9.71088597833442,-0.009765212551236052,-0.09576402166557907,0.9553181494846396,0.8055786876288401,0.14973946185579948,0.16180972500000002,-9.607192587501254,-9.58109705,-0.02609553750125393,-0.026251593685579427,1.0049580720354228,0.8433718999999998,0.1615861720354228,0.1940219326028212,0.0974153405581559,0.9553181494846396,0.16180972500000002,0.16180972500000002,0.0,9.71088597833442,0.9902347874487639,43.66208807706076,-79.39608886143382,108.73230824302306,-62.40133378057399,-39.89642170419096,1.0,3.1672252688929694,587.0,3.1672252688929694,3.1616407424621387,11.381906672863698,0.5966154121511525,2.1474021436551642,-0.06769175697694493,3.1616407424621387,11.381906672863698,-0.0697934148997685,-0.008767442676266734,0.008767442676266734,-2.133822011943493,0.0,0.0,0.0,6.7699988175419294,0.0011219165894853053,4.038899722147099,20853.771844605,5.7927144012791585,0.3555780495452873,314540.76595401287,1783556920540766.0,1783556920676917.5
588.0,280.94500688436824,24288.0,99.93715072499228,-1010.2379525405313,86.40066412817424,1018.292945656163,0.09993715072499228,-1.0102379525405312,0.08640066412817424,1.018292945656163,1.018853813424557,1.018853813424557,9.991542749419933,0.01885381342455715,0.18489274941993328,0.9800486591572455,0.7993960602106885,0.18065259894655694,0.16180972500000002,-9.9070500172816,-9.58109705,-0.3259529672816003,-0.029342907394655105,0.8473010728725598,0.8433718999999998,0.0039291728725600605,0.12910434471223073,0.09993715072499228,0.9800486591572455,0.16180972500000002,0.16180972500000002,0.0,9.991542749419933,1.018853813424557,43.662080196403984,-79.39609485073298,108.7007856159376,-62.88366550982916,-40.76754950347883,1.0,3.172200437395378,588.0,3.172200437395378,3.1566655739597302,11.363996066255028,0.5950392807968798,3.147402143655148,-0.0992143840623978,3.1566655739597302,11.363996066255028,-0.017096184058393166,-0.007912725790642885,0.007912725790642885,-3.1274980303120925,0.0,0.0,0.0,6.823592327207536,0.0011278607902597247,4.0602988449350095,20855.05192558336,5.793069979328704,0.3555780495452873,314728.3255851713,1783556920728325.5,1783556920992143.8
589.0,268.7769026723123,24288.0,154.48206488512514,-925.3068659401699,148.87248520857864,950.7889308252951,0.15448206488512514,-0.9253068659401699,0.14887248520857865,0.950788930825295,0.9501505310191554,0.9501505310191554,9.317793705019,-0.049849468980844615,-0.4888562949809999,1.5149515416057124,0.8126821479014281,0.7022693937042843,0.16180972500000002,-9.074160576872167,-9.5320638,0.45790322312783305,-0.08335652499999924,1.459940357070708,0.8433718999999998,0.616568457070708,0.006720086450714006,0.15448206488512514,1.5149515416057124,0.16180972500000002,0.16180972500000002,0.0,9.317793705019,0.9501505310191554,43.66207213145277,-79.39610035061212,108.7,-63.32658314572762,-41.65904921118232,1.0,3.148938758905783,589.0,3.148938758905783,3.1381234339049926,11.297244362057972,0.5953147418893593,0.9750777136858956,0.0,3.1381234339049926,11.297244362057972,-0.029233472481650365,-0.007891424291701865,0.007891424291701865,0.0,0.0,0.0,0.0,6.5280534121051215,0.001079530359203326,3.8863092931319736,20860.175476233948,5.794493187842756,0.3568207121851312,315515.5861660582,1783556921515586.2,1783556921314742.0
590.0,272.6503402653378,24288.0,151.89977315644148,-960.4905907434849,139.51167769210036,983.3903638999263,0.1518997731564415,-0.9604905907434849,0.13951167769210038,0.9833903638999263,0.9826927954472824,0.9826927954472824,9.63692430247309,-0.017307204552717656,-0.1697256975269087,1.4896279104246168,0.8063512401061542,0.6832766703184626,0.16180972500000002,-9.419195051714595,-9.5320638,0.11286874828540483,-0.08335652499999924,1.368142194039236,0.8433718999999998,0.5247702940392363,0.0035546325530770757,0.1518997731564415,1.4896279104246168,0.16180972500000002,0.16180972500000002,0.0,9.63692430247309,0.9826927954472824,43.66206406179111,-79.39610583798205,108.7,-63.76849338569685,-42.5510696102391,1.0,3.1249553668794463,590.0,3.1249553668794463,3.1192345317976544,11.229244314471556,0.5956375283554448,1.9750777136859,0.0,3.1192345317976544,11.229244314471556,-0.04302788466998962,-0.007891424291701865,0.007891424291701865,0.0,0.0,0.0,0.0,6.622131464364524,0.0010956826025738814,3.944457369265973,20861.46977071758,5.79485271408821,0.35809513638989177,315707.9668998451,1783556921707967.0,1783556921637528.2
591.0,276.52377785836325,24288.0,149.31748142775783,-995.6743155467998,130.1508701756221,1015.9917969745576,0.1493174814277578,-0.9956743155467997,0.1301508701756221,1.0159917969745575,1.0152350598754094,1.0152350598754094,9.956054899927183,0.01523505987540931,0.14940489992718242,1.464304279243521,0.8000203323108802,0.6642839469326409,0.16180972500000002,-9.764229526557022,-9.5320638,-0.2321657265570234,-0.08335652499999924,1.2763440310077643,0.8433718999999998,0.43297213100776455,0.00038917865544014704,0.1493174814277578,1.464304279243521,0.16180972500000002,0.16180972500000002,0.0,9.956054899927183,1.0152350598754094,43.66205599212947,-79.39611132535197,108.7,-64.21040362566609,-43.44309000929587,1.0,3.1009719748531093,591.0,3.1009719748531093,3.1003456296903162,11.16124426688514,0.5959603148215302,2.975077713685904,0.0,3.1003456296903162,11.16124426688514,-0.056822296858328875,-0.007891424291701865,0.007891424291701865,0.0,0.0,0.0,0.0,6.716209516623928,0.0011118348459444368,4.002605445399973,20862.764065201216,5.7952122403336634,0.3593695605946523,315900.347633632,1783556921900347.8,1783556921960314.8
592.0,277.8858956232777,24288.0,122.42313130166941,-988.1880583562975,116.30216273301983,1004.0538787810017,0.1224231313016694,-0.9881880583562975,0.11630216273301983,1.0040538787810016,1.0034116773304935,1.0034116773304935,9.840107125493084,0.0034116773304935233,0.03345712549308427,1.2005608005795163,0.7992419749999999,0.4013188255795163,0.138642609495957,-9.690814422479784,-9.546543247190026,-0.14427117528975747,-0.08335652499999924,1.140534604165769,0.8404760105619945,0.3000585936037744,0.0,0.1224231313016694,1.2005608005795163,0.138642609495957,0.138642609495957,-0.0385476131514859,9.840107125493084,1.0034116773304935,43.66204761753647,-79.39611583888103,108.7,-64.57388827148178,-44.36881751833699,1.0,3.060235946390786,592.0,3.060235946390786,3.060235946390786,11.01684940700683,0.5974764927054628,3.060235946390786,0.0,3.060235946390786,11.01684940700683,-0.07902527840892437,-0.007891424291701865,0.007891424291701865,0.0,0.0,0.0,0.0,6.749292632898169,0.001120172084599941,4.032619504559787,20864.13013268538,5.795591703523709,0.3628825656024851,316101.47442319663,1783556922101474.5,1783556922295298.5
593.0,278.8959762201082,24288.0,92.12071339675461,-974.7203170652243,101.82434084511608,985.8724280380528,0.0921207133967546,-0.9747203170652242,0.10182434084511609,0.9858724280380528,0.9853691121288038,0.9853691121288038,9.663170003457934,-0.014630887871196159,-0.14347999654206586,0.9033955940322835,0.7992419749999999,0.1041536190322836,0.11222792446953625,-9.55874099734768,-9.56305242533154,0.004311427983859584,-0.08335652499999924,0.9985556721487576,0.837174174933692,0.16138149721506567,0.0,0.0921207133967546,0.9033955940322835,0.11222792446953625,0.11222792446953625,-0.08249883615717764,9.663170003457934,0.9853691121288038,43.662039200198166,-79.39612021589696,108.7,-64.92637920643593,-45.2992700948149,1.0,3.0171515309875216,593.0,3.0171515309875216,3.0171515309875216,10.861745511555078,0.5991599603668469,3.0171515309875216,0.0,3.0171515309875216,10.861745511555078,-0.10240697439994717,-0.007891424291701865,0.007891424291701865,0.0,0.0,0.0,0.0,6.773825470433988,0.0011274138147910698,4.058689733247851,20865.506261318886,5.795973961477461,0.3667093751833633,316303.827236095,1783556922303827.2,1783556922631992.0
594.0,279.9060568169387,24288.0,61.81829549183979,-961.2525757741511,87.34651895721234,967.6909772951038,0.061818295491839786,-0.961252575774151,0.08734651895721235,0.9676909772951039,0.9673265469271142,0.9673265469271142,9.486232881422785,-0.032673453072885834,-0.320417118577216,0.6062303874850508,0.7992419749999999,-0.19301158751494918,0.08581323944311553,-9.426667572215576,-9.579561603473053,0.15289403125747664,-0.08335652499999924,0.8565767401317463,0.8338723393053894,0.02270440082635694,0.0,0.061818295491839786,0.6062303874850508,0.08581323944311553,0.08581323944311553,-0.1264500591628694,9.486232881422785,0.9673265469271142,43.66203078285986,-79.39612459291287,108.7,-65.27887014139009,-46.22972267129281,1.0,2.974067115584257,594.0,2.974067115584257,2.974067115584257,10.706641616103326,0.6008434280282311,2.974067115584257,0.0,2.974067115584257,10.706641616103326,-0.12578867039096994,-0.007891424291701865,0.007891424291701865,0.0,0.0,0.0,0.0,6.798358307969807,0.0011346555449821985,4.084759961935915,20866.882389952396,5.796356219431214,0.3705361847642414,316506.1800489934,1783556922506180.0,1783556922968685.5
595.0,666.4987269266153,24288.0,83.82195600872518,-999.7122972101836,78.24655042909228,1006.4040788625472,0.08382195600872518,-0.9997122972101835,0.07824655042909229,1.0064040788625472,1.0065957547653035,1.0065957547653035,9.871332258469163,0.0065957547653035485,0.06468225846916403,0.8220125848929647,0.7992419749999999,0.022770609892964755,-0.08335652500000001,-9.803828599436246,-9.59805720135288,-0.20577139808336725,-0.08335652499999924,0.7673365337654577,0.8365878394588485,-0.06925130569339072,0.009806649999999917,0.08382195600872518,0.8220125848929647,-0.08335652500000001,-0.08335652500000001,-0.19318095343312208,9.871332258469163,1.0065957547653035,43.66202229454131,-79.39612869862017,108.7,-65.60951198300657,-47.16802140381383,1.0,2.9616273990875635,595.0,2.9616273990875635,2.9700600223522717,10.692216080468178,0.5963835633047272,0.9069943692056653,0.0,2.9700600223522717,10.692216080468178,-0.08852266296070091,-0.007891424291701865,0.007891424291701865,0.0,0.0,0.0,0.0,16.187921079593632,0.0026773145043205507,9.638332215553982,20877.515724264624,5.799309923406833,0.9905632899756149,317305.3899168437,1783556923305390.0,1783556923308218.2
596.0,1187.4487382705865,24288.0,68.1900574295845,-1012.6256047320824,88.44126689374924,1018.9775625022908,0.06819005742958449,-1.0126256047320823,0.08844126689374925,1.0189775625022908,1.0191124459254033,1.0191124459254033,9.994079067834354,0.019112445925403187,0.18742906783435515,0.6687160266918346,0.7992419749999999,-0.13052594830816527,-0.08335652500000001,-9.930464886645876,-9.589725866668035,-0.34073901997784045,-0.08335652499999924,0.8673125499835861,0.839920373332786,0.02739217665079996,0.009806649999999917,0.06819005742958449,0.6687160266918346,-0.08335652500000001,-0.08335652500000001,-0.09828467896588705,9.994079067834354,1.0191124459254033,43.66201379894426,-79.39613277650676,108.7,-65.93791336009853,-48.107124702181,1.0,2.952330072057746,596.0,2.952330072057746,2.9700600223522717,10.692216080468178,0.5957039155404167,1.9069943692056526,0.0,2.9700600223522717,10.692216080468178,-0.04503767765754367,-0.007891424291701865,0.007891424291701865,0.0,0.0,0.0,0.0,28.840754955116005,0.004767657210616465,17.163565958219273,20885.99687836854,5.801665799546809,1.6612458839103406,317507.585126726,1783556923507585.2,1783556923648042.2
597.0,1708.3987496145576,24288.0,52.55815885044381,-1025.5389122539812,98.63598335840621,1031.5510461420342,0.052558158850443806,-1.0255389122539813,0.09863598335840622,1.0315510461420343,1.0316291370855029,1.0316291370855029,10.116825877199545,0.03162913708550283,0.3101758771995463,0.5154194684907046,0.7992419749999999,-0.2838225065092953,-0.08335652500000001,-10.057101173855504,-9.581394531983191,-0.47570664187231365,-0.08335652499999924,0.9672885662017143,0.8432529072067236,0.12403565899499064,0.009806649999999917,0.052558158850443806,0.5154194684907046,-0.08335652500000001,-0.08335652500000001,-0.00338840449865202,10.116825877199545,1.0316291370855029,43.6620053033472,-79.39613685439333,108.7,-66.26631473719048,-49.046228000548155,1.0,2.943032745027928,597.0,2.943032745027928,2.9700600223522717,10.692216080468178,0.5950242677761062,2.90699436920564,0.0,2.9700600223522717,10.692216080468178,-0.0015526923543864313,-0.007891424291701865,0.007891424291701865,0.0,0.0,0.0,0.0,41.49358883063837,0.00685799991691238,24.688799700884566,20894.478032472452,5.804021675686786,2.331928477845066,317709.7803366084,1783556923709780.2,1783556923987866.0
598.0,11549.487770276472,24288.0,66.14154758909595,-1002.570773794548,38.869545118303215,1005.8871470949374,0.06614154758909596,-1.002570773794548,0.03886954511830321,1.0058871470949373,1.005825238991584,1.005825238991584,9.863776079956818,0.0058252389915840735,0.05712607995681795,0.6486270076646079,0.828162961678792,-0.17953595401418415,-0.14709974999999997,-9.831860678832303,-9.605613675,-0.22624700383230156,-0.08335652499999924,0.38118002463440814,0.8629851999999999,-0.48180517536559175,-0.006205124452527956,0.06614154758909596,0.6486270076646079,-0.14709974999999997,-0.14709974999999997,-0.0734849418706306,9.863776079956818,1.005825238991584,43.66199677429419,-79.3961407964796,108.7,-66.58377980875912,-49.98902952037604,1.0,2.9760024142467203,598.0,2.9760024142467203,2.9947059289976083,10.78094134439139,0.5964801063042837,0.9642935982716292,0.0,2.9947059289976083,10.78094134439139,0.024645906645336512,-0.0016481080466623698,0.009141468640863282,0.0,0.0,0.0,0.0,280.51395896447497,0.04664195072668954,167.9110226160824,21100.59871041763,5.861277419560446,9.44830013927762,318501.0894734352,1783556924501089.5,1783556924316373.2
599.0,14899.595845313648,24288.0,56.95507945658778,-997.9775397282939,54.289688055013364,1001.6220011762729,0.05695507945658779,-0.9979775397282938,0.05428968805501336,1.0016220011762729,1.001418888361247,1.001418888361247,9.820564541547823,0.0014188883612470098,0.013914541547822984,0.5585385299529466,0.83781529857647,-0.2792767686235234,-0.14709974999999997,-9.786816439976471,-9.605613675,-0.18120276497647123,-0.08335652499999924,0.5323999693646968,0.8629851999999999,-0.33058523063530315,-0.012640015717646565,0.05695507945658779,0.5585385299529466,-0.14709974999999997,-0.14709974999999997,-0.038217831227062904,9.820564541547823,1.001418888361247,43.66198824400235,-79.39614473353737,108.7,-66.90083992470103,-50.93196798001293,1.0,3.0105371694005525,599.0,3.0105371694005525,3.0202644380341828,10.872951976923057,0.6000890759277691,1.9642935982716199,0.0,3.0202644380341828,10.872951976923057,0.05020441568191092,0.004826389197983628,0.01043780033009356,0.0,0.0,0.0,0.0,361.8813838909779,0.06049615176114069,217.78614634010654,21189.784293011737,5.8860511925032535,16.803346374172765,318699.2547145793,1783556924699254.8,1783556924644461.5
600.0,18249.703920350825,24288.0,47.76861132407961,-993.3843056620398,69.70983099172352,997.3568552576083,0.04776861132407961,-0.9933843056620398,0.06970983099172351,0.9973568552576084,0.9970125377309099,0.9970125377309099,9.777353003138828,-0.0029874622690900555,-0.029296996861171987,0.4684500522412853,0.8474676354741479,-0.37901758323286266,-0.14709974999999997,-9.741772201120641,-9.605613675,-0.1361585261206409,-0.08335652499999924,0.6836199140949852,0.8629851999999999,-0.1793652859050146,-0.019074906982765174,0.04776861132407961,0.4684500522412853,-0.14709974999999997,-0.14709974999999997,-0.0029507205834952005,9.777353003138828,0.9970125377309099,43.661979713710515,-79.39614867059514,108.7,-67.21790004064295,-51.87490643964981,1.0,3.0450719245543847,600.0,3.0450719245543847,3.045822947070757,10.964962609454725,0.6036980455512544,2.9642935982716105,0.0,3.045822947070757,10.964962609454725,0.07576292471848532,0.011300886442629627,0.011734132019323839,0.0,0.0,0.0,0.0,443.24880881748084,0.07435035279559184,267.66127006413063,21278.969875605842,5.910824965446061,24.158392609067906,318897.41995572345,1783556924897420.0,1783556924972549.5
601.0,20082.48528013358,24288.0,54.55467289602716,-1006.6565240812798,71.58112868430977,1010.9470884234347,0.054554672896027154,-1.00665652408128,0.07158112868430977,1.0109470884234346,1.010726827148807,1.010726827148807,9.911844239458848,0.01072682714880704,0.10519423945884854,0.5349985829558247,0.8525494192089899,-0.31755083625316516,-0.14709974999999997,-9.871928201881683,-9.608463137805993,-0.26346506407568915,-0.08335652499999924,0.7019710756119864,0.8572862743880134,-0.15531519877602698,-0.05095739086592569,0.054554672896027154,0.5349985829558247,-0.14709974999999997,-0.14709974999999997,0.0,9.911844239458848,1.010726827148807,43.66197115476276,-79.39615248677211,108.67094356578451,-67.52522535328764,-52.821012524398064,1.0,3.0786647077139104,601.0,3.0786647077139104,3.071782637106488,11.058417493583356,0.6013849209206059,3.0786647077139104,-0.02905643421549153,3.071782637106488,11.058417493583356,0.07908726075184572,0.01834881605247614,0.01834881605247614,-0.9213649196329857,0.0,0.0,0.0,487.7634024838844,0.08141466681502912,293.0928005341048,21386.675753164673,5.940743264767958,25.589424667080724,319086.88578358217,1783556925086885.8,1783556925290564.2
602.0,21776.72371596147,24288.0,62.7991421701288,-1021.559987769079,72.21531862847145,1026.1676470833147,0.0627991421701288,-1.021559987769079,0.07221531862847144,1.0261676470833148,1.0260956623088813,1.0260956623088813,10.06256102678139,0.026095662308881384,0.25591102678139166,0.6158492075626936,0.8572138783209245,-0.24136467075823098,-0.14709974999999997,-10.01808125405564,-9.611572777213949,-0.4065084768416891,-0.08335652499999924,0.7081903544278995,0.8510669955721003,-0.14287664114420093,-0.08516342435344719,0.0627991421701288,0.6158492075626936,-0.14709974999999997,-0.14709974999999997,0.0,10.06256102678139,1.0260956623088813,43.66196259319852,-79.39615629191177,108.63923406857643,-67.83166180785099,-53.76740783627223,1.0,3.112171482004639,602.0,3.112171482004639,3.097778957874479,11.152004248348126,0.5985310661718785,3.112171482004639,-0.06076593142357751,3.097778957874479,11.152004248348126,0.08038145567675861,0.025449104192470796,0.025449104192470796,-1.9268571328225144,0.0,0.0,0.0,528.9130656132722,0.0878590149491195,316.29245381683023,21496.072667855537,5.971131296626532,26.479551304155418,319275.55729197024,1783556925275557.2,1783556925607659.2
603.0,23470.962151789357,24288.0,71.04361144423045,-1036.4634514568781,72.84950857263311,1041.3882057431947,0.07104361144423045,-1.0364634514568782,0.0728495085726331,1.0413882057431947,1.0414644974689558,1.0414644974689558,10.213277814103934,0.04146449746895573,0.40662781410393467,0.6966998321695625,0.8618783374328592,-0.16517850526329678,-0.14709974999999997,-10.164234306229595,-9.614682416621905,-0.5495518896076892,-0.08335652499999924,0.7144096332438125,0.8448477167561873,-0.1304380835123749,-0.1193694578409687,0.07104361144423045,0.6966998321695625,-0.14709974999999997,-0.14709974999999997,0.0,10.213277814103934,1.0414644974689558,43.66195403163427,-79.39616009705144,108.60752457136834,-68.13809826241433,-54.7138031481464,1.0,3.1456782562953673,603.0,3.1456782562953673,3.1237752786424706,11.245591003112894,0.595677211423151,3.1456782562953673,-0.09247542863166348,3.1237752786424706,11.245591003112894,0.08167565060167149,0.032549392332465454,0.032549392332465454,-2.932349346012043,0.0,0.0,0.0,570.06272874266,0.0943033630832099,339.4921070995556,21605.469582546397,6.001519328485105,27.36967794123011,319464.22880035837,1783556925464228.8,1783556925924754.2
604.0,24346.25497520687,24288.0,32.60462622793716,-946.6299086230786,101.73103820364398,952.8735880242932,0.03260462622793716,-0.9466299086230785,0.10173103820364399,0.9528735880242931,0.9526864806368289,0.9526864806368289,9.342662875337158,-0.04731351936317112,-0.46398712466284214,0.3197421577981999,0.8629851999999999,-0.5432430422018,-0.1315668391005087,-9.283268193398511,-9.636104496499803,0.3528363031012917,-0.08335652499999924,0.9976406857997652,0.8433718999999998,0.15426878579976536,-0.1569063999999999,0.03260462622793716,0.3197421577981999,-0.1315668391005087,-0.1315668391005087,0.02610573260418702,9.342662875337158,0.9526864806368289,43.66194542065617,-79.39616368047342,108.6,-68.42667929278275,-55.665660667670714,1.0,3.1478577242412946,604.0,3.1478577242412946,3.1357157219164726,11.2885765988993,0.5942436794012146,0.762702911403263,0.0,3.1357157219164726,11.2885765988993,0.06777684163738676,0.04049064309000215,0.04049064309000215,0.0,0.0,0.0,0.0,591.3218408378244,0.09760793185624045,351.3885546824656,22068.545131378753,6.130151425382982,25.457812568236296,320247.9892437227,1783556926247989.2,1783556926243679.5
605.0,24295.45534639485,24288.0,39.95300020703399,-952.7003045188542,102.68952176613487,959.2634784408991,0.03995300020703399,-0.9527003045188541,0.10268952176613487,0.9592634784408991,0.959114606134031,0.959114606134031,9.405701252244295,-0.04088539386596898,-0.40094874775570477,0.39180508948030984,0.8629851999999999,-0.47118011051969005,-0.11120122797295591,-9.34279844130982,-9.643937423856555,0.30113898254673366,-0.08335652499999924,1.0070401986278663,0.8433718999999998,0.16366829862786655,-0.1569063999999999,0.03995300020703399,0.39180508948030984,-0.11120122797295591,-0.11120122797295591,0.06033365046562028,9.405701252244295,0.959114606134031,43.661936794304104,-79.39616719491315,108.6,-68.70970502748654,-56.61921762475232,1.0,3.140290436959132,605.0,3.140290436959132,3.1432830091986355,11.315818833115088,0.5945631739220449,1.7627029114032582,0.0,3.1432830091986355,11.315818833115088,0.049151086524027686,0.048693539604723994,0.048693539604723994,0.0,0.0,0.0,0.0,590.0880194532382,0.0974565710288022,350.84365570368794,22180.39973096037,6.161222147488987,26.354675049291235,320438.08848361677,1783556926438088.5,1783556926563174.0
606.0,24244.655717582835,24288.0,47.301374186130815,-958.7707004146298,103.64800532862576,965.653368857505,0.04730137418613082,-0.9587707004146298,0.10364800532862575,0.9656533688575051,0.9655427316312332,0.9655427316312332,9.468739629151433,-0.03445726836876685,-0.3379103708485674,0.46386802116241976,0.8629851999999999,-0.39911717883758013,-0.09083561684540312,-9.402328689221129,-9.651770351213305,0.24944166199217557,-0.08335652499999924,1.0164397114559676,0.8433718999999998,0.17306781145596778,-0.1569063999999999,0.04730137418613082,0.46386802116241976,-0.09083561684540312,-0.09083561684540312,0.09456156832705355,9.468739629151433,0.9655427316312332,43.66192816795204,-79.39617070935287,108.6,-68.99273076219033,-57.572774581833926,1.0,3.132723149676969,606.0,3.132723149676969,3.1508502964807983,11.343061067330874,0.5948826684428752,2.7627029114032533,0.0,3.1508502964807983,11.343061067330874,0.030525331410668613,0.05689643611944584,0.05689643611944584,0.0,0.0,0.0,0.0,588.8541980686518,0.09730521020136396,350.2987567249103,22292.254330541986,6.192292869594992,27.251537530346177,320628.1877235108,1783556926628187.8,1783556926882668.5
607.0,18932.946429526597,24288.0,95.10817944796695,-968.8995067017499,67.86600893566654,976.3196053613999,0.09510817944796694,-0.9688995067017498,0.06786600893566655,0.9763196053614,0.9761251165457769,0.9761251165457769,9.572517374173643,-0.023874883454223103,-0.23413262582635697,0.9326926279834049,0.8629851999999999,0.06970742798340496,-0.13477815612808983,-9.501658347396715,-9.675372290347102,0.17371394295038825,-0.015986290780984243,0.6655381965289543,0.8433718999999998,-0.1778337034710455,-0.16671305000000003,0.09510817944796694,0.9326926279834049,-0.13477815612808983,-0.13477815612808983,-0.06528078858326401,9.572517374173643,0.9761251165457769,43.66191939428704,-79.39617335310314,108.6,-69.20563791553319,-58.54261551082394,1.0,3.157683312691583,607.0,3.157683312691583,3.1681334997128365,11.405280598966211,0.59742009865965,0.6327587815283195,0.0,3.1681334997128365,11.405280598966211,0.033611012723104225,0.059908877830509466,0.059908877830509466,0.0,0.0,0.0,0.0,459.84340288034196,0.0763263578003099,274.77488808111565,22663.89825284223,6.29552729245617,26.23909401792565,321411.0137658361,1783556927411013.8,1783556927193300.5
608.0,17448.88394333668,24288.0,81.05571457255812,-973.4818322046007,73.97577627280081,979.9854657636805,0.08105571457255811,-0.9734818322046006,0.07397577627280082,0.9799854657636805,0.9799769501841001,0.9799769501841001,9.610290958522905,-0.0200230498158999,-0.19635904147709476,0.794885023312977,0.8629851999999999,-0.06810017668702292,-0.11530534242465981,-9.546595609789247,-9.669380655361433,0.12278504557218653,-0.002505112063225526,0.7254545463856621,0.8433718999999998,-0.1179173536143377,-0.16671305000000003,0.08105571457255811,0.794885023312977,-0.11530534242465981,-0.11530534242465981,9.86302346996093e-06,9.610290958522905,0.9799769501841001,43.6619105351244,-79.3961754915217,108.6,-69.37784957162147,-59.521907348848764,1.0,3.201521792103345,608.0,3.201521792103345,3.191055636636767,11.487800291892361,0.5965036335590799,1.6327587815283353,0.0,3.191055636636767,11.487800291892361,0.049297600732593344,0.059908877830509466,0.059908877830509466,0.0,0.0,0.0,0.0,423.7984932157613,0.07024606497466544,252.8858339087956,22730.18089443422,6.3139391373428335,26.363775202503728,321592.7793441158,1783556927592779.2,1783556927498788.8
609.0,15964.821457146767,24288.0,67.0032496971493,-978.0641577074513,80.08554360993509,983.6513261659611,0.0670032496971493,-0.9780641577074513,0.08008554360993508,0.9836513261659611,0.9838287838224233,0.9838287838224233,9.648064542872167,-0.0161712161775767,-0.15858545712783254,0.6570774186425491,0.8629851999999999,-0.2059077813574508,-0.09583252872122978,-9.591532872181777,-9.663389020375762,0.07185614819398484,0.010976066654533191,0.78537089624237,0.8433718999999998,-0.0580010037576299,-0.16671305000000003,0.0670032496971493,0.6570774186425491,-0.09583252872122978,-0.09583252872122978,0.06530051463020393,9.648064542872167,0.9838287838224233,43.661901675961765,-79.39617762994027,108.6,-69.55006122770975,-60.50119918687359,1.0,3.245360271515108,609.0,3.245360271515108,3.2139777735606967,11.570319984818509,0.5955871684585097,2.632758781528351,0.0,3.2139777735606967,11.570319984818509,0.06498418874208245,0.059908877830509466,0.059908877830509466,0.0,0.0,0.0,0.0,387.75358355118067,0.064165772149021,230.9967797364756,22796.46353602621,6.332350982229498,26.4884563870818,321774.54492239555,1783556927774545.0,1783556927804277.2
610.0,15288.70782248624,24288.0,88.8903044502288,-1020.3259016362988,6.117658082308177,1024.4371896925775,0.08889030445022879,-1.0203259016362987,0.0061176580823081765,1.0244371896925772,1.024284732502935,1.024284732502935,10.044801871999907,0.024284732502934926,0.23815187199990673,0.8717161041368361,0.8678885249999999,0.00382757913683621,-0.14709974999999997,-10.005979003281608,-9.659550249999999,-0.3464287532816093,0.02179602603420862,0.059993731632867475,0.8433718999999998,-0.7833781683671324,-0.11766418284605919,0.08889030445022879,0.8717161041368361,-0.14709974999999997,-0.14709974999999997,-0.09520901746020259,10.044801871999907,1.024284732502935,43.66189277264637,-79.39617922257611,108.58887119437213,-69.67831977406847,-61.485371670858996,1.0,3.2684632195608643,610.0,3.2684632195608643,3.2336475706621393,11.641131254383701,0.5948887119437214,0.35931170958452296,-0.011128805627859305,3.2336475706621393,11.641131254383701,0.07166782162711484,0.061751696452199335,0.061751696452199335,-0.3446876664439624,0.0,0.0,0.0,371.3321355925458,0.06135712583381898,220.88565300174832,23083.238454826955,6.412010681896372,26.341559131682992,322552.1051054295,1783556928552105.0,1783556928111288.0
611.0,17305.64131826415,24288.0,91.36810972759724,-1007.3174239301145,17.577507490137236,1011.7384376460642,0.09136810972759724,-1.0073174239301144,0.017577507490137232,1.011738437646064,1.0117946382585221,1.0117946382585221,9.922315889277936,0.011794638258522151,0.11566588927793622,0.8960150732601414,0.8678885249999999,0.028126548260141507,-0.14709974999999997,-9.878409415384256,-9.659550249999999,-0.21885916538425704,0.027870768315034815,0.1723764638281543,0.8433718999999998,-0.6709954361718455,-0.0903278425823408,0.09136810972759724,0.8960150732601414,-0.14709974999999997,-0.14709974999999997,-0.06202765206073115,9.922315889277936,1.0117946382585221,43.66188379060224,-79.39617984202744,108.55789862840503,-69.7282055817162,-62.478246828966036,1.0,3.2545926658047875,611.0,3.2545926658047875,3.247518124418216,11.691065247905577,0.5945789862840504,1.3593117095845388,-0.042101371594963105,3.247518124418216,11.691065247905577,0.062298295726853824,0.06688044280956346,0.06688044280956346,-1.3039875090305983,0.0,0.0,0.0,420.31941633799977,0.06940959399254196,249.87453837315104,23177.41517807953,6.438170882799865,26.278353840857424,322736.0821472741,1783556928736082.2,1783556928421013.8
612.0,19322.57481404207,24288.0,93.84591500496569,-994.3089462239302,29.037356897966294,999.0396855995509,0.09384591500496568,-0.9943089462239301,0.029037356897966292,0.9990396855995508,0.9993045440141094,0.9993045440141094,9.799829906555965,-0.0006954559858906237,-0.006820093444034336,0.9203140423834467,0.8678885249999999,0.0524255173834468,-0.14709974999999997,-9.750839827486903,-9.659550249999999,-0.09128957748690475,0.03394551059586101,0.28475919602344113,0.8433718999999998,-0.5586127039765587,-0.06299150231862241,0.09384591500496568,0.9203140423834467,-0.14709974999999997,-0.14709974999999997,-0.0288462866612597,9.799829906555965,0.9993045440141094,43.66187480855811,-79.39618046147875,108.52692606243792,-69.77809138936391,-63.47112198707307,1.0,3.240722112048711,612.0,3.240722112048711,3.2613886781742925,11.740999241427453,0.5942692606243792,2.3593117095845546,-0.07307393756206691,3.2613886781742925,11.740999241427453,0.0529287698265928,0.07200918916692758,0.07200918916692758,-2.263287351617234,0.0,0.0,0.0,469.30669708345374,0.07746206215126494,278.86342374455376,23271.591901332104,6.464331083703358,26.215148550031856,322920.0591891187,1783556928920059.2,1783556928730739.5
613.0,21136.32271928212,24288.0,95.73476191270424,-984.2882992811508,39.189455776639825,989.2882992811508,0.09573476191270425,-0.9842882992811508,0.03918945577663983,0.9892882992811508,0.9897113793733068,0.9897113793733068,9.705753098531238,-0.010288620626693255,-0.1008969014687614,0.9388373029112211,0.8686316955967939,0.07020560731442722,-0.1493292617903819,-9.652570850145496,-9.658992872052403,0.006422021906906723,0.03922659999999922,0.3843172764919849,0.8433718999999998,-0.45905462350801496,-0.038483429403206024,0.09573476191270425,0.9388373029112211,-0.1493292617903819,-0.1493292617903819,-0.0037220564113220615,9.705753098531238,0.9897113793733068,43.661865825374186,-79.39618103789115,108.5,-69.8245111763886,-64.46412313776449,1.0,3.2369739111334894,613.0,3.2369739111334894,3.2800603717883585,11.80821733843809,0.5941894557766398,3.2369739111334894,-0.09621088446719805,3.2800603717883585,11.80821733843809,0.04969976049938334,0.07584043557661323,0.07584043557661323,-2.9798979659138163,0.0,0.0,0.0,513.3590062059242,0.08473321014762687,305.03955653145675,23365.960584911518,6.490544606919861,26.013403822807508,323102.69680204144,1783556929102696.8,1783556929037891.2
614.0,21598.042173820893,24288.0,93.70458843169206,-994.1491419032101,40.639579691648535,999.1491419032101,0.09370458843169205,-0.99414914190321,0.04063957969164853,0.99914914190321,0.9993948338736132,0.9993948338736132,9.800715347606669,-0.0006051661263867837,-0.005934652393330964,0.9189281021436528,0.8743200386732419,0.04460806347041088,-0.1663942910197261,-9.749272682445113,-9.654726614745067,-0.09454606770004576,0.03922659999999922,0.3985381341831051,0.8433718999999998,-0.44483376581689477,-0.032795086326757907,0.09370458843169205,0.9189281021436528,-0.1663942910197261,-0.1663942910197261,-0.032211253789192214,9.800715347606669,0.9993948338736132,43.66185683460591,-79.39618132791594,108.5,-69.8478675243148,-65.45796266266441,1.0,3.300581416853984,614.0,3.300581416853984,3.330679595080163,11.990446542288586,0.5956395796916485,3.300581416853984,-0.0672084061670255,3.330679595080163,11.990446542288586,0.08733070136249714,0.07103791598251416,0.07103791598251416,-2.0816167935521888,0.0,0.0,0.0,524.5732483177619,0.08680533253482865,312.49919712538315,23461.606602294993,6.517112945081937,24.889796186606986,323276.4216470595,1783556929276421.8,1783556929327916.0
615.0,22059.761628359665,24288.0,91.67441495067986,-1004.0099845252693,42.089703606657245,1009.0099845252693,0.09167441495067985,-1.0040099845252692,0.042089703606657244,1.0090099845252694,1.0090782883739198,1.0090782883739198,9.895677596682098,0.009078288373919687,0.08902759668209946,0.8990189013760846,0.8800083817496901,0.019010519626394544,-0.18345932024907033,-9.84597451474473,-9.650460357437732,-0.19551415730699823,0.03922659999999922,0.4127589918742252,0.8433718999999998,-0.43061290812577463,-0.027106743250309793,0.09167441495067985,0.8990189013760846,-0.18345932024907033,-0.18345932024907033,-0.06070045116706236,9.895677596682098,1.0090782883739198,43.66184784383764,-79.39618161794071,108.5,-69.87122387224099,-66.45180218756435,1.0,3.364188922574479,615.0,3.364188922574479,3.381298818371967,12.172675746139081,0.5970897036066573,3.364188922574479,-0.038205927866852944,3.381298818371967,12.172675746139081,0.12496164222561093,0.0662353963884151,0.0662353963884151,-1.1833356211905608,0.0,0.0,0.0,535.7874904295995,0.08887745492203042,319.95883771930954,23557.252619678467,6.543681283244013,23.76618855040647,323450.14649207756,1783556929450146.5,1783556929617940.8
616.0,22521.48108289844,24288.0,89.64424146966766,-1013.8708271473284,43.539827521665956,1018.8708271473284,0.08964424146966767,-1.0138708271473285,0.04353982752166595,1.0188708271473286,1.0187617428742262,1.0187617428742262,9.990639845757528,0.018761742874226158,0.1839898457575299,0.8791097006085163,0.8856967248261381,-0.0065870242176217925,-0.20052434947841452,-9.942676347044348,-9.646194100130396,-0.2964822469139507,0.03922659999999922,0.4269798495653454,0.8433718999999998,-0.41639205043465444,-0.021418400173861676,0.08964424146966767,0.8791097006085163,-0.20052434947841452,-0.20052434947841452,-0.08918964854493251,9.990639845757528,1.0187617428742262,43.66183885306937,-79.3961819079655,108.5,-69.89458022016719,-67.44564171246428,1.0,3.4277964282949736,616.0,3.4277964282949736,3.431918041663771,12.354904949989576,0.5985398275216659,3.4277964282949736,-0.009203449566680386,3.431918041663771,12.354904949989576,0.16259258308872473,0.06143287679431603,0.06143287679431603,-0.28505444882893327,0.0,0.0,0.0,547.0017325414373,0.0909495773092322,327.41847831323594,23652.898637061942,6.57024962140609,22.642580914205947,323623.87133709557,1783556929623871.2,1783556929907965.5
617.0,14883.792048390964,24288.0,84.64782146887104,-946.6621616485481,83.52096018596795,954.6762267864514,0.08464782146887104,-0.9466621616485482,0.08352096018596794,0.9546762267864514,0.9543165739887554,0.9543165739887554,9.358648630306828,-0.0456834260112446,-0.44800136969317184,0.8301115584077041,0.8904024404346143,-0.06029088202691013,-0.12658854413077136,-9.283584487530733,-9.644840275,0.3612557874692661,0.03922659999999922,0.8190608242077224,0.8335652499999999,-0.014504425792277467,-0.0392266,0.08464782146887104,0.8301115584077041,-0.12658854413077136,-0.12658854413077136,0.10915535139446057,9.358648630306828,0.9543165739887554,43.66182988720386,-79.3961827887479,108.5,-69.96551160641597,-68.43672848601041,1.0,3.4507510170590425,617.0,3.4507510170590425,3.4507510170590425,12.422703661412552,0.5941971869724193,0.682666788974878,0.0,3.4507510170590425,12.422703661412552,0.142888088360398,0.059908877830509466,0.059908877830509466,0.0,0.0,0.0,0.0,361.49754127131973,0.059667809263952494,214.804113350229,23939.91609122374,6.649976692006588,18.341436068783985,324390.3262485895,1783556930390326.2,1783556930197187.0
618.0,15131.045981227555,24288.0,79.73740457842473,-960.8157162151286,71.10049393366258,967.385541091136,0.07973740457842474,-0.9608157162151287,0.07110049393366258,0.967385541091136,0.9670713274998579,0.9670713274998579,9.48373003382648,-0.03292867250014214,-0.32291996617351887,0.7819568186090089,0.8946513880639109,-0.11269456945490208,-0.11809064887217804,-9.42238344342109,-9.644840275,0.2224568315789092,0.03922659999999922,0.697257658834552,0.8335652499999999,-0.13630759116544794,-0.0392266,0.07973740457842474,0.7819568186090089,-0.11809064887217804,-0.11809064887217804,0.08767197586450248,9.48373003382648,0.9670713274998579,43.66182093291423,-79.39618394414009,108.5,-70.05855793939918,-69.42653566101684,1.0,3.4548083621257972,618.0,3.4548083621257972,3.4548083621257972,12.437310103652871,0.5944860350247985,1.6826667889748887,0.0,3.4548083621257972,12.437310103652871,0.09653158979125448,0.059908877830509466,0.059908877830509466,0.0,0.0,0.0,0.0,367.5028447920548,0.06068902851060632,218.48050263818277,24004.913294222817,6.668031470617443,18.238298170446527,324562.1908397551,1783556930562190.8,1783556930486035.0
619.0,15378.299914064146,24288.0,74.82698768797843,-974.9692707817093,58.680027681357195,980.0948553958206,0.07482698768797842,-0.9749692707817093,0.058680027681357196,0.9800948553958205,0.9798260810109604,0.9798260810109604,9.608811437346134,-0.020173918989039683,-0.1978385626538659,0.7338020788103135,0.8989003356932075,-0.16509825688289403,-0.10959275361358474,-9.561182399311448,-9.644840275,0.08365787568855232,0.03922659999999922,0.5754544934613814,0.8335652499999999,-0.2581107565386184,-0.0392266,0.07482698768797842,0.7338020788103135,-0.10959275361358474,-0.10959275361358474,0.06618860033454438,9.608811437346134,0.9798260810109604,43.661811978624606,-79.3961850995323,108.5,-70.15160427238239,-70.41634283602329,1.0,3.4588657071925524,619.0,3.4588657071925524,3.4588657071925524,12.451916545893189,0.5947748830771777,2.6826667889749,0.0,3.4588657071925524,12.451916545893189,0.050175091222110946,0.059908877830509466,0.059908877830509466,0.0,0.0,0.0,0.0,373.50814831278996,0.061710247757260146,222.15689192613652,24069.9104972219,6.686086249228299,18.135160272109065,324734.05543092074,1783556930734055.5,1783556930774883.0
620.0,15166.492575577384,24288.0,95.55357205743832,-965.4702377458676,85.56993982985506,973.779017464101,0.09555357205743832,-0.9654702377458676,0.08556993982985506,0.973779017464101,0.9742612788347339,0.9742612788347339,9.554239370084643,-0.025738721165266085,-0.2524106299153567,0.9370604374170775,0.9129268783871441,0.024133559029933346,-0.1305729182257116,-9.468028706990513,-9.645748703387143,0.17771999639663213,0.01961329999999961,0.8391544504324481,0.8320512026880929,0.007103247744355161,-0.0443743608604839,0.09555357205743832,0.9370604374170775,-0.1305729182257116,-0.1305729182257116,-0.04337872384409185,9.554239370084643,0.9742612788347339,43.6618030238098,-79.39618624702378,108.49382440563534,-70.24401434071228,-71.40620806450565,1.0,3.4688659925422645,620.0,3.4688659925422645,3.4688659925422645,12.487917573152153,0.5954940475491735,0.22063894505083964,-0.006175594364668652,3.4688659925422645,12.487917573152153,0.0200173266050325,0.06136869640548049,0.06136869640548049,-0.17285237539610976,0.0,0.0,0.0,368.36377167562347,0.06092715012306685,219.33774044304064,24353.541275034375,6.764872576398431,17.88503681108357,325500.23883401894,1783556931500238.8,1783556931061756.0
621.0,14652.043848511255,24288.0,75.40106479478261,-976.6660751140097,106.28223896091787,986.3743345032609,0.07540106479478262,-0.9766660751140096,0.10628223896091787,0.9863743345032608,0.9865015411445868,0.9865015411445868,9.674275338465561,-0.013498458855413188,-0.13237466153443772,0.7394318520697549,0.91704414058188,-0.1776122885121251,-0.1223383938362398,-9.577822365516802,-9.64986596558188,0.07204360006507757,0.01961329999999961,1.0422727187060852,0.8251890990301998,0.21708361967588535,-0.06770551329732057,0.07540106479478262,0.7394318520697549,-0.1223383938362398,-0.1223383938362398,-0.015883259377664292,9.674275338465561,0.9865015411445868,43.66179406713991,-79.3961873666075,108.46583481221498,-70.33417693685942,-72.39627835478358,1.0,3.499858474928442,621.0,3.499858474928442,3.499858474928442,12.599490509742393,0.5977332150228019,1.2206389450508526,-0.03416518778502221,3.499858474928442,12.599490509742393,0.047078211119971305,0.0679850196236443,0.0679850196236443,-0.9562697152328431,0.0,0.0,0.0,355.86884099264137,0.05906508291863406,212.6342985070826,24408.643552248253,6.780178764513398,17.115717506493603,325669.0160823437,1783556931669016.0,1783556931341652.0
622.0,14137.595121445129,24288.0,55.24855753212691,-987.8619124821518,126.99453809198067,998.9696515424207,0.05524855753212691,-0.9878619124821516,0.1269945380919807,0.9989696515424207,0.9987418034544397,0.9987418034544397,9.794311306846481,-0.0012581965455602875,-0.01233869315351882,0.5418032667224324,0.921161402776616,-0.37935813605418356,-0.11410386944676801,-9.687616024043093,-9.653983227776616,-0.033632796266477,0.01961329999999961,1.2453909869797222,0.8183269953723066,0.42706399160741554,-0.09103666573415722,0.05524855753212691,0.5418032667224324,-0.11410386944676801,-0.11410386944676801,0.011612205088763268,9.794311306846481,0.9987418034544397,43.661785110470014,-79.39618848619125,108.43784521879462,-70.42433953300655,-73.38634864506152,1.0,3.53085095731462,622.0,3.53085095731462,3.53085095731462,12.711063446332632,0.5999723824964304,2.2206389450508652,-0.06215478120537576,3.53085095731462,12.711063446332632,0.07413909563491011,0.07460134284180811,0.07460134284180811,-1.7396870550695764,0.0,0.0,0.0,343.3739103096593,0.05720301571420127,205.9308565711246,24463.745829462132,6.795484952628364,16.346398201903632,325837.7933306684,1783556931837793.2,1783556931621547.8
623.0,13623.146394379,24288.0,35.096050269471206,-999.0577498502938,147.70683722304346,1011.5649685815805,0.0350960502694712,-0.9990577498502937,0.14770683722304348,1.0115649685815804,1.0109820657642925,1.0109820657642925,9.9143472752274,0.010982065764292608,0.10769727522740014,0.34417468137510987,0.9252786649713518,-0.581103983596242,-0.10586934505729621,-9.797409682569382,-9.658100489971352,-0.13930919259803154,0.01961329999999961,1.4485092552533592,0.8114648917144135,0.6370443635389457,-0.1143678181709939,0.0350960502694712,0.34417468137510987,-0.10586934505729621,-0.10586934505729621,0.039107669555190835,9.9143472752274,1.0109820657642925,43.66177615380012,-79.39618960577499,108.40985562537428,-70.51450212915368,-74.37641893533944,1.0,3.561843439700798,623.0,3.561843439700798,3.561843439700798,12.822636382922873,0.6022115499700588,3.220638945050878,-0.09014437462572931,3.561843439700798,12.822636382922873,0.10119998014984892,0.08121766605997191,0.08121766605997191,-2.52310439490631,0.0,0.0,0.0,330.8789796266772,0.055340948509768485,199.22741463516655,24518.84810667601,6.81079114074333,15.577078897313665,326006.5705789932,1783556932006570.5,1783556931901443.8
624.0,13416.308307079153,24288.0,30.713911224033264,-995.4010485727068,147.94383081751351,1007.4964114980291,0.030713911224033264,-0.9954010485727067,0.14794383081751353,1.0074964114980292,1.0069039667674067,1.0069039667674067,9.874354785699587,0.0069039667674066635,0.06770478569958857,0.30120057750516577,0.926728425,-0.6255278474948341,-0.10829270050103314,-9.761549692985534,-9.659550249999999,-0.10199944298553601,0.01961329999999961,1.4508333684865689,0.809048625,0.6417847434865689,-0.1075016444137393,0.030713911224033264,0.30120057750516577,-0.10829270050103314,-0.10829270050103314,0.03101597168154273,9.874354785699587,1.0069039667674067,43.66176721032272,-79.39619090463708,108.4,-70.6191024141802,-75.36503092687757,1.0,3.5742293591082235,624.0,3.5742293591082235,3.5742293591082235,12.867225692789605,0.6015525806805155,3.5742293591082235,-0.08190725850644026,3.5742293591082235,12.867225692789605,0.0921676774775678,0.08081076719605075,0.08081076719605075,-2.2925508637711585,0.0,0.0,0.0,325.85529616233845,0.05445088420670815,196.02318314414933,24573.025390062474,6.825840386128459,15.27031125213965,326173.65181188664,1783556932173651.8,1783556932180927.5
625.0,13376.653442941999,24288.0,34.90280532302831,-983.6721450955207,137.0527061601264,994.3712099878446,0.03490280532302831,-0.9836721450955207,0.13705270616012638,0.9943712099878447,0.9939570060105151,0.9939570060105151,9.747388472993016,-0.006042993989484966,-0.0592615270069827,0.34227959582107553,0.926728425,-0.5844488291789244,-0.11650850416421511,-9.646528441700987,-9.659550249999999,0.013021808299011117,0.01961329999999961,1.3440279208652033,0.809048625,0.5349792958652034,-0.08422353403472378,0.03490280532302831,0.34227959582107553,-0.11650850416421511,-0.11650850416421511,0.003583016601224398,9.747388472993016,0.9939570060105151,43.661758274015305,-79.39619230093511,108.4,-70.73154943481937,-76.35285034802918,1.0,3.576502802649629,625.0,3.576502802649629,3.576502802649629,12.875410089538665,0.5993185038277182,3.576502802649629,-0.05398129784647486,3.576502802649629,12.875410089538665,0.06351909829170863,0.07658681926788878,0.07658681926788878,-1.5109145790259044,0.0,0.0,0.0,324.8921588221753,0.05408909349684474,194.72073658864105,24626.6999488046,6.840749985779048,15.214935682867717,326339.81127781345,1783556932339811.2,1783556932460187.0
626.0,13336.998578804845,24288.0,39.09169942202336,-971.9432416183346,126.16158150273927,981.2460084776601,0.039091699422023354,-0.9719432416183346,0.12616158150273926,0.9812460084776601,0.9810100452536235,0.9810100452536235,9.620422160286445,-0.018989954746376596,-0.18622783971355397,0.3833586141369853,0.926728425,-0.5433698108630146,-0.1247243078273971,-9.531507190416441,-9.659550249999999,0.12804305958355822,0.01961329999999961,1.237222473243838,0.809048625,0.428173848243838,-0.060945423655708264,0.039091699422023354,0.3833586141369853,-0.1247243078273971,-0.1247243078273971,-0.02384993847909394,9.620422160286445,0.9810100452536235,43.661749337707896,-79.39619369723314,108.4,-70.84399645545852,-77.34066976918079,1.0,3.5787762461910346,626.0,3.5787762461910346,3.5787762461910346,12.883594486287725,0.5970844269749208,3.5787762461910346,-0.02605533718650946,3.5787762461910346,12.883594486287725,0.03487051910584944,0.07236287133972681,0.07236287133972681,-0.7292782942806504,0.0,0.0,0.0,323.9290214820121,0.053727302786981325,193.4182900331328,24680.37450754672,6.855659585429638,15.159560113595784,326505.97074374027,1783556932505970.8,1783556932739446.8
627.0,13123.190770294406,24288.0,29.966580860560207,-994.5258282570836,110.2522676361704,1000.5258282570836,0.029966580860560206,-0.9945258282570837,0.11025226763617041,1.0005258282570835,1.0011068857869811,1.0011068857869811,9.817504841502897,0.001106885786981164,0.010854841502898832,0.2938717701962127,0.936535075,-0.6426633048037872,-0.13238977500000004,-9.752966713677328,-9.659550249999999,-0.09341646367732942,-0.024516624999998626,1.0812054004142504,0.809048625,0.27215677541425054,-0.0392266,0.029966580860560206,0.2938717701962127,-0.13238977500000004,-0.13238977500000004,0.0,9.817504841502897,1.0011068857869811,43.661740398166636,-79.39619503647475,108.4,-70.95184859393669,-78.32884666061857,1.0,3.5825763424541104,627.0,3.5825763424541104,3.5825763424541104,12.897274832834798,0.5959635252505449,0.0669851073785138,0.0,3.5825763424541104,12.897274832834798,0.009671437769014654,0.06869200442486637,0.06869200442486637,0.0,0.0,0.0,0.0,318.73605742891056,0.05276588926847135,189.95720136649686,24923.88719482876,6.923301998563538,14.850821384407517,327267.8330005882,1783556933267833.0,1783556933018237.2
628.0,12454.247605772947,24288.0,44.396368292240055,-987.4470646113539,99.08960188713505,993.4470646113539,0.044396368292240064,-0.9874470646113539,0.09908960188713505,0.9934470646113539,0.9938612959833908,0.9938612959833908,9.746449878255518,-0.0061387040166091976,-0.06020012174448058,0.4353796451130959,0.936535075,-0.501155429886904,-0.13238977500000004,-9.683547756170933,-9.659550249999999,-0.023997506170933797,-0.024516624999998626,0.9717370443464729,0.809048625,0.16268841934647296,-0.0392266,0.044396368292240064,0.4353796451130959,-0.13238977500000004,-0.13238977500000004,0.0,9.746449878255518,0.9938612959833908,43.661731413582004,-79.39619558099504,108.4,-70.9957000365314,-79.32200264537589,1.0,3.6076407134332116,628.0,3.6076407134332116,3.6076407134332116,12.987506568359564,0.5954190049701041,1.066985107378512,0.0,3.6076407134332116,12.987506568359564,0.03251934763903231,0.0727248322927963,0.0727248322927963,0.0,0.0,0.0,0.0,302.48876584901336,0.050036710917991785,180.13215930477043,24965.959110020736,6.934988641672422,13.973338784438475,327429.55552387907,1783556933429555.5,1783556933290497.5
629.0,11785.304441251486,24288.0,58.82615572391991,-980.3683009656241,87.92693613809969,986.3683009656241,0.058826155723919915,-0.9803683009656242,0.0879269361380997,0.9863683009656241,0.9866157061798004,0.9866157061798004,9.67539491500814,-0.01338429382019956,-0.13125508499185998,0.5768875200299791,0.936535075,-0.3596475549700208,-0.13238977500000004,-9.614128798664536,-9.659550249999999,0.045421451335461854,-0.024516624999998626,0.8622686882786954,0.809048625,0.053220063278695384,-0.0392266,0.058826155723919915,0.5768875200299791,-0.13238977500000004,-0.13238977500000004,0.0,9.67539491500814,0.9866157061798004,43.66172242899738,-79.39619612551532,108.4,-71.0395514791261,-80.31515863013321,1.0,3.632705084412313,629.0,3.632705084412313,3.632705084412313,13.077738303884328,0.5948744846896634,2.06698510737851,0.0,3.632705084412313,13.077738303884328,0.05536725750904997,0.07675766016072624,0.07675766016072624,0.0,0.0,0.0,0.0,286.2414742691161,0.047307532567512224,170.307117243044,25008.031025212716,6.946675284781305,13.095856184469433,327591.27804716997,1783556933591278.0,1783556933562757.8
630.0,11116.361276730026,24288.0,73.25594315559977,-973.2895373198944,76.76427038906434,979.2895373198944,0.07325594315559977,-0.9732895373198944,0.07676427038906433,0.9792895373198944,0.9793701163762101,0.9793701163762101,9.60433995176076,-0.02062988362378992,-0.2023100482392394,0.7183953949468623,0.936535075,-0.2181396800531376,-0.13238977500000004,-9.544709841158141,-9.659550249999999,0.11484040884185748,-0.024516624999998626,0.7528003322109178,0.809048625,-0.05624829278908222,-0.0392266,0.07325594315559977,0.7183953949468623,-0.13238977500000004,-0.13238977500000004,0.0,9.60433995176076,0.9793701163762101,43.66171344441275,-79.3961966700356,108.4,-71.08340292172082,-81.30831461489052,1.0,3.6577694553914144,630.0,3.6577694553914144,3.6577694553914144,13.167970039409093,0.5943299644092226,3.066985107378508,0.0,3.6577694553914144,13.167970039409093,0.07821516737906763,0.08079048802865618,0.08079048802865618,0.0,0.0,0.0,0.0,269.99418268921886,0.04457835421703266,160.48207518131758,25050.102940404697,6.958361927890188,12.21837358450039,327753.00057046086,1783556933753000.5,1783556933835017.8
631.0,10196.378351582172,24288.0,84.5834860326543,-919.4523017101548,99.12751953879614,928.8275307591362,0.08458348603265432,-0.9194523017101547,0.09912751953879613,0.9288275307591362,0.9289584245721195,0.9289584245721195,9.109970134330174,-0.07104157542788052,-0.6966798656698244,0.8294806433021295,0.936535075,-0.10705443169787057,-0.12932631997659708,-9.01674691456589,-9.679163549999998,0.6624166354341094,-0.02349547332553118,0.972108889485135,0.809048625,0.16306026448513497,-0.01625068732447786,0.08458348603265432,0.8294806433021295,-0.12932631997659708,-0.12932631997659708,0.005140025207051946,9.109970134330174,0.9289584245721195,43.661704459631274,-79.39619679174302,108.38958715081637,-71.09320429437223,-82.30149235912303,1.0,3.684525553247157,631.0,3.684525553247157,3.684525553247157,13.264291991689765,0.6004793575408178,0.39402732813629854,-0.010412849183643113,3.684525553247157,13.264291991689765,0.09404204222520651,0.07917254523457685,0.07917254523457685,-0.2751774315607407,0.0,0.0,0.0,247.64963740322776,0.04131334362082092,148.7280370349553,25240.096645642647,7.011137957122951,11.426956921494275,328514.0605811345,1783556934514060.5,1783556934104128.5
632.0,9740.517461761623,24288.0,83.52641730263565,-961.2065165458919,81.6858854934882,968.9961424998454,0.08352641730263566,-0.9612065165458918,0.0816858854934882,0.9689961424998453,0.9690409192106814,0.9690409192106814,9.503045130377428,-0.03095908078931861,-0.3036048696225714,0.8191143402408919,0.936535075,-0.11742073475910812,-0.12155159268066892,-9.42621588548477,-9.679163549999998,0.2529476645152281,-0.020903897560222325,0.801064888974716,0.809048625,-0.007983736025284016,0.04205976739498318,0.08352641730263566,0.8191143402408919,-0.12155159268066892,-0.12155159268066892,0.01818486966330725,9.503045130377428,0.9690409192106814,43.66169547454707,-79.39619626320865,108.36316043256589,-71.05064023349321,-83.29470356714442,1.0,3.7138833494682135,632.0,3.7138833494682135,3.7138833494682135,13.36998005808557,0.5991580216282946,1.3940273281362863,-0.03683956743411193,3.7138833494682135,13.36998005808557,0.09907130216277574,0.06886431029161838,0.06886431029161838,-0.9735488690503513,0.0,0.0,0.0,236.5776881112663,0.03938782288067075,141.7961623704147,25273.1905159392,7.0203306988719945,10.767900635684734,328671.5638219073,1783556934671563.8,1783556934368395.8
633.0,9284.656571941076,24288.0,82.46934857261698,-1002.9607313816291,64.24425144818026,1009.1647542405545,0.082469348572617,-1.0029607313816291,0.06424425144818027,1.0091647542405546,1.0091234138492433,1.0091234138492433,9.89612012642468,0.009123413849243284,0.08947012642468177,0.8087480371796544,0.936535075,-0.12778703782034567,-0.11377686538474077,-9.83568485640365,-9.679163549999998,-0.15652130640365314,-0.018312321794913464,0.630020888464297,0.809048625,-0.17902773653570297,0.10037022211444424,0.082469348572617,0.8087480371796544,-0.11377686538474077,-0.11377686538474077,0.03122971411956255,9.89612012642468,1.0091234138492433,43.661686489462866,-79.3961957346743,108.33673371431543,-71.0080761726142,-84.28791477516582,1.0,3.7432411456892702,633.0,3.7432411456892702,3.7432411456892702,13.475668124481375,0.5978366857157712,2.394027328136274,-0.06326628568458074,3.7432411456892702,13.475668124481375,0.10410056210034498,0.05855607534865992,0.05855607534865992,-1.671920306539962,0.0,0.0,0.0,225.50573881930484,0.03746230214052058,134.8642877058741,25306.284386235755,7.029523440621037,10.108844349875191,328829.0670626801,1783556934829067.0,1783556934632662.8
634.0,8828.795682120526,24288.0,81.41227984259832,-1044.714946217366,46.802617402872336,1049.3333659812638,0.08141227984259833,-1.0447149462173662,0.04680261740287233,1.0493333659812636,1.0492059084878052,1.0492059084878052,10.289195122471934,0.04920590848780518,0.48254512247193493,0.7983817341184167,0.936535075,-0.1381533408815832,-0.1060021380888126,-10.245153827322532,-9.679163549999998,-0.5659902773225345,-0.015720746029604604,0.45897688795387803,0.809048625,-0.35007173704612193,0.1586806768339053,0.08141227984259833,0.7983817341184167,-0.1060021380888126,-0.1060021380888126,0.04427455857581785,10.289195122471934,1.0492059084878052,43.66167750437866,-79.39619520613992,108.31030699606495,-70.96551211173518,-85.28112598318721,1.0,3.7725989419103274,634.0,3.7725989419103274,3.7725989419103274,13.58135619087718,0.5965153498032478,3.3940273281362616,-0.08969300393504957,3.7725989419103274,13.58135619087718,0.10912982203791421,0.04824784040570145,0.04824784040570145,-2.3702917440295725,0.0,0.0,0.0,214.43378952734335,0.03553678140037041,127.93241304133349,25339.37825653231,7.03871618237008,9.44978806406565,328986.57030345284,1783556934986570.2,1783556934896930.0
635.0,8361.97733092524,24288.0,87.60163199557948,-1042.8052581585248,41.44913873073696,1047.6103352311566,0.08760163199557948,-1.0428052581585248,0.04144913873073696,1.0476103352311565,1.04748699798689,1.04748699798689,10.272338368808132,0.04748699798688986,0.46568836880813336,0.8590785444094494,0.938903607722297,-0.0798250633128475,-0.10296982499999996,-10.226426184920296,-9.679163549999998,-0.5472626349202976,-0.028131660426349767,0.4064771963337816,0.8011535159256769,-0.39467631959189525,0.18931813407432316,0.08760163199557948,0.8590785444094494,-0.10296982499999996,-0.10296982499999996,0.04141423583121846,10.272338368808132,1.04748699798689,43.6616685254759,-79.39619451695376,108.3,-70.91001039998608,-86.2736538938165,1.0,3.784737090126919,635.0,3.784737090126919,3.784737090126919,13.62505352445691,0.5958389845854737,3.784737090126919,-0.08389845854737427,3.784737090126919,13.62505352445691,0.09389189223775768,0.04375195188397583,0.04375195188397583,-2.217160925679935,0.0,0.0,0.0,203.09570541351223,0.03361617454906695,121.01822837664103,25368.238756838284,7.046732988010628,9.065339923541737,329143.80417164316,1783556935143804.2,1783556935161015.5
636.0,7888.152747862452,24288.0,98.42436620481308,-1012.9767468013688,43.82486087422726,1019.1016695092728,0.09842436620481307,-1.0129767468013688,0.04382486087422726,1.0191016695092727,1.019040150532468,1.019040150532468,9.993370092219227,0.019040150532468006,0.1867200922192273,0.96521331084243,0.9427865869820401,0.022426723860389908,-0.10296982499999996,-9.933908414019642,-9.679163549999998,-0.25474486401964386,-0.050135209564894326,0.42977507189224073,0.7882102517265328,-0.35843517983429213,0.2022613982734671,0.09842436620481307,0.96521331084243,-0.10296982499999996,-0.10296982499999996,0.028384104087113747,9.993370092219227,1.019040150532468,43.661659550525584,-79.39619372504637,108.3,-70.84623631759229,-87.26574490215614,1.0,3.7858649465916128,636.0,3.7858649465916128,3.7858649465916128,13.629113807729807,0.5955750154584192,3.7858649465916128,-0.05750154584192423,3.7858649465916128,13.629113807729807,0.06569506386165098,0.04297249414203602,0.04297249414203602,-1.5195771509308373,0.0,0.0,0.0,191.58745394008324,0.031698709652223,114.1153547480028,25394.392428370644,7.0539978967696175,8.856477009629792,329300.86580224056,1783556935300865.8,1783556935424984.5
637.0,7414.328164799665,24288.0,109.24710041404667,-983.1482354442128,46.20058301771756,990.5930037873893,0.10924710041404667,-0.9831482354442128,0.04620058301771757,0.9905930037873892,0.9905933030780462,0.9905933030780462,9.714401815630321,-0.009406696921953853,-0.09224818436967874,1.0713480772754107,0.9466695662417833,0.12467851103362732,-0.10296982499999996,-9.641390643118989,-9.679163549999998,0.03777290688100987,-0.07213875870343889,0.4530729474506999,0.7752669875273889,-0.32219404007668895,0.215204662472611,0.10924710041404667,1.0713480772754107,-0.10296982499999996,-0.10296982499999996,0.015353972343009031,9.714401815630321,0.9905933030780462,43.661650575575266,-79.39619293313899,108.3,-70.78246223519851,-88.25783591049579,1.0,3.786992803056307,637.0,3.786992803056307,3.786992803056307,13.633174091002704,0.5953110463313647,3.786992803056307,-0.031104633136474186,3.786992803056307,13.633174091002704,0.037498235485544276,0.042193036400096216,0.042193036400096216,-0.8219933761817395,0.0,0.0,0.0,180.07920246665424,0.02978124475537905,107.21248111936458,25420.546099903004,7.061262805528607,8.647614095717845,329457.927432838,1783556935457927.5,1783556935688953.8
638.0,6940.503581736876,24288.0,120.06983462328026,-953.3197240870568,48.57630516120786,962.0843380655057,0.12006983462328026,-0.9533197240870568,0.04857630516120787,0.9620843380655056,0.9621464556236243,0.9621464556236243,9.435433539041416,-0.0378535443763757,-0.37121646095858474,1.1774828437083913,0.9505525455015266,0.22693029820686467,-0.10296982499999996,-9.348872872218335,-9.679163549999998,0.33029067778166366,-0.09414230784198345,0.47637082300915906,0.7623237233282449,-0.2859529003190858,0.22814792667175493,0.12006983462328026,1.1774828437083913,-0.10296982499999996,-0.10296982499999996,0.0023238405989043157,9.435433539041416,0.9621464556236243,43.66164160062495,-79.39619214123161,108.3,-70.71868815280473,-89.24992691883543,1.0,3.7881206595210006,638.0,3.7881206595210006,3.7881206595210006,13.637234374275604,0.5950470772043102,3.7881206595210006,-0.0047077204310241455,3.7881206595210006,13.637234374275604,0.009301407109437568,0.04141357865815641,0.04141357865815641,-0.12440960143264146,0.0,0.0,0.0,168.57095099322527,0.027863779858535095,100.30960749072634,25446.699771435364,7.068527714287596,8.438751181805898,329614.9890634354,1783556935614989.0,1783556935952922.8
639.0,7304.369647385158,24288.0,50.62124178106848,-1016.0838647986368,91.42023507656124,1023.5004555416887,0.05062124178106847,-1.0160838647986368,0.09142023507656125,1.0235004555416887,1.0229507563971456,1.0229507563971456,10.031720035222067,0.022950756397145618,0.22507003522206806,0.4964248007123151,0.936535075,-0.4401102742876849,-0.0653791557793005,-9.96437883272755,-9.679163549999998,-0.2852152827275521,-0.11440793844139908,0.8965262483135593,0.7207887749999999,0.1757374733135594,0.18142302500000007,0.05062124178106847,0.4964248007123151,-0.0653791557793005,-0.0653791557793005,0.05276393357703467,10.031720035222067,1.0229507563971456,43.661632709661994,-79.39619033363702,108.3,-70.57311849600575,-90.23273396324917,1.0,3.8208883079351583,639.0,3.8208883079351583,3.8038206822185407,13.693754455986747,0.5960414768576296,0.8216564003694148,0.0,3.8038206822185407,13.693754455986747,0.018881579811823986,0.0379326107335157,0.0379326107335157,0.0,0.0,0.0,0.0,177.4085299956907,0.0293737960997413,105.74566595906867,25579.008628755928,7.105280174654419,8.648116678791537,330362.97722291556,1783556936362977.2,1783556936208295.2
640.0,7340.114086754162,24288.0,75.71840133802814,-1012.5347715279556,67.59060883055913,1020.4583755953905,0.07571840133802815,-1.0125347715279556,0.06759060883055915,1.0204583755953907,1.0198886898066586,1.0198886898066586,10.001691419892467,0.019888689806658602,0.1950414198924686,0.7425438604815737,0.936535075,-0.19399121451842632,-0.05543495134417894,-9.929574117204625,-9.679163549999998,-0.25041056720462646,-0.13429634731164225,0.6628374440882028,0.7207887749999999,-0.05795133091179716,0.18142302500000007,0.07571840133802815,0.7425438604815737,-0.05543495134417894,-0.05543495134417894,0.05680289616272836,10.001691419892467,1.0198886898066586,43.66162383692882,-79.39618830558373,108.3,-70.40979480337536,-91.21352588851501,1.0,3.86052349171482,640.0,3.86052349171482,3.8226836481843525,13.761661133463669,0.5973090101685873,1.821656400369408,0.0,3.8226836481843525,13.761661133463669,0.03666139211119723,0.03386526990384446,0.03386526990384446,0.0,0.0,0.0,0.0,178.27669093908509,0.029580702660275446,106.4905295769916,25606.405571548323,7.112890436541195,8.315791851197158,330515.0812202305,1783556936515081.2,1783556936461802.0
641.0,7375.858526123165,24288.0,100.81556089498781,-1008.9856782572745,43.76098258455703,1017.4162956490924,0.10081556089498782,-1.0089856782572744,0.04376098258455703,1.0174162956490924,1.0168266232161716,1.0168266232161716,9.971662804562868,0.016826623216171586,0.1650128045628691,0.9886629202508322,0.936535075,0.05212784525083225,-0.045490746909057383,-9.8947694016817,-9.679163549999998,-0.21560585168170077,-0.15418475618188543,0.42914863986284624,0.7207887749999999,-0.2916401351371537,0.18142302500000007,0.10081556089498782,0.9886629202508322,-0.045490746909057383,-0.045490746909057383,0.060841858748422045,9.971662804562868,1.0168266232161716,43.66161496419564,-79.39618627753043,108.3,-70.24647111074496,-92.19431781378084,1.0,3.900158675494482,641.0,3.900158675494482,3.841546614150164,13.829567810940592,0.5985765434795448,2.8216564003694016,0.0,3.841546614150164,13.829567810940592,0.05444120441057047,0.029797929074173217,0.029797929074173217,0.0,0.0,0.0,0.0,179.14485188247943,0.02978760922080959,107.23539319491452,25633.802514340714,7.120500698427971,7.983467023602778,330667.18521754537,1783556936667185.2,1783556936715308.8
642.0,7411.602965492168,24288.0,125.91272045194748,-1005.4365849865933,19.93135633855492,1014.3742157027942,0.12591272045194749,-1.0054365849865932,0.019931356338554918,1.0143742157027942,1.0137645566256845,1.0137645566256845,9.941634189233268,0.013764556625684573,0.1349841892332696,1.2347819800200908,0.936535075,0.29824690502009077,-0.03554654247393583,-9.859964686158774,-9.679163549999998,-0.18080113615877513,-0.1740731650521286,0.1954598356374897,0.7207887749999999,-0.5253289393625102,0.18142302500000007,0.12591272045194749,1.2347819800200908,-0.03554654247393583,-0.03554654247393583,0.06488082133411574,9.941634189233268,1.0137645566256845,43.66160609146247,-79.39618424947714,108.3,-70.08314741811458,-93.17510973904666,1.0,3.9397938592741437,642.0,3.9397938592741437,3.8604095801159763,13.897474488417513,0.5998440767905023,3.821656400369395,0.0,3.8604095801159763,13.897474488417513,0.07222101670994371,0.025730588244501976,0.025730588244501976,0.0,0.0,0.0,0.0,180.01301282587377,0.029994515781343736,107.98025681283744,25661.19945713311,7.128110960314747,7.651142196008397,330819.2892148603,1783556936819289.2,1783556936968815.2
643.0,9101.797783576558,24288.0,96.0433429473997,-1021.3498557890047,31.0990587373945,1028.7554273680041,0.09604334294739969,-1.0213498557890046,0.031099058737394495,1.0287554273680042,1.028805423342523,1.028805423342523,10.089134704821953,0.028805423342523045,0.2824847048219536,0.9418634491151171,0.928954908235013,0.012908540880104128,0.012908540880104128,-10.016020563273242,-9.679163549999998,-0.33685701327324413,-0.18431239132254526,0.3049775843670697,0.7207887749999999,-0.41581119063293026,-0.14930092382015614,0.09604334294739969,0.9418634491151171,0.012908540880104128,0.012908540880104128,0.06804088284406905,10.089134704821953,1.028805423342523,43.66159750774253,-79.39618059442843,108.27729618947333,-69.7887981255858,-94.12395414128365,1.0,3.9260661097476923,643.0,3.9260661097476923,3.8627299721471817,13.905827899729854,0.596,0.8769868940329266,-0.022703810526661917,3.8627299721471817,13.905827899729854,0.057514677473092364,0.027965424762713513,0.027965424762713513,-0.587765924368809,0.0,0.0,0.0,221.0644645675074,0.03659845024506512,131.7544208822344,25826.75069740524,7.174097415945895,7.565196614669793,331569.3147107389,1783556937569314.8,1783556937227038.0
644.0,8923.68541099009,24288.0,98.37330130972265,-986.4004803541602,72.26165647176687,997.6893158703647,0.09837330130972265,-0.9864004803541603,0.07226165647176686,0.9976893158703647,0.997564726005111,0.997564726005111,9.782768120278021,-0.0024352739948889507,-0.02388187972197786,0.9647125352889916,0.9314936955876657,0.0332188397013259,0.0332188397013259,-9.673284270665125,-9.679163549999998,0.005879279334873422,-0.1931981470568294,0.7086447734388523,0.7207887749999999,-0.012144001561147588,-0.1797663720519888,0.09837330130972265,0.9647125352889916,0.0332188397013259,0.0332188397013259,0.08933943446028311,9.782768120278021,0.997564726005111,43.661588964561865,-79.39617671116449,108.2514077632253,-69.47607014790863,-95.0683173317004,1.0,3.9048532538711203,644.0,3.9048532538711203,3.8627299721471817,13.905827899729854,0.596,1.8769868940329129,-0.048592236774693376,3.8627299721471817,13.905827899729854,0.03825157412884318,0.031084254434292743,0.031084254434292743,-1.2579765379686207,0.0,0.0,0.0,216.73847126212732,0.0358822580200633,129.17612887222788,25858.866922006633,7.183018589446281,7.5138101316871175,331723.6097311772,1783556937723609.8,1783556937485922.2
645.0,8745.573038403623,24288.0,100.70325967204562,-951.4511049193158,113.42425420613922,966.6232043727251,0.10070325967204562,-0.9514511049193158,0.1134242542061392,0.9666232043727252,0.9663240286676991,0.9663240286676991,9.47640153573409,-0.03367597133230095,-0.33024846426590926,0.9875616214628661,0.9340324829403185,0.05352913852254767,0.05352913852254767,-9.330547978057007,-9.679163549999998,0.34861557194299087,-0.2020839027911135,1.112311962510635,0.7207887749999999,0.391523187510635,-0.2102318202838215,0.10070325967204562,0.9875616214628661,0.05352913852254767,0.05352913852254767,0.11063798607649719,9.47640153573409,0.9663240286676991,43.6615804213812,-79.39617282790054,108.22551933697727,-69.16334217023146,-96.01268052211714,1.0,3.8836403979945486,645.0,3.8836403979945486,3.8627299721471817,13.905827899729854,0.596,2.876986894032899,-0.07448066302272484,3.8627299721471817,13.905827899729854,0.018988470784593994,0.03420308410587197,0.03420308410587197,-1.9281871515684323,0.0,0.0,0.0,212.41247795674724,0.035166065795061485,126.59783686222134,25890.98314660802,7.191939762946667,7.462423648704442,331877.9047516155,1783556937877904.8,1783556937744806.8
646.0,8564.473982177651,24288.0,103.00742245510054,-917.2672083836193,153.78474880208447,936.2375185632171,0.10300742245510053,-0.9172672083836193,0.15378474880208445,0.9362375185632172,0.9357649543334827,0.9357649543334827,9.176719389414448,-0.06423504566651728,-0.6299306105855517,1.0101577394193118,0.9364986802903441,0.07365905912896749,0.07365905912896749,-8.99531846909522,-9.679181747354827,0.6838632782596066,-0.2108429749999985,1.5081132068399614,0.7209343538386233,0.787178853001338,-0.24026292500000002,0.10300742245510053,1.0101577394193118,0.07365905912896749,0.07365905912896749,0.1313275611606054,9.176719389414448,0.9357649543334827,43.66157188124072,-79.3961689331979,108.2,-68.84969300789604,-96.9567076512843,1.0,3.862651424141007,646.0,3.862651424141007,3.8627299721471817,13.905827899729854,0.596,3.862651424141007,-0.09962887724496754,3.8627299721471817,13.905827899729854,0.0,0.037206848602440286,0.037206848602440286,-2.5792348407307046,0.0,0.0,0.0,208.0139440791308,0.03443786407532277,123.97631067116195,25923.02190118598,7.2008394169961,7.412138103485456,332032.21189161995,1783556938032212.0,1783556938003711.2
647.0,8176.871534282467,24288.0,103.52804360741106,-936.0095698667981,138.68673538507932,952.8973954371538,0.10352804360741105,-0.9360095698667981,0.13868673538507933,0.9528973954371539,0.9523342266837908,0.9523342266837908,9.339208444108596,-0.04766577331620919,-0.4674415558914028,1.0152632888426176,0.9339459055786912,0.08131738326392643,0.08131738326392643,-9.179118248334236,-9.680458134710653,0.501339886376418,-0.2108429749999985,1.360052273564088,0.7311454526852352,0.6289068208788529,-0.24026292500000002,0.10352804360741105,1.0152632888426176,0.08131738326392643,0.08131738326392643,0.10991166592861719,9.339208444108596,0.9523342266837908,43.66156355130228,-79.39616424760753,108.2,-68.47235187840207,-97.87749904603105,1.0,3.857141959559184,647.0,3.857141959559184,3.8627299721471817,13.905827899729854,0.596,3.857141959559184,-0.07359781962944292,3.8627299721471817,13.905827899729854,0.0,0.03225484952617452,0.03225484952617452,-1.90533172549289,0.0,0.0,0.0,198.5998558246526,0.03287930946430359,118.36551407149292,25949.704272389645,7.208251186774896,7.437972900980783,332187.3569950085,1783556938187357.0,1783556938264021.8
648.0,7789.269086387284,24288.0,104.04866475972158,-954.7519313499769,123.5887219680742,969.5572723110905,0.10404866475972158,-0.9547519313499768,0.12358872196807419,0.9695572723110906,0.9689034990340989,0.9689034990340989,9.501697498802745,-0.031096500965901108,-0.30495250119725403,1.0203688382659235,0.9313931308670381,0.08897570739888536,0.08897570739888536,-9.36291802757325,-9.68173452206648,0.3188164944932294,-0.2108429749999985,1.2119913402882148,0.7413565515318472,0.4706347887563675,-0.24026292500000002,0.10404866475972158,1.0203688382659235,0.08897570739888536,0.08897570739888536,0.08849577069662895,9.501697498802745,0.9689034990340989,43.66155522136385,-79.39615956201716,108.2,-68.0950107489081,-98.79829044077778,1.0,3.8516324949773613,648.0,3.8516324949773613,3.8627299721471817,13.905827899729854,0.596,3.8516324949773613,-0.047566762013918316,3.8627299721471817,13.905827899729854,0.0,0.027302850449908753,0.027302850449908753,-1.2314286102550758,0.0,0.0,0.0,189.18576757017436,0.03132075485328442,112.75471747182391,25976.38664359331,7.215662956553691,7.46380769847611,332342.502098397,1783556938342502.0,1783556938524332.5
649.0,7401.666638492101,24288.0,104.5692859120321,-973.4942928331557,108.49070855106906,986.2171491850272,0.1045692859120321,-0.9734942928331557,0.10849070855106906,0.9862171491850272,0.985472771384407,0.985472771384407,9.664186553496894,-0.014527228615593017,-0.14246344650310527,1.0254743876892294,0.9288403561553852,0.09663403153384428,0.09663403153384428,-9.546717806812266,-9.683010909422306,0.1362931026100408,-0.2108429749999985,1.0639304070123414,0.7515676503784592,0.3123627566338822,-0.24026292500000002,0.1045692859120321,1.0254743876892294,0.09663403153384428,0.09663403153384428,0.06707987546464073,9.664186553496894,0.985472771384407,43.66154689142541,-79.39615487642679,108.2,-67.71766961941412,-99.7190818355245,1.0,3.8461230303955385,649.0,3.8461230303955385,3.8627299721471817,13.905827899729854,0.596,3.8461230303955385,-0.02153570439839371,3.8627299721471817,13.905827899729854,0.0,0.02235085137364299,0.02235085137364299,-0.5575254950172615,0.0,0.0,0.0,179.77167931569613,0.02976220024226525,107.1439208721549,26003.069014796973,7.223074726332487,7.489642495971436,332497.6472017856,1783556938497647.2,1783556938784643.0
650.0,6566.771613710404,24288.0,91.82310911478245,-1010.9015770160886,104.25819127912801,1020.6804634095668,0.09182310911478245,-1.0109015770160885,0.10425819127912801,1.0206804634095665,1.020492097304772,1.020492097304772,10.00760882603384,0.020492097304771934,0.2009588260338417,0.9004770930004813,0.936535075,-0.036057981999518755,0.21544550400144397,-9.913557950244824,-9.684066875,-0.2294910752448242,-0.17651970000000006,1.0224235915074606,0.7600153749999999,0.2624082165074607,-0.2028688782549337,0.09182310911478245,0.9004770930004813,0.21544550400144397,0.21544550400144397,0.17872771836053442,10.00760882603384,1.020492097304772,43.66153858487292,-79.39615011554558,108.2,-67.33426514866346,-100.63728814764282,1.0,3.84437246326115,650.0,3.84437246326115,3.8646014571916294,13.912565245889866,0.5998231091147824,0.17269191607681428,0.0,3.8646014571916294,13.912565245889866,0.0018714850444475164,0.017541254796332444,0.017541254796332444,0.0,0.0,0.0,0.0,159.4937489537983,0.026575337411590245,95.67121468172489,26125.068777884568,7.256963549412373,7.349339149323909,333252.3567418974,1783556939252356.8,1783556939044222.8
651.0,6368.56670020206,24288.0,90.79879431628972,-1021.9129610998856,88.38131190249058,1030.4114539952477,0.0907987943162897,-1.0219129610998856,0.08838131190249057,1.0304114539952476,1.030175189401523,1.030175189401523,10.102567521144445,0.030175189401523042,0.2959175211444459,0.8904319962818424,0.936535075,-0.04610307871815757,0.1853102138455275,-10.021542739970192,-9.684066875,-0.337475864970192,-0.17651970000000006,0.8667245923685591,0.7600153749999999,0.10670921736855915,-0.09990663688888587,0.0907987943162897,0.8904319962818424,0.1853102138455275,0.1853102138455275,0.07793966739164156,10.102567521144445,1.030175189401523,43.66153039035453,-79.39614499397159,108.2,-66.92181327748317,-101.54311021037253,1.0,3.8606294920556703,651.0,3.8606294920556703,3.8754385889286764,13.951578920143234,0.5987987943162897,1.1726919160768114,0.0,3.8754385889286764,13.951578920143234,0.012708616781494573,0.013413860033866038,0.013413860033866038,0.0,0.0,0.0,0.0,154.67974801450762,0.02573273521158322,92.63784676169959,26146.66891399575,7.262963587221035,6.987824662195551,333404.97964687285,1783556939404979.8,1783556939300301.5
652.0,6170.361786693715,24288.0,89.77447951779698,-1032.9243451836826,72.50443252585313,1040.1424445809287,0.08977447951779698,-1.0329243451836825,0.07250443252585313,1.0401424445809286,1.0398582814982742,1.0398582814982742,10.19752621625505,0.03985828149827415,0.3908762162550502,0.8803868995632036,0.936535075,-0.05614817543679638,0.15517492368961106,-10.12952752969556,-9.684066875,-0.44546065469555984,-0.17651970000000006,0.7110255932296576,0.7600153749999999,-0.048989781770342355,0.0030556044771619384,0.08977447951779698,0.8803868995632036,0.15517492368961106,0.15517492368961106,-0.022848383577251302,10.19752621625505,1.0398582814982742,43.66152219583614,-79.39613987239758,108.2,-66.50936140630286,-102.44893227310224,1.0,3.8768865208501913,652.0,3.8768865208501913,3.8862757206657235,13.990592594396604,0.5977744795177969,2.1726919160768086,0.0,3.8862757206657235,13.990592594396604,0.02354574851854163,0.009286465271399634,0.009286465271399634,0.0,0.0,0.0,0.0,149.86574707521694,0.024890133011576193,89.6044788416743,26168.26905010693,7.268963625029697,6.626310175067193,333557.6025518483,1783556939557602.5,1783556939556380.0
653.0,5972.15687318537,24288.0,88.75016471930424,-1043.9357292674795,56.62755314921569,1049.8734351666096,0.08875016471930423,-1.0439357292674796,0.05662755314921569,1.0498734351666097,1.0495413735950252,1.0495413735950252,10.292484911365653,0.04954137359502526,0.4858349113656545,0.8703418028445649,0.936535075,-0.06619327215543519,0.1250396335336946,-10.237512319420928,-9.684066875,-0.5534454444209276,-0.17651970000000006,0.555326594090756,0.7600153749999999,-0.20468878090924392,0.10601784584320978,0.08875016471930423,0.8703418028445649,0.1250396335336946,0.1250396335336946,-0.12363643454614417,10.292484911365653,1.0495413735950252,43.661514001317755,-79.39613475082359,108.2,-66.09690953512256,-103.35475433583196,1.0,3.8931435496447118,653.0,3.8931435496447118,3.8971128524027705,14.029606268649975,0.5967501647193042,3.1726919160768055,0.0,3.8971128524027705,14.029606268649975,0.03438288025558869,0.005159070508933231,0.005159070508933231,0.0,0.0,0.0,0.0,145.05174613592627,0.024047530811569167,86.571110921649,26189.86918621811,7.274963662838359,6.264795687938835,333710.22545682365,1783556939710225.5,1783556939812458.8
654.0,1746.7470303415466,24288.0,119.76667347393143,-1017.4371734653683,150.4294387431802,1036.7576836677024,0.11976667347393143,-1.0174371734653682,0.1504294387431802,1.0367576836677024,1.0364989803324904,1.0364989803324904,10.164582725477617,0.03649898033249041,0.3579327254776171,1.1745098484231296,0.936535075,0.23797477342312962,0.2126534026508632,-9.977650257164154,-9.659550249999999,-0.3181000071641551,-0.10154280730693475,1.475208855450808,0.809048625,0.6661602304508081,-0.22064962499999996,0.11976667347393143,1.1745098484231296,0.2126534026508632,0.2126534026508632,0.17030810522826634,10.164582725477617,1.0364989803324904,43.661505825632645,-79.39612957307142,108.2,-65.67993350885502,-104.25849456762882,1.0,3.907347786062949,654.0,3.907347786062949,3.9072398680511604,14.066063524984179,0.5969320510202334,0.2676424079705845,0.0,3.9072398680511604,14.066063524984179,0.041634326611366526,0.001991179385871547,0.001991179385871547,0.0,0.0,0.0,0.0,42.42499187293549,0.0070353389149060705,25.327220093661854,26232.840123830465,7.286900034397345,5.6150835984077085,334459.49759194086,1783556940459497.5,1783556940067949.0
655.0,1353.4873430724745,24288.0,126.36754621053304,-1011.5979398906824,103.46169042505343,1028.3796528866312,0.12636754621053303,-1.0115979398906823,0.10346169042505345,1.0283796528866311,1.0283538273481094,1.0283538273481094,10.084706060963338,0.028353827348109532,0.27805606096333835,1.2392422970455237,0.936535075,0.30270722204552364,0.1827768879020659,-9.92038693722896,-9.659550249999999,-0.2608366872289606,-0.07789056646413671,1.0146125864068503,0.809048625,0.2055639614068503,-0.22064962499999996,0.12636754621053303,1.2392422970455237,0.1827768879020659,0.1827768879020659,0.07013531146269583,10.084706060963338,1.0283538273481094,43.661497701481586,-79.39612424159729,108.2,-65.25057790735204,-105.15653822577517,1.0,3.9159349078653416,655.0,3.9159349078653416,3.9154237726929897,14.095525581694764,0.5966781712995949,1.2676424079705864,0.0,3.9154237726929897,14.095525581694764,0.039074159286363146,0.001448805572365436,0.001448805572365436,0.0,0.0,0.0,0.0,32.87350058854426,0.005450864285831074,19.623111428991866,26233.953671091964,7.287209353081096,4.176768149174555,334610.8099054415,1783556940610810.0,1783556940321828.8
656.0,960.2276558034023,24288.0,132.96841894713464,-1005.7587063159963,56.49394210692668,1020.0016221055599,0.13296841894713463,-1.0057587063159963,0.05649394210692667,1.02000162210556,1.0202086743637286,1.0202086743637286,10.00482939644906,0.020208674363728654,0.19817939644905957,1.3039747456679176,0.936535075,0.3674396706679177,0.1529003731532686,-9.863123617293764,-9.659550249999999,-0.20357336729376604,-0.054238325621338665,0.5540163173628925,0.809048625,-0.2550323076371075,-0.22064962499999996,0.13296841894713463,1.3039747456679176,0.1529003731532686,0.1529003731532686,-0.030037482302874674,10.00482939644906,1.0202086743637286,43.66148957733053,-79.39611891012315,108.2,-64.82122230584905,-106.05458188392153,1.0,3.9245220296677346,656.0,3.9245220296677346,3.923607677334819,14.124987638405347,0.5964242915789564,2.2676424079705884,0.0,3.923607677334819,14.124987638405347,0.03651399196135977,0.0009064317588593246,0.0009064317588593246,0.0,0.0,0.0,0.0,23.322009304153035,0.003866389656756077,13.919002764321878,26235.067218353466,7.287518671764846,2.7384526999414027,334762.12221894204,1783556940762122.2,1783556940575708.5
657.0,566.9679685343301,24288.0,139.56929168373622,-999.9194727413103,9.526193788799901,1011.6235913244886,0.13956929168373622,-0.9999194727413102,0.009526193788799903,1.0116235913244886,1.0120635213793479,1.0120635213793479,9.92495273193478,0.012063521379347773,0.1183027319347808,1.3687071942903117,0.936535075,0.43217211929031174,0.1230238584044713,-9.80586029735857,-9.659550249999999,-0.1463100473585715,-0.03058608477854062,0.09342004831893447,0.809048625,-0.7156285766810655,-0.22064962499999996,0.13956929168373622,1.3687071942903117,0.1230238584044713,0.1230238584044713,-0.1302102760684452,9.92495273193478,1.0120635213793479,43.66148145317947,-79.39611357864902,108.2,-64.39186670434607,-106.95262554206788,1.0,3.9331091514701275,657.0,3.9331091514701275,3.931791581976648,14.154449695115932,0.5961704118583178,3.2676424079705906,0.0,3.931791581976648,14.154449695115932,0.03395382463635639,0.00036405794535321334,0.00036405794535321334,0.0,0.0,0.0,0.0,13.77051801976181,0.0022819150276810803,8.21489409965189,26236.18076561497,7.287827990448596,1.30013725070825,334913.4345324426,1783556940913434.5,1783556940829588.2
658.0,304.83703369456526,24288.0,147.4235627944171,-998.254541352421,-15.319877474308065,1009.0060551365614,0.1474235627944171,-0.998254541352421,-0.015319877474308064,1.0090060551365614,1.0094865357619671,1.0094865357619671,9.899681135930093,0.009486535761967146,0.09303113593009513,1.4457312820778705,0.9369445101472911,0.5087867719305793,0.10870191706207531,-9.78953289795372,-9.659550249999999,-0.12998264795372094,-0.014709975000000597,-0.1502366764334232,0.809048625,-0.9592853014334232,-0.22064962499999996,0.1474235627944171,1.4457312820778705,0.10870191706207531,0.10870191706207531,-0.17142441670615025,9.899681135930093,1.0094865357619671,43.66147349495405,-79.39610782896017,108.19164984684289,-63.92883133167673,-107.83232777922737,1.0,3.9387404721990493,658.0,3.9387404721990493,3.937284869880079,14.174225531568284,0.5964175076578557,3.9387404721990493,-0.00835015315711563,3.937284869880079,14.174225531568284,0.029543659694991998,0.0,0.0,-0.21207896896141928,0.0,0.0,0.0,7.403881874373601,0.0012266692321040878,4.416009235574716,26237.32434844546,7.288145652345955,0.3343842065412755,335065.1844204743,1783556941065184.5,1783556941083501.5
659.0,310.42464056759053,24288.0,157.8368301486914,-1005.1120588784065,4.998692973056418,1018.1494118378754,0.1578368301486914,-1.0051120588784066,0.004998692973056419,1.0181494118378753,1.0182777788502604,1.0182777788502604,9.985893779961904,0.018277778850260364,0.17924377996190582,1.5478505503776645,0.9381898670777764,0.6096606832998881,0.12613691408886937,-9.856782172199924,-9.659550249999999,-0.19723192219992636,-0.014709975000000597,0.04902043244422369,0.809048625,-0.7600281925557762,-0.22064962499999996,0.1578368301486914,1.5478505503776645,0.12613691408886937,0.12613691408886937,-0.09226583706458766,9.985893779961904,1.0182777788502604,43.66146587549014,-79.39610122542479,108.16625163378367,-63.39703377638284,-108.6745833207646,1.0,3.938337092388824,659.0,3.938337092388824,3.937284869880079,14.174225531568284,0.597687418310816,3.938337092388824,-0.0337483662163234,3.937284869880079,14.174225531568284,0.021356453831261488,0.0,0.0,-0.8571481955622708,0.0,0.0,0.0,7.5395936701056385,0.001251921564600338,4.506917632561217,26238.529253286433,7.288480348135114,0.3334364824036396,335217.82768096006,1783556941217827.8,1783556941337483.8
660.0,316.01224744061574,24288.0,168.2500975029657,-1011.969576404392,25.3172634204209,1027.2927685391894,0.1682500975029657,-1.011969576404392,0.025317263420420906,1.0272927685391895,1.0270690219385537,1.0270690219385537,10.072106423993715,0.027069021938553584,0.2654564239937165,1.6499698186774585,0.9394352240082617,0.7105345946691968,0.14357191111566345,-9.924031446446131,-9.659550249999999,-0.26448119644613177,-0.014709975000000597,0.24827754132187055,0.809048625,-0.5607710836781294,-0.22064962499999996,0.1682500975029657,1.6499698186774585,0.14357191111566345,0.14357191111566345,-0.01310725742302507,10.072106423993715,1.0270690219385537,43.661458256026215,-79.39609462188939,108.14085342072447,-62.86523622108895,-109.51683886230184,1.0,3.937933712578598,660.0,3.937933712578598,3.937284869880079,14.174225531568284,0.5989573289637763,3.937933712578598,-0.05914657927553117,3.937284869880079,14.174225531568284,0.013169247967530977,0.0,0.0,-1.5022174221631224,0.0,0.0,0.0,7.675305465837675,0.0012771738970965886,4.5978260295477185,26239.7341581274,7.288815043924273,0.3324887582660037,335370.4709414459,1783556941370471.0,1783556941591465.8
661.0,321.599854313641,24288.0,178.66336485724,-1018.8270939303776,45.63583386778538,1036.4361252405033,0.17866336485724,-1.0188270939303774,0.04563583386778539,1.0364361252405034,1.0358602650268467,1.0358602650268467,10.158319068025525,0.035860265026846805,0.3516690680255272,1.7520890869772525,0.940680580938747,0.8114085060385056,0.1610069081424575,-9.991280720692336,-9.659550249999999,-0.3317304706923372,-0.014709975000000597,0.44753465019951744,0.809048625,-0.36151397480048253,-0.22064962499999996,0.17866336485724,1.7520890869772525,0.1610069081424575,0.1610069081424575,0.06605132221853752,10.158319068025525,1.0358602650268467,43.6614506365623,-79.39608801835399,108.11545520766526,-62.33343866579506,-110.35909440383907,1.0,3.9375303327683726,661.0,3.9375303327683726,3.937284869880079,14.174225531568284,0.6002272396167365,3.9375303327683726,-0.08454479233473894,3.937284869880079,14.174225531568284,0.004982042103800467,0.0,0.0,-2.147286648763974,0.0,0.0,0.0,7.811017261569712,0.0013024262295928389,4.688734426534221,26240.939062968373,7.289149739713431,0.33154103412836783,335523.11420193175,1783556941523114.2,1783556941845448.0
662.0,314.89836680788846,24288.0,163.52813954709276,-970.4827854491667,64.65515325059516,987.0925846018359,0.16352813954709278,-0.9704827854491668,0.06465515325059516,0.9870925846018359,0.986867184366865,0.986867184366865,9.677861073571316,-0.013132815633134958,-0.12878892642868292,1.6036632296894973,0.9610517000000001,0.6426115296894972,0.18540974957368184,-9.51718500792507,-9.684066875,0.1668818670749288,-0.02417844586249559,0.634050458624949,0.7600153749999999,-0.1259649163750509,-0.22064962499999996,0.16352813954709278,1.6036632296894973,0.18540974957368184,0.18540974957368184,0.021507047781952265,9.677861073571316,0.986867184366865,43.66144325590381,-79.39608095100424,108.1,-61.76428909695459,-111.17495239294081,1.0,3.9286104872885965,662.0,3.9286104872885965,3.93054618822065,14.14996627759434,0.595,0.3914844469868522,0.0,3.93054618822065,14.14996627759434,-0.006738681659429177,0.0,0.0,0.0,0.0,0.0,0.0,7.648251533029995,0.0012640860172646797,4.550709662152847,26246.68562838801,7.290746007885553,0.3346957891585843,336271.47174930637,1783556942271471.8,1783556942101633.2
663.0,314.63875702544686,24288.0,152.1053091196622,-935.9546843844334,89.31808258254753,954.1221422317523,0.1521053091196622,-0.9359546843844334,0.08931808258254753,0.9541221422317523,0.9539532714474588,0.9539532714474588,9.35508584944022,-0.04604672855254123,-0.45156415055977844,1.4916435296783352,0.9610517000000001,0.5305918296783352,0.1955933586656057,-9.178580005618604,-9.684066875,0.5054868693813954,-0.04836451745581487,0.8759111745581397,0.7600153749999999,0.11589579955813978,-0.22064962499999996,0.1521053091196622,1.4916435296783352,0.1955933586656057,0.1955933586656057,0.03434352983059581,9.35508584944022,0.9539532714474588,43.661436246439685,-79.39607316271076,108.1,-61.13708030927571,-111.94977855729928,1.0,3.9064528188084133,663.0,3.9064528188084133,3.913333035281127,14.087998927012057,0.595,1.3914844469868546,0.0,3.913333035281127,14.087998927012057,-0.02395183459895198,0.0,0.0,0.0,0.0,0.0,0.0,7.641946130634054,0.0012630438743686837,4.546957947727262,26247.863666717647,7.291073240754896,0.3346957891585843,336425.9395698591,1783556942425939.5,1783556942361243.0
664.0,314.37914724300526,24288.0,140.68247869223163,-901.4265833197002,113.9810119144999,921.1516998616686,0.14068247869223163,-0.9014265833197002,0.11398101191449989,0.9211516998616686,0.9210393585280525,0.9210393585280525,9.032310625309126,-0.07896064147194749,-0.774339374690874,1.3796238296671732,0.9610517000000001,0.41857212966717317,0.20577696775752957,-8.839975003312137,-9.684066875,0.8440918716878621,-0.07255058904913414,1.1177718904913303,0.7600153749999999,0.3577565154913305,-0.22064962499999996,0.14068247869223163,1.3796238296671732,0.20577696775752957,0.20577696775752957,0.04718001187923937,9.032310625309126,0.9210393585280525,43.661429236975565,-79.39606537441729,108.1,-60.50987152159683,-112.72460472165774,1.0,3.8842951503282297,664.0,3.8842951503282297,3.8961198823416043,14.026031576429776,0.595,2.391484446986857,0.0,3.8961198823416043,14.026031576429776,-0.04116498753847478,0.0,0.0,0.0,0.0,0.0,0.0,7.635640728238112,0.001262001731472688,4.543206233301676,26249.04170504728,7.291400473624238,0.3346957891585843,336580.4073904119,1783556942580407.5,1783556942620852.8
665.0,314.11953746056366,24288.0,129.25964826480106,-866.8984822549668,138.64394124645224,888.1812574915849,0.12925964826480107,-0.8668984822549668,0.13864394124645227,0.8881812574915848,0.8881254456086463,0.8881254456086463,8.70953540117803,-0.11187455439135377,-1.0971145988219693,1.2676041296560112,0.9610517000000001,0.30655242965601115,0.21596057684945347,-8.50137000100567,-9.684066875,1.1826968739943289,-0.09673666064245343,1.3596326064245212,0.7600153749999999,0.5996172314245212,-0.22064962499999996,0.12925964826480107,1.2676041296560112,0.21596057684945347,0.21596057684945347,0.060016493927882913,8.70953540117803,0.8881254456086463,43.66142222751144,-79.39605758612382,108.1,-59.88266273391794,-113.49943088601621,1.0,3.8621374818480465,665.0,3.8621374818480465,3.8789067294020816,13.964064225847494,0.595,3.3914844469868597,0.0,3.8789067294020816,13.964064225847494,-0.05837814047799758,0.0,0.0,0.0,0.0,0.0,0.0,7.62933532584217,0.001260959588576692,4.5394545188760915,26250.219743376914,7.291727706493581,0.3346957891585843,336734.87521096464,1783556942734875.2,1783556942880462.5
666.0,363.44246744089116,24288.0,99.18149419331627,-925.5332145375493,118.83155578584375,939.6969156988861,0.09918149419331627,-0.9255332145375493,0.11883155578584376,0.939696915698886,0.9393100539081279,0.9393100539081279,9.211484940158142,-0.060689946091872046,-0.595165059841857,0.972638200030885,0.9869352066676962,-0.014297006636811209,0.22201650666769612,-9.076380298344658,-9.680649670830759,0.6042693724861009,0.03432327500000021,1.1653394765472447,0.7702669875077212,0.3950724890395234,-0.2144986574953672,0.09918149419331627,0.972638200030885,0.22201650666769612,0.22201650666769612,0.002278136112826926,9.211484940158142,0.9393100539081279,43.66141537603837,-79.39604953973954,108.1,-59.234669312283934,-114.2567927191382,1.0,3.8545896564041464,666.0,3.8545896564041464,3.870980924097933,13.93553132675256,0.5991393831397772,0.5395494752184521,0.0,3.870980924097933,13.93553132675256,-0.0570622936394126,0.0,0.0,0.0,0.0,0.0,0.0,8.827290649204365,0.0014691016167902838,5.288765820445021,26256.78906305497,7.293552517515264,0.33830609616521684,337488.62988386635,1783556943488630.0,1783556943139383.2
667.0,362.4091376264509,24288.0,106.93146780161844,-928.3748715272601,88.8649911670754,940.9885779669364,0.10693146780161844,-0.9283748715272602,0.0888649911670754,0.9409885779669364,0.9405707379447027,0.9405707379447027,9.223848027265419,-0.05942926205529726,-0.5828019727345808,1.0486394787167415,0.9894685826238914,0.05917089609284995,0.2245498826238913,-9.104247433862804,-9.67431623094027,0.5700687970774656,0.03432327500000021,0.8714678656285999,0.7892673071791853,0.0822005584494146,-0.20309846569248874,0.10693146780161844,1.0486394787167415,0.2245498826238913,0.2245498826238913,0.006500429373152245,9.223848027265419,0.9405707379447027,43.661408659394574,-79.39604127310102,108.1,-58.568938322453505,-114.9992505242662,1.0,3.8595098440007725,667.0,3.8595098440007725,3.870980924097933,13.93553132675256,0.5993977155933873,1.5395494752184553,0.0,3.870980924097933,13.93553132675256,-0.039933832641481655,0.0,0.0,0.0,0.0,0.0,0.0,8.802193134671239,0.0014655531070965724,5.27599118554766,26258.144328839757,7.293928980233261,0.34499743249757225,337643.62935603235,1783556943643629.2,1783556943397715.5
668.0,361.3758078120106,24288.0,114.6814414099206,-931.2165285169709,58.89842654830704,942.2802402349868,0.11468144140992059,-0.9312165285169709,0.05889842654830704,0.9422802402349867,0.9418314219812776,0.9418314219812776,9.236211114372695,-0.05816857801872248,-0.5704388856273047,1.1246407574025978,0.9920019585800867,0.1326387988225111,0.2270832585800865,-9.132114569380953,-9.667982791049782,0.5358682216688302,0.03432327500000021,0.5775962547099551,0.8082676268506493,-0.23067137214069422,-0.19169827388961028,0.11468144140992059,1.1246407574025978,0.2270832585800865,0.2270832585800865,0.010722722633477564,9.236211114372695,0.9418314219812776,43.66140194275078,-79.3960330064625,108.1,-57.903207332623076,-115.7417083293942,1.0,3.8644300315973985,668.0,3.8644300315973985,3.870980924097933,13.93553132675256,0.5996560480469973,2.5395494752184584,0.0,3.870980924097933,13.93553132675256,-0.02280537164355071,0.0,0.0,0.0,0.0,0.0,0.0,8.777095620138113,0.001462004597402861,5.2632165506502995,26259.499594624547,7.2943054429512575,0.3516887688299277,337798.6288281984,1783556943798628.8,1783556943656048.0
669.0,360.3424779975703,24288.0,122.43141501822275,-934.0581855066816,28.931861929538684,943.5719025030371,0.12243141501822276,-0.9340581855066817,0.028931861929538685,0.9435719025030371,0.9430921060178523,0.9430921060178523,9.248574201479972,-0.0569078939821477,-0.5580757985200286,1.2006420360884542,0.9945353345362818,0.20610670155217226,0.2296166345362817,-9.1599817048991,-9.661649351159294,0.5016676462601948,0.03432327500000021,0.28372464379131035,0.8272679465221134,-0.5435433027308031,-0.18029808208673181,0.12243141501822276,1.2006420360884542,0.2296166345362817,0.2296166345362817,0.014945015893802883,9.248574201479972,0.9430921060178523,43.66139522610698,-79.39602473982399,108.1,-57.23747634279265,-116.4841661345222,1.0,3.8693502191940246,669.0,3.8693502191940246,3.870980924097933,13.93553132675256,0.5999143805006074,3.5395494752184615,0.0,3.870980924097933,13.93553132675256,-0.005676910645619766,0.0,0.0,0.0,0.0,0.0,0.0,8.751998105604986,0.0014584560877091495,5.250441915752938,26260.854860409334,7.294681905669255,0.3583801051622832,337953.6283003645,1783556943953628.2,1783556943914380.5
670.0,358.2869679495502,24288.0,121.06002628396556,-940.6530057664842,24.82430897152918,949.3103993563942,0.12106002628396555,-0.9406530057664843,0.02482430897152918,0.9493103993563942,0.9488701967601,0.9488701967601,9.305237915057434,-0.05112980323990001,-0.5014120849425654,1.1871933067576508,0.995374975,0.19181833175765067,0.23045627499999988,-9.224654798999891,-9.663750026439384,0.43909522743949286,0.0612018442120693,0.2434433095756466,0.8335652499999999,-0.5901219404243533,-0.17651969999999995,0.12106002628396555,1.1871933067576508,0.23045627499999988,0.23045627499999988,0.01354456570707603,9.305237915057434,0.9488701967601,43.66138837481346,-79.39601668960064,108.1,-56.589173753933956,-117.24150812024087,1.0,3.8764380362525244,670.0,3.8764380362525244,3.870980924097933,13.93553132675256,0.5993147871798201,3.8764380362525244,0.0,3.870980924097933,13.93553132675256,0.0,-0.005679039209804956,0.005679039209804956,0.0,0.0,0.0,0.0,8.702073877558675,0.001448727630387061,5.21541946939342,26262.17194182613,7.295047761618364,0.3619566780133221,338107.0967102068,1783556944107096.8,1783556944171303.2
671.0,355.7247294960982,24288.0,115.16687784102578,-949.1083926628761,33.53591971326624,957.2533385620957,0.11516687784102578,-0.949108392662876,0.033535919713266235,0.9572533385620956,0.9568877147789219,0.9568877147789219,9.383862908136713,-0.04311228522107813,-0.4227870918632857,1.1294012625796954,0.995374975,0.13402628757969537,0.23045627499999988,-9.307573818907393,-9.670031770371772,0.3624579514643786,0.10140500537934267,0.3288750270561023,0.8335652499999999,-0.5046902229438976,-0.17651969999999995,0.11516687784102578,1.1294012625796954,0.23045627499999988,0.23045627499999988,0.009356736418818432,9.383862908136713,0.9568877147789219,43.66138145676964,-79.39600874666144,108.1,-55.94951099740964,-118.00622868446176,1.0,3.8846004186222083,671.0,3.8846004186222083,3.870980924097933,13.93553132675256,0.5982898917984393,3.8846004186222083,0.0,3.870980924097933,13.93553132675256,0.0,-0.014173365184735748,0.014173365184735748,0.0,0.0,0.0,0.0,8.639842230001232,0.001435935569500253,5.169368050200911,26263.47009399418,7.295408359442822,0.3639891600276033,338259.8061220326,1783556944259806.0,1783556944427527.0
672.0,353.1624910426461,24288.0,109.273729398086,-957.5637795592679,42.247530455003286,965.1962777677971,0.10927372939808601,-0.9575637795592679,0.04224753045500329,0.965196277767797,0.9649052327977438,0.9649052327977438,9.462487901215994,-0.03509476720225624,-0.3441620987840061,1.07160921840174,0.995374975,0.07623424340174006,0.23045627499999988,-9.390492838814893,-9.676313514304157,0.2858206754892643,0.14160816654661607,0.4143067445365579,0.8335652499999999,-0.419258505463442,-0.17651969999999995,0.10927372939808601,1.07160921840174,0.23045627499999988,0.23045627499999988,0.005168907130560837,9.462487901215994,0.9649052327977438,43.661374538725816,-79.39600080372223,108.1,-55.30984824088533,-118.77094924868264,1.0,3.892762800991892,672.0,3.892762800991892,3.870980924097933,13.93553132675256,0.5972649964170584,3.892762800991892,0.0,3.870980924097933,13.93553132675256,0.0,-0.022667691159666537,0.022667691159666537,0.0,0.0,0.0,0.0,8.577610582443787,0.0014231435086134452,5.123316631008403,26264.768246162228,7.29576895726728,0.3660216420418844,338412.51553385827,1783556944412515.5,1783556944683751.0
673.0,350.60025258919404,24288.0,103.38058095514623,-966.0191664556597,50.95914119674035,973.1392169734986,0.10338058095514624,-0.9660191664556598,0.050959141196740346,0.9731392169734985,0.9729227508165657,0.9729227508165657,9.541112894295273,-0.027077249183434356,-0.2655371057047265,1.0138171742237847,0.995374975,0.018442199223784733,0.23045627499999988,-9.473411858722395,-9.682595258236544,0.20918339951415005,0.18181132771388941,0.4997384620170136,0.8335652499999999,-0.3338267879829863,-0.17651969999999995,0.10338058095514624,1.0138171742237847,0.23045627499999988,0.23045627499999988,0.0009810778423032414,9.541112894295273,0.9729227508165657,43.66136762068199,-79.39599286078302,108.1,-54.67018548436101,-119.53566981290354,1.0,3.900925183361576,673.0,3.900925183361576,3.870980924097933,13.93553132675256,0.5962401010356776,3.900925183361576,0.0,3.870980924097933,13.93553132675256,0.0,-0.03116201713459733,0.03116201713459733,0.0,0.0,0.0,0.0,8.515378934886344,0.0014103514477266372,5.077265211815894,26266.066398330273,7.296129555091738,0.3680541240561656,338565.224945684,1783556944565225.0,1783556944939974.8
674.0,343.2533132978101,24288.0,120.20333208111313,-1008.6001502664241,62.623249434579876,1018.023474834216,0.12020333208111313,-1.0086001502664241,0.06262324943457988,1.018023474834216,1.0181562414912473,1.0181562414912473,9.98470190562014,0.018156241491247307,0.1780519056201404,1.1787920065532478,1.005181625,0.17361038155324782,0.18142302499999974,-9.890988663610226,-9.659550249999999,-0.23143841361022793,0.19122967500000065,0.6141242890676226,0.8335652499999999,-0.21944096093237725,-0.1618097249999999,0.12020333208111313,1.1787920065532478,0.18142302499999974,0.18142302499999974,-0.06565246593909178,9.98470190562014,1.0181562414912473,43.661360713365895,-79.39598490003756,108.1,-54.02908875033095,-120.29920453450549,1.0,3.874996505399392,674.0,3.874996505399392,3.8496174928923637,13.85862297441251,0.595,0.7657311760404999,0.0,3.8496174928923637,13.85862297441251,-0.021363431205569373,-0.04383368849385765,0.04383368849385765,0.0,0.0,0.0,0.0,8.336936473377213,0.0013779103337942893,4.960477201659441,26272.330056648927,7.2978694601802525,0.37707567773691175,339316.9825882623,1783556945316982.5,1783556945203332.0
675.0,347.50194963338754,24288.0,120.46887185208672,-976.7353777495935,80.41441408981035,988.0174807142005,0.12046887185208671,-0.9767353777495934,0.08041441408981034,0.9880174807142005,0.9881925432208939,0.9881925432208939,9.69085840397718,-0.0118074567791061,-0.1157915960228208,1.181396062148266,1.005181625,0.17621443714826598,0.18142302499999974,-9.57850199220805,-9.659550249999999,0.08104825779194935,0.19122967500000065,0.7885960139338386,0.8335652499999999,-0.04496923606616138,-0.1618097249999999,0.12046887185208671,1.181396062148266,0.18142302499999974,0.18142302499999974,-0.043769645812888794,9.69085840397718,0.9881925432208939,43.66135380933185,-79.39597693384444,108.1,-53.38755330329773,-121.06237645782468,1.0,3.8386379626734723,675.0,3.8386379626734723,3.821718104864261,13.758185177511342,0.595,1.765731176040495,0.0,3.821718104864261,13.758185177511342,-0.049262819233672005,-0.05778338250790897,0.05778338250790897,0.0,0.0,0.0,0.0,8.440127352695717,0.0013949654930149864,5.021875774853951,26273.696174902503,7.298248937472914,0.37787616720267525,339474.9787519916,1783556945474978.8,1783556945468871.8
676.0,351.75058596896497,24288.0,120.73441162306031,-944.8706052327627,98.20557874504082,958.0114865941848,0.12073441162306031,-0.9448706052327627,0.09820557874504082,0.9580114865941849,0.9582288449505405,0.9582288449505405,9.397014902334217,-0.04177115504945951,-0.40963509766578204,1.1840001177432842,1.005181625,0.17881849274328412,0.18142302499999974,-9.266015320805872,-9.659550249999999,0.3935349291941267,0.19122967500000065,0.9630677388000545,0.8335652499999999,0.12950248880005455,-0.1618097249999999,0.12073441162306031,1.1840001177432842,0.18142302499999974,0.18142302499999974,-0.021886825686685797,9.397014902334217,0.9582288449505405,43.661346905297805,-79.39596896765131,108.1,-52.7460178562645,-121.82554838114386,1.0,3.8022794199475523,676.0,3.8022794199475523,3.7938187168361583,13.657747380610171,0.595,2.7657311760404903,0.0,3.7938187168361583,13.657747380610171,-0.07716220726177463,-0.07173307652196029,0.07173307652196029,0.0,0.0,0.0,0.0,8.543318232014222,0.0014120206522356838,5.0832743480484615,26275.062293156083,7.298628414765574,0.3786766566684388,339632.9749157209,1783556945632975.0,1783556945734411.5
677.0,355.9992223045424,24288.0,120.9999513940339,-913.005832715932,115.9967434002713,928.0054924741693,0.1209999513940339,-0.913005832715932,0.1159967434002713,0.9280054924741693,0.9282651466801871,0.9282651466801871,9.103171400691256,-0.07173485331981291,-0.7034785993087433,1.1866041733383024,1.005181625,0.1814225483383023,0.18142302499999974,-8.953528649403694,-9.659550249999999,0.706021600596304,0.19122967500000065,1.1375394636662703,0.8335652499999999,0.3039742136662705,-0.1618097249999999,0.1209999513940339,1.1866041733383024,0.18142302499999974,0.18142302499999974,-4.00556048280043e-06,9.103171400691256,0.9282651466801871,43.66134000126376,-79.39596100145818,108.1,-52.104482409231274,-122.58872030446305,1.0,3.7659208772216326,677.0,3.7659208772216326,3.7659193288080557,13.557309583709003,0.595,3.7657311760404855,0.0,3.7659193288080557,13.557309583709003,-0.10506159528987725,-0.08568277053601159,0.08568277053601159,0.0,0.0,0.0,0.0,8.646509111332726,0.001429075811456381,5.144672921242972,26276.42841140966,7.299007892058234,0.37947714613420236,339790.97107945016,1783556945790971.0,1783556945999951.5
678.0,350.8530066230951,24288.0,116.63622957150974,-1000.361545243256,81.10838852579269,1010.7928741611927,0.11663622957150975,-1.0003615452432562,0.08110838852579269,1.0107928741611927,1.0106580746021263,1.0106580746021263,9.91117000729694,0.010658074602126224,0.10452000729694111,1.1438106807274462,1.0128733291334586,0.13093735159398756,0.17863464586654113,-9.810195547659777,-9.62162319350094,-0.1885723541588379,0.23333930019924826,0.7954015783364649,0.9022117999999999,-0.10681022166353506,-0.1659922937001878,0.11663622957150975,1.1438106807274462,0.17863464586654113,0.17863464586654113,-0.004694240965418523,9.91117000729694,1.0106580746021263,43.661333460282556,-79.39595246993377,108.1,-51.41741956284678,-123.31176036636847,1.0,3.694947918266302,678.0,3.694947918266302,3.694947918266302,13.301812505758688,0.599009651212778,0.9998169541009772,0.0,3.694947918266302,13.301812505758688,-0.14615880822899363,-0.09253229213948845,0.09253229213948845,0.0,0.0,0.0,0.0,8.521517824861734,0.0014178798974992925,5.104367630997453,26282.98569392289,7.3008293594230205,0.385969502828529,340560.8953113728,1783556946560895.2,1783556946284335.5
679.0,351.70616941414033,24288.0,103.27001251180147,-984.7202274074273,88.21807845116943,994.5827811313337,0.10327001251180148,-0.9847202274074273,0.08821807845116943,0.9945827811313337,0.99436039199309,0.99436039199309,9.751344338139036,-0.005639608006909991,-0.05530566186096386,1.0127328681988579,1.0156622187617264,-0.0029293505628684158,0.17584575623827328,-9.656806618105046,-9.642539865712948,-0.01426675239209857,0.21660596242964159,0.8651238190431607,0.9022117999999999,-0.03708798095683924,-0.17017562814258957,0.10327001251180148,1.0127328681988579,0.17584575623827328,0.17584575623827328,-0.009389341349707817,9.751344338139036,0.99436039199309,43.66132691936782,-79.39594393830586,108.1,-50.730348381332824,-124.03479308095636,1.0,3.623968622124038,679.0,3.623968622124038,3.623968622124038,13.046287039646538,0.5970189380336726,1.9998169541009614,0.0,3.623968622124038,13.046287039646538,-0.18725843741812043,-0.09938051384758279,0.09938051384758279,0.0,0.0,0.0,0.0,8.54223944273064,0.0014165982270607344,5.099753617418643,26284.43401068222,7.301231669633945,0.39246290158655495,340729.8215439998,1783556946729821.5,1783556946568723.2
680.0,352.5593322051855,24288.0,89.90379545209319,-969.0789095715984,95.32776837654617,978.3726881014748,0.0899037954520932,-0.9690789095715984,0.09532776837654618,0.9783726881014747,0.9780627093840538,0.9780627093840538,9.59151866898113,-0.021937290615946202,-0.21513133101886883,0.8816550556702698,1.018451108389994,-0.13679605271972434,0.17305686661000547,-9.503417688550316,-9.663456537924956,0.16003884937464086,0.19987262466003491,0.9348460597498565,0.9022117999999999,0.03263425974985659,-0.17435896258499134,0.0899037954520932,0.8816550556702698,0.17305686661000547,0.17305686661000547,-0.014084441733997111,9.59151866898113,0.9780627093840538,43.66132037845309,-79.39593540667795,108.1,-50.043277199818874,-124.75782579554424,1.0,3.5529893259817746,680.0,3.5529893259817746,3.5529893259817746,12.790761573534388,0.5950282248545671,2.999816954100946,0.0,3.5529893259817746,12.790761573534388,-0.22835806660724722,-0.10622873555567712,0.10622873555567712,0.0,0.0,0.0,0.0,8.562961060599546,0.001415316556622176,5.095139603839834,26285.882327441548,7.30163397984487,0.39895630034458096,340898.7477766267,1783556946898747.8,1783556946853110.8
681.0,354.50011769528834,24288.0,90.95062378502818,-968.0505531678552,99.30002353905766,977.8006120154994,0.09095062378502819,-0.9680505531678552,0.09930002353905767,0.9778006120154994,0.9775190075034358,0.9775190075034358,9.58618677493357,-0.02248099249656423,-0.22046322506643157,0.8919209347414467,1.0198915999999998,-0.1279706652585531,0.1716163749999997,-9.493332957223547,-9.674260225,0.18092726777645246,0.19122967500000065,0.9738005758392999,0.9022117999999999,0.07158877583929997,-0.17651969999999995,0.09095062378502819,0.8919209347414467,0.1716163749999997,0.1716163749999997,-0.014032890707660077,9.58618677493357,0.9775190075034358,43.66131399976461,-79.39592664965869,108.1,-49.33805474567735,-125.46292602066556,1.0,3.4723264056264154,681.0,3.4723264056264154,3.4723264056264154,12.500375060255095,0.5941500117695288,3.4723264056264154,0.0,3.4723264056264154,12.500375060255095,-0.2561469084606581,-0.10976591602132935,0.10976591602132935,0.0,0.0,0.0,0.0,8.610098858583163,0.0014210336964902688,5.115721307364967,26287.417336981114,7.302060371383638,0.4060460571384163,341075.2570028697,1783556947075257.0,1783556947150011.8
682.0,357.6028089073111,24288.0,107.39488720874877,-982.6332018643621,99.92056178146221,993.9346063180177,0.10739488720874879,-0.9826332018643621,0.09992056178146222,0.9939346063180177,0.9938052599509377,0.9938052599509377,9.745900352497863,-0.006194740049062293,-0.06074964750213671,1.0531840706456763,1.0198915999999998,0.03329247064567642,0.1716163749999997,-9.636339889063146,-9.674260225,0.03792033593685279,0.19122967500000065,0.9798859771941765,0.9022117999999999,0.07767417719417657,-0.17651969999999995,0.10739488720874879,1.0531840706456763,0.1716163749999997,0.1716163749999997,-0.008910498994800984,9.745900352497863,0.9938052599509377,43.66130779438218,-79.39591765185418,108.1,-48.61344131381498,-126.14886899379358,1.0,3.3813184838363974,682.0,3.3813184838363974,3.3813184838363974,12.172746541811032,0.5944602808907311,3.3813184838363974,0.0,3.3813184838363974,12.172746541811032,-0.2697158558763848,-0.10976591602132935,0.10976591602132935,0.0,0.0,0.0,0.0,8.68545702274077,0.0014342276550648634,5.163219558233508,26289.044960289673,7.302512488969348,0.41377290234050224,341259.867129985,1783556947259867.2,1783556947460281.0
683.0,360.70550011933386,24288.0,123.83915063246937,-997.2158505608691,100.54110002386676,1010.068600620536,0.12383915063246936,-0.997215850560869,0.10054110002386678,1.010068600620536,1.0100915123984398,1.0100915123984398,9.905613930062158,0.010091512398439646,0.09896393006215815,1.2144472065499057,1.0198915999999998,0.1945556065499059,0.1716163749999997,-9.779346820902747,-9.674260225,-0.10508659590274683,0.19122967500000065,0.985971378549053,0.9022117999999999,0.08375957854905317,-0.17651969999999995,0.12383915063246936,1.2144472065499057,0.1716163749999997,0.1716163749999997,-0.0037881072819418923,9.905613930062158,1.0100915123984398,43.661301588999756,-79.39590865404966,108.1,-47.888827881952615,-126.8348119669216,1.0,3.2903105620463795,683.0,3.2903105620463795,3.2903105620463795,11.845118023366968,0.5947705500119334,3.2903105620463795,0.0,3.2903105620463795,11.845118023366968,-0.2832848032921115,-0.10976591602132935,0.10976591602132935,0.0,0.0,0.0,0.0,8.76081518689838,0.001447421613639458,5.210717809102049,26290.67258359823,7.302964606555059,0.4214997475425881,341444.47725710034,1783556947444477.2,1783556947770550.0
684.0,308.164219315196,24288.0,108.75415604664076,-961.5138534888025,95.6537367437843,973.2624681399222,0.10875415604664077,-0.9615138534888025,0.0956537367437843,0.9732624681399222,0.9723990379158659,0.9723990379158659,9.535977025177626,-0.02760096208413412,-0.27067297482237385,1.0665139443947895,1.0198915999999998,0.04662234439478975,0.12748645000000014,-9.429229831315965,-9.672616726245602,0.2433868949296375,0.12748644999999925,0.9380427174384321,0.848275225,0.08976749243843224,-0.15441398060521028,0.10875415604664077,1.0665139443947895,0.12748645000000014,0.12748645000000014,-0.06783901476947113,9.535977025177626,0.9723990379158659,43.66129532409767,-79.39589973753186,108.1,-47.170760652498004,-127.52733424361455,1.0,3.2134168330346093,684.0,3.2134168330346093,3.2134168330346093,11.568300598924594,0.5963351804651736,0.2604807491718428,0.0,3.2134168330346093,11.568300598924594,-0.2783321950412916,-0.10976591602132935,0.10976591602132935,0.0,0.0,0.0,0.0,7.484692558727481,0.0012416877612076874,4.470075940347675,26296.62894465392,7.3046191512927505,0.5375373524010947,342227.277069776,1783556948227277.0,1783556948083795.0
685.0,596.7238136582229,24288.0,111.64940281262432,-971.164676042081,86.64630236072438,981.948208437873,0.11164940281262431,-0.971164676042081,0.08664630236072438,0.9819482084378729,0.9815121125683586,0.9815121125683586,9.625345758718494,-0.018487887431641453,-0.18130424128150668,1.0949066160924221,1.0198915999999998,0.07501501609242231,0.12748645000000014,-9.523872070308073,-9.666307243646127,0.14243517333805425,0.12748644999999925,0.8497099610457977,0.848275225,0.001434736045797677,-0.12602130890757776,0.11164940281262431,1.0949066160924221,0.12748645000000014,0.12748645000000014,-0.044019659318437335,9.625345758718494,0.9815121125683586,43.66128889021597,-79.39589105179157,108.1,-46.471278453667495,-128.23853552694723,1.0,3.1765940777995905,685.0,3.1765940777995905,3.1765940777995905,11.435738680078527,0.5976219568056108,1.2604807491718246,0.0,3.1765940777995905,11.435738680078527,-0.2207958660577733,-0.10976591602132935,0.10976591602132935,0.0,0.0,0.0,0.0,14.493227986130918,0.0024117997772013914,8.682479197925007,26301.92636608065,7.306090657244621,0.8654685602238961,342420.29352084163,1783556948420293.5,1783556948405489.2
686.0,885.2834080012498,24288.0,114.54464957860786,-980.8154985953595,77.63886797766445,990.6339487358235,0.11454464957860785,-0.9808154985953595,0.07763886797766445,0.9906339487358236,0.9906251872208512,0.9906251872208512,9.714714492259361,-0.00937481277914879,-0.09193550774063947,1.1232992877900547,1.0198915999999998,0.10340768779005487,0.12748645000000014,-9.618514309300181,-9.659997761046652,0.041483451746471,0.12748644999999925,0.761377204653163,0.848275225,-0.08689802034683689,-0.09762863720994523,0.11454464957860785,1.1232992877900547,0.12748645000000014,0.12748645000000014,-0.020200303867403548,9.714714492259361,0.9906251872208512,43.66128245633427,-79.39588236605127,108.1,-45.771796254836985,-128.94973681027992,1.0,3.1397713225645716,686.0,3.1397713225645716,3.1397713225645716,11.303176761232459,0.5989087331460479,2.2604807491718066,0.0,3.1397713225645716,11.303176761232459,-0.163259537074255,-0.10976591602132935,0.10976591602132935,0.0,0.0,0.0,0.0,21.501763413534352,0.0035819117931950957,12.89488245550234,26307.223787507384,7.307562163196491,1.1933997680466972,342613.3099719072,1783556948613310.0,1783556948727183.2
687.0,1117.05775992894,24288.0,149.42470960174504,-972.1418954923655,57.619693794328626,985.1949841925835,0.14942470960174503,-0.9721418954923654,0.05761969379432862,0.9851949841925836,0.9852647471041518,0.9852647471041518,9.66214653218893,-0.014735252895848192,-0.14450346781106965,1.465355828415953,1.0198915999999998,0.4454642284159531,0.037144110792023614,-9.533455319430205,-9.679163549999998,0.1457082305697936,0.11863587086609914,0.5650561701481528,0.9022117999999999,-0.3371556298518471,-0.01470997499999993,0.14942470960174503,1.465355828415953,0.037144110792023614,0.037144110792023614,-0.14325625156457503,9.66214653218893,0.9852647471041518,43.661275991314696,-79.3958737258712,108.09469112997819,-45.07598312363357,-129.66438007396687,1.0,3.0954522246339713,687.0,3.0954522246339713,3.0983651775464374,11.154114639167176,0.5978407338993456,0.15193742715121106,-0.0053088700218126865,3.0983651775464374,11.154114639167176,-0.11856646939250862,-0.10976591602132935,0.10976591602132935,-0.18549807928795373,0.0,0.0,0.0,27.13109887315409,0.004504042338065844,16.21455241703704,26328.73048661331,7.313536246281471,1.5828961770302412,343406.5877766298,1783556949406587.8,1783556949053088.8
688.0,1643.9704596501551,24288.0,152.22000243846236,-959.9124893317272,48.53499207499732,973.314989636535,0.15222000243846237,-0.9599124893317271,0.04853499207499733,0.973314989636535,0.9732137800212697,0.9732137800212697,9.543966915845584,-0.026786219978730347,-0.2626830841544159,1.492768286913147,1.0198915999999998,0.47287668691314705,0.023437881543426606,-9.41352581350498,-9.679163549999998,0.26563773649501715,0.060384396559561945,0.47596568003227246,0.9022117999999999,-0.4262461199677274,-0.01470997499999993,0.15222000243846237,1.492768286913147,0.023437881543426606,0.023437881543426606,-0.11472167042324063,9.543966915845584,0.9732137800212697,43.66126935249421,-79.39586533999268,108.05974996951922,-44.40064946868648,-130.39823529069065,1.0,3.0092911145502743,688.0,3.0092911145502743,3.0313761237959507,10.912954045665424,0.5967924990855766,1.151937427151214,-0.04025003048077723,3.0313761237959507,10.912954045665424,-0.1455600784405861,-0.10976591602132935,0.10976591602132935,-1.4063827735071273,0.0,0.0,0.0,39.92875452398297,0.006611876666560721,23.802755999618597,26341.581395108442,7.317105943085673,2.3160284094792654,343614.4876813606,1783556949614487.8,1783556949402500.2
689.0,2170.8831593713703,24288.0,155.01529527517968,-947.6830831710889,39.45029035566603,961.4349950804864,0.15501529527517968,-0.9476830831710888,0.03945029035566602,0.9614349950804864,0.9611628129383875,0.9611628129383875,9.425787299502238,-0.0388371870616125,-0.38086270049776216,1.5201807454103409,1.0198915999999998,0.500289145410341,0.009731652294829602,-9.293596307579758,-9.679163549999998,0.3855672424202407,0.0021329222530247494,0.3868751899163922,0.9022117999999999,-0.5153366100836076,-0.01470997499999993,0.15501529527517968,1.5201807454103409,0.009731652294829602,0.009731652294829602,-0.08618708928190624,9.425787299502238,0.9611628129383875,43.66126271367372,-79.39585695411417,108.02480880906025,-43.7253158137394,-131.1320905074144,1.0,2.9231300044665773,689.0,2.9231300044665773,2.9643870700454644,10.671793452163673,0.5957442642718076,2.151937427151217,-0.07519119093974178,2.9643870700454644,10.671793452163673,-0.17255368748866357,-0.10976591602132935,0.10976591602132935,-2.627267467726301,0.0,0.0,0.0,52.726410174811846,0.008719710995055599,31.390959582200153,26354.432303603575,7.320675639889877,3.0491606419282897,343822.38758609147,1783556949822387.5,1783556949751912.0
690.0,2932.3304885478346,24288.0,150.33902907271434,-944.1697087793859,36.47961167843281,957.3743689671727,0.15033902907271435,-0.9441697087793859,0.03647961167843281,0.9573743689671727,0.9570596010259644,0.9570596010259644,9.385548536401274,-0.042940398974035544,-0.42110146359872563,1.474322239455934,1.0198915999999998,0.4544306394559342,-0.0014624285942701368,-9.259141874601363,-9.679163549999998,0.4200216753986349,-0.039226600000001,0.3577427838663031,0.9056241333866302,-0.5478813495203271,-0.01470997499999993,0.15033902907271435,1.474322239455934,-0.0014624285942701368,-0.0014624285942701368,-0.06182238613660105,9.385548536401274,0.9570596010259644,43.66125611106794,-79.39584851456308,108.0,-43.0456597855645,-131.86194254982297,1.0,2.8674091652939655,690.0,2.8674091652939655,2.9168237200652998,10.50056539223508,0.5951988349530533,2.8674091652939655,-0.09005825234732971,2.9168237200652998,10.50056539223508,-0.17265932292819258,-0.1045431828235446,0.1045431828235446,-3.1467398459221383,0.0,0.0,0.0,71.22044290584981,0.011779796964386672,42.40726907179202,26372.841668369205,7.325789352324773,3.761863387530945,344029.3522334864,1783556950029352.2,1783556950099417.5
691.0,4268.029993868919,24288.0,127.36883737443081,-961.9973202467104,48.47896555067047,972.4592709779857,0.1273688373744308,-0.9619973202467104,0.04847896555067047,0.9724592709779857,0.9724162689304434,0.9724162689304434,9.536146003706733,-0.02758373106955656,-0.2705039962932668,1.2490616090379618,1.0198915999999998,0.22917000903796203,-0.006505577036463557,-9.433971020597403,-9.679163549999998,0.2451925294025966,-0.039226600000001,0.47541624751748257,0.9173914797517482,-0.4419752322342656,-0.01470997499999993,0.1273688373744308,1.2490616090379618,-0.006505577036463557,-0.006505577036463557,-0.04766752500498543,9.536146003706733,0.9724162689304434,43.661249597132986,-79.39583994359603,108.0,-42.35542053461376,-132.58199292001228,1.0,2.886220568348115,691.0,2.886220568348115,2.9168237200652998,10.50056539223508,0.5958845123171811,2.886220568348115,-0.055774384140938334,2.9168237200652998,10.50056539223508,-0.10693042726802227,-0.08653271797514282,0.08653271797514282,-1.948821705768559,0.0,0.0,0.0,103.66191249108829,0.017171447267128093,61.81721016166114,26404.86077433489,7.334683548426353,4.424545045389354,344234.0269266786,1783556950234027.0,1783556950442256.2
692.0,5603.729499190003,24288.0,104.39864567614728,-979.824931714035,60.478319422908136,987.5441729887988,0.10439864567614729,-0.979824931714035,0.06047831942290814,0.9875441729887988,0.9877729368349224,0.9877729368349224,9.686743471012191,-0.012227063165077573,-0.11990652898780801,1.0238009786199895,1.0198915999999998,0.003909378619989856,-0.011548725478656978,-9.60880016659344,-9.679163549999998,0.07036338340655829,-0.039226600000001,0.5930897111686622,0.9291588261168662,-0.3360691149482041,-0.01470997499999993,0.10439864567614729,1.0238009786199895,-0.011548725478656978,-0.011548725478656978,-0.03351266387336982,9.686743471012191,0.9877729368349224,43.66124308319803,-79.39583137262898,108.0,-41.66518128366302,-133.3020432902016,1.0,2.9050319714022645,692.0,2.9050319714022645,2.9168237200652998,10.50056539223508,0.596570189681309,2.9050319714022645,-0.021490515934546955,2.9168237200652998,10.50056539223508,-0.04120153160785195,-0.06852225312674103,0.06852225312674103,-0.7509035656149803,0.0,0.0,0.0,136.1033820763268,0.022563097569869517,81.22715125153026,26436.879880300577,7.343577744527933,5.087226703247763,344438.7016198707,1783556950438701.5,1783556950785094.8
693.0,5990.883759448268,24288.0,91.64973333138987,-948.4033841945636,94.29792164936433,957.7013058439279,0.09164973333138987,-0.9484033841945637,0.09429792164936432,0.9577013058439279,0.9580590134683361,0.9580590134683361,9.395349424429257,-0.04194098653166392,-0.41130057557074196,0.8987768573742745,1.01008495,-0.1113080926257255,-0.01987375249294606,-9.300660047611617,-9.677442290835684,0.37678224322406617,-0.039226600000001,0.9247467133427386,0.9463417249999999,-0.02159501165726131,-0.02159501165726131,0.09164973333138987,0.8987768573742745,-0.01987375249294606,-0.01987375249294606,-0.00867861763520339,9.395349424429257,0.9580590134683361,43.661236542725774,-79.39582284064743,108.0,-40.97808162180912,-134.0250270931686,1.0,2.948676789308908,693.0,2.948676789308908,2.948676789308908,10.615236441512069,0.6002979216493644,0.37315953365668625,0.0,2.948676789308908,10.615236441512069,0.031853069243608284,-0.049578558523260305,0.051492656428556036,0.0,0.0,0.0,0.0,145.50658474947954,0.024263536334416927,87.34873080390093,26554.55119798685,7.37626422166301,7.539030782682158,345237.6227697714,1783556951237622.8,1783556951117013.0
694.0,5961.094247057145,24288.0,61.233073310980274,-981.6422085467639,92.41647876150394,989.0586873082677,0.061233073310980275,-0.9816422085467639,0.09241647876150394,0.9890586873082677,0.989222303294495,0.989222303294495,9.700956900602959,-0.010777696705505019,-0.1056930993970408,0.6004913183851246,1.01008495,-0.40959363161487533,-0.03371174141512308,-9.626621564445122,-9.672829627861624,0.04620806341650341,-0.039226600000001,0.9062960614465025,0.9463417249999999,-0.040045663553497396,-0.040045663553497396,0.061233073310980275,0.6004913183851246,-0.03371174141512308,-0.03371174141512308,-0.03193574187415637,9.700956900602959,0.989222303294495,43.661229957675666,-79.39581437415443,108.0,-40.29625590130225,-134.75293853218545,1.0,3.034037248765676,694.0,3.034037248765676,3.034037248765676,10.922534095556435,0.598416478761504,1.3731595336566769,0.0,3.034037248765676,10.922534095556435,0.1172135287003762,-0.0290672068666509,0.036110740663719165,0.0,0.0,0.0,0.0,144.78305707252395,0.024067767092772363,86.64396153398052,26581.319170647137,7.3836997696242,7.816346011580699,345424.1991894842,1783556951424199.2,1783556951430586.8
695.0,5931.304734666023,24288.0,30.816413290570665,-1014.881032898964,90.53503587364355,1020.4160687726076,0.03081641329057068,-1.0148810328989641,0.09053503587364355,1.0204160687726076,1.0203855931206538,1.0203855931206538,10.00656437677666,0.020385593120653883,0.19991437677666035,0.3022057793959748,1.01008495,-0.7078791706040252,-0.0475497303373001,-9.952583081278625,-9.668216964887566,-0.28436611639105935,-0.039226600000001,0.8878454095502665,0.9463417249999999,-0.05849631544973348,-0.05849631544973348,0.03081641329057068,0.3022057793959748,-0.0475497303373001,-0.0475497303373001,-0.05519286611310935,10.00656437677666,1.0203855931206538,43.66122337262556,-79.39580590766143,108.0,-39.61443018079538,-135.4808499712023,1.0,3.119397708222444,695.0,3.119397708222444,3.119397708222444,11.229831749600798,0.5965350358736435,2.3731595336566675,0.0,3.119397708222444,11.229831749600798,0.2025739881571441,-0.008555855210041492,0.020728824898882302,0.0,0.0,0.0,0.0,144.05952939556835,0.023871997851127803,85.93919226406008,26608.08714330742,7.39113531758539,8.093661240479241,345610.77560919704,1783556951610775.5,1783556951744160.8
696.0,6884.372532225947,24288.0,100.48924966662814,-945.9510019261486,127.60274974071078,959.7807518150246,0.10048924966662814,-0.9459510019261486,0.12760274974071079,0.9597807518150245,0.9598042083366126,0.9598042083366126,9.412463939684242,-0.0401957916633874,-0.39418606031575804,0.9854629002432388,1.005181625,-0.01971872475676125,-0.058839899999999945,-9.276610393039064,-9.664453575,0.3878431819609351,-0.039226600000001,1.2513555057447412,0.9561483749999999,0.29520713074474136,-0.07354987499999999,0.10048924966662814,0.9854629002432388,-0.058839899999999945,-0.058839899999999945,0.0,9.412463939684242,0.9598042083366126,43.66121680824922,-79.39579741099897,108.0,-38.93017484477965,-136.20647613142927,1.0,3.192181293793568,696.0,3.192181293793568,3.192181293793568,11.491852657656844,0.5959432499629587,0.1841177409380638,0.0,3.192181293793568,11.491852657656844,0.259909188021877,0.009748743253452336,0.009748743253452336,0.0,0.0,0.0,0.0,167.2076400627038,0.02767920370275544,99.64513332991957,26735.186699125872,7.426440749757182,8.320180966340981,346392.76627203956,1783556952392766.2,1783556952056750.0
697.0,7152.529918767832,24288.0,97.7152077368845,-961.9787997424452,125.44516157313238,974.8838689880733,0.0977152077368845,-0.9619787997424452,0.12544516157313237,0.9748838689880733,0.9750772903599442,0.9750772903599442,9.562241709508346,-0.024922709640055815,-0.24440829049165336,0.9582588419529183,1.005181625,-0.04692278304708177,-0.058839899999999945,-9.43378939649425,-9.664453575,0.23066417850575047,-0.039226600000001,1.2301967937411586,0.9561483749999999,0.2740484187411587,-0.07354987499999999,0.0977152077368845,0.9582588419529183,-0.058839899999999945,-0.058839899999999945,0.0,9.562241709508346,0.9750772903599442,43.66121033548472,-79.39578878064628,108.0,-38.235153136224696,-136.9219755194498,1.0,3.209232888381768,697.0,3.209232888381768,3.209232888381768,11.553238398174365,0.595635023081876,1.1841177409380659,0.0,3.209232888381768,11.553238398174365,0.19305585510182752,0.01827454054755238,0.01827454054755238,0.0,0.0,0.0,0.0,173.7206466670331,0.028741445550964403,103.46920398347184,26769.50706228953,7.435974183969309,8.321610217180034,346576.1612662838,1783556952576161.2,1783556952364977.0
698.0,7420.687305309718,24288.0,94.94116580714085,-978.0065975587418,123.287573405554,989.986986161122,0.09494116580714085,-0.9780065975587418,0.12328757340555399,0.989986986161122,0.9903503723832757,0.9903503723832757,9.71201947933245,-0.009649627616724228,-0.09463052066754868,0.9310547836625978,1.005181625,-0.0741268413374023,-0.058839899999999945,-9.590968399949434,-9.664453575,0.07348517505056584,-0.039226600000001,1.2090380817375759,0.9561483749999999,0.25288970673757605,-0.07354987499999999,0.09494116580714085,0.9310547836625978,-0.058839899999999945,-0.058839899999999945,0.0,9.71201947933245,0.9903503723832757,43.661203862720214,-79.39578015029362,108.0,-37.54013142766974,-137.63747490747033,1.0,3.2262844829699677,698.0,3.2262844829699677,3.2262844829699677,11.614624138691884,0.5953267962007934,2.184117740938068,0.0,3.2262844829699677,11.614624138691884,0.12620252218177805,0.026800337841652425,0.026800337841652425,0.0,0.0,0.0,0.0,180.2336532713624,0.029803687399173367,107.29327463702411,26803.82742545319,7.445507618181437,8.323039468019086,346759.5562605279,1783556952759556.2,1783556952673203.8
699.0,7688.844691851603,24288.0,92.16712387739722,-994.0343953750383,121.1299852379756,1005.0901033341707,0.09216712387739721,-0.9940343953750383,0.12112998523797561,1.0050901033341708,1.0056234544066074,1.0056234544066074,9.861797249156556,0.005623454406607359,0.055147249156556,0.9038507253722773,1.005181625,-0.10133089962772282,-0.058839899999999945,-9.748147403404618,-9.664453575,-0.08369382840461881,-0.039226600000001,1.1878793697339933,0.9561483749999999,0.2317309947339934,-0.07354987499999999,0.09216712387739721,0.9038507253722773,-0.058839899999999945,-0.058839899999999945,0.0,9.861797249156556,1.0056234544066074,43.66119738995572,-79.39577151994095,108.0,-36.84510971911478,-138.35297429549087,1.0,3.243336077558168,699.0,3.243336077558168,3.243336077558168,11.676009879209404,0.5950185693197108,3.1841177409380697,0.0,3.243336077558168,11.676009879209404,0.05934918926172855,0.03532613513575247,0.03532613513575247,0.0,0.0,0.0,0.0,186.74665987569173,0.03086592924738233,111.1173452905764,26838.147788616847,7.455041052393564,8.324468718858139,346942.9512547721,1783556952942951.2,1783556952981430.8
700.0,7419.101192566694,24288.0,93.15281777190849,-997.305635543817,122.72922665786274,1008.8820444297712,0.0931528177719085,-0.9973056355438169,0.12272922665786273,1.0088820444297713,1.0091410086510717,1.0091410086510717,9.896292672488032,0.00914100865107169,0.08964267248803219,0.9135170804028863,1.0037684649496392,-0.09025138454675292,-0.058839899999999945,-9.780227310805772,-9.664453575,-0.11577373580577188,-0.039226600000001,1.2035625706043294,0.9533220548992783,0.2502405157050511,-0.07354987499999999,0.0931528177719085,0.9135170804028863,-0.058839899999999945,-0.058839899999999945,0.0,9.896292672488032,1.0091410086510717,43.66119181232003,-79.39576177745782,108.0,-36.06052564413578,-138.96952614451877,1.0,3.2490778055345744,700.0,3.2490778055345744,3.2490778055345744,11.696680099924468,0.5961528177719084,3.2490778055345744,0.0,3.2490778055345744,11.696680099924468,0.044092090913700505,0.03583977708413655,0.03583977708413655,0.0,0.0,0.0,0.0,180.19512976505987,0.02983446216122243,107.40406378040075,26868.36268532798,7.463434079257767,8.3238866216557,347126.6344613433,1783556953126634.5,1783556953288204.5
701.0,7114.87403100715,24288.0,94.37954019755182,-999.7590803951036,124.56931029632773,1011.9488504938795,0.09437954019755182,-0.9997590803951035,0.12456931029632773,1.0119488504938796,1.0119049414376284,1.0119049414376284,9.923397593949318,0.011904941437628437,0.11674759394931891,0.9255471178783214,1.0022647102652098,-0.07671759238688833,-0.058839899999999945,-9.804287385756641,-9.664453575,-0.13983381075664222,-0.039226600000001,1.2216076268174823,0.9503145455304195,0.27129308128706264,-0.07354987499999999,0.09437954019755182,0.9255471178783214,-0.058839899999999945,-0.058839899999999945,0.0,9.923397593949318,1.0119049414376284,43.66118629206911,-79.39575196367842,108.0,-35.270199919574736,-139.57973468085206,1.0,3.2540944824264995,701.0,3.2540944824264995,3.2540944824264995,11.714740136735397,0.5973795401975518,3.2540944824264995,0.0,3.2540944824264995,11.714740136735397,0.03214271555796633,0.03583977708413655,0.03583977708413655,0.0,0.0,0.0,0.0,172.80606046510164,0.028668771924113094,103.20757892680714,26898.31438946524,7.471753997073672,8.323175581281003,347310.33614458336,1783556953310336.2,1783556953594885.0
702.0,6810.646869447604,24288.0,95.60626262319515,-1002.2125252463903,126.40939393479272,1015.0156565579879,0.09560626262319515,-1.0022125252463903,0.12640939393479272,1.015015656557988,1.0146688742241852,1.0146688742241852,9.950502515410605,0.014668874224185184,0.14385251541060565,0.9375771553537566,1.0007609555807804,-0.06318380022702375,-0.058839899999999945,-9.828347460707512,-9.664453575,-0.16389388570751257,-0.039226600000001,1.239652683030635,0.9473070361615608,0.2923456468690742,-0.07354987499999999,0.09560626262319515,0.9375771553537566,-0.058839899999999945,-0.058839899999999945,0.0,9.950502515410605,1.0146688742241852,43.661180771818195,-79.39574214989902,108.0,-34.4798741950137,-140.18994321718532,1.0,3.259111159318424,702.0,3.259111159318424,3.259111159318424,11.732800173546329,0.5986062626231952,3.259111159318424,0.0,3.259111159318424,11.732800173546329,0.020193340202232145,0.03583977708413655,0.03583977708413655,0.0,0.0,0.0,0.0,165.41699116514343,0.027503081687003758,99.01109407321353,26928.266093602495,7.480073914889577,8.322464540906305,347494.0378278235,1783556953494037.8,1783556953901565.8
703.0,7652.020322061944,24288.0,59.37863392377315,-1014.9858172305901,77.1744283411113,1020.257620773229,0.05937863392377315,-1.0149858172305901,0.0771744283411113,1.0202576207732288,1.0205220330959062,1.0205220330959062,10.007902395859968,0.020522033095906164,0.2012523958599682,0.58230548036857,0.995374975,-0.4130694946314301,-0.050485356670717504,-9.953610664544366,-9.664453575,-0.28915708954436603,-0.01044983964358371,0.7568226076913591,0.9493884848157149,-0.19256587712435588,0.002927394250707427,0.05937863392377315,0.58230548036857,-0.050485356670717504,-0.050485356670717504,0.014041249292911664,10.007902395859968,1.0205220330959062,43.66117559229468,-79.39573199527241,108.0,-33.66209927875391,-140.76248774592216,1.0,3.322444520531836,703.0,3.322444520531836,3.322444520531836,11.96080027391461,0.5958106830381134,0.6790330325962927,0.0,3.322444520531836,11.96080027391461,0.07498431497234137,0.0414838430487736,0.0414838430487736,0.0,0.0,0.0,0.0,185.8522695822405,0.030759375493700288,110.73375177732103,27069.720573892115,7.519366826081138,8.319917815905262,348261.64359232254,1783556954261643.5,1783556954189317.0
704.0,7578.416129719551,24288.0,59.936241441518554,-984.0385999957202,103.9395891928906,992.6560486448316,0.05993624144151855,-0.9840385999957203,0.10393958919289059,0.9926560486448315,0.9927876322099333,0.9927876322099333,9.735920833411543,-0.007212367790066718,-0.07072916658845779,0.5877737421324679,0.995374975,-0.4076012328675322,-0.03818176770194716,-9.65012213664803,-9.664453575,0.014331438351969816,0.03192918902662527,1.0192991723584603,0.946654353933766,0.07264481842469439,0.028901637629222578,0.05993624144151855,0.5877737421324679,-0.03818176770194716,-0.03818176770194716,0.03471955008076099,9.735920833411543,0.9927876322099333,43.66117057382702,-79.39572167953334,108.0,-32.83134961252716,-141.31722916093966,1.0,3.4133431523833186,704.0,3.4133431523833186,3.4133431523833186,12.288035348579948,0.5955318792792407,1.6790330325962906,0.0,3.4133431523833186,12.288035348579948,0.16132227899781604,0.04979575969155735,0.04979575969155735,0.0,0.0,0.0,0.0,184.06457095862845,0.03044942120645698,109.61791634324513,27099.688971261978,7.5276913809061,8.319917815905262,348427.5318288518,1783556954427531.8,1783556954468120.8
705.0,7504.811937377158,24288.0,60.49384895926396,-953.0913827608505,130.70475004466988,965.0544765164342,0.060493848959263956,-0.9530913827608505,0.13070475004466986,0.9650544765164342,0.9650532313239604,0.9650532313239604,9.463939270963117,-0.0349467686760396,-0.3427107290368837,0.5932420038963658,0.995374975,-0.4021329711036342,-0.025878178733176813,-9.346633608751693,-9.664453575,0.31781996624830566,0.07430821769683424,1.2817757370255616,0.9439202230518171,0.3378555139737446,0.05487588100773773,0.060493848959263956,0.5932420038963658,-0.025878178733176813,-0.025878178733176813,0.055397850868610314,9.463939270963117,0.9650532313239604,43.66116555535937,-79.39571136379425,108.0,-32.000599946300426,-141.87197057595714,1.0,3.504241784234801,705.0,3.504241784234801,3.504241784234801,12.615270423245285,0.595253075520368,2.6790330325962883,0.0,3.504241784234801,12.615270423245285,0.2476602430232907,0.058107676334341093,0.058107676334341093,0.0,0.0,0.0,0.0,182.2768723350164,0.030139466919213674,108.50208090916922,27129.65736863184,7.536015935731061,8.319917815905262,348593.42006538104,1783556954593420.0,1783556954746924.5
706.0,6349.516867048476,24288.0,37.14153296541143,-1018.8158582426548,54.284919779246856,1021.0929978028846,0.037141532965411436,-1.018815858242655,0.054284919779246855,1.0210929978028846,1.021065944969197,1.021065944969197,10.013236349232175,0.02106594496919696,0.20658634923217534,0.36423401425525204,0.9946337539086382,-0.6303997396533861,-0.05772806836295719,-9.99117053623533,-9.654646924999998,-0.33652361123533236,-0.08797462736046625,0.5323532085531512,0.9509979763028793,-0.4186447677497282,0.07845319999999978,0.037141532965411436,0.36423401425525204,-0.05772806836295719,-0.05772806836295719,-0.07032495626984567,10.013236349232175,1.021065944969197,43.66116057169341,-79.39570101741428,107.99748054945246,-31.16738270039813,-142.42286501106364,1.0,3.5886665842481764,706.0,3.5886665842481764,3.5886665842481764,12.919199703293435,0.5961007780219016,0.09228081647358853,-0.0025194505475427155,3.5886665842481764,12.919199703293435,0.31973105084118597,0.06565256252286833,0.06565256252286833,-0.06878603055414434,0.0,0.0,0.0,154.2170656668734,0.02553527027428895,91.92697298744024,27251.11041308156,7.56975289252265,8.265033960717671,349355.11670328525,1783556955355116.8,1783556955025194.5
707.0,6127.5516338151365,24288.0,60.348230166929184,-1005.9839197900509,68.20893810015751,1011.2642789881241,0.060348230166929195,-1.0059839197900509,0.06820893810015752,1.011264278988124,1.0112091520486899,1.0112091520486899,9.916574230938284,0.011209152048689934,0.10992423093828516,0.591813971366516,0.9866015201282406,-0.3947875487617245,-0.045679717692360886,-9.865332207009102,-9.654646924999998,-0.21068528200910402,-0.031748990897683974,0.6689011828199095,0.9483205650427469,-0.27941938222283724,0.07845319999999978,0.060348230166929195,0.591813971366516,-0.045679717692360886,-0.045679717692360886,-0.030029018344696935,9.916574230938284,1.0112091520486899,43.661155930353964,-79.39569036963557,107.97017855274478,-30.309893135567833,-142.93591867278607,1.0,3.609411612290137,707.0,3.609411612290137,3.609411612290137,12.993881804244493,0.5971928578902084,1.0922808164735751,-0.02982144725520912,3.609411612290137,12.993881804244493,0.2514631416983999,0.06565256252286833,0.06565256252286833,-0.8141850547796236,0.0,0.0,0.0,148.82597408210205,0.02468368852580204,88.86127869288734,27273.219856577187,7.575894404604768,7.670285698999608,349518.92868353124,1783556955518928.8,1783556955298214.5
708.0,5905.586400581796,24288.0,83.55492736844695,-993.151981337447,82.13295642106817,1001.4355601733637,0.08355492736844695,-0.993151981337447,0.08213295642106816,1.0014355601733635,1.001352359128183,1.001352359128183,9.819912112644394,0.0013523591281829096,0.013262112644394947,0.8193939284777801,0.978569286347843,-0.15917535787006287,-0.03363136702176457,-9.739493877782873,-9.654646924999998,-0.08484695278287568,0.024476645565098307,0.805449157086668,0.9456431537826143,-0.1401939966959463,0.07845319999999978,0.08355492736844695,0.8193939284777801,-0.03363136702176457,-0.03363136702176457,0.010266919580451811,9.819912112644394,1.001352359128183,43.661151289014526,-79.39567972185685,107.94287655603712,-29.452403570737538,-143.44897233450854,1.0,3.6301566403320975,708.0,3.6301566403320975,3.6301566403320975,13.068563905195552,0.5982849377585151,2.092280816473562,-0.05712344396287552,3.6301566403320975,13.068563905195552,0.1831952325556138,0.06565256252286833,0.06565256252286833,-1.5595840790051028,0.0,0.0,0.0,143.43488249733068,0.023832106777315124,85.79558439833446,27295.32930007281,7.582035916686888,7.075537437281546,349682.7406637773,1783556955682740.8,1783556955571234.5
709.0,5683.621167348455,24288.0,106.76162456996471,-980.320042884843,96.05697474197882,991.6068413586032,0.10676162456996471,-0.980320042884843,0.09605697474197883,0.9916068413586032,0.9914955662076759,0.9914955662076759,9.723249994350503,-0.008504433792324115,-0.08340000564949523,1.0469738855890443,0.9705370525674455,0.07643683302159876,-0.021583016351168265,-9.613655548556645,-9.654646924999998,0.040991376443352656,0.08070228202788057,0.9419971313534264,0.9429657425224818,-0.0009686111690553334,0.07845319999999978,0.10676162456996471,1.0469738855890443,-0.021583016351168265,-0.021583016351168265,0.05056285750560055,9.723249994350503,0.9914955662076759,43.66114664767509,-79.39566907407814,107.91557455932946,-28.594914005907242,-143.96202599623098,1.0,3.6509016683740585,709.0,3.6509016683740585,3.6509016683740585,13.14324600614661,0.5993770176268218,3.0922808164735485,-0.08442544067054192,3.6509016683740585,13.14324600614661,0.11492732341282769,0.06565256252286833,0.06565256252286833,-2.304983103230582,0.0,0.0,0.0,138.0437909125593,0.022980525028828212,82.72989010378156,27317.43874356844,7.588177428769006,6.480789175563483,349846.55264402326,1783556955846552.8,1783556955844254.5
710.0,5508.283585268524,24288.0,123.03747429980429,-996.7156647253951,81.68624648989922,1009.5988387907872,0.12303747429980429,-0.9967156647253951,0.08168624648989922,1.0095988387907873,1.0095118375498715,1.0095118375498715,9.899929261708447,0.009511837549871522,0.09327926170844755,1.2065854473421755,0.9625180118451335,0.24406743549704205,-0.018146988154866473,-9.774441673479295,-9.652928418422565,-0.12151325505672989,0.11277647499999865,0.8010684291401701,0.9414384,-0.14036997085982994,0.07845319999999978,0.12303747429980429,1.2065854473421755,-0.018146988154866473,-0.018146988154866473,0.059180849415579266,9.899929261708447,1.0095118375498715,43.661142130785045,-79.39565832696262,107.9,-27.729424624658883,-144.46132302124695,1.0,3.664378286637533,710.0,3.664378286637533,3.664378286637533,13.19176183189512,0.5994158703269606,3.664378286637533,-0.08831740653920923,3.664378286637533,13.19176183189512,0.068749220534162,0.062169656000724965,0.062169656000724965,-2.4112415425632947,0.0,0.0,0.0,133.78519171900192,0.022277275582249283,80.19819209609742,27338.729014485147,7.594091392912536,6.110568295241786,350009.5114310917,1783556956009511.5,1783556956116826.0
711.0,5394.869601316759,24288.0,130.10884979799584,-1051.926788807429,29.738834176261378,1064.5379868921216,0.13010884979799583,-1.051926788807429,0.029738834176261372,1.0645379868921214,1.0645447800583994,1.0645447800583994,10.439618067359703,0.06454478005839945,0.6329680673597029,1.2759319518715158,0.9545164920917482,0.3214154597797675,-0.026148507908251857,-10.315877843458374,-9.648927658545873,-0.6669501849125004,0.11277647499999865,0.2916383381746336,0.9414384,-0.6498000618253664,0.07845319999999978,0.13010884979799583,1.2759319518715158,-0.026148507908251857,-0.026148507908251857,0.02572911767348493,10.439618067359703,1.0645447800583994,43.66113777916935,-79.39564744792338,107.9,-26.85331113079242,-144.94235061981888,1.0,3.6682021328865435,711.0,3.6682021328865435,3.6682021328865435,13.205527678391556,0.5980559904234624,3.6682021328865435,-0.06111980846924332,3.6682021328865435,13.205527678391556,0.05190736453887533,0.054061294443636915,0.054061294443636915,-1.668692809600599,0.0,0.0,0.0,131.03059287678144,0.021771018041236344,78.37566494845085,27358.93138772055,7.599703163255703,6.038529780757357,350171.337139608,1783556956171337.2,1783556956388802.0
712.0,5281.455617364994,24288.0,137.18022529618736,-1107.137912889463,-22.208578137376477,1119.4771349934558,0.13718022529618737,-1.107137912889463,-0.022208578137376492,1.1194771349934558,1.1195777225669274,1.1195777225669274,10.979306873010957,0.11957772256692736,1.1726568730109581,1.3452784564008557,0.9465149723383628,0.39876348406249296,-0.034150027661637244,-10.85731401343745,-9.64492689866918,-1.2123871147682708,0.11277647499999865,-0.21779175279090301,0.9414384,-1.159230152790903,0.07845319999999978,0.13718022529618737,1.3452784564008557,-0.034150027661637244,-0.034150027661637244,-0.0077226140686094125,10.979306873010957,1.1195777225669274,43.661133427553665,-79.39563656888416,107.9,-25.977197636925954,-145.42337821839078,1.0,3.672025979135554,712.0,3.672025979135554,3.672025979135554,13.219293524887995,0.596696110519964,3.672025979135554,-0.03392221039927741,3.672025979135554,13.219293524887995,0.03506550854358866,0.04595293288654886,0.04595293288654886,-0.9261440766379037,0.0,0.0,0.0,128.275994034561,0.021264760500223405,76.55313780080427,27379.133760955952,7.60531493359887,5.966491266272929,350333.1628481243,1783556956333162.8,1783556956660778.0
713.0,5168.041633413231,24288.0,144.2516007943789,-1162.3490369714968,-74.15599045101433,1174.41628309479,0.1442516007943789,-1.1623490369714968,-0.07415599045101433,1.17441628309479,1.1746106650754553,1.1746106650754553,11.518995678662213,0.17461066507545528,1.7123456786622135,1.4146249609301957,0.9385134525849774,0.4761115083452184,-0.042151547415022625,-11.39875018341653,-9.640926138792487,-1.7578240446240412,0.11277647499999865,-0.7272218437564395,0.9414384,-1.6686602437564395,0.07845319999999978,0.1442516007943789,1.4146249609301957,-0.042151547415022625,-0.042151547415022625,-0.04117434581070374,11.518995678662213,1.1746106650754553,43.66112907593797,-79.39562568984493,107.9,-25.10108414305949,-145.90440581696268,1.0,3.6758498253845646,713.0,3.6758498253845646,3.6758498253845646,13.233059371384432,0.5953362306164656,3.6758498253845646,-0.0067246123293114995,3.6758498253845646,13.233059371384432,0.018223652548301987,0.0378445713294608,0.0378445713294608,-0.18359534367520824,0.0,0.0,0.0,125.52139519234053,0.020758502959210466,74.73061065315768,27399.336134191355,7.610926703942038,5.8944527517885,350494.9885566406,1783556956494988.5,1783556956932754.0
714.0,3297.071997515412,24288.0,142.76749959487591,-926.5394809053242,36.00906011989598,940.3137514179343,0.14276749959487592,-0.9265394809053242,0.03600906011989598,0.9403137514179343,0.9401887886956771,0.9401887886956771,9.220102384662463,-0.0598112113043229,-0.5865476153375382,1.4000708999020899,0.9120516500101989,0.488019249891891,0.21279102499592023,-9.086248400420196,-9.64091097499796,0.5546625745777627,0.2696828750000009,0.3531282494247779,0.9433864499959204,-0.5902582005711425,0.05410257505099471,0.14276749959487592,1.4000708999020899,0.21279102499592023,0.21279102499592023,0.34666954884324036,9.220102384662463,0.9401887886956771,43.6611244243753,-79.39561505416734,107.9,-24.24456910918494,-146.41858955433187,1.0,3.6991650452557963,714.0,3.6991650452557963,3.6991650452557963,13.316994162920867,0.5951986458164531,0.7527497717992482,0.0,3.6991650452557963,13.316994162920867,0.03363641200499356,0.03348031845798627,0.03348031845798627,0.0,0.0,0.0,0.0,80.07928467565434,0.013238577535411028,47.6588791274797,27462.074831561367,7.628354119878153,5.008384790585086,351248.3929066061,1783556957248393.0,1783556957198645.8
715.0,3010.2196986851236,24288.0,149.10094501523187,-899.3584443096299,73.21805196448717,918.1466924466885,0.14910094501523186,-0.8993584443096299,0.07321805196448716,0.9181466924466885,0.9178085250719308,0.9178085250719308,9.00062697239665,-0.08219147492806919,-0.8060230276033495,1.4621807824336235,0.9055818705798307,0.5565989118537927,0.2153789367680675,-8.819693487889031,-9.642204930884033,0.8225114429950016,0.2696828750000009,0.7180238092975381,0.9459743617680676,-0.22795055247052953,0.021753677899154354,0.14910094501523186,1.4621807824336235,0.2153789367680675,0.2153789367680675,0.2379264623936156,9.00062697239665,0.9178085250719308,43.661119674291236,-79.39560449842497,107.9,-23.394491438544392,-146.94366384682442,1.0,3.728882454482093,715.0,3.728882454482093,3.728882454482093,13.423976836135534,0.5954625393756346,1.7527497717992528,0.0,3.728882454482093,13.423976836135534,0.05964360978607977,0.030345865662988233,0.030345865662988233,0.0,0.0,0.0,0.0,73.1122160416643,0.012091395168919024,43.52902260810849,27471.342225001674,7.630928395833793,4.2068095856667655,351405.67346787825,1783556957405673.5,1783556957462539.5
716.0,2723.3673998548356,24288.0,155.4343904355878,-872.1774077139356,110.42704380907837,895.9796334754427,0.15543439043558782,-0.8721774077139356,0.11042704380907836,0.8959796334754426,0.8954282614481845,0.8954282614481845,8.781151560130839,-0.10457173855181547,-1.025498439869161,1.524290664965157,0.8991120911494627,0.6251785738156944,0.21796684854021472,-8.553138575357867,-9.643498886770107,1.0903603114122407,0.2696828750000009,1.0829193691702983,0.9485622735402148,0.13435709563008347,-0.010595219252686014,0.15543439043558782,1.524290664965157,0.21796684854021472,0.21796684854021472,0.12918337594399082,8.781151560130839,0.8954282614481845,43.661114924207176,-79.39559394268261,107.9,-22.54441376790384,-147.46873813931697,1.0,3.7585998637083895,716.0,3.7585998637083895,3.7585998637083895,13.530959509350202,0.5957264329348161,2.7527497717992575,0.0,3.7585998637083895,13.530959509350202,0.08565080756716598,0.027211412867990198,0.027211412867990198,0.0,0.0,0.0,0.0,66.14514740767426,0.010944212802427022,39.399166088737275,27480.60961844198,7.633502671789434,3.4052343807484453,351562.9540291504,1783556957562954.0,1783556957726433.0
717.0,2436.515101024547,24288.0,161.76783585594376,-844.9963711182414,147.63603565366955,873.8125745041968,0.16176783585594376,-0.8449963711182413,0.14763603565366956,0.8738125745041968,0.8730479978244383,0.8730479978244383,8.561676147865027,-0.12695200217556174,-1.2449738521349722,1.5864005474966907,0.8926423117190946,0.6937582357775961,0.22055476031236196,-8.286583662826702,-9.64479284265618,1.3582091798294795,0.2696828750000009,1.4478149290430586,0.9511501853123621,0.49666474373069636,-0.042944116404526375,0.16176783585594376,1.5864005474966907,0.22055476031236196,0.22055476031236196,0.020440289494366104,8.561676147865027,0.8730479978244383,43.66111017412311,-79.39558338694025,107.9,-21.694336097263292,-147.99381243180952,1.0,3.7883172729346857,717.0,3.7883172729346857,3.7883172729346857,13.637942182564869,0.5959903264939976,3.752749771799262,0.0,3.7883172729346857,13.637942182564869,0.11165800534825218,0.02407696007299216,0.02407696007299216,0.0,0.0,0.0,0.0,59.17807877368422,0.009797030435935019,35.269309569366065,27489.877011882283,7.636076947745074,2.603659175830125,351720.2345904226,1783556957720234.5,1783556957990326.5
718.0,1690.9667018273244,24288.0,104.35652006121087,-899.2501395733243,125.15396014762621,916.1826196021294,0.10435652006121086,-0.8992501395733242,0.1251539601476262,0.9161826196021293,0.9154384161417186,0.9154384161417186,8.977384143656185,-0.08456158385828144,-0.8292658563438158,1.0233878674582735,0.8604093853639653,0.16297848209430832,0.22064962499999985,-8.818631381246739,-9.664453575,0.8458221937532601,0.2696828750000009,1.2273410832817184,0.9314662138186204,0.29587486946309804,0.047290118183188665,0.10435652006121086,1.0233878674582735,0.22064962499999985,0.22064962499999985,0.0,8.977384143656185,0.9154384161417186,43.66110542404003,-79.39557283120007,107.9,-20.844258603727567,-148.518886615108,1.0,3.7894068278176953,718.0,3.7894068278176953,3.7894068278176953,13.641864580143704,0.6002204600126022,0.9633431523211721,0.0,3.7894068278176953,13.641864580143704,0.08398349908389277,0.023669900409012616,0.023669900409012616,0.0,0.0,0.0,0.0,41.07019925398206,0.006856636416810944,24.6838911005194,27522.14513941812,7.645040316505028,2.1713745186929847,352479.2608989288,1783556958479261.0,1783556958254220.0
719.0,1423.1147971857135,24288.0,95.38414098947219,-961.7928995733851,103.51469297460937,974.5030835684308,0.09538414098947218,-0.9617928995733851,0.10351469297460938,0.9745030835684307,0.9739488857131733,0.9739488857131733,9.551175840079091,-0.026051114286826688,-0.25547415992090894,0.9353988862344074,0.8526456517265653,0.08275323450784211,0.22064962499999985,-9.431966338601336,-9.664453575,0.23248723639866298,0.2696828750000009,1.015132363859453,0.9211145689687538,0.09401779489069922,0.01494122802735559,0.09538414098947218,0.9353988862344074,0.22064962499999985,0.22064962499999985,0.0,9.551175840079091,0.9739488857131733,43.661100673956994,-79.39556227546,107.9,-19.994181116930985,-149.04396079425143,1.0,3.7894070440849634,719.0,3.7894070440849634,3.7894070440849634,13.641865358705868,0.5983732054978325,1.9633431523211864,0.0,3.7894070440849634,13.641865358705868,0.05426631255176672,0.023366622698870777,0.023366622698870777,0.0,0.0,0.0,0.0,34.56461219404662,0.0057571174268190965,20.72562273654875,27525.707060498728,7.646029739027419,1.7531419958619154,352636.2775326842,1783556958636277.5,1783556958518113.5
720.0,1155.262892544103,24288.0,86.4117619177335,-1024.3356595734458,81.87542580159256,1032.8235475347324,0.0864117619177335,-1.0243356595734459,0.08187542580159256,1.0328235475347323,1.0324593552846282,1.0324593552846282,10.124967536501998,0.032459355284628066,0.3183175365019979,0.8474099050105413,0.8448819180891654,0.0025279869213758743,0.22064962499999985,-10.045301295955934,-9.664453575,-0.3808477209559342,0.2696828750000009,0.8029236444371876,0.9107629241188872,-0.1078392796816996,-0.01740766212847747,0.0864117619177335,0.8474099050105413,0.22064962499999985,0.22064962499999985,0.0,10.124967536501998,1.0324593552846282,43.66109592387395,-79.3955517197199,107.9,-19.144103630134403,-149.56903497339488,1.0,3.789407260352231,720.0,3.789407260352231,3.789407260352231,13.641866137268032,0.5965259509830627,2.9633431523212006,0.0,3.789407260352231,13.641866137268032,0.024549126019640655,0.023063344988728935,0.023063344988728935,0.0,0.0,0.0,0.0,28.059025134111174,0.004657598436827249,16.767354372578097,27529.26898157934,7.647019161549811,1.3349094730308457,352793.2941664397,1783556958793294.2,1783556958782007.0
721.0,931.9363675406744,24288.0,82.02958807858442,-1070.9067794620898,63.5170221903706,1076.2580360509114,0.08202958807858443,-1.0709067794620901,0.0635170221903706,1.0762580360509113,1.0760505126184865,1.0760505126184865,10.55245075957008,0.07605051261848648,0.7458007595700804,0.80443545993085,0.8376074123933086,-0.03317195246245867,0.22064962499999985,-10.502007968811904,-9.66531473760669,-0.8366932312052141,0.2696828750000009,0.6228892056631978,0.9022117999999999,-0.27932259433680207,-0.03874765870817927,0.08202958807858443,0.80443545993085,0.22064962499999985,0.22064962499999985,0.0,10.55245075957008,1.0760505126184865,43.66109129748682,-79.39554106808876,107.89560929263973,-18.286303820835276,-150.08043580727698,1.0,3.7969613609863937,721.0,3.7969613609863937,3.7894074390028973,13.64186678041043,0.5949560929263973,3.7969613609863937,-0.004390707360267662,3.7894074390028973,13.64186678041043,7.835418579393686e-07,0.02211984775784036,0.02211984775784036,-0.11083584133309375,0.0,0.0,0.0,22.6348704948279,0.0037407783428650976,13.466802034314352,27532.773227980306,7.647992563327858,0.9884180900310082,352949.08080172,1783556958949080.8,1783556959043907.0
722.0,920.0720274350341,24288.0,99.44744908473712,-1041.624578350297,60.74026174011437,1048.9952970847594,0.09944744908473711,-1.041624578350297,0.060740261740114376,1.0489952970847594,1.0487861177128979,1.0487861177128979,10.285078381269189,0.048786117712897765,0.47842838126918885,0.9752463265668372,0.8326563727806713,0.1425899537861659,0.22064962499999985,-10.21484767127894,-9.670265777219328,-0.5445818940596121,0.2696828750000009,0.5956584877936926,0.9022117999999999,-0.3065533122063073,-0.00780366112919615,0.09944744908473711,0.9752463265668372,0.22064962499999985,0.22064962499999985,0.0,10.285078381269189,1.0487861177128979,43.66108725856253,-79.39552996104696,107.87036601581923,-17.391828766942098,-150.5268984982994,1.0,3.8403907513018374,722.0,3.8403907513018374,3.7894074390028973,13.64186678041043,0.5947036601581922,3.8403907513018374,-0.029633984180780955,3.7894074390028973,13.64186678041043,5.766669457386125e-07,0.018135787599213724,0.018135787599213724,-0.7480588659701114,0.0,0.0,0.0,22.34670940234211,0.0036916410861251446,13.289907910050522,27536.00356287577,7.648889878576597,0.9826433567048493,353099.0258660338,1783556959099025.8,1783556959296339.8
723.0,908.2076873293939,24288.0,116.8653100908898,-1012.3423772385041,57.963501289858144,1021.7325581186072,0.1168653100908898,-1.012342377238504,0.057963501289858145,1.0217325581186072,1.021521722807309,1.021521722807309,10.017706002968296,0.021521722807309046,0.21105600296829718,1.1460571932028245,0.8277053331680341,0.31835186003479043,0.22064962499999985,-9.927687373745975,-9.675216816831965,-0.2524705569140103,0.2696828750000009,0.5684277699241873,0.9022117999999999,-0.33378403007581253,0.02314033644978697,0.1168653100908898,1.1460571932028245,0.22064962499999985,0.22064962499999985,0.0,10.017706002968296,1.021521722807309,43.661083219638236,-79.39551885400516,107.84512273899871,-16.49735371304892,-150.97336118932182,1.0,3.8838201416172815,723.0,3.8838201416172815,3.7894074390028973,13.64186678041043,0.5944512273899871,3.8838201416172815,-0.05487726100129425,3.7894074390028973,13.64186678041043,3.6979203353785644e-07,0.014151727440587089,0.014151727440587089,-1.385281890607129,0.0,0.0,0.0,22.05854830985632,0.003642503829385192,13.113013785786691,27539.23389777123,7.649787193825337,0.9768686233786902,353248.9709303477,1783556959248971.0,1783556959548772.5
724.0,896.3433472237537,24288.0,134.2831710970425,-983.0601761267112,55.186740839601924,994.4698191524552,0.1342831710970425,-0.9830601761267111,0.05518674083960192,0.9944698191524552,0.9942573279017204,0.9942573279017204,9.750333624667405,-0.005742672098279666,-0.05631637533259437,1.3168680598388116,0.8227542935553968,0.49411376628341497,0.22064962499999985,-9.640527076213012,-9.680167856444603,0.039640780231591566,0.2696828750000009,0.5411970520546822,0.9022117999999999,-0.3610147479453178,0.054084334028770095,0.1342831710970425,1.3168680598388116,0.22064962499999985,0.22064962499999985,0.0,9.750333624667405,0.9942573279017204,43.66107918071395,-79.39550774696336,107.81987946217819,-15.602878659155742,-151.41982388034427,1.0,3.927249531932725,724.0,3.927249531932725,3.7894074390028973,13.64186678041043,0.5941987946217819,3.927249531932725,-0.08012053782180754,3.7894074390028973,13.64186678041043,1.629171213371004e-07,0.010167667281960453,0.010167667281960453,-2.0225049152441468,0.0,0.0,0.0,21.77038721737053,0.003593366572645239,12.936119661522861,27542.46423266669,7.650684509074076,0.9710938900525312,353398.9159946615,1783556959398916.0,1783556959801205.5
725.0,884.3191136578639,24288.0,80.47525374129498,-935.9219299582844,100.0,944.0921515438184,0.08047525374129498,-0.9359219299582845,0.1,0.9440921515438184,0.9447049810214336,0.9447049810214336,9.26439110213384,-0.055295018978566354,-0.5422588978661577,0.7891926471020704,0.8182988404960742,-0.029106193394003863,0.21035558667737286,-9.178258794425409,-9.684066875,0.5058080805745898,0.2696828750000009,0.980665,0.9022117999999999,0.07845320000000011,0.07845320000000011,0.08047525374129498,0.7891926471020704,0.21035558667737286,0.21035558667737286,-0.01715673053771166,9.26439110213384,0.9447049810214336,43.66107537585419,-79.39549650341675,107.8,-14.697410565787957,-151.84041307834792,1.0,3.9491608993557588,725.0,3.9491608993557588,3.7911985182651087,13.648314665754391,0.5933971836995794,0.2124848798533787,0.0,3.7911985182651087,13.648314665754391,0.0017910792622114003,0.006631305823397474,0.006631305823397474,0.0,0.0,0.0,0.0,21.4783426325222,0.003540299676520482,12.745078835473734,27558.476490170415,7.655132358380665,0.9423547850111159,354144.04431710683,1783556960144044.2,1783556960056740.5
726.0,881.1147146314203,24288.0,87.41811829858938,-930.8482981664155,100.0,939.8196195085604,0.08741811829858938,-0.9308482981664155,0.1,0.9398196195085604,0.9403668123487218,0.9403668123487218,9.221848200319592,-0.059633187651278216,-0.5848017996804075,0.8572788898128615,0.8156801388533514,0.041598750959510045,0.1619096062870022,-9.128503463213677,-9.684066875,0.5555634117863218,0.2696828750000009,0.980665,0.9022117999999999,0.07845320000000011,0.07845320000000011,0.08741811829858938,0.8572788898128615,0.1619096062870022,0.1619096062870022,-0.0979000311883294,9.221848200319592,0.9403668123487218,43.66107243848841,-79.39548475395365,107.8,-13.751199880247976,-152.16510949105157,1.0,3.89132179985085,726.0,3.89132179985085,3.7996277263266296,13.678659814775866,0.5952664164650048,1.2124848798533838,0.0,3.7996277263266296,13.678659814775866,0.010220287323732348,0.004754212995211407,0.004754212995211407,0.0,0.0,0.0,0.0,21.40051418896794,0.0035384890842572406,12.738560703326065,27561.873701731558,7.65607602825876,0.9361656712953191,354304.26426842896,1783556960304264.2,1783556960323773.8
727.0,877.9103156049767,24288.0,94.36098285588379,-925.7746663745464,100.0,935.5470874733023,0.09436098285588379,-0.9257746663745465,0.1,0.9355470874733023,0.9360286436760099,0.9360286436760099,9.179305298505342,-0.06397135632399008,-0.6273447014946574,0.9253651325236527,0.8130614372106287,0.11230369531302395,0.11346362589663155,-9.078748132001945,-9.684066875,0.6053187429980538,0.2696828750000009,0.980665,0.9022117999999999,0.07845320000000011,0.07845320000000011,0.09436098285588379,0.9253651325236527,0.11346362589663155,0.11346362589663155,-0.17864333183894715,9.179305298505342,0.9360286436760099,43.66106950112264,-79.39547300449055,107.8,-12.804989194707996,-152.4898059037552,1.0,3.8334827003459417,727.0,3.8334827003459417,3.8080569343881505,13.709004963797343,0.5971356492304303,2.2124848798533887,0.0,3.8080569343881505,13.709004963797343,0.018649495385253293,0.00287712016702534,0.00287712016702534,0.0,0.0,0.0,0.0,21.322685745413676,0.003536678491993999,12.732042571178397,27565.2709132927,7.657019698136856,0.9299765575795224,354464.48421975115,1783556960464484.2,1783556960590807.0
728.0,874.7059165785331,24288.0,101.3038474131782,-920.7010345826775,100.0,931.2745554380442,0.10130384741317819,-0.9207010345826775,0.1,0.9312745554380443,0.931690475003298,0.931690475003298,9.136762396691093,-0.06830952499670195,-0.6698876033089072,0.9934513752344438,0.810442735567906,0.18300863966653785,0.06501764550626091,-9.028992800790213,-9.684066875,0.6550740742097858,0.2696828750000009,0.980665,0.9022117999999999,0.07845320000000011,0.07845320000000011,0.10130384741317819,0.9934513752344438,0.06501764550626091,0.06501764550626091,-0.2593866324895649,9.136762396691093,0.931690475003298,43.66106656375686,-79.39546125502746,107.8,-11.858778509168015,-152.81450231645888,1.0,3.7756436008410335,728.0,3.7756436008410335,3.8164861424496714,13.73935011281882,0.5990048819958557,3.212484879853394,0.0,3.8164861424496714,13.73935011281882,0.02707870344677424,0.0010000273388392732,0.0010000273388392732,0.0,0.0,0.0,0.0,21.244857301859415,0.0035348678997307575,12.725524439030726,27568.668124853844,7.6579633680149515,0.9237874438637255,354624.70417107333,1783556960624704.2,1783556960857840.2
729.0,885.107663702525,24288.0,108.51355254195309,-1016.6537561879526,85.59101541423793,1026.286598784667,0.10851355254195309,-1.0166537561879525,0.08559101541423793,1.0262865987846668,1.0261562256064525,1.0261562256064525,10.063154949843517,0.026156225606452515,0.25650494984351757,1.0641544300355443,0.809048625,0.2551058050355443,-0.044129925000000014,-9.969967558120583,-9.681666485567378,-0.2883010725532057,0.1724215646276705,0.8393611313120364,0.8678885249999999,-0.028527393687963587,0.08335652500000001,0.10851355254195309,1.0641544300355443,-0.044129925000000014,-0.044129925000000014,-0.12315634665212252,10.063154949843517,1.0261562256064525,43.66106365375619,-79.39544949263895,107.8,-10.911526911565252,-153.13617379117005,1.0,3.7541681717832764,729.0,3.7541681717832764,3.8209735753996226,13.755504871438642,0.5946119290054761,0.46763291198896834,0.0,3.8209735753996226,13.755504871438642,0.027702889506330878,6.747468722947623e-07,6.747468722947623e-07,0.0,0.0,0.0,0.0,21.497494936006927,0.003550418348627198,12.781506055057912,27584.84023374777,7.662455620485486,0.8919557829262655,355377.309094856,1783556961377309.0,1783556961122385.8
730.0,861.8151707700945,24288.0,94.64274214398885,-1013.7749087468657,88.99328966279519,1022.6226111323745,0.09464274214398885,-1.0137749087468655,0.0889932896627952,1.0226226111323744,1.022399628487864,1.022399628487864,10.02631531671051,0.022399628487863997,0.21966531671051148,0.9281282472463483,0.809048625,0.11907962224634835,-0.044129925000000014,-9.94173570886245,-9.6765334220659,-0.26520228679654934,0.15317257649712404,0.8727260440716504,0.8678885249999999,0.004837519071650483,0.08335652500000001,0.09464274214398885,0.9281282472463483,-0.044129925000000014,-0.044129925000000014,-0.0864298822055129,10.02631531671051,1.022399628487864,43.66106077490875,-79.39543771553578,107.8,-9.963090308994845,-153.4544015873266,1.0,3.7740902167891064,730.0,3.7740902167891064,3.8209735753996226,13.755504871438642,0.595920496024152,1.4676329119889615,0.0,3.8209735753996226,13.755504871438642,0.019441608507175155,5.67506560736869e-07,5.67506560736869e-07,0.0,0.0,0.0,0.0,20.931766867664056,0.0034641977889978263,12.471112040392173,27587.912919007777,7.663309144168821,0.8804949432892979,355534.0754236934,1783556961534075.5,1783556961384099.2
731.0,838.522677837664,24288.0,80.77193174602462,-1010.8960613057787,92.39556391135245,1018.958623480082,0.08077193174602462,-1.0108960613057787,0.09239556391135245,1.018958623480082,1.0186430313692756,1.0186430313692756,9.989475683577504,0.018643031369275483,0.1828256835775054,0.7921020644571524,0.809048625,-0.0169465605428476,-0.044129925000000014,-9.913503859604313,-9.671400358564421,-0.24210350103989292,0.1339235883665776,0.9060909568312645,0.8678885249999999,0.03820243183126455,0.08335652500000001,0.08077193174602462,0.7921020644571524,-0.044129925000000014,-0.044129925000000014,-0.04970341775890329,9.989475683577504,1.0186430313692756,43.66105789606131,-79.39542593843261,107.8,-9.014653706424438,-153.77262938348312,1.0,3.794012261794936,731.0,3.794012261794936,3.8209735753996226,13.755504871438642,0.5972290630428279,2.4676329119889546,0.0,3.8209735753996226,13.755504871438642,0.011180327508019429,4.6026624917897587e-07,4.6026624917897587e-07,0.0,0.0,0.0,0.0,20.366038799321185,0.0033779772293684542,12.160718025726435,27590.985604267782,7.664162667852156,0.8690341036523304,355690.8417525308,1783556961690841.8,1783556961645812.5
732.0,815.2301849052335,24288.0,66.9011213480604,-1008.0172138646918,95.79783815990972,1015.2946358277895,0.0669011213480604,-1.0080172138646917,0.09579783815990972,1.0152946358277894,1.014886434250687,1.014886434250687,9.952636050444498,0.014886434250686963,0.1459860504444993,0.6560758816679564,0.809048625,-0.15297274333204358,-0.044129925000000014,-9.885272010346178,-9.66626729506294,-0.21900471528323656,0.11467460023603115,0.9394558695908786,0.8678885249999999,0.07156734459087863,0.08335652500000001,0.0669011213480604,0.6560758816679564,-0.044129925000000014,-0.044129925000000014,-0.012976953312293676,9.952636050444498,1.014886434250687,43.66105501721386,-79.39541416132944,107.8,-8.066217103854031,-154.09085717963967,1.0,3.8139343068007654,732.0,3.8139343068007654,3.8209735753996226,13.755504871438642,0.5985376300615037,3.467632911988948,0.0,3.8209735753996226,13.755504871438642,0.002919046508863706,3.530259376210827e-07,3.530259376210827e-07,0.0,0.0,0.0,0.0,19.800310730978314,0.0032917566697390826,11.850324011060696,27594.058289527788,7.66501619153549,0.8575732640153628,355847.60808136815,1783556961847608.0,1783556961907526.0
733.0,818.0446283027609,24288.0,78.69239388119995,-962.5694634792399,84.83132083967968,969.9233785841998,0.07869239388119995,-0.9625694634792399,0.08483132083967967,0.9699233785841997,0.9697701134437053,0.9697701134437053,9.510196083002713,-0.03022988655629466,-0.296453916997287,0.7717087644550694,0.81395195,-0.04224318554493059,-0.058839900000000056,-9.439581829028686,-9.664453575,0.22487174597131326,0.08825985000000003,0.8319110725124447,0.8604956928317394,-0.02858462031929486,0.09497422511854862,0.07869239388119995,0.7717087644550694,-0.058839900000000056,-0.058839900000000056,-0.020538601397881703,9.510196083002713,0.9697701134437053,43.66105213836673,-79.39540238422754,107.8,-7.11778060244958,-154.40908494185211,1.0,3.8209736820656492,733.0,3.8209736820656492,3.8209736820656492,13.755505255436338,0.59550771816436,0.646659336589328,0.0,3.8209736820656492,13.755505255436338,1.0666602674733987e-07,2.618005614171791e-07,2.618005614171791e-07,0.0,0.0,0.0,0.0,19.868667932217456,0.003286147730141129,11.830131828508065,27609.04811295119,7.669180031375324,0.8214437318468574,356599.2051540958,1783556962599205.2,1783556962169239.5
734.0,771.7213634826273,24288.0,81.3095274868572,-969.6357242145144,101.58097591588616,979.0833462040002,0.08130952748685721,-0.9696357242145145,0.10158097591588616,0.9790833462040002,0.9787949380050773,0.9787949380050773,9.59869937878749,-0.02120506199492271,-0.2079506212125088,0.7973740777289882,0.81395195,-0.01657787227101181,-0.058839900000000056,-9.508878174868267,-9.664453575,0.15557540013173252,0.08825985000000003,0.996169077465525,0.8566458958406516,0.13952318162487326,0.11293994441029175,0.08130952748685721,0.7973740777289882,-0.058839900000000056,-0.058839900000000056,-0.014068354354036609,9.59869937878749,0.9787949380050773,43.661049259519764,-79.3953906071263,107.8,-6.169344156323145,-154.72731268551718,1.0,3.820973847014983,734.0,3.820973847014983,3.820973847014983,13.75550584925394,0.5962928582460572,1.6466593365893352,0.0,3.820973847014983,13.75550584925394,2.7161536051854737e-07,1.7932589453157534e-07,1.7932589453157534e-07,0.0,0.0,0.0,0.0,18.743568476266052,0.003103748131900872,11.173493274843139,27611.598707061337,7.669888529739254,0.8148395611832322,356755.7097437141,1783556962755709.8,1783556962430952.8
735.0,725.3980986624938,24288.0,83.92666109251448,-976.7019849497891,118.33063099209264,988.2433138238007,0.08392666109251447,-0.9767019849497891,0.11833063099209264,0.9882433138238007,0.9878197625664492,0.9878197625664492,9.68720267457227,-0.012180237433550758,-0.11944732542773057,0.8230393910029069,0.81395195,0.009087441002906968,-0.058839900000000056,-9.578174520707847,-9.664453575,0.08627905429215174,0.08825985000000003,1.1604270824186051,0.8527960988495639,0.30763098356904134,0.13090566370203488,0.08392666109251447,0.8230393910029069,-0.058839900000000056,-0.058839900000000056,-0.007598107310191518,9.68720267457227,0.9878197625664492,43.6610463806728,-79.39537883002508,107.8,-5.220907710196711,-155.04554042918227,1.0,3.8209740119643167,735.0,3.8209740119643167,3.8209740119643167,13.755506443071543,0.5970779983277543,2.6466593365893427,0.0,3.8209740119643167,13.755506443071543,4.3656469428975485e-07,9.68512276459716e-08,9.68512276459716e-08,0.0,0.0,0.0,0.0,17.61846902031465,0.002921348533660615,10.516854721178214,27614.149301171485,7.670597028103184,0.8082353905196071,356912.2143333324,1783556962912214.2,1783556962692666.0
736.0,679.0748338423602,24288.0,86.54379469817174,-983.7682456850637,135.0802860682991,997.403281443601,0.08654379469817174,-0.9837682456850637,0.13508028606829914,0.9974032814436011,0.9968445871278212,0.9968445871278212,9.775705970357047,-0.0031554128721788047,-0.030944029642952342,0.8487047042768258,0.81395195,0.034752754276825754,-0.058839900000000056,-9.647470866547428,-9.664453575,0.016982708452570994,0.08825985000000003,1.3246850873716856,0.8489463018584761,0.4757387855132095,0.148871382993778,0.08654379469817174,0.8487047042768258,-0.058839900000000056,-0.058839900000000056,-0.0011278602663464254,9.775705970357047,0.9968445871278212,43.66104350182583,-79.39536705292386,107.8,-4.272471264070276,-155.36376817284733,1.0,3.8209741769136505,736.0,3.8209741769136505,3.8209741769136505,13.755507036889144,0.5978631384094515,3.64665933658935,0.0,3.8209741769136505,13.755507036889144,6.015140280609623e-07,1.4376560760367887e-08,1.4376560760367887e-08,0.0,0.0,0.0,0.0,16.493369564363245,0.002738948935420358,9.860216167513288,27616.699895281632,7.671305526467114,0.801631219855982,357068.7189229507,1783556963068719.0,1783556962954379.5
737.0,691.7286007934758,24288.0,82.93975860746349,-992.6930889542797,137.35890925381003,1006.2656951234864,0.08293975860746348,-0.9926930889542797,0.13735890925381003,1.0062656951234863,1.0056217105305743,1.0056217105305743,9.861780147574656,0.0056217105305743096,0.05513014757465654,0.8133611837478817,0.8087128228615633,0.004648360886318349,-0.06303120171074936,-9.734993680793487,-9.668644876710749,-0.06634880408273712,0.07044681772931574,1.347030747433876,0.848275225,0.49875552243387616,0.15200307499999988,0.08293975860746348,0.8133611837478817,-0.06303120171074936,-0.06303120171074936,-0.0070442045558811684,9.861780147574656,1.0056217105305743,43.66104086303085,-79.3953551699419,107.77863030846034,-3.3155080038078517,-155.6554605705077,1.0,3.830128935028157,737.0,3.830128935028157,3.820974205666772,13.75550714040038,0.59735890925381,3.830128935028157,-0.021369691539664643,3.820974205666772,13.75550714040038,4.955810038402448e-07,0.0,0.0,-0.5530724720574677,0.0,0.0,0.0,16.800704256071942,0.0027874618781893452,10.034862761481643,27619.51624785047,7.672087846625125,0.8002048866522634,357223.14966466103,1783556963223149.8,1783556963213697.0
738.0,716.8333289969677,24288.0,78.02233761915066,-1002.0103076689777,136.58247436091852,1015.0652905762568,0.07802233761915067,-1.0020103076689777,0.13658247436091853,1.0150652905762567,1.0143465403974288,1.0143465403974288,9.947341500388443,0.014346540397428671,0.14069150038844386,0.7651377572128438,0.8023676351595846,-0.03722987794674085,-0.0681073518723323,-9.826364383701979,-9.673721026872332,-0.15264335682964725,0.04887317954258844,1.3394165221915018,0.848275225,0.49114129719150174,0.15200307499999988,0.07802233761915067,0.7651377572128438,-0.0681073518723323,-0.0681073518723323,-0.015575549365264285,9.947341500388443,1.0143465403974288,43.66103827491454,-79.39534326460686,107.75274914536395,-2.3567446015371756,-155.94155094726267,1.0,3.8412163689887944,738.0,3.8412163689887944,3.820974205666772,13.75550714040038,0.5965824743609185,3.8412163689887944,-0.04725085463604645,3.820974205666772,13.75550714040038,3.324605349140796e-07,0.0,0.0,-1.2229070752790276,0.0,0.0,0.0,17.41044789467835,0.002884724020679764,10.385006474447149,27622.38870612983,7.672885751702724,0.7998716748154263,357377.1425850845,1783556963377142.5,1783556963472508.5
739.0,741.9380572004594,24288.0,73.10491663083785,-1011.3275263836756,135.80603946802702,1023.864886029027,0.07310491663083785,-1.0113275263836756,0.13580603946802705,1.023864886029027,1.023071370264283,1.023071370264283,10.03290285320223,0.023071370264283034,0.22625285320223118,0.7169143306778059,0.796022447457606,-0.07910811677980005,-0.07318350203391526,-9.917735086610472,-9.678797177033914,-0.23893790957655736,0.027299541355861143,1.3318022969491272,0.848275225,0.4835270719491273,0.15200307499999988,0.07310491663083785,0.7169143306778059,-0.07318350203391526,-0.07318350203391526,-0.024106894174647404,10.03290285320223,1.023071370264283,43.66103568679823,-79.39533135927185,107.72686798226756,-1.3979811992664999,-156.2276413240176,1.0,3.852303802949432,739.0,3.852303802949432,3.820974205666772,13.75550714040038,0.595806039468027,3.852303802949432,-0.07313201773242825,3.820974205666772,13.75550714040038,1.693400659879144e-07,0.0,0.0,-1.8927416785005875,0.0,0.0,0.0,18.02019153328476,0.002981986163170182,10.735150187412655,27625.261164409185,7.673683656780323,0.7995384629785892,357531.135505508,1783556963531135.5,1783556963731320.2
740.0,767.0427854039513,24288.0,68.18749564252502,-1020.6447450983736,135.02960457513552,1032.6644814817973,0.06818749564252502,-1.0206447450983736,0.13502960457513555,1.0326644814817973,1.0317962001311374,1.0317962001311374,10.118464206016018,0.031796200131137396,0.3118142060160185,0.668690904142768,0.7896772597556273,-0.12098635561285925,-0.07825965219549821,-10.009105789518966,-9.683873327195498,-0.3252324623234675,0.005725903169133836,1.324188071706753,0.848275225,0.4759128467067529,0.15200307499999988,0.06818749564252502,0.668690904142768,-0.07825965219549821,-0.07825965219549821,-0.032638238984030524,10.118464206016018,1.0317962001311374,43.66103309868192,-79.39531945393682,107.70098681917119,-0.43921779699582375,-156.51373170077255,1.0,3.86339123691007,740.0,3.86339123691007,3.820974205666772,13.75550714040038,0.5950296045751355,3.86339123691007,-0.09901318082881005,3.820974205666772,13.75550714040038,6.219597061749211e-09,0.0,0.0,-2.5625762817221474,0.0,0.0,0.0,18.629935171891166,0.0030792483056606007,11.085293900378161,27628.133622688543,7.674481561857922,0.7992052511417521,357685.12842593144,1783556963685128.5,1783556963990131.8
741.0,733.2613154634574,24288.0,56.9649938056915,-987.508136051649,109.90947629234041,995.508136051649,0.0569649938056915,-0.9875081360516489,0.10990947629234042,0.9955081360516489,0.9952813160041484,0.9952813160041484,9.76037551759208,-0.00471868399585167,-0.04627448240791879,0.5586357565045844,0.77472535,-0.21608959349541554,-0.08357845857943003,-9.684146662410903,-9.705405356803716,0.021258694392813193,-0.013035080028004613,1.0778437656822801,0.8642665146448574,0.21357725103742276,0.15200307499999988,0.0569649938056915,0.5586357565045844,-0.08357845857943003,-0.08357845857943003,-0.00861387996542842,9.76037551759208,0.9952813160041484,43.66103143210722,-79.39530724080414,107.7,0.544333242257327,-156.6979548680482,1.0,3.816010787909873,741.0,3.816010787909873,3.7843657030805735,13.623716531090066,0.5942613154634574,0.9618711428265657,0.0,3.7843657030805735,13.623716531090066,-0.036608502586198605,-0.012458050052993821,0.012458050052993821,0.0,0.0,0.0,0.0,17.809450829976456,0.002939853435057981,10.583472366208731,27641.59004107163,7.678219455853224,0.8004800147113872,358440.48270075716,1783556964440482.8,1783556964261315.5
742.0,733.5329895493329,24288.0,62.12680143732634,-1005.7102998053086,107.73608360533628,1013.7102998053086,0.06212680143732634,-1.0057102998053087,0.10773608360533628,1.0137102998053087,1.0134262727002625,1.0134262727002625,9.938316757176029,0.013426272700262552,0.13166675717602977,0.6092557973153563,0.77472535,-0.16546955268464372,-0.08890688392793228,-9.86264891158573,-9.717394313837847,-0.1452545977478834,-0.03168456874776325,1.056530064288271,0.8655986209819829,0.19093144330628792,0.15200307499999988,0.06212680143732634,0.6092557973153563,-0.08890688392793228,-0.08890688392793228,-0.017569216685600273,9.938316757176029,1.0134262727002625,43.66102980206271,-79.39529501547028,107.7,1.5288668707868278,-156.87813998894953,1.0,3.766312654700858,742.0,3.766312654700858,3.7463060286021186,13.486701702967627,0.594532989549333,1.9618711428265645,0.0,3.7463060286021186,13.486701702967627,-0.07466817706465358,-0.025409940902307,0.025409940902307,0.0,0.0,0.0,0.0,17.8160492501742,0.0029422875189531487,10.592235068231336,27644.47176912459,7.679019935867935,0.8004800147113872,358602.1287818531,1783556964602128.8,1783556964532989.5
743.0,733.8046636352085,24288.0,67.28860906896118,-1023.9124635589684,105.56269091833214,1031.9124635589683,0.06728860906896118,-1.0239124635589683,0.10556269091833213,1.0319124635589683,1.0315712293963768,1.0315712293963768,10.116257996759977,0.03157122939637678,0.30960799675997835,0.659875838126128,0.77472535,-0.1148495118738719,-0.09423530927643453,-10.041151160760556,-9.729383270871976,-0.31176788988858006,-0.050334057467521884,1.0352163628942617,0.8669307273191086,0.16828563557515308,0.15200307499999988,0.06728860906896118,0.659875838126128,-0.09423530927643453,-0.09423530927643453,-0.026524553405772124,10.116257996759977,1.0315712293963768,43.661028172018185,-79.39528279013642,107.7,2.513400499316329,-157.0583251098508,1.0,3.7166145214918433,743.0,3.7166145214918433,3.7082463541236637,13.34968687484519,0.5948046636352085,2.9618711428265634,0.0,3.7082463541236637,13.34968687484519,-0.11272785154310855,-0.038361831751620175,0.038361831751620175,0.0,0.0,0.0,0.0,17.822647670371943,0.002944721602848317,10.60099777025394,27647.35349717755,7.679820415882646,0.8004800147113872,358763.77486294904,1783556964763774.8,1783556964804663.8
744.0,725.4003674998334,24288.0,76.18407655472775,-982.3263693781089,121.6736306218911,993.2447770335817,0.07618407655472775,-0.9823263693781089,0.1216736306218911,0.9932447770335817,0.992765282169579,0.992765282169579,9.7357016543883,-0.007234717830420945,-0.07094834561169756,0.7471105743454208,0.7641185524345421,-0.01700797808912122,-0.1225831249999999,-9.633330890261831,-9.739603745130914,0.10627285486908385,-0.05814219204179585,1.1932107097381681,0.9054123902618315,0.28779831947633666,0.1572040341754763,0.07618407655472775,0.7471105743454208,-0.1225831249999999,-0.1225831249999999,-0.03752709347725864,9.7357016543883,0.992765282169579,43.66102651044593,-79.39527057312154,107.7,3.497264181838238,-157.2419953071441,1.0,3.661539426371977,744.0,3.661539426371977,3.661539426371977,13.181541934939117,0.5995104459328366,0.2809900724906815,0.0,3.661539426371977,13.181541934939117,-0.148004251930978,-0.05138053676083569,0.05138053676083569,0.0,0.0,0.0,0.0,17.618524125835954,0.0029303665487301804,10.54931957542865,27660.720328963234,7.683533424712002,0.9092057463500592,359528.4658526492,1783556965528465.8,1783556965081592.2
745.0,1075.591983266247,24288.0,73.2803318137127,-983.4878672745149,120.51213272548509,994.1159004558862,0.07328033181371271,-0.9834878672745149,0.12051213272548508,0.9941159004558862,0.9935646089944961,0.9935646089944961,9.743540372795874,-0.006435391005503935,-0.06310962720412516,0.7186345659809457,0.7612709515980945,-0.04263638561714882,-0.1225831249999999,-9.64472129360762,-9.74529894680381,0.10057765319618893,-0.038208986186662616,1.1818203063923782,0.9168027936076216,0.26501751278475655,0.17571343961238517,0.07328033181371271,0.7186345659809457,-0.1225831249999999,-0.1225831249999999,-0.025662089992060683,9.743540372795874,0.9935646089944961,43.661024768199084,-79.39525837739362,107.7,4.479413576641425,-157.4345832733171,1.0,3.592705521343016,745.0,3.592705521343016,3.592705521343016,12.933739876834856,0.5977681990882276,1.2809900724906829,0.0,3.592705521343016,12.933739876834856,-0.17615868646300098,-0.06457020882181269,0.06457020882181269,0.0,0.0,0.0,0.0,26.12397808957061,0.004326396469834208,15.575027291403146,27668.399230527597,7.685666452924325,1.2961437284464834,359700.94829026546,1783556965700948.2,1783556965371966.8
746.0,1425.783599032661,24288.0,70.37658707269767,-984.649365170921,119.35063482907907,994.9870238781907,0.07037658707269767,-0.9846493651709209,0.11935063482907907,0.9949870238781907,0.9943639358194131,0.9943639358194131,9.751379091203447,-0.005636064180586924,-0.05527090879655276,0.6901585576164706,0.758423350761647,-0.06826479314517642,-0.1225831249999999,-9.65611169695341,-9.750994148476705,0.09488245152329403,-0.01827578033152938,1.1704299030465881,0.9281931969534117,0.24223670609317643,0.19422284504929402,0.07037658707269767,0.6901585576164706,-0.1225831249999999,-0.1225831249999999,-0.013797086506862729,9.751379091203447,0.9943639358194131,43.66102302595224,-79.3952461816657,107.7,5.4615629714446134,-157.62717123949008,1.0,3.5238716163140547,746.0,3.5238716163140547,3.5238716163140547,12.685937818730597,0.5960259522436185,2.280990072490684,0.0,3.5238716163140547,12.685937818730597,-0.20431312099502394,-0.07775988088278969,0.07775988088278969,0.0,0.0,0.0,0.0,34.629432053305266,0.005722426390938234,20.600735007377644,27676.07813209196,7.687799481136649,1.6830817105429074,359873.4307278818,1783556965873430.8,1783556965662341.2
747.0,1775.9752147990748,24288.0,67.47284233168263,-985.810863067327,118.18913693267305,995.8581473004953,0.06747284233168263,-0.9858108630673269,0.11818913693267305,0.9958581473004952,0.9951632626443301,0.9951632626443301,9.75921780961102,-0.004836737355669914,-0.04743219038898036,0.6616825492519954,0.7555757499251995,-0.09389320067320402,-0.1225831249999999,-9.6675021002992,-9.7566893501496,0.08918724985039911,0.0016574255236038588,1.1590394997007982,0.9395836002992018,0.21945589940159632,0.21273225048620287,0.06747284233168263,0.6616825492519954,-0.1225831249999999,-0.1225831249999999,-0.0019320830216647752,9.75921780961102,0.9951632626443301,43.661021283705395,-79.3952339859378,107.7,6.443712366247801,-157.81975920566305,1.0,3.4550377112850934,747.0,3.4550377112850934,3.4550377112850934,12.438135760626336,0.5942837053990095,3.2809900724906855,0.0,3.4550377112850934,12.438135760626336,-0.2324675555270469,-0.09094955294376669,0.09094955294376669,0.0,0.0,0.0,0.0,43.134886017039925,0.007118456312042261,25.62644272335214,27683.757033656322,7.689932509348972,2.0700196926393315,360045.91316549806,1783556966045913.2,1783556965952715.8
748.0,3613.151341061339,24288.0,61.19159017670438,-991.8084098232956,120.77793513288051,1001.8084098232956,0.061191590176704384,-0.9918084098232955,0.12077793513288052,1.0018084098232956,1.0010691577671353,1.0010691577671353,9.817134856017077,0.0010691577671353009,0.010484856017077403,0.600084507806378,0.7551120499999999,-0.15502754219362191,-0.13372767673353467,-9.72631794219362,-9.757616749999999,0.03129880780637831,-0.01243264436327601,1.1844269375708627,0.9439149670518966,0.24051197051896606,0.21574629999999995,0.061191590176704384,0.600084507806378,-0.13372767673353467,-0.13372767673353467,-0.01876187160527738,9.817134856017077,1.0010691577671353,43.661020242381326,-79.39522164587814,107.7,7.437485120393329,-157.9348671685212,1.0,3.411287050845908,748.0,3.411287050845908,3.411287050845908,12.28063338304527,0.594,3.411287050845908,0.0,3.411287050845908,12.28063338304527,-0.20972896429467572,-0.09789716047626842,0.09789716047626842,0.0,0.0,0.0,0.0,87.7562197716978,0.014479776262330137,52.12719454438849,27717.36819229384,7.6992689423038385,3.219524255916129,360224.0084971755,1783556966224008.5,1783556966252539.5
749.0,5739.565414688141,24288.0,54.25336862848245,-998.7466313715175,124.09621500376926,1008.7466313715175,0.05425336862848245,-0.9987466313715175,0.12409621500376926,1.0087466313715174,1.007968347253219,1.007968347253219,9.88479279259078,0.007968347253219038,0.07814279259078048,0.5320437974605073,0.7551120499999999,-0.22306825253949256,-0.147039989627292,-9.79435865253949,-9.757616749999999,-0.03674190253949208,-0.033140686642454696,1.216968146866714,0.9468732588060649,0.270094888060649,0.21574629999999995,0.05425336862848245,0.5320437974605073,-0.147039989627292,-0.147039989627292,-0.04117317277321903,9.88479279259078,1.007968347253219,43.661019337395906,-79.39520927774407,107.7,8.433518770045117,-158.03490425675867,1.0,3.3724154097422847,749.0,3.3724154097422847,3.3724154097422847,12.140695475072224,0.594,3.3724154097422847,0.0,3.3724154097422847,12.140695475072224,-0.1770910135172913,-0.10363060476847444,0.10363060476847444,0.0,0.0,0.0,0.0,139.40256479194554,0.023001423190671014,82.80512348641565,27756.02351430591,7.7100065317516355,4.517357998893564,360403.19561020355,1783556966403195.5,1783556966554201.2
750.0,7865.979488314942,24288.0,47.315147080260516,-1005.6848529197395,127.41449487465802,1015.6848529197395,0.04731514708026051,-1.0056848529197393,0.12741449487465803,1.0156848529197393,1.0148675367393027,1.0148675367393027,9.952450729164482,0.014867536739302776,0.14580072916448356,0.4640030871146367,0.7551120499999999,-0.2911089628853632,-0.16035230252104934,-9.86239936288536,-9.757616749999999,-0.10478261288536245,-0.05384872892163338,1.249509356162565,0.9498315505602332,0.2996778056023319,0.21574629999999995,0.04731514708026051,0.4640030871146367,-0.16035230252104934,-0.16035230252104934,-0.06358447394116068,9.952450729164482,1.0148675367393027,43.661018432410486,-79.39519690961001,107.7,9.429552419696906,-158.13494134499615,1.0,3.333543768638661,750.0,3.333543768638661,3.333543768638661,12.00075756709918,0.594,3.333543768638661,0.0,3.333543768638661,12.00075756709918,-0.1444530627399069,-0.10936404906068047,0.10936404906068047,0.0,0.0,0.0,0.0,191.04890981219327,0.03152307011901189,113.4830524284428,27794.67883631798,7.720744121199433,5.815191741871,360582.3827232315,1783556966582382.8,1783556966855863.2
751.0,15878.525858124212,24288.0,51.731403687322604,-992.9452484636156,73.70247950835699,997.594008709437,0.051731403687322604,-0.9929452484636155,0.07370247950835698,0.997594008709437,0.9972817838467327,0.9972817838467327,9.779993405560562,-0.0027182161532672425,-0.0266565944394382,0.5073117699702822,0.7551120499999999,-0.24780028002971774,-0.17466575583085686,-9.737466520845716,-9.713486824999999,-0.023979695845717075,-0.0637432250000014,0.722774420670629,0.9635692132507429,-0.24079479258011388,0.13450712217211483,0.051731403687322604,0.5073117699702822,-0.17466575583085686,-0.17466575583085686,-0.013254509718094727,9.779993405560562,0.9972817838467327,43.66101816219006,-79.39518451239753,107.68378099385447,10.427927818857954,-158.16481151093745,1.0,3.299505917385215,751.0,3.299505917385215,3.299505917385215,11.878221302586773,0.5983243801229108,0.5221906568967878,-0.016219006145539054,3.299505917385215,11.878221302586773,-0.12342341998970248,-0.11573209044986527,0.11573209044986527,-0.5037550114593582,0.0,0.0,0.0,385.6576360421208,0.06409402720665335,230.73849794395204,28081.863202669152,7.80051755629698,11.978593494246548,361363.3140368732,1783556967363314.0,1783556967162190.0
752.0,15414.18560485975,24288.0,70.3671329153278,-985.1803612852801,71.21771561128963,991.0715034796352,0.0703671329153278,-0.9851803612852801,0.07121771561128963,0.9910715034796352,0.9907382504107072,0.9907382504107072,9.715823263390162,-0.009261749589292849,-0.09082673660983871,0.6900658440040993,0.7551120499999999,-0.06504620599590061,-0.1898952620003416,-9.661318989998291,-9.713486824999999,0.052167835001706894,-0.0637432250000014,0.6984072107994534,0.9590003613998974,-0.2605931506004441,0.10100220859924838,0.0703671329153278,0.6900658440040993,-0.1898952620003416,-0.1898952620003416,-0.03863702000056929,9.715823263390162,0.9907382504107072,43.66101847278555,-79.39517208857805,107.65272144514113,11.428445940758202,-158.13047828563245,1.0,3.269891029129111,752.0,3.269891029129111,3.269891029129111,11.771607704864799,0.5989455710971776,1.522190656896798,-0.047278554858883694,3.269891029129111,11.771607704864799,-0.1130154878345672,-0.12268079412788642,0.12268079412788642,-1.468450577735895,0.0,0.0,0.0,374.37973997083355,0.06228194046365553,224.21498566915992,28148.06407542045,7.818906687616785,14.355127869304363,361549.6713291533,1783556967549671.2,1783556967472785.5
753.0,14949.845351595286,24288.0,89.002862143333,-977.4154741069445,68.73295171422227,984.5489982498334,0.089002862143333,-0.9774154741069445,0.06873295171422227,0.9845489982498334,0.9841947169746815,0.9841947169746815,9.65165312121976,-0.015805283025318455,-0.1549968787802392,0.8728199180379165,0.7551120499999999,0.11770786803791655,-0.20512476816982633,-9.585171459150867,-9.713486824999999,0.12831536584913086,-0.0637432250000014,0.6740400009282778,0.954431509549052,-0.2803915086207742,0.06749729502638195,0.089002862143333,0.8728199180379165,-0.20512476816982633,-0.20512476816982633,-0.06401953028304384,9.65165312121976,0.9841947169746815,43.66101878338104,-79.39515966475857,107.62166189642778,12.428964062658451,-158.09614506032744,1.0,3.240276140873007,753.0,3.240276140873007,3.240276140873007,11.664994107142826,0.5995667620714444,2.522190656896808,-0.07833810357222834,3.240276140873007,11.664994107142826,-0.10260755567943193,-0.12962949780590757,0.12962949780590757,-2.4331461440124316,0.0,0.0,0.0,363.1018438995463,0.06046985372065772,217.6914733943678,28214.26494817175,7.83729581893659,16.731662244362177,361736.0286214333,1783556967736028.5,1783556967783381.0
754.0,15214.838676513762,24288.0,42.58023113686816,-1016.9362429157417,88.58664851541172,1022.4527169683516,0.04258023113686816,-1.0169362429157418,0.08858664851541173,1.0224527169683515,1.0219953467606677,1.0219953467606677,10.022350667310503,0.021995346760667802,0.21570066731050286,0.41756942367836813,0.7453053999999999,-0.32773597632163176,-0.21574629999999995,-9.972737806589658,-9.663505221053605,-0.3092325855360531,-0.136818923026802,0.8687382566636623,0.9071151249999999,-0.038376868336337536,0.031327146723671775,0.04258023113686816,0.41756942367836813,-0.21574629999999995,-0.21574629999999995,0.0,10.022350667310503,1.0219953467606677,43.66101958023114,-79.3951473252028,107.6,13.422696238211493,-158.00806125004712,1.0,3.210836521102548,754.0,3.210836521102548,3.210836521102548,11.559011475969172,0.595096705189478,0.30256886126381277,0.0,3.210836521102548,11.559011475969172,-0.09491329629542368,-0.13779811024907512,0.13779811024907512,0.0,0.0,0.0,0.0,369.53800177516626,0.06108607124841573,219.90985649429663,28501.671532931363,7.917130981369817,18.449321563275674,362518.6362929289,1783556968518636.2,1783556968096705.2
755.0,15065.579022702716,24288.0,44.49791405521135,-1013.4204908987792,60.78024619943538,1017.3388958527697,0.044497914055211356,-1.0134204908987792,0.06078024619943538,1.0173388958527698,1.0171116248894196,1.0171116248894196,9.974457716221828,0.01711162488941975,0.16780771622182816,0.43637546886953843,0.7453053999999999,-0.30892993113046147,-0.21574629999999995,-9.938260057072512,-9.66037088018841,-0.27788917688410264,-0.13525175259420533,0.596050601391693,0.9071151249999999,-0.31106452360830694,-0.010986454956461382,0.044497914055211356,0.43637546886953843,-0.21574629999999995,-0.21574629999999995,0.0,9.974457716221828,1.0171116248894196,43.66102149791406,-79.39513517987764,107.6,14.400786585095958,-157.7960805802866,1.0,3.1818009009340864,755.0,3.1818009009340864,3.1818009009340864,11.454483243362711,0.5954163190092019,1.302568861263829,0.0,3.1818009009340864,11.454483243362711,-0.09347414156104553,-0.14877865236562868,0.14877865236562868,0.0,0.0,0.0,0.0,365.91278330340356,0.06051880175412382,217.86768631484577,28570.11308043513,7.9361425223430855,18.64825229005241,362709.1261294843,1783556968709126.2,1783556968416319.0
756.0,14916.31936889167,24288.0,46.41559697355455,-1009.9047388818167,32.97384388345904,1012.2250747371879,0.04641559697355455,-1.0099047388818165,0.03297384388345903,1.012225074737188,1.0122279030181718,1.0122279030181718,9.926564765133152,0.012227903018171695,0.11991476513315343,0.4551815140607087,0.7453053999999999,-0.29012388593929117,-0.21574629999999995,-9.903782307555366,-9.657236539323213,-0.24654576823215218,-0.1336845821616087,0.3233629461197235,0.9071151249999999,-0.5837521788802764,-0.05330005663659455,0.04641559697355455,0.4551815140607087,-0.21574629999999995,-0.21574629999999995,0.0,9.926564765133152,1.0122279030181718,43.66102341559698,-79.3951230345525,107.6,15.378876931980423,-157.58409991052605,1.0,3.1527652807656246,756.0,3.1527652807656246,3.1527652807656246,11.349955010756249,0.5957359328289258,2.3025688612638455,0.0,3.1527652807656246,11.349955010756249,-0.09203498682666736,-0.15975919448218223,0.15975919448218223,0.0,0.0,0.0,0.0,362.2875648316409,0.059951532259831915,215.8255161353949,28638.554627938902,7.955154063316355,18.847183016829145,362899.61596603977,1783556968899616.0,1783556968735932.8
757.0,14806.624526118576,24288.0,48.416470230698835,-1000.0984933198479,16.485036449453325,1001.633955045032,0.04841647023069884,-1.0000984933198478,0.016485036449453327,1.0016339550450322,1.0017911743486645,1.0017911743486645,9.82421541992633,0.0017911743486645959,0.017565419926331663,0.47480337778788273,0.7458888539696974,-0.27108547618181467,-0.21574629999999995,-9.807615889515084,-9.653771744045452,-0.15384414546963215,-0.13238977500000182,0.16166298269703144,0.9071151249999999,-0.7454521423029685,-0.08825984999999992,0.04841647023069884,0.47480337778788273,-0.21574629999999995,-0.21574629999999995,0.0,9.82421541992633,1.0017911743486645,43.66102541647023,-79.39511091764884,107.6,16.354678431911957,-157.36292338073147,1.0,3.1164200042022507,757.0,3.1164200042022507,3.1164200042022507,11.219112015128104,0.5958810085055146,3.1164200042022507,0.0,3.1164200042022507,11.219112015128104,-0.09779684392232287,-0.1703344174086337,0.1703344174086337,0.0,0.0,0.0,0.0,359.623296490368,0.05952557504043032,214.29207014554916,28707.995637828917,7.974443232730249,19.0590621919543,363092.34047386213,1783556969092340.5,1783556969059495.8
758.0,14885.019657788058,24288.0,50.81282796732055,-960.3874222558309,53.799749776848586,965.0039153566715,0.050812827967320555,-0.9603874222558308,0.05379974977684859,0.9650039153566716,0.9649556109731825,0.9649556109731825,9.46298194235016,-0.035044389026817495,-0.34366805764983976,0.4983036193857241,0.7492460313408177,-0.25094241195509354,-0.21574629999999995,-9.418183314465143,-9.648735977988771,0.23055266352362963,-0.13238977500000182,0.5275953161491322,0.9071151249999999,-0.3795198088508677,-0.08825984999999992,0.050812827967320555,0.4983036193857241,-0.21574629999999995,-0.21574629999999995,0.0,9.46298194235016,0.9649556109731825,43.66102781282797,-79.39509893586016,107.6,17.31959881921876,-157.09802999665635,1.0,3.0453248312427,758.0,3.0453248312427,3.0453248312427,10.963169392473722,0.5951963348664798,3.0453248312427,0.0,3.0453248312427,10.963169392473722,-0.13779210427554833,-0.17898276455563902,0.17898276455563902,0.0,0.0,0.0,0.0,361.5273574483563,0.05977141231404542,215.1770843305635,28782.1880631751,7.995052239770855,19.33249791834389,363295.6885446555,1783556969295688.5,1783556969401832.5
759.0,14963.41478945754,24288.0,53.20918570394227,-920.6763511918139,91.11446310424385,928.373875668311,0.053209185703942265,-0.9206763511918139,0.09111446310424384,0.9283738756683111,0.9281200475977004,0.9281200475977004,9.101748464773989,-0.0718799524022996,-0.7049015352260112,0.5218038609835653,0.7526032087119379,-0.23079934772837243,-0.21574629999999995,-9.0287507394152,-9.643700211932092,0.6149494725168914,-0.13238977500000182,0.893527649601233,0.9071151249999999,-0.013587475398766924,-0.08825984999999992,0.053209185703942265,0.5218038609835653,-0.21574629999999995,-0.21574629999999995,0.0,9.101748464773989,0.9281200475977004,43.661030209185704,-79.39508695407147,107.6,18.284519206525566,-156.8331366125812,1.0,2.974229658283149,759.0,2.974229658283149,2.974229658283149,10.70722676981934,0.594511661227445,2.974229658283149,0.0,2.974229658283149,10.70722676981934,-0.17778736462877376,-0.18763111170264435,0.18763111170264435,0.0,0.0,0.0,0.0,363.43141840634473,0.06001724958766051,216.06209851557784,28856.38048852128,8.015661246811462,19.60593364473348,363499.03661544883,1783556969499036.5,1783556969744169.5
760.0,12853.943207072174,24288.0,62.670067320946636,-1014.9176132154638,67.2061597317948,1019.1959577689548,0.06267006732094664,-1.0149176132154636,0.06720615973179479,1.0191959577689549,1.0190980959418448,1.0190980959418448,9.993938342568091,0.019098095941844646,0.1872883425680908,0.6145834156929613,0.7658285758718312,-0.15124516017886985,-0.22464307412816878,-9.952941811639427,-9.654646924999998,-0.29829488663942905,-0.13683816206408372,0.6590672863338054,0.8629851999999999,-0.20391791366619452,-0.10008823633380534,0.06267006732094664,0.6145834156929613,-0.22464307412816878,-0.22464307412816878,-0.013298753734346629,9.993938342568091,1.0190980959418448,43.66103274225214,-79.39507503099142,107.6,19.24471165570802,-156.55313144853366,1.0,2.9027689436543485,760.0,2.9027689436543485,2.9027689436543485,10.449968197155656,0.5995360924108482,0.2526932566494275,0.0,2.9027689436543485,10.449968197155656,-0.2067384017799701,-0.19409407984443816,0.19409407984443816,0.0,0.0,0.0,0.0,312.19657261336897,0.051985035326568826,187.14612717564776,29116.019574180475,8.087783215050125,20.782212101877377,364306.20500310906,1783556970306205.0,1783556970092781.5
761.0,13823.273415246265,24288.0,69.27913692213363,-998.7621097458956,71.9793766659854,1004.1419658995845,0.06927913692213362,-0.9987621097458955,0.0719793766659854,1.0041419658995845,1.0038328446484481,1.0038328446484481,9.844237365971704,0.00383284464844812,0.03758736597170376,0.6793962480974417,0.7694292887831912,-0.09003304068574951,-0.22104236121680876,-9.794510443539586,-9.654646924999998,-0.13986351853958803,-0.13503780560840473,0.7058765541814856,0.8629851999999999,-0.15710864581851425,-0.14689750418148562,0.06927913692213362,0.6793962480974417,-0.22104236121680876,-0.22104236121680876,-0.0012459472103263595,9.844237365971704,1.0038328446484481,43.66103567961641,-79.39506328153436,107.6,20.190921855861276,-156.22843520239263,1.0,2.8302271880906673,761.0,2.8302271880906673,2.8302271880906673,10.188817877126404,0.5977002397438518,1.2526932566494475,0.0,2.8302271880906673,10.188817877126404,-0.2030276157255089,-0.19409407984443816,0.19409407984443816,0.0,0.0,0.0,0.0,335.7396647095013,0.055720011633745174,200.59204188148263,29196.932499849976,8.110259027736099,21.467648126439247,364524.6714704816,1783556970524671.5,1783556970459952.0
762.0,14792.603623420357,24288.0,75.88820652332062,-982.6066062763274,76.752593600176,989.0879740302141,0.07588820652332061,-0.9826066062763273,0.076752593600176,0.9890879740302141,0.9885675933550516,0.9885675933550516,9.694536389375317,-0.011432406644948406,-0.11211361062468328,0.744209080501922,0.7730300016945512,-0.028820921192629162,-0.21744164830544874,-9.636079075439746,-9.654646924999998,0.01856784956025298,-0.13323744915272573,0.7526858220291659,0.8629851999999999,-0.11029937797083397,-0.1937067720291659,0.07588820652332061,0.744209080501922,-0.21744164830544874,-0.21744164830544874,0.01080685931369391,9.694536389375317,0.9885675933550516,43.661038616980676,-79.39505153207729,107.6,21.13713205601453,-155.9037389562516,1.0,2.757685432526986,762.0,2.757685432526986,2.757685432526986,9.92766755709715,0.5958643870768554,2.2526932566494673,0.0,2.757685432526986,9.92766755709715,-0.19931682967104772,-0.19409407984443816,0.19409407984443816,0.0,0.0,0.0,0.0,359.28275680563365,0.05945498794092152,214.03795658731747,29277.845425519477,8.13273484042207,22.153084151001117,364743.1379378542,1783556970743138.0,1783556970827122.5
763.0,16452.209178143676,24288.0,51.94175106343213,-1021.2146647761207,40.51670295709314,1024.3419561473895,0.05194175106343213,-1.0212146647761207,0.040516702957093136,1.0243419561473894,1.0240428285769716,1.0240428285769716,10.042429604864358,0.02404282857697168,0.23577960486435934,0.5093745730662067,0.77472535,-0.26535077693379333,-0.16671305000000003,-10.014694792326743,-9.651330439422182,-0.3633643529045616,-0.21084297500000204,0.3973331250541774,0.8685126759630267,-0.47117955090884933,-0.20690233845915695,0.05194175106343213,0.5093745730662067,-0.16671305000000003,-0.16671305000000003,0.06372197663413798,10.042429604864358,1.0240428285769716,43.661041803666194,-79.39503991262659,107.6,22.072872550391576,-155.55148273915333,1.0,2.6386508601464835,763.0,2.6386508601464835,2.6386508601464835,9.499143096527341,0.596,0.5291631554129048,0.0,2.6386508601464835,9.499143096527341,-0.23790518253146167,-0.19409407984443816,0.19409407984443816,0.0,0.0,0.0,0.0,399.5912565187536,0.06615455246810475,238.15638888517714,29607.416926487607,8.224282479579886,23.916141293482312,365576.3731314553,1783556971576373.2,1783556971225458.2
764.0,16669.928754733963,24288.0,44.27256832639661,-1034.8487674197393,79.2886823498838,1040.1063873290736,0.044272568326396616,-1.0348487674197393,0.07928868234988379,1.0401063873290737,1.0397293616282786,1.0397293616282786,10.196261944211956,0.0397293616282785,0.38961194421195733,0.43416558217805734,0.77472535,-0.34055976782194264,-0.16671305000000003,-10.148399665016786,-9.645063023514837,-0.5033366415019498,-0.21084297500000204,0.7775563567664878,0.8789583691419364,-0.10140201237544855,-0.1901892293729015,0.044272568326396616,0.43416558217805734,-0.16671305000000003,-0.16671305000000003,0.028669314959944653,10.196261944211956,1.0397293616282786,43.66104521219186,-79.3950284088525,107.6,22.999297348501795,-155.17470431254426,1.0,2.478248080357592,764.0,2.478248080357592,2.478248080357592,8.92169308928733,0.596,1.529163155412909,0.0,2.478248080357592,8.92169308928733,-0.31413030751349247,-0.19409407984443816,0.19409407984443816,0.0,0.0,0.0,0.0,404.8792295949784,0.06703000578850198,241.30802083860715,29711.328267292676,8.253146740914627,26.638040187569676,365830.30829319265,1783556971830308.2,1783556971651524.0
765.0,16818.527564837495,24288.0,41.88461896124688,-1041.9464845621771,106.10200217929741,1048.777588085601,0.04188461896124688,-1.0419464845621773,0.10610200217929741,1.0487775880856012,1.0483681757230316,1.0483681757230316,10.280979770454266,0.048368175723031585,0.47432977045426766,0.41074779853631166,0.77472535,-0.3639775514636883,-0.15511888957590517,-10.218004492831675,-9.641179181474008,-0.5768253113576649,-0.20421774047194782,1.040505199671607,0.8912285194220304,0.1492766802495765,-0.17651969999999984,0.04188461896124688,0.41074779853631166,-0.15511888957590517,-0.15511888957590517,0.01932360070682479,10.280979770454266,1.0483681757230316,43.66104859113767,-79.39501688879405,107.6,23.927033561357238,-154.80119564235554,1.0,2.330958426003749,765.0,2.330958426003749,2.330958426003749,8.391450333613497,0.5963377929531519,2.330958426003749,0.0,2.330958426003749,8.391450333613497,-0.36077908566829,-0.19481432145464705,0.19481432145464705,0.0,0.0,0.0,0.0,408.4883974947731,0.06766512441781417,243.59444790413102,29816.621040594957,8.282394733498595,28.953234764666988,366088.6689429728,1783556972088669.0,1783556972084448.2
766.0,16656.686551852912,24288.0,63.216099182710934,-1019.6875486789103,79.20578798701663,1025.5911965405317,0.06321609918271094,-1.0196875486789103,0.07920578798701663,1.0255911965405315,1.0253538016769,1.0253538016769,10.05528585921477,0.025353801676899965,0.248635859214771,0.6199381590501323,0.77472535,-0.15478719094986776,-0.09145225811517714,-9.999718899252036,-9.648000606273373,-0.35171829297866314,-0.16783680820867458,0.7767434407628766,0.9116927938201216,-0.13494935305724487,-0.17651969999999984,0.06321609918271094,0.6199381590501323,-0.09145225811517714,-0.09145225811517714,0.12543465314137148,10.05528585921477,1.0253538016769,43.661051837232485,-79.39500529559827,107.6,24.860659688086564,-154.44237232153813,1.0,2.242563320236385,766.0,2.242563320236385,2.242563320236385,8.073227952850987,0.5981927042767574,2.242563320236385,0.0,2.242563320236385,8.073227952850987,-0.274592590961943,-0.19876936049866062,0.19876936049866062,0.0,0.0,0.0,0.0,404.55760297140347,0.06722083576079836,241.99500873887408,29928.11819619566,8.313366165609901,29.441811631444722,366366.90564151364,1783556972366905.8,1783556972548176.0
767.0,16485.965443436162,24288.0,80.99778205153353,-915.3559419302782,87.95578450227354,923.2822494340674,0.08099778205153353,-0.9153559419302782,0.08795578450227354,0.9232822494340674,0.9231747406075955,0.9231747406075955,9.053251569979475,-0.07682525939240448,-0.7533984300205234,0.7943168993556713,0.77472535,0.019591549355671277,0.0004336059107792067,-8.976575347930563,-9.654646924999998,0.6780715770694355,0.08983886301735844,0.8625515940892207,0.8871404867410173,-0.0245888926517966,-0.08956066773233753,0.08099778205153353,0.7943168993556713,0.0004336059107792067,0.0004336059107792067,0.04944407138370426,9.053251569979475,0.9231747406075955,43.66105508843099,-79.39499370523001,107.6,25.794058108462092,-154.0829848382926,1.0,2.15032468271385,767.0,2.15032468271385,2.15032468271385,7.74116885776986,0.5950147384992421,0.025670014386719193,0.0,2.15032468271385,7.74116885776986,-0.1939217095178331,-0.20262287363351428,0.20262287363351428,0.0,0.0,0.0,0.0,400.4111286901775,0.06618077373143816,238.25078543317736,30278.513036270964,8.410698065630818,28.86426133474056,367241.7841455483,1783556973241784.2,1783556973014738.5
768.0,16913.134796400594,24288.0,41.955421834354176,-968.1779586946973,86.23332743386857,973.2335044178116,0.041955421834354176,-0.9681779586946974,0.08623332743386856,0.9732335044178115,0.9735858609505931,0.9735858609505931,9.547615783291132,-0.026414139049406912,-0.2590342167088663,0.41144213753186937,0.77472535,-0.36328321246813067,0.017325139520652805,-9.494582378633353,-9.654646924999998,0.1600645463666448,-0.039662894658339776,0.8456600604793472,0.8730642087327892,-0.027404148253442083,-0.14023526856195834,0.041955421834354176,0.41144213753186937,0.017325139520652805,0.017325139520652805,0.04939643861169514,9.547615783291132,0.9735858609505931,43.66105853334513,-79.39498222218289,107.6,26.718813716057152,-153.70218402966913,1.0,1.9122011156659917,768.0,1.9122011156659917,1.9122011156659917,6.883924016397571,0.5955888908553771,1.0256700143867177,0.0,1.9122011156659917,6.883924016397571,-0.3226012129034314,-0.20262287363351428,0.20262287363351428,0.0,0.0,0.0,0.0,410.7862179349777,0.0679622451952204,244.66408270279342,30421.624060971106,8.450451128047524,28.86426133474056,367583.9789498048,1783556973583979.0,1783556973588890.8
769.0,13908.064724621561,24288.0,85.73016142042987,-983.0158552186947,35.33333767915594,987.6666492833763,0.08573016142042986,-0.9830158552186947,0.03533333767915594,0.9876666492833762,0.9874482826525508,0.9874482826525508,9.683559701074637,-0.012551717347449172,-0.12309029892536241,0.8407256874936585,0.7649187,0.07580698749365852,0.029419949999999973,-9.640092436580412,-9.654646924999998,0.01455448841958673,-0.1202482052891931,0.3465016759512946,0.8629851999999999,-0.5164835240487053,-0.08312303942161343,0.08573016142042986,0.8407256874936585,0.029419949999999973,0.029419949999999973,0.0,9.683559701074637,0.9874482826525508,43.66106187301484,-79.39497068254362,107.58253970323408,27.648126817410034,-153.33301694037618,1.0,1.7215643779758252,769.0,1.7215643779758252,1.7215643779758252,6.197631760712971,0.5958730148382961,0.283972032457876,-0.017460296765923096,1.7215643779758252,6.197631760712971,-0.36245822122844085,-0.21417156480496988,0.21417156480496988,-1.0735633383169334,0.0,0.0,0.0,337.7990760316085,0.05588364296335132,201.18111466806477,30762.99421791094,8.545276171641923,28.267614466243916,368528.7617805955,1783556974528761.8,1783556974174603.0
770.0,10245.960163206066,24288.0,77.73698490961701,-1035.89379213638,22.421283315535156,1039.3148667378593,0.077736984909617,-1.0358937921363798,0.022421283315535154,1.0393148667378593,1.0391238425063891,1.0391238425063891,10.19032383011528,0.039123842506389145,0.383673830115281,0.7623394030638955,0.7649187,-0.002579296936104425,0.029419949999999973,-10.158647856654229,-9.654646924999998,-0.5040009316542307,-0.12929277656955182,0.21987767802629282,0.8629851999999999,-0.6431075219737071,-0.06503389686089892,0.077736984909617,0.7623394030638955,0.029419949999999973,0.029419949999999973,0.0,10.19032383011528,1.0391238425063891,43.66106494731349,-79.39495900020871,107.52105373007397,28.588931518707646,-152.99318396661243,1.0,1.6506644242770552,770.0,1.6506644242770552,1.6506644242770552,5.942391927397399,0.5989473134963011,1.2839720324578547,-0.07894626992601858,1.6506644242770552,5.942391927397399,-0.1783516580010785,-0.25483997525193347,0.25483997525193347,-4.85408823376121,0.0,0.0,0.0,248.85388044394898,0.04136948417698097,148.9301430371315,30843.564587157838,8.567656829766063,26.166538302748343,368897.67761955614,1783556974897677.5,1783556974789462.8
771.0,8409.475776467621,24288.0,105.99091901569918,-999.8972091759828,45.3140303189213,1007.6246375004115,0.10599091901569918,-0.9998972091759828,0.045314030318921304,1.0076246375004114,1.0075078509627704,1.0075078509627704,9.880276866644051,0.007507850962770415,0.07362686664405238,1.0394158459653062,0.7649187,0.2744971459653063,0.029419949999999973,-9.80564196636565,-9.654646924999998,-0.15099504136565267,-0.13238977500000182,0.4443788354270496,0.8629851999999999,-0.4186063645729503,-0.04338648834074704,0.10599091901569918,1.0394158459653062,0.029419949999999973,0.029419949999999973,0.0,9.880276866644051,1.0075078509627704,43.66106757580944,-79.39494712095279,107.5,29.545594711976744,-152.70263002482307,1.0,1.4296799283746902,771.0,1.4296799283746902,1.4296799283746902,5.146847742148885,0.5994747301861746,1.4296799283746902,-0.047473018617456335,1.4296799283746902,5.146847742148885,-0.2514487829294244,-0.3059892083766035,0.3059892083766035,-2.918924748541861,0.0,0.0,0.0,204.24934765884558,0.03401362200736963,122.44903922653067,30931.394155897233,8.592053932193673,24.64174380948248,369338.6366184814,1783556975338636.5,1783556975525269.8
772.0,836.4013413651043,24288.0,102.87169076332854,-896.6546064256866,85.92763855411934,906.3453935743134,0.10287169076332854,-0.8966546064256866,0.08592763855411933,0.9063453935743134,0.9066583112942662,0.9066583112942662,8.891280728453916,-0.09334168870573381,-0.9153692715460845,1.0088266662241958,0.7649187,0.24390796622419586,0.009097026626754396,-8.793177896104458,-9.649566194156687,0.8563882980522279,-0.11767979999999945,0.8426622766267543,0.8629851999999999,-0.020322923373245576,-0.027726373052229466,0.10287169076332854,1.0088266662241958,0.009097026626754396,0.009097026626754396,-0.0340988647202107,8.891280728453916,0.9066583112942662,43.66107003618072,-79.39493516448997,107.5,30.508475551548795,-152.43066058341253,1.0,1.225186909491147,772.0,1.225186909491147,1.225186909491147,4.410672874168129,0.5946907871486269,0.40568568835511154,0.0,1.225186909491147,4.410672874168129,-0.27185452371704805,-0.32561621397160256,0.32561621397160256,0.0,0.0,0.0,0.0,20.31451577907565,0.0033557260432848512,12.080613755825464,31002.125305014262,8.611701473615069,16.823649562305953,370422.85457029083,1783556976422854.5,1783556976345393.5
773.0,851.2917915030428,24288.0,79.6306244459754,-1015.2459775864048,92.86214907566894,1024.0152713055459,0.0796306244459754,-1.0152459775864047,0.09286214907566895,1.024015271305546,1.023605029204318,1.023605029204318,10.038136259646524,0.023605029204317965,0.23148625964652475,0.7809096632231246,0.7717080735627038,0.009201589660420811,-0.029419949999999973,-9.956161966097715,-9.63993695,-0.3162250160977164,-0.10274317816205106,0.9106665942329089,0.8629851999999999,0.0476813942329089,0.048883489651467604,0.0796306244459754,0.7809096632231246,-0.029419949999999973,-0.029419949999999973,0.0,10.038136259646524,1.023605029204318,43.661072553858745,-79.39492323070628,107.5,31.46952998844119,-152.15235645495457,1.0,1.0804153555353948,773.0,1.0804153555353948,1.0804153555353948,3.8894952799274214,0.5988922825123435,0.23112507540360142,0.0,1.0804153555353948,3.8894952799274214,-0.15006647450191546,-0.2990539226537313,0.2990539226537313,0.0,0.0,0.0,0.0,20.676175032025903,0.003440110238689473,12.384396859282102,31025.82599855009,8.618284999597247,6.291741088321613,371578.0499056608,1783556977578050.0,1783556977276929.2
774.0,778.3901320877537,24288.0,67.00290232713124,-1023.820896755345,116.56633300527758,1033.416253031935,0.06700290232713124,-1.0238208967553448,0.11656633300527758,1.0334162530319349,1.0329114864457354,1.0329114864457354,10.12940142855307,0.032911486445735445,0.32275142855307154,0.6570740121063616,0.7894353249999999,-0.1323613128936383,-0.029419949999999973,-10.040253197165802,-9.62816043136809,-0.4120927657977106,-0.06374322499999963,1.1431252295662053,0.8551341875787275,0.28799104198747777,0.17651969999999995,0.06700290232713124,0.6570740121063616,-0.029419949999999973,-0.029419949999999973,0.0,10.12940142855307,1.0329114864457354,43.661074800580465,-79.3949111965172,107.5,32.43867029722777,-151.90400383590824,1.0,0.562961134687022,774.0,0.562961134687022,0.562961134687022,2.0266600848732796,0.596,0.562961134687022,0.0,0.562961134687022,2.0266600848732796,-0.33943313679297593,-0.22569972691609708,0.22569972691609708,0.0,0.0,0.0,0.0,18.905539528147365,0.0031299170996599525,11.26770155877583,31043.09720972123,8.623082558255897,5.300635664426229,372486.14595739404,1783556978486146.0,1783556978800580.5
775.0,850.7240910816994,24288.0,66.72409108169936,-1070.5728325794369,119.14846183056814,1079.1351577874561,0.06672409108169935,-1.070572832579437,0.11914846183056814,1.079135157787456,1.0793189430965027,1.0793189430965027,10.584503113317318,0.07931894309650273,0.7778531133173183,0.654339807806347,1.0591182,-0.4047783921936529,-0.14709974999999997,-10.498733068615136,-9.615420324999999,-0.8833127436151369,-0.11277647500000043,1.168447263210741,0.8388977873498779,0.32954947586086303,0.24026292500000002,0.06672409108169935,0.654339807806347,-0.14709974999999997,-0.14709974999999997,-0.12051481885850675,10.584503113317318,1.0793189430965027,43.66107443767479,-79.39491626260487,107.5,32.03068686469967,-151.9441194288121,1.0,0.19985602918973805,775.0,0.19985602918973805,0.35505525873212596,1.2781989314356534,0.5940875349583962,0.05305417805016219,0.0,0.35505525873212596,1.2781989314356534,0.17583440628444663,0.0,0.0,0.0,0.0,0.0,0.0,20.662386724192313,0.0034097822102085364,12.275215956750733,31426.412970431415,8.729559158453165,14.367527411489078,391183.08330024575,1783556997183083.2,1783556997087535.0
776.0,862.9976915867018,24288.0,88.93764132081921,-1003.8960741213866,63.23787689016814,1010.9653580404622,0.0889376413208192,-1.0038960741213865,0.06323787689016813,1.0109653580404623,1.0109046662741081,1.0109046662741081,9.913588245516982,0.010904666274108162,0.1069382455169828,0.8721803202588116,1.0276712394656267,-0.15549091920681507,-0.035512300503755125,-9.844857435282494,-9.625226975,-0.21963046028249386,-0.20543006764124636,0.6201517254049672,0.8433718999999998,-0.2232201745950326,-0.06864654999999986,0.0889376413208192,0.8721803202588116,-0.035512300503755125,-0.035512300503755125,0.05578156480849281,9.913588245516982,1.0109046662741081,43.66108196535804,-79.39491951732099,107.5,31.768577257183885,-151.11200932240706,1.0,0.18514752667307854,776.0,0.18514752667307854,0.16741701728321612,0.602701262219578,0.594,0.11414948942910619,0.0,0.16741701728321612,0.602701262219578,-0.02815460496110407,0.0,0.0,0.0,0.0,0.0,0.0,20.960487933257813,0.0034584805089875386,12.450529832355139,31494.104784130493,8.748362440036242,16.860548508721116,394397.71133801725,1783557000397711.2,1783557000482679.0
777.0,958.8457838423027,24288.0,31.804385048831442,-1006.6460982896656,137.94074656384007,1016.4935010385935,0.03180438504883144,-1.0066460982896657,0.13794074656384006,1.0164935010385936,1.0168488458093974,1.0168488458093974,9.971880733756725,0.016848845809397335,0.16523073375672637,0.31189447263912284,0.995374975,-0.6834805023608772,-0.28929617500000016,-9.871825959792348,-9.670395672770972,-0.2014302870213766,0.09806649999999983,1.3527366222902821,0.784532,0.5682046222902821,0.2451662499999998,0.03180438504883144,0.31189447263912284,-0.28929617500000016,-0.28929617500000016,-0.17536623560296088,9.971880733756725,1.0168488458093974,43.66108521185069,-79.394922,107.5,31.568641533121163,-150.75314202535375,1.0,0.1317237115310478,777.0,0.1317237115310478,0.11119492637690076,0.40030173495684274,0.5958474027489279,0.02355672156965685,0.0,0.11119492637690076,0.40030173495684274,0.02423755228579822,0.0,0.0,0.0,0.0,0.0,0.0,23.28844639796185,0.0038550942553448307,13.87833931924139,31883.828342360008,8.856618983988888,39.38549952576203,410346.89856165193,1783557016346898.5,1783557016211850.8
778.0,722.0,24288.0,110.0,-972.0,86.0,983.0,0.11,-0.972,0.086,0.983,0.9819775964857854,0.9819775964857854,9.629910596577327,-0.01802240351421458,-0.17673940342267241,1.0787315,1.06892485,0.009806650000000028,0.009806650000000028,-9.5320638,-9.536967125,0.004903325000000791,0.0,0.8433718999999998,0.8580818749999999,-0.014709975000000042,-0.058839899999999945,0.11,1.0787315,0.009806650000000028,0.009806650000000028,-0.01656528716216221,9.629910596577327,0.9819775964857854,43.661085,-79.394922,107.5,31.568641533121163,-150.77656000026124,1.0,0.0,777.5206028780527,0.0,0.0,0.0,0.592,0.0,0.0,0.0,0.0,0.0,0.0,0.0,0.0,0.0,0.0,-0.0,17.535936,0.0028836872533333333,10.381274112,32820.194085888004,9.116720579413334,27.436887329963987,458575.0,1783557064575000.0,1783557065000000.0
