dist_m_grid,current_mA,voltage_mV,ax_x100,ay_x100,az_x100,amag_x100,imu_ax_g,imu_ay_g,imu_az_g,imu_total_g_reported,accel_total_g,imu_total_g,accel_total_m_s2,accel_dynamic_g,accel_dynamic_m_s2,imu_ax_m_s2,imu_ax_bias_m_s2,imu_ax_dynamic_m_s2,imu_ax_dynamic_smooth_m_s2,imu_ay_m_s2,imu_ay_bias_m_s2,imu_ay_dynamic_m_s2,imu_ay_dynamic_smooth_m_s2,imu_az_m_s2,imu_az_bias_m_s2,imu_az_dynamic_m_s2,imu_az_dynamic_smooth_m_s2,accel_longitudinal_raw_g,accel_longitudinal_m_s2,imu_forward_dynamic_m_s2,accel_longitudinal_smooth_m_s2,jerk_m_s3,accel_m_s2,accel_mag,lat,lon,elev,x,y,gps_dt_s,gps_dist_m,gps_cumdist_m,gps_speed_m_s_raw,gps_speed_m_s,gps_speed_kph,dt_s,dist_m,elev_diff_m,speed_m_s,speed_kph,gps_longitudinal_accel_raw_m_s2,gps_longitudinal_accel_m_s2,gps_longitudinal_accel_abs_m_s2,grade_raw_pct,grade_pct,uphill_grade_pct,downhill_grade_pct,power_w,energy_wh,energy_j,cum_energy_j,cum_energy_wh,efficiency_wh_per_km,timestamp_ms,time,gps_time
0.0,942.0,24288.0,121.0,-970.0,-23.0,978.0,0.121,-0.97,-0.023,0.978,0.9777883206502315,0.9777883206502315,9.588827834704592,-0.02221167934976853,-0.21782216529540757,1.1866046499999998,1.0198915999999998,0.16671305000000003,0.004903324999999903,-9.5124505,-9.659550249999999,0.14709974999999886,0.058839899999998835,-0.22555294999999997,0.12748644999999997,-0.35303939999999995,-0.009806650000000028,0.121,1.1866046499999998,0.004903324999999903,0.004903324999999903,0.23486514705882336,9.588827834704592,0.9777883206502315,43.661072,-79.394887,107.5,0.0,0.0,0.0,0.0,0.0,0.0,0.055597463542111925,0.20015086875160293,0.595,0.0,0.0,0.055597463542111925,0.20015086875160293,0.0,0.0,0.0,0.0,0.0,0.0,-0.0,22.879296,0.0037814392000000002,13.61318112,241.705966656,0.06714054629333333,36.684003970585806,32265.0,1783556638265000.0,1783556638000000.0
1.0,2858.724233988179,24288.0,96.86587063035925,-998.8098242900098,-5.644209305044285,1003.9288418610089,0.09686587063035924,-0.9988098242900099,-0.0056442093050443065,1.0039288418610088,1.0039794326873357,1.0039794326873357,9.84567490356326,0.0039794326873356135,0.0390249035632598,0.9499296902172125,0.9998892454457875,-0.04995955522857498,-0.019613299999999945,-9.794978363373625,-9.640715059108425,-0.1542633042652003,0.12826455910842424,-0.055350785181312645,0.16122614316868122,-0.21657692834999365,-0.009806649999999972,0.09686587063035924,0.9499296902172125,-0.019613299999999945,-0.019613299999999945,-0.0026111043906879017,9.84567490356326,1.0039794326873357,43.66106903967252,-79.39488403967253,107.5,0.23840129028752083,-0.3272345991620088,1.0,0.131797034088992,1.0,0.131797034088992,0.003191355324926759,0.011488879169736343,0.5969603274763337,0.131797034088992,0.0,0.003191355324926759,0.011488879169736343,-0.07725110282992359,0.0,0.0,0.0,0.0,0.0,0.0,69.43269419510489,0.011514152607945003,41.45094938860202,1007.0153382707496,0.279726482852986,67.5709981614451,46009.315503371196,1783556652009315.5,1783556651960327.5
2.0,6702.644678913153,24288.0,65.0838432993134,-938.7123102431667,49.664229524168604,943.5084637856469,0.06508384329931338,-0.9387123102431667,0.0496642295241686,0.9435084637856469,0.9438636565259051,0.9438636565259051,9.256140527269766,-0.056136343474094914,-0.5505094727302329,0.6382544718912116,0.9328311805175822,-0.29457670862637053,-0.13729309999999995,-9.205623077246152,-9.478127224999998,0.27250414775384657,-0.06864655000000042,0.48703971646318794,0.30615795487060443,0.1808817615925835,-0.07310291374917627,0.06508384329931338,0.6382544718912116,-0.13729309999999995,-0.13729309999999995,-0.02347796961931592,9.256140527269766,0.9438636565259051,43.66107004076929,-79.3948809592307,107.5,0.4864756376869664,-0.2165733623470621,1.0,0.2562619704649729,2.0,0.2562619704649729,0.2562619704649729,0.9225430936739024,0.599959230708496,0.14283700945034455,0.0,0.2562619704649729,0.9225430936739024,0.07986462365495821,0.05688498009345804,0.05688498009345804,0.0,0.0,0.0,0.0,162.79383396144266,0.02712341676848582,97.64430036654896,2558.1788088092867,0.710605224669246,76.74384781461443,60731.71040280544,1783556666731710.5,1783556666520384.8
3.0,7983.980748030175,24288.0,88.91210075864481,-952.0878992413552,47.375931059874596,958.1839098475283,0.08891210075864481,-0.9520878992413552,0.0473759310598746,0.9581839098475283,0.9574482905037107,0.9574482905037107,9.389360278068215,-0.04255170949628924,-0.4172897219317848,0.8719298529047641,0.8394885792786134,0.03244127362615068,-0.12258312500000001,-9.336792797095235,-9.496955906324143,0.1601631092289073,0.11277647499999865,0.4645991743283192,0.3138128,0.1507863743283192,0.05781989572138653,0.08891210075864481,0.8719298529047641,-0.12258312500000001,-0.12258312500000001,0.0,9.389360278068215,0.9574482905037107,43.66107693599293,-79.39487306400707,107.4,1.122294316794235,0.5456246585764772,1.0,0.5454338960577917,3.0,0.5454338960577917,0.5454338960577917,1.96356202580805,0.5979839982323044,0.5401825814271856,0.0,0.5454338960577917,1.96356202580805,0.21812208138849837,0.08913311433191703,0.08913311433191703,0.0,0.0,0.0,0.0,193.91492440815688,0.03221027627850123,115.95699460260444,3098.7054011309997,0.8607515003141665,58.65471521554818,62806.43094291808,1783556668806431.0,1783556668983998.2
4.0,9975.125845630644,24288.0,64.39456236415367,-944.6187579690767,3.1120978024615082,946.896782419692,0.06439456236415367,-0.9446187579690767,0.003112097802461508,0.946896782419692,0.9468631436250375,0.9468631436250375,9.285555447430474,-0.05313685637496249,-0.5210945525695257,0.6314949350084276,0.9022117999999999,-0.2707168649915723,-0.10787314999999997,-9.263545542837445,-9.511900848042746,0.2483553052053006,0.15200307499999965,0.030519253914509152,0.28140242119656816,-0.250883167282059,-0.004903325000000014,0.06439456236415367,0.6314949350084276,-0.10787314999999997,-0.10787314999999997,0.0068390179229781654,9.285555447430474,0.9468631436250375,43.661082775804395,-79.39486361431786,107.4,1.8832973228776528,1.1911574180964866,1.0,1.1438418125209875,4.0,1.1438418125209875,1.1357865784118832,4.08883168228278,0.6008879021975385,0.9912155572059085,0.0,1.1357865784118832,4.08883168228278,0.6482062731642584,0.08949198695918971,0.08949198695918971,0.0,0.0,0.0,0.0,242.2758565386771,0.040459480698866124,145.65413051591804,3322.2715457332683,0.9228532071481301,57.20678811006424,63848.62928072954,1783556669848629.2,1783556669721975.5
5.0,14717.063444937476,24288.0,51.64345031598763,-972.777180314643,22.431766841468338,974.777180314643,0.051643450315987625,-0.972777180314643,0.02243176684146834,0.9747771803146429,0.9746828424516595,0.9746828424516595,9.558373496928565,-0.025317157548340526,-0.24827650307143356,0.5064492420412801,0.9022117999999999,-0.3957625579587199,-0.10787314999999997,-9.539685335332592,-9.52180642913991,-0.01787890619268423,0.08966661704128015,0.21998048629588549,0.2612283875802743,-0.041247901284388766,-0.004903325000000014,0.051643450315987625,0.5064492420412801,-0.10787314999999997,-0.10787314999999997,0.0,9.558373496928565,0.9746828424516595,43.66108681615705,-79.39485273537179,107.4,2.759401337142088,1.6377780007404321,1.0,1.367855414893631,5.0,1.367855414893631,1.3668298275437,4.920587379157321,0.600183842947425,1.367855414893631,0.0,1.3668298275437,4.920587379157321,0.4488210563960331,0.06967213345788104,0.06967213345788104,0.0,0.0,0.0,0.0,357.4480369506414,0.05953849972115107,214.33859899614384,3493.4264709572662,0.9703962419325739,51.27921364151736,64287.51547935996,1783556670287515.5,1783556670454039.2
6.0,20138.54775595774,24288.0,76.0484144056747,-938.2193657622698,28.56126847546023,941.5580784740115,0.07604841440567471,-0.9382193657622699,0.02856126847546023,0.9415580784740115,0.9418357192323485,0.9418357192323485,9.23625325600991,-0.05816428076765146,-0.5703967439900892,0.7457801831314098,0.8364755927912393,-0.09069540965982945,-0.09898386058247853,-9.200788943252563,-9.5288212935073,0.32803235025473615,0.15432822091022044,0.28009036349487204,0.24317326779123932,0.036917095703632746,-0.014963008179558483,0.07604841440567471,0.7457801831314098,-0.09898386058247853,-0.09898386058247853,0.014311251234149853,9.23625325600991,0.9418357192323485,43.66108967742542,-79.3948409515856,107.4,3.7083739969047964,1.9540626063037396,1.0,1.5260449736174184,6.0,1.5260449736174184,1.4490475131093128,5.2165710471935265,0.5971354850846966,0.2565303147685772,0.0,1.4490475131093128,5.2165710471935265,0.08652767989192822,0.04493076852822817,0.04493076852822817,0.0,0.0,0.0,0.0,489.1250478967016,0.08113075896921376,292.07073228916954,3957.2720267041923,1.0992422296400535,32.26017379027753,65251.57778286665,1783556671251577.8,1783556671067742.5
7.0,19863.91259595407,24288.0,87.93166652121812,-942.9726666084872,19.054666783025503,947.6317406664003,0.08793166652121812,-0.9429726666084872,0.019054666783025503,0.9476317406664003,0.9476254936385904,0.9476254936385904,9.293031547190882,-0.05237450636140957,-0.5136184528091171,0.8623150774903036,0.8287065998339797,0.03360847765632391,-0.08344587466795939,-9.247402900996121,-9.535295454305016,0.287892553308895,0.16339204602702334,0.18686244800775703,0.23540427483397974,-0.04854182682622267,0.0031646420540472307,0.08793166652121812,0.8623150774903036,-0.08344587466795939,-0.08344587466795939,0.03808222946252462,9.293031547190882,0.9476254936385904,43.661092318148114,-79.39482906833348,107.4,4.6653568533498735,2.2459680928079875,1.0,2.1664408599288167,7.0,2.1664408599288167,1.7458010802895148,6.284883889042253,0.5976636296231652,1.2565303147685773,0.0,1.7458010802895148,6.284883889042253,0.38033493683736136,0.0413876059253535,0.0413876059253535,0.0,0.0,0.0,0.0,482.4547091305325,0.08009289772842271,288.33443182232173,4030.91661378247,1.1196990593840195,30.899670710722543,65409.75707213799,1783556671409757.0,1783556671331814.8
8.0,19589.2774359504,24288.0,99.81491863676152,-947.7259674547046,9.548065090590779,953.7054028587892,0.09981491863676152,-0.9477259674547046,0.00954806509059078,0.9537054028587891,0.9534152680448323,0.9534152680448323,9.349809838371854,-0.04658473195516768,-0.4568401616281451,0.9788499718491974,0.8209376068767201,0.15791236497247724,-0.06790788875344023,-9.294016858739678,-9.541769615102732,0.24775275636305394,0.17245587114382624,0.09363453252064205,0.22763528187672016,-0.13400074935607809,0.02129229228765294,0.09981491863676152,0.9788499718491974,-0.06790788875344023,-0.06790788875344023,0.06185320769089938,9.349809838371854,0.9534152680448323,43.661094958870805,-79.39481718508137,107.4,5.622339709794951,2.537873579312235,1.0,2.806836746240215,8.0,2.806836746240215,2.0425546474697165,7.35319673089098,0.5981917741616338,2.2565303147685776,0.0,2.0425546474697165,7.35319673089098,0.6741421937827945,0.03784444332247883,0.03784444332247883,0.0,0.0,0.0,0.0,475.7843703643633,0.07905503648763165,284.598131355474,4104.561200860748,1.1401558891279855,29.539167631167558,65567.93636140933,1783556671567936.2,1783556671595887.0
9.0,19314.64227594673,24288.0,111.69817075230493,-952.479268300922,0.041463398156054154,959.7790650511781,0.11169817075230493,-0.952479268300922,4.1463398156055264e-05,0.959779065051178,0.9592050424510742,0.9592050424510742,9.406588129552826,-0.040794957548925787,-0.40006187044717306,1.0953848662080912,0.8131686139194605,0.2822162522886306,-0.05236990283892107,-9.340630816483236,-9.548243775900449,0.20761295941721286,0.18151969626062914,0.0004066170335270125,0.21986628891946058,-0.21945967188593352,0.039419942521258654,0.11169817075230493,1.0953848662080912,-0.05236990283892107,-0.05236990283892107,0.08562418591927413,9.406588129552826,0.9592050424510742,43.661097599593504,-79.39480530182925,107.4,6.5793225662400285,2.8297790658164828,1.0,3.4472326325516134,9.0,3.4472326325516134,2.3393082146499182,8.421509572739707,0.5987199187001024,3.256530314768578,0.0,2.3393082146499182,8.421509572739707,0.9679494507282276,0.03430128071960416,0.03430128071960416,0.0,0.0,0.0,0.0,469.11403159819423,0.0780171752468406,280.8618308886262,4178.205787939026,1.1606127188719517,28.178664551612577,65726.11565068069,1783556671726115.8,1783556671859959.2
10.0,17419.273702299626,24288.0,114.34687966818615,-1004.5737430401589,41.54437253859276,1012.8906186342916,0.11434687966818614,-1.004573743040159,0.04154437253859276,1.0128906186342916,1.01229053490926,1.01229053490926,9.927178974167893,0.01229053490925986,0.12052897416789318,1.1213598274980174,0.8041453,0.31721452749801754,-0.0441299249999999,-9.851503097184773,-9.547064907840998,-0.3044381893437745,0.12617479890959532,0.4074111209555907,0.196133,0.21127812095559065,0.04442105784099922,0.11434687966818614,1.1213598274980174,-0.0441299249999999,-0.0441299249999999,0.0,9.927178974167893,1.01229053490926,43.66110050500068,-79.39479354437255,107.4,7.526174858757595,3.1509427753998964,1.0,3.5441303137325058,10.0,3.5441303137325058,2.4966801437170414,8.98804851738135,0.6022474996604955,0.46968816394527124,0.0,2.4966801437170414,8.98804851738135,0.91235167503853,0.02737232748705277,0.02737232748705277,0.0,0.0,0.0,0.0,423.0793196814533,0.07077966711852261,254.80680162668142,4520.35235987793,1.2556534332994251,26.140233371128407,66525.6869258408,1783556672525687.0,1783556672188125.0
11.0,17194.17478387618,24288.0,136.37613325055187,-971.7301286082682,29.928947922436286,982.8507273856111,0.13637613325055187,-0.9717301286082681,0.029928947922436288,0.9828507273856111,0.9823251003659148,0.9823251003659148,9.633318445503399,-0.017674899634085153,-0.17333155449660115,1.3373930071415243,0.8041453,0.5332477071415245,-0.0441299249999999,-9.529417265716273,-9.537245217857203,0.007827952140930683,0.07118453500033943,0.2935027171435598,0.196133,0.09736971714355977,0.034601367857203455,0.13637613325055187,1.3373930071415243,-0.0441299249999999,-0.0441299249999999,0.0,9.633318445503399,0.9823251003659148,43.66110370925575,-79.39478192894792,107.4,8.461589013444433,3.5051411305031808,1.0,3.0273792952438177,11.0,3.0273792952438177,2.4966801437170414,8.98804851738135,0.6006453721272326,1.4696881639452712,0.0,2.4966801437170414,8.98804851738135,0.4622503997778077,0.01662057226979995,0.01662057226979995,0.0,0.0,0.0,0.0,417.6121171507847,0.06968055728117628,250.8500062122346,4619.198185073858,1.2831106069649607,23.336372436364243,66765.60552394691,1783556672765605.5,1783556672588657.0
12.0,16969.075865452734,24288.0,158.4053868329176,-938.8865141763774,18.313523306279816,952.8108361369306,0.1584053868329176,-0.9388865141763774,0.018313523306279816,0.9528108361369305,0.9523596658225698,0.9523596658225698,9.339457916838903,-0.04764033417743016,-0.46719208316109556,1.5534261867850312,0.8041453,0.7492808867850312,-0.0441299249999999,-9.20733143424777,-9.527425527873406,0.3200940936256358,0.01619427109108354,0.17959431333152892,0.196133,-0.01653868666847108,0.02478167787340768,0.1584053868329176,1.5534261867850312,-0.0441299249999999,-0.0441299249999999,0.0,9.339457916838903,0.9523596658225698,43.661106913510814,-79.3947703135233,107.4,9.39700316813127,3.8593394856064656,1.0,2.5106282767551296,12.0,2.5106282767551296,2.4966801437170414,8.98804851738135,0.5990432445939696,2.4696881639452712,0.0,2.4966801437170414,8.98804851738135,0.012149124517085497,0.005868817052547132,0.005868817052547132,0.0,0.0,0.0,0.0,412.144914620116,0.06858144744382995,246.89321079778782,4718.044010269787,1.3105677806304965,20.53251150160008,67005.52412205304,1783556673005524.0,1783556672989188.8
13.0,12498.420195916542,24288.0,105.28816380068412,-952.727438957877,37.49219862071948,961.5295193256851,0.10528816380068412,-0.9527274389578769,0.037492198620719466,0.9615295193256851,0.9615643323788313,0.9615643323788313,9.429724860122866,-0.03843566762116866,-0.3769251398771336,1.032524171535979,0.8041453,0.22837887153597902,0.06843805265561739,-9.343064539256263,-9.527160474999999,0.18409593574373567,0.06780807766774476,0.36767286960387857,0.19188515178658047,0.17578771781729813,0.035136245533548834,0.10528816380068412,1.032524171535979,0.06843805265561739,0.06843805265561739,0.1882407653103968,9.429724860122866,0.9615643323788313,43.66111089843972,-79.39475917100076,107.4,10.294333540504978,4.299833527482127,1.0,2.388226269417738,13.0,2.388226269417738,2.388226269417738,8.597614569903858,0.5985668400306506,2.388226269417738,0.0,2.388226269417738,8.597614569903858,-0.10845387429930346,0.005578605893212019,0.005578605893212019,0.0,0.0,0.0,0.0,303.561629718421,0.0504898308774213,181.76339115871673,4762.587030269242,1.3229408417414563,19.65558482278436,67271.0296616709,1783556673271029.8,1783556673433160.0
14.0,7909.989565060856,24288.0,50.086320565396946,-967.8634282320686,57.52512560126724,971.3233947383973,0.05008632056539694,-0.9678634282320685,0.05752512560126723,0.9713233947383972,0.9718556072204909,0.9718556072204909,9.530647790548826,-0.028144392779509083,-0.2760022094511727,0.49117901557264987,0.8041453,-0.3129662844273501,0.18412875130907064,-9.491497888472015,-9.527160474999999,0.03566258652798393,0.12237916193824173,0.5641287729776674,0.18751946504494071,0.3766093079327266,0.04605046238764821,0.05008632056539694,0.49117901557264987,0.18412875130907064,0.18412875130907064,0.3817034720887467,9.530647790548826,0.9718556072204909,43.66111490502512,-79.39474804159688,107.4,11.190607439899573,4.742721477098861,1.0,2.276763802465138,14.0,2.276763802465138,2.276763802465138,8.196349688874498,0.5981216638755273,2.276763802465138,0.0,2.276763802465138,8.196349688874498,-0.2199163412519031,0.005578605893212019,0.005578605893212019,0.0,0.0,0.0,0.0,192.1178265561981,0.03192682929838458,114.93658547418451,4805.623649304942,1.3348954581402617,18.832112760350828,67537.24500243462,1783556673537245.0,1783556673878336.0
15.0,5346.235832450328,24288.0,71.01993226845462,-979.8206095839084,17.603547816560354,982.8206095839084,0.07101993226845463,-0.9798206095839084,0.017603547816560355,0.9828206095839083,0.982597800282574,0.982597800282574,9.635992718141104,-0.017402199717425956,-0.1706572818588952,0.6964676187804406,0.7796286749999999,-0.08316105621955933,0.21574629999999984,-9.608757780976035,-9.520655286463407,-0.08810249451262805,0.13238977500000004,0.17263183219527162,0.18137415780488983,-0.008742325609618226,0.04903325000000003,0.07101993226845463,0.6964676187804406,0.21574629999999984,0.21574629999999984,0.0,9.635992718141104,0.982597800282574,43.661119366553784,-79.3947372569263,107.4,12.059119254656434,5.235898855330208,1.0,2.2167784373959245,15.0,2.2167784373959245,2.2401199484741703,8.064431814507014,0.5976832768903788,0.7267062170171673,0.0,2.2401199484741703,8.064431814507014,-0.17226898035784688,0.005578605893212019,0.005578605893212019,0.0,0.0,0.0,0.0,129.8493758985536,0.021598596974072126,77.75494910665967,4912.35275121283,1.364542430892453,16.27086869902109,68408.32988222354,1783556674408330.0,1783556674336655.5
16.0,7842.754769493454,24288.0,73.79950428965684,-954.8044613930884,8.801569749419999,957.8044613930884,0.07379950428965684,-0.9548044613930884,0.008801569749419999,0.9578044613930884,0.9577287752767427,0.9577287752767427,9.392110894067669,-0.04227122472325726,-0.4145391059323308,0.7237259087421632,0.7796286749999999,-0.05590276625783662,0.21574629999999984,-9.36343317132053,-9.52519833479036,0.1617651634698295,0.13238977500000004,0.08631391398314964,0.17455958531445917,-0.08824567133130953,0.04903325000000003,0.07379950428965684,0.7237259087421632,0.21574629999999984,0.21574629999999984,0.0,9.392110894067669,0.9577287752767427,43.66112399917382,-79.39472660190023,107.4,12.91719052967871,5.747988674198908,1.0,2.176152163498998,16.0,2.176152163498998,2.2316132719216193,8.03380777891783,0.5999995869080473,1.7267062170171676,0.0,2.2316132719216193,8.03380777891783,-0.06478488524615472,0.005578605893212019,0.005578605893212019,0.0,0.0,0.0,0.0,190.48482784145705,0.03177654468875925,114.39556087953328,4972.679017484193,1.3812997270789424,15.601509505336448,68686.7503463473,1783556674686750.2,1783556674799917.5
17.0,8947.551901242034,24288.0,133.96008613094583,-954.7783204465567,31.1751614955234,965.0133527456613,0.13396008613094582,-0.9547783204465566,0.031175161495523403,0.9650133527456614,0.9647509558226518,0.9647509558226518,9.460974960918207,-0.03524904417734817,-0.3456750390817915,1.3136996786560398,0.7439572495800124,0.5697424290760273,0.31437810773206704,-9.363176816207224,-9.5516771,0.188500283792775,0.13238977500000004,0.30572389748007456,0.171616375,0.13410752248007457,0.06903797134396027,0.13396008613094582,1.3136996786560398,0.31437810773206704,0.31437810773206704,0.10866639943741084,9.460974960918207,0.9647509558226518,43.66112854989234,-79.39471588025839,107.4,13.78062650860619,6.251025099383751,1.0,2.1762850046432884,17.0,2.1762850046432884,2.2279392427427687,8.020581273873967,0.597,0.568100520085132,0.0,2.2279392427427687,8.020581273873967,-0.013680305246967103,0.0333270086403724,0.0333270086403724,0.0,0.0,0.0,0.0,217.3181405773665,0.03603859164574662,129.73892992468782,5162.159181911921,1.433933106086645,14.621987000902102,69556.22857247817,1783556675556228.5,1783556675254989.2
18.0,8659.842080568971,24288.0,130.3693239384583,-1024.7981832000632,24.442482384609303,1033.686679676985,0.1303693239384583,-1.0247981832000632,0.024442482384609304,1.033686679676985,1.0334662197293436,1.0334662197293436,10.134841503708767,0.033466219729343646,0.3281915037087677,1.278486330601082,0.7329530783128381,0.5455332522882439,0.25495558288932585,-10.049837103278898,-9.5516771,-0.49816000327889975,0.13238977500000004,0.23969886987702882,0.171616375,0.06808249487702885,0.10425131939891799,0.1303693239384583,1.278486330601082,0.25495558288932585,0.25495558288932585,-0.09040403554664686,10.134841503708767,1.0334662197293436,43.66113303834508,-79.39470510797182,107.4,14.648141013682892,6.747178665135662,1.0,2.2074050390143234,18.0,2.2074050390143234,2.2279392427427687,8.020581273873967,0.597,1.5681005200851328,0.0,2.2279392427427687,8.020581273873967,-0.005438356761114812,0.08217118632745177,0.08217118632745177,0.0,0.0,0.0,0.0,210.33024445285918,0.03487976553843248,125.56715593835693,5217.283870935669,1.4492455197043526,13.406662261008801,69824.18920109255,1783556675824189.2,1783556675703834.5
19.0,8421.429662421635,24288.0,126.42047682671982,-1068.2358344467598,14.340041962412688,1076.1042075156531,0.12642047682671984,-1.0682358344467597,0.014340041962412689,1.076104207515653,1.0758892172085763,1.0758892172085763,10.550868991938486,0.0758892172085764,0.7442189919384857,1.239761369072752,0.7256921,0.514069269072752,0.2338177694151226,-10.475814945877314,-9.548450051890155,-0.9273648939871585,0.13238977500000004,0.14062777251069442,0.171616375,-0.030988602489305586,0.11715989604850131,0.12642047682671984,1.239761369072752,0.2338177694151226,0.2338177694151226,-0.16224777978947297,10.550868991938486,1.0758892172085763,43.66113731626931,-79.394694182819,107.4,15.52796615322716,7.220060409894943,1.0,2.2748437148707583,19.0,2.2748437148707583,2.2748437148707583,8.18943737353473,0.5968683730688933,2.2748437148707583,0.0,2.2748437148707583,8.18943737353473,0.04690447212798954,0.09934228386634351,0.09934228386634351,0.0,0.0,0.0,0.0,204.53968364089667,0.03391230350054122,122.08429260194839,5269.092800201487,1.4636368889448577,12.782945062282932,70079.44965093958,1783556676079449.8,1783556676131627.0
20.0,8278.6434583074,24288.0,121.777023034387,-1060.1097903101772,-2.2990007934466057,1067.5912088963762,0.121777023034387,-1.0601097903101773,-0.0022990007934466025,1.0675912088963762,1.0673109495502497,1.0673109495502497,10.466744923406957,0.06731094955024972,0.6600949234069563,1.194224642940171,0.7256921,0.4685325429401712,0.2869439499031335,-10.3961256751453,-9.538963233945868,-0.857162441199431,0.13238977500000004,-0.02254549613105314,0.171616375,-0.19416187113105313,0.08680207862678084,0.121777023034387,1.194224642940171,0.2869439499031335,0.2869439499031335,0.012700520501798568,10.466744923406957,1.0673109495502497,43.66114118581414,-79.394682961139,107.4,16.431671239911935,7.647799895201106,1.0,2.4127326377206724,20.0,2.4127326377206724,2.4127326377206724,8.68583749579442,0.5964814185861989,2.4127326377206724,0.0,2.4127326377206724,8.68583749579442,0.18479339497790373,0.05507451067046154,0.05507451067046154,0.0,0.0,0.0,0.0,201.07169231537014,0.03331604603983488,119.93776574340555,5314.469878374772,1.476241632881881,13.306817522581213,70310.07452262545,1783556676310074.5,1783556676518581.5
21.0,8135.857254193165,24288.0,117.13356924205416,-1051.9837461735947,-18.938043549305895,1059.0782102770993,0.11713356924205418,-1.0519837461735948,-0.01893804354930589,1.0590782102770993,1.058732681891923,1.058732681891923,10.382620854875427,0.058732681891923016,0.5759708548754269,1.1486879168075905,0.7256921,0.42299581680759046,0.3400701303911444,-10.316436404413283,-9.52947641600158,-0.7869599884117033,0.13238977500000004,-0.18571876477280064,0.171616375,-0.3573351397728006,0.05644426120506037,0.11713356924205418,1.1486879168075905,0.3400701303911444,0.3400701303911444,0.18764882079307008,10.382620854875427,1.058732681891923,43.661145055358965,-79.394671739459,107.4,17.33537632659671,8.07553938050727,1.0,2.5506215605705864,21.0,2.5506215605705864,2.5506215605705864,9.182237618054112,0.5960944641035045,2.5506215605705864,0.0,2.5506215605705864,9.182237618054112,0.3226823178278179,0.010806737474579567,0.010806737474579567,0.0,0.0,0.0,0.0,197.60370098984362,0.032719788579128536,117.79123888486272,5359.8469565480555,1.4888463768189044,13.830689982879495,70540.6993943113,1783556676540699.5,1783556676905536.0
22.0,7919.395666125498,24288.0,99.25196774108392,-959.4625983870542,24.667320965655612,966.3877951611626,0.09925196774108393,-0.9594625983870542,0.024667320965655604,0.9663877951611626,0.9660348818030701,0.9660348818030701,9.473565973634077,-0.033965118196929926,-0.3330840263659228,0.9733293094481006,0.7256921,0.2476372094481007,0.046412679823418304,-9.409113890472403,-9.545089463090505,0.1359755726181019,0.13238977500000004,0.2419037831478466,0.18896140476379747,0.05294237838404914,0.10640601188962016,0.09925196774108393,0.9733293094481006,0.046412679823418304,0.046412679823418304,-0.33282788907603905,9.473565973634077,0.9660348818030701,43.661149493110486,-79.3946609389758,107.4,18.20516156375988,8.5660884333413,1.0,2.645762275677074,22.0,2.645762275677074,2.645762275677074,9.524744192437465,0.6003877951611626,0.755877996691623,0.0,2.645762275677074,9.524744192437465,0.3220731025666224,0.0,0.0,0.0,0.0,0.0,0.0,192.3462819388561,0.032079753788575915,115.4871136388733,5517.700381679594,1.5326945504665541,12.212895306622565,71359.14568065785,1783556677359145.8,1783556677268700.8
23.0,7860.385701462247,24288.0,85.03269914752944,-958.7516349573765,-10.169887088552862,964.2549048721294,0.08503269914752945,-0.9587516349573765,-0.010169887088552876,0.9642549048721294,0.9639292566558215,0.9639292566558215,9.452916844783811,-0.03607074334417849,-0.353733155216188,0.8338859190951197,0.7256921,0.10819381909511969,0.15971043448521538,-9.402141720954754,-9.536374251193443,0.13423253023868933,0.13238977500000004,-0.09973252321695691,0.192447489522622,-0.29218001273957894,0.07851733381902395,0.08503269914752945,0.8338859190951197,0.15971043448521538,0.15971043448521538,0.08890255351124976,9.452916844783811,0.9639292566558215,43.66115411437278,-79.39465027452435,107.4,19.063991882730733,9.076922767026137,1.0,2.7270968234419475,23.0,2.7270968234419475,2.7270968234419475,9.81754856439101,0.5982549048721294,1.7558779966916225,0.0,2.7270968234419475,9.81754856439101,0.27673386066336536,0.0,0.0,0.0,0.0,0.0,0.0,190.91304791711508,0.03172787277172544,114.22034197821158,5557.827549783907,1.5438409860510853,11.69449335271481,71571.01278270182,1783556677571012.8,1783556677624182.5
24.0,7801.3757367989965,24288.0,70.81343055397497,-958.0406715276987,-45.007095142761344,962.1220145830962,0.07081343055397497,-0.9580406715276987,-0.04500709514276135,0.9621220145830962,0.961823631508573,0.961823631508573,9.432267715933547,-0.03817636849142705,-0.3743822840664531,0.6944425287421386,0.7256921,-0.03124957125786132,0.2730081891470124,-9.395169551437105,-9.527659039296383,0.13248948785927678,0.13238977500000004,-0.4413688295817605,0.19593357428144653,-0.637302403863207,0.050628655748427745,0.07081343055397497,0.6944425287421386,0.2730081891470124,0.2730081891470124,0.5106329960985384,9.432267715933547,0.961823631508573,43.66115873563507,-79.39463961007291,107.4,19.922822201701585,9.587757100710975,1.0,2.8084313712068214,24.0,2.8084313712068214,2.8084313712068214,10.110352936344556,0.5961220145830962,2.755877996691622,0.0,2.8084313712068214,10.110352936344556,0.2313946187601084,0.0,0.0,0.0,0.0,0.0,0.0,189.47981389537404,0.03137599175487496,112.95357031754986,5597.954717888219,1.5549874216356165,11.176091398807054,71782.87988474578,1783556677782880.0,1783556677979664.2
25.0,7078.536423665013,24288.0,46.86427802953832,-987.4635763349871,65.40285643349584,992.582861399025,0.04686427802953832,-0.987463576334987,0.06540285643349585,0.9925828613990249,0.9926634347119189,0.9926634347119189,9.734702872017639,-0.007336565288081107,-0.07194712798236058,0.459581572138372,0.7256921,-0.26611052786162803,0.3003461637772138,-9.6837096808655,-9.524379589829705,-0.15933009103579596,0.13590265741485302,0.641382922043542,0.21018452965940967,0.4311983923841323,0.12748645000000003,0.04686427802953832,0.459581572138372,0.3003461637772138,0.3003461637772138,0.034935743345416694,9.734702872017639,0.9926634347119189,43.66116382071328,-79.39462935857344,107.4,20.748396645190784,10.149861646116934,1.0,2.958167854029211,25.0,2.958167854029211,2.9581333932457574,10.649280215684726,0.597716428630542,0.942793783757366,0.0,2.9581333932457574,10.649280215684726,0.3089687188941156,0.0,0.0,0.0,0.0,0.0,0.0,171.92349265797583,0.028544746244689893,102.76108648088362,5732.0684324297945,1.5922412312304985,10.984190144713452,72562.29210756642,1783556678562292.0,1783556678283571.2
26.0,7103.500974843121,24288.0,85.96538228440637,-962.499025156879,69.0121891339452,970.9268651963288,0.08596538228440637,-0.962499025156879,0.0690121891339452,0.9709268651963288,0.9711473495810482,0.9711473495810482,9.523702155768985,-0.02885265041895177,-0.28294784423101327,0.8430324161793739,0.7256921,0.1173403161793738,0.32246832785650237,-9.438891065054706,-9.521429967952466,0.08253890289775961,0.13442784647623354,0.6767783845704037,0.20428528590493272,0.47249309866547096,0.12748645000000003,0.08596538228440637,0.8430324161793739,0.32246832785650237,0.32246832785650237,0.07199129456700558,9.523702155768985,0.9711473495810482,43.661168933934604,-79.39461913213079,107.4,21.571953210712483,10.715077131443218,1.0,3.1120547841240893,26.0,3.1120547841240893,3.1119837715686076,11.203141577646987,0.5974156509055045,1.9427937837573654,0.0,3.1119837715686076,11.203141577646987,0.3940008733182835,0.0,0.0,0.0,0.0,0.0,0.0,172.52983167698972,0.02863098112739409,103.07153205861873,5763.1990903440055,1.6008886362066683,10.812100083649252,72741.85640941377,1783556678741856.5,1783556678584349.0
27.0,7128.465526021229,24288.0,125.06648653927442,-937.534473978771,72.62152183439457,949.2708689936326,0.12506648653927444,-0.937534473978771,0.07262152183439456,0.9492708689936326,0.9496312644501775,0.9496312644501775,9.312701439520334,-0.05036873554982242,-0.49394856047966595,1.2264832602203757,0.7256921,0.5007911602203756,0.3445904919357909,-9.194072449243913,-9.51848034607523,0.3244078968313151,0.13295303553761406,0.7121738470972654,0.19838604215045577,0.5137878049468096,0.12748645000000003,0.12506648653927444,1.2264832602203757,0.3445904919357909,0.3445904919357909,0.10904684578859446,9.312701439520334,0.9496312644501775,43.66117404715593,-79.39460890568813,107.4,22.395509776234178,11.2802926167695,1.0,3.2659417142189673,27.0,3.2659417142189673,3.2658341498914574,11.757002939609247,0.5971148731804671,2.942793783757365,0.0,3.2658341498914574,11.757002939609247,0.4790330277424514,0.0,0.0,0.0,0.0,0.0,0.0,173.1361706960036,0.02871721601009829,103.38197763635384,5794.329748258217,1.609536041182838,10.640010022585052,72921.42071126113,1783556678921420.8,1783556678885126.8
28.0,7122.755270123342,24288.0,125.1270928032606,-927.2563546401631,66.74945774158954,938.3972412405706,0.12512709280326062,-0.9272563546401631,0.06674945774158954,0.9383972412405706,0.938661119594143,0.938661119594143,9.205121068467902,-0.061338880405857,-0.6015289315320974,1.2270776046390957,0.7247805162789943,0.5022970883601013,0.3393656441849152,-9.093278530231954,-9.514619073836982,0.4213405436050292,0.12509710523195497,0.654588569761559,0.1997793348840226,0.45480923487753644,0.10834319185888132,0.12512709280326062,1.2270776046390957,0.3393656441849152,0.3393656441849152,0.07754333344071555,9.205121068467902,0.938661119594143,43.66117934640412,-79.39459886492578,107.38140886600408,23.204113123682333,11.866071511467958,1.0,3.3246916954591152,28.0,3.3246916954591152,3.3245927639870163,11.968533950353258,0.5977436453598369,3.3246916954591152,-0.018591133995925838,3.3245927639870163,11.968533950353258,0.4164133109259315,0.0,0.0,-0.5592003386793885,0.0,0.0,0.0,172.99748000075573,0.02872414961745144,103.4069386228252,5825.367504953697,1.618157640264916,10.395170848216061,73101.7327153155,1783556679101732.8,1783556679185911.2
29.0,7098.090595132694,24288.0,101.06399525140885,-926.0531997625704,55.01869768506182,934.1861991689965,0.10106399525140886,-0.9260531997625705,0.05501869768506182,0.9341861991689966,0.9342074679372752,0.9342074679372752,9.161445665447078,-0.0657925320627249,-0.645204334552921,0.9910992290322287,0.7233056514314514,0.26779357760077727,0.31724267147177143,-9.081479611451611,-9.510194479294354,0.4287148678427428,0.11329818645161185,0.5395491116532115,0.20567879427419428,0.3338703173790172,0.07737103006048003,0.10106399525140886,0.9910992290322287,0.31724267147177143,0.31724267147177143,0.003676156986212778,9.161445665447078,0.9342074679372752,43.66118476060107,-79.39458893889804,107.35132999406426,24.00347665549125,12.464556842371556,1.0,3.324655142351006,29.0,3.324655142351006,3.3245927639870163,11.968533950353258,0.5989468002374295,3.324655142351006,-0.048670005935743076,3.3245927639870163,11.968533950353258,0.26255730889356993,0.0,0.0,-1.4639388758512364,0.0,0.0,0.0,172.39842437458287,0.028682081788418367,103.25549443830613,5856.347856605693,1.6267632935015817,10.105378915748556,73282.50673567379,1783556679282506.8,1783556679486700.0
30.0,7073.425920142046,24288.0,77.0008976995571,-924.8500448849778,43.287937628534095,929.9751570974225,0.07700089769955712,-0.9248500448849779,0.0432879376285341,0.9299751570974225,0.9297538162804072,0.9297538162804072,9.117770262426253,-0.07024618371959279,-0.6888797375737445,0.7551208534253617,0.7218307865839084,0.03329006684145319,0.2951196987586277,-9.069680692671268,-9.505769884751725,0.4360891920804565,0.10149926767126874,0.4245096535448639,0.21157825366436595,0.21293139988049792,0.046398868262078743,0.07700089769955712,0.7551208534253617,0.2951196987586277,0.2951196987586277,-0.07019101946829,9.117770262426253,0.9297538162804072,43.661190174798016,-79.3945790128703,107.32125112212445,24.80284018730017,13.063042173275154,1.0,3.324618589242897,30.0,3.324618589242897,3.3245927639870163,11.968533950353258,0.6001499551150221,3.324618589242897,-0.07874887787556031,3.3245927639870163,11.968533950353258,0.10870130686120838,0.0,0.0,-2.3686774130230845,0.0,0.0,0.0,171.79936874841002,0.028640013959385296,103.10405025378705,5887.328208257689,1.6353689467382473,9.815586983281053,73463.28075603208,1783556679463280.8,1783556679787488.8
31.0,8176.601144592897,24288.0,99.07504707502702,-953.8946883373044,-58.85701120125475,962.1127242110766,0.09907504707502701,-0.9538946883373044,-0.05885701120125475,0.9621127242110766,0.9620761421122737,0.9620761421122737,9.434743999045327,-0.03792385788772636,-0.37190600095467174,0.9715943103983136,0.7163647280311544,0.25522958236715926,0.22227144919304181,-9.354511345383024,-9.487933875,0.1334225296169747,0.09316317500000082,-0.5771901088967849,0.26477955,-0.8419696588967849,-0.1372931,0.09907504707502701,0.9715943103983136,0.22227144919304181,0.22227144919304181,-0.09102958180835638,9.434743999045327,0.9620761421122737,43.66119566167377,-79.39456916538003,107.3,25.59587893335043,13.669561418847984,1.0,3.293115461102357,31.0,3.293115461102357,3.311343281142827,11.920835812114177,0.5978045089684431,0.29348673158461114,0.0,3.311343281142827,11.920835812114177,-0.013249482844188993,0.0,0.0,0.0,0.0,0.0,0.0,198.5932885998723,0.03297813769285837,118.72129569429013,6039.588828881181,1.6776635635781059,8.64332393085727,74247.25632740397,1783556680247256.2,1783556680097745.5
32.0,8073.022849100723,24288.0,58.4430469141098,-939.9066227081362,-20.889404493512444,945.4602651287336,0.05844304691410981,-0.9399066227081362,-0.020889404493512446,0.9454602651287335,0.9454822681553187,0.9454822681553187,9.272013685005355,-0.054517731844681366,-0.5346363149946445,0.5731305060202548,0.7179977764097529,-0.1448672703894981,0.12755464323432297,-9.217335281580743,-9.487933875,0.27059859341925685,0.09316317500000082,-0.20485507857630375,0.26477955,-0.4696346285763037,-0.1372931,0.05844304691410981,0.5731305060202548,0.12755464323432297,0.12755464323432297,-0.2335652963867196,9.272013685005355,0.9454822681553187,43.66120132350986,-79.39455950695377,107.3,26.37369196533094,14.295420780004521,1.0,3.185862561747401,32.0,3.185862561747401,3.2661981981857493,11.758313513468696,0.5971384106051493,1.2934867315846108,0.0,3.2661981981857493,11.758313513468696,-0.058394565801267104,0.0,0.0,0.0,0.0,0.0,0.0,196.07757895895836,0.032524766190315316,117.08915828513514,6077.656255959943,1.6882378488777623,8.62941854818309,74445.75363966549,1783556680445753.8,1783556680430794.8
33.0,7969.444553608549,24288.0,17.8110467531926,-925.918557078968,17.07820221422986,928.8078060463904,0.017811046753192603,-0.925918557078968,0.01707820221422987,0.9288078060463905,0.9288883941983637,0.9288883941983637,9.109283370965382,-0.07111160580163636,-0.6973666290346172,0.1746667016421961,0.7196308247883516,-0.5449641231461554,0.032837837275604104,-9.08015921777846,-9.487933875,0.40777465722153905,0.09316317500000082,0.1674799517441774,0.26477955,-0.09729959825582257,-0.1372931,0.017811046753192603,0.1746667016421961,0.032837837275604104,0.032837837275604104,-0.37610101096508286,9.109283370965382,0.9288883941983637,43.66120698534595,-79.3945498485275,107.3,27.15150499731145,14.921280141161057,1.0,3.078609662392444,33.0,3.078609662392444,3.221053115228671,11.595791214823215,0.5964723122418556,2.2934867315846104,0.0,3.221053115228671,11.595791214823215,-0.10353964875834522,0.0,0.0,0.0,0.0,0.0,0.0,193.56186931804444,0.03207139468777226,115.45702087598013,6115.723683038706,1.6988121341774185,8.61551316550891,74644.25095192702,1783556680644251.0,1783556680763844.0
34.0,6514.3532947632675,24288.0,99.0807314519864,-1076.6458516158912,-14.979008619721938,1081.6458516158912,0.09908073145198638,-1.0766458516158912,-0.014979008619721939,1.081645851615891,1.0814890485513702,1.0814890485513702,10.605784577976294,0.08148904855137017,0.7991345779762943,0.9716500550936223,0.7207887749999999,0.2508612800936224,-0.04235781428663495,-10.558289040748978,-9.489275823979986,-1.0690132167689927,-0.04058570357327019,-0.14689389488059615,0.26477955,-0.41167344488059615,-0.4091096290736088,0.09908073145198638,0.9716500550936223,-0.04235781428663495,-0.04235781428663495,-0.012652085424049872,10.605784577976294,1.0814890485513702,43.66121291576999,-79.39454053686715,107.3,27.90139225272199,15.576829214546988,1.0,3.019571805043356,34.0,3.019571805043356,3.1860784856643787,11.469882548391762,0.5968210442791289,0.29092718450751676,0.0,3.1860784856643787,11.469882548391762,-0.12614836624075088,-0.00148173924313772,0.00148173924313772,0.0,0.0,0.0,0.0,158.22061282321022,0.026217272983440718,94.38218274038658,6246.014945603193,1.7350041515564427,8.60565323666563,75436.19242098588,1783556681436192.5,1783556681091227.2
35.0,5697.493551528814,24288.0,89.04636992281077,-996.3709593824861,5.716862034202791,1001.3709593824861,0.08904636992281077,-0.9963709593824862,0.005716862034202793,1.0013709593824862,1.000955149587741,1.000955149587741,9.816016817704618,0.0009551495877408306,0.009366817704618668,0.8732465836035322,0.7207887749999999,0.15245780860353228,-0.053120693980863595,-9.771061268828257,-9.493888486706084,-0.2771727821221739,-0.06211146296172698,0.05606326506771478,0.26477955,-0.20871628493228517,-0.3153188203096166,0.08904636992281077,0.8732465836035322,-0.053120693980863595,-0.053120693980863595,-0.027862180219464232,9.816016817704618,1.000955149587741,43.66121950081974,-79.39453207037462,107.3,28.583216397939502,16.304740614187498,1.0,3.078047804785563,35.0,3.078047804785563,3.175892161923983,11.433211782926337,0.5996432084592095,1.2909271845075168,0.0,3.175892161923983,11.433211782926337,-0.09382951088342859,-0.006574901113335642,0.006574901113335642,0.0,0.0,0.0,0.0,138.38072337953184,0.02301162877798542,82.8418636007475,6265.123196283184,1.740311998967551,8.60565323666563,75625.90456864686,1783556681625904.5,1783556681404801.0
36.0,4880.63380829436,24288.0,79.01200839363514,-916.0960671490811,26.41273268812752,921.0960671490811,0.07901200839363515,-0.9160960671490812,0.026412732688127525,0.9210960671490811,0.9204212506241115,0.9204212506241115,9.026249057432942,-0.07957874937588852,-0.780400942567057,0.774843112113442,0.7207887749999999,0.05405433711344215,-0.06388357367509223,-8.983833496907536,-9.498501149432181,0.514667652524645,-0.08363722235018378,0.25902042501602573,0.26477955,-0.005759124983974184,-0.22152801154562446,0.07901200839363515,0.774843112113442,-0.06388357367509223,-0.06388357367509223,-0.043072275014878585,9.026249057432942,0.9204212506241115,43.661226085869494,-79.39452360388208,107.3,29.26504054315701,17.032652013828006,1.0,3.1365238045277697,36.0,3.1365238045277697,3.165705838183587,11.396541017460912,0.6024653726392901,2.2909271845075168,0.0,3.165705838183587,11.396541017460912,-0.06151065552610631,-0.011668062983533563,0.011668062983533563,0.0,0.0,0.0,0.0,118.54083393585344,0.01980598457253012,71.30154446110843,6284.231446963175,1.7456198463786596,8.60565323666563,75815.61671630784,1783556681815616.8,1783556681718374.8
37.0,4158.361617606096,24288.0,71.32337023252818,-848.325161247775,43.80573905845018,853.3574385705197,0.07132337023252819,-0.848325161247775,0.04380573905845018,0.8533574385705196,0.852489346093232,0.852489346093232,8.360064645865194,-0.14751065390676796,-1.446585354134806,0.6994433286908226,0.7211053074070932,-0.021661978716270618,-0.07354987499999999,-8.319227942550492,-9.502169051389359,1.182941108838866,-0.10296982499999885,0.4295875509375504,0.26319688796453383,0.16639066297301658,-0.1372931,0.07132337023252819,0.6994433286908226,-0.07354987499999999,-0.07354987499999999,-0.05490150673582444,8.360064645865194,0.852489346093232,43.661232742378424,-79.39451525762158,107.30322773227445,29.93718215405774,17.768462511003793,1.0,3.1879934477845855,37.0,3.1879934477845855,3.1565573502821076,11.363606461015587,0.6047740587407878,3.1879934477845855,0.0032277322744592553,3.1565573502821076,11.363606461015587,-0.031436097502477944,-0.0162423069342732,0.0162423069342732,0.10225482753135426,0.0,0.0,0.0,100.99828696841686,0.016966465174357404,61.07927462768666,6303.501994304417,1.7509727761956713,8.591343223292935,76005.30183900126,1783556682005301.8,1783556682032277.2
38.0,4269.87551104717,24288.0,84.31220441174428,-890.7764729554569,32.08410821379175,896.1255511118409,0.08431220441174428,-0.8907764729554568,0.032084108213791755,0.8961255511118409,0.8956435972715977,0.8956435972715977,8.783263283183514,-0.10435640272840231,-1.0233867168164865,0.8268202793944319,0.7242120623023032,0.1026082170921288,-0.07354987499999999,-8.73553309850863,-9.497508919046544,0.7619758205379135,-0.10296982499999885,0.3146376198147809,0.24766311348848388,0.06697450632629702,-0.1372931,0.08431220441174428,0.8268202793944319,-0.07354987499999999,-0.07354987499999999,-0.03692854453213025,8.783263283183514,0.8956435972715977,43.66124002879759,-79.3945079712024,107.3349078156384,30.52397255166331,18.573903286422386,1.0,3.1777022950305756,38.0,3.1777022950305756,3.1565573502821076,11.363606461015587,0.6025564529053119,3.1777022950305756,0.03490781563840364,3.1565573502821076,11.363606461015587,-0.02114494474846789,-0.0162423069342732,0.0162423069342732,1.1058825094777338,0.0,0.0,0.0,103.70673641231367,0.01735432359862794,62.475564955060584,6324.203181238391,1.756723105899553,8.450890924887203,76194.74873751764,1783556682194748.8,1783556682349078.2
39.0,4381.389404488245,24288.0,97.30103859096036,-933.2277846631388,20.362477369133334,938.8936636531621,0.09730103859096037,-0.9332277846631387,0.020362477369133332,0.9388936636531622,0.9387978484499634,0.9387978484499634,9.206461920501834,-0.06120215155003665,-0.6001880794981669,0.9541972300980415,0.7273188171975131,0.22687841290052824,-0.07354987499999999,-9.151838254466767,-9.49284878670373,0.3410105322369611,-0.10296982499999885,0.1996876886920114,0.23212933901243396,-0.032441650320422566,-0.1372931,0.09730103859096037,0.9541972300980415,-0.07354987499999999,-0.07354987499999999,-0.01895558232843606,9.206461920501834,0.9387978484499634,43.66124731521677,-79.39450068478322,107.36658789900234,31.11076294926888,19.37934406184098,1.0,3.1674111422765656,39.0,3.1674111422765656,3.1565573502821076,11.363606461015587,0.600338847069836,3.1674111422765656,0.06658789900234802,3.1565573502821076,11.363606461015587,-0.01085379199445783,-0.0162423069342732,0.0162423069342732,2.1095101914241137,0.0,0.0,0.0,106.4151858562105,0.017742182022898473,63.87185528243452,6344.904368172365,1.7624734356034346,8.310438626481472,76384.19563603401,1783556682384195.8,1783556682665879.0
40.0,4492.90329792932,24288.0,110.28987277017646,-975.6790963708206,8.64084652447491,981.6617761944834,0.11028987277017646,-0.9756790963708206,0.008640846524474909,0.9816617761944835,0.9819520996283291,0.9819520996283291,9.629660557820152,-0.018047900371670977,-0.17698944217984747,1.0815741808016508,0.7304255720927232,0.35114860870892767,-0.07354987499999999,-9.568143410424906,-9.488188654360915,-0.0799547560639915,-0.10296982499999885,0.0847377575692419,0.21659556453638404,-0.1318578069671421,-0.1372931,0.11028987277017646,1.0815741808016508,-0.07354987499999999,-0.07354987499999999,-0.000982620124741873,9.629660557820152,0.9819520996283291,43.66125460163594,-79.39449339836405,107.39826798236629,31.69755334687445,20.18478483725957,1.0,3.1571199895225552,40.0,3.1571199895225552,3.1565573502821076,11.363606461015587,0.5981212412343601,3.1571199895225552,0.09826798236629239,3.1565573502821076,11.363606461015587,-0.0005626392404477695,-0.0162423069342732,0.0162423069342732,3.1131378733704933,0.0,0.0,0.0,109.12363530010731,0.01813004044716901,65.26814560980844,6365.605555106339,1.7682237653073163,8.16998632807574,76573.64253455038,1783556682573642.5,1783556682982679.8
41.0,12399.496337136661,24288.0,57.24637979050655,-974.4794683507911,-63.77802026699374,978.3041063298418,0.05724637979050655,-0.9744794683507911,-0.06377802026699374,0.9783041063298418,0.978671798910859,0.978671798910859,9.597491796789175,-0.021328201089141016,-0.20915820321082473,0.561395210372571,0.7207887749999999,-0.15939356462742887,-0.07354987499999999,-9.556379078302285,-9.46063633235817,-0.09574274594411457,-0.11277647500000043,-0.6254487224513141,0.28012080018839997,-0.905569522639714,-0.16671305,0.05724637979050655,0.561395210372571,-0.07354987499999999,-0.07354987499999999,0.0,9.597491796789175,0.978671798910859,43.66126108212659,-79.3944847891291,107.4,32.39087283432992,20.901138274207945,1.0,3.1419561496274917,41.0,3.1419561496274917,3.1419561496274917,11.311042138658971,0.5973041063298418,0.945327870074757,0.0,3.1419561496274917,11.311042138658971,-0.014601200654615695,-0.0162423069342732,0.0162423069342732,0.0,0.0,0.0,0.0,301.15896703637526,0.0499734407676704,179.90438676361345,6595.8652175086645,1.8321847826412956,13.25538200096121,77362.85558524539,1783556683362855.5,1783556683304106.2
42.0,13707.504252992225,24288.0,76.54802144110513,-972.8709982132413,-69.89020678968329,978.6258003573517,0.07654802144110513,-0.9728709982132412,-0.06989020678968329,0.9786258003573517,0.9788542093202846,0.9788542093202846,9.599280631830768,-0.021145790679715497,-0.20736936816923196,0.7506796544654135,0.7207887749999999,0.029890879465413633,-0.07354987499999999,-9.540605374627882,-9.473255295297694,-0.06735007933018816,-0.11277647500000043,-0.6853887964140476,0.29116239276048245,-0.97655118917453,-0.16671305,0.07654802144110513,0.7506796544654135,-0.07354987499999999,-0.07354987499999999,0.0,9.599280631830768,0.9788542093202846,43.66126751600715,-79.39447610339035,107.4,33.09035332943729,21.612339430452746,1.0,3.1265105025490225,42.0,3.1265105025490225,3.1265105025490225,11.255437809176481,0.5976258003573517,1.9453278700747583,0.0,3.1265105025490225,11.255437809176481,-0.030046847733084924,-0.0162423069342732,0.0162423069342732,0.0,0.0,0.0,0.0,332.9278632966752,0.05527483517940406,198.98940664585461,6667.020528784259,1.8519501468845163,16.09153735634377,77555.22861369635,1783556683555228.5,1783556683625800.2
43.0,15015.512168847788,24288.0,95.84966309170372,-971.2625280756913,-76.00239331237285,978.9474943848618,0.09584966309170372,-0.9712625280756914,-0.07600239331237284,0.9789474943848617,0.97903661972971,0.97903661972971,9.60106946687236,-0.020963380270289975,-0.2055805331276392,0.9399640985582561,0.7207887749999999,0.2191753235582562,-0.07354987499999999,-9.524831670953478,-9.485874258237217,-0.03895741271626178,-0.11277647500000043,-0.7453288703767811,0.30220398533256493,-1.047532855709346,-0.16671305,0.09584966309170372,0.9399640985582561,-0.07354987499999999,-0.07354987499999999,0.0,9.60106946687236,0.97903661972971,43.6612739498877,-79.3944674176516,107.4,33.789833824544665,22.323540586697547,1.0,3.1110648554705533,43.0,3.1110648554705533,3.1110648554705533,11.199833479693991,0.5979474943848617,2.945327870074759,0.0,3.1110648554705533,11.199833479693991,-0.04549249481155415,-0.0162423069342732,0.0162423069342732,0.0,0.0,0.0,0.0,364.6967595569751,0.060576229591137724,218.07442652809578,6738.175840059854,1.8717155111277373,18.92769271172633,77747.60164214732,1783556683747601.8,1783556683947494.5
44.0,15531.220239456852,24288.0,59.301675319362545,-1011.140130957251,-54.928769468565726,1015.0237435104781,0.05930167531936255,-1.011140130957251,-0.05492876946856573,1.015023743510478,1.014726646653007,1.014726646653007,9.95106906939971,0.014726646653006988,0.14441906939971097,0.5815507742706266,0.7207887749999999,-0.13923800072937326,-0.07354987499999999,-9.915897365251924,-9.507547175,-0.40835019025192465,-0.11277647500000043,-0.5386672171089101,0.27948952499999996,-0.8181567421089101,-0.16671305,0.05930167531936255,0.5815507742706266,-0.07354987499999999,-0.07354987499999999,0.0,9.95106906939971,1.014726646653007,43.66127946554979,-79.39445762709414,107.4,34.578287654488506,22.933241873996977,1.0,3.077743029120345,44.0,3.077743029120345,3.078274892112152,11.081789611603748,0.6022790968616932,0.8367839914695235,0.0,3.078274892112152,11.081789611603748,-0.0648820489059438,-0.0162423069342732,0.0162423069342732,0.0,0.0,0.0,0.0,377.22227717592807,0.06311090542829331,227.19925954185592,7038.930947470193,1.9552585965194982,19.495194564206162,78549.29540760102,1783556684549295.5,1783556684279096.8
45.0,15952.141580026835,24288.0,51.296832075559394,-1018.4779039307372,-36.91787217000863,1021.0273759433304,0.05129683207555939,-1.0184779039307372,-0.03691787217000863,1.0210273759433304,1.0208598586429802,1.0208598586429802,10.01121533276118,0.0208598586429802,0.20456533276118172,0.5030500782737845,0.7207887749999999,-0.21773869672621546,-0.07354987499999999,-9.987856336582363,-9.507547175,-0.4803091615823631,-0.11277647500000043,-0.36204065111601513,0.27948952499999996,-0.6415301761160151,-0.16671305,0.05129683207555939,0.5030500782737845,-0.07354987499999999,-0.07354987499999999,0.0,10.01121533276118,1.0208598586429802,43.66128480211195,-79.39444762104009,107.4,35.38409587066069,23.52314545526413,1.0,3.0409344264237292,45.0,3.0409344264237292,3.042101893104456,10.951566815176042,0.6026126319968517,1.8367839914695232,0.0,3.042101893104456,10.951566815176042,-0.08504086814846734,-0.0162423069342732,0.0162423069342732,0.0,0.0,0.0,0.0,387.4456146956918,0.06485747101334953,233.48689564805832,7119.242659810881,1.9775674055030228,19.620192050855337,78750.41709410158,1783556684750417.0,1783556684612632.0
46.0,16373.062920596818,24288.0,43.291988831756235,-1025.8156769042234,-18.90697487145153,1027.0310083761829,0.04329198883175624,-1.0258156769042233,-0.01890697487145153,1.0270310083761829,1.0269930706329533,1.0269930706329533,10.071361596122651,0.026993070632953406,0.2647115961226525,0.4245493822769423,0.7207887749999999,-0.29623939272305766,-0.07354987499999999,-10.059815307912801,-9.507547175,-0.5522681329128015,-0.11277647500000043,-0.18541408512312008,0.27948952499999996,-0.4649036101231202,-0.16671305,0.04329198883175624,0.4245493822769423,-0.07354987499999999,-0.07354987499999999,0.0,10.071361596122651,1.0269930706329533,43.66129013867411,-79.39443761498603,107.4,36.18990408683287,24.113049036531283,1.0,3.0041258237271133,46.0,3.0041258237271133,3.0059288940967597,10.821344018748336,0.6029461671320101,2.836783991469523,0.0,3.0059288940967597,10.821344018748336,-0.10519968739099086,-0.0162423069342732,0.0162423069342732,0.0,0.0,0.0,0.0,397.66895221545553,0.06660403659840575,239.77453175426072,7199.55437215157,1.9998762144865474,19.745189537504515,78951.53878060213,1783556684951538.8,1783556684946167.2
47.0,15875.801258190315,24288.0,48.70859040723663,-1018.0552127903511,-0.34662238311453386,1019.6142619909542,0.04870859040723663,-1.018055212790351,-0.00034662238311453444,1.0196142619909543,1.0195987759937206,1.0195987759937206,9.998848336598819,0.019598775993720556,0.19219833659881969,0.47766809811712707,0.7207887749999999,-0.24312067688287287,-0.07354987499999999,-9.983711152510494,-9.51165897488232,-0.4720521776281755,-0.11277647500000043,-0.003399204393370131,0.27948952499999996,-0.28288872939337006,-0.16671305,0.04870859040723663,0.47766809811712707,-0.07354987499999999,-0.07354987499999999,0.0,9.998848336598819,1.0195987759937206,43.661295192869005,-79.39442733473739,107.4,37.017793760407265,24.671739740050942,1.0,2.9987175605709546,47.0,2.9987175605709546,3.0000905398272675,10.800325943378164,0.6016023769984924,2.9987175605709546,0.0,3.0000905398272675,10.800325943378164,-0.07813796260469034,-0.011702182580495775,0.011702182580495775,0.0,0.0,0.0,0.0,385.59146095892635,0.06445060868414387,232.02219126291794,7271.05613363963,2.0197378148998975,20.12084193043197,79151.15571098031,1783556685151155.8,1783556685279524.5
48.0,15201.821598857627,24288.0,56.70834897498366,-1007.3888680333552,18.319480941628527,1009.6145637812705,0.056708348974983655,-1.0073888680333551,0.018319480941628524,1.0096145637812703,1.0096009111869182,1.0096009111869182,9.900802775691192,0.009600911186918207,0.0941527756911914,0.5561189304755234,0.7207887749999999,-0.1646698445244765,-0.07354987499999999,-9.8791100426993,-9.51656215190472,-0.3625478907945806,-0.11277647500000043,0.17965273777622143,0.27948952499999996,-0.09983678722377853,-0.16671305,0.056708348974983655,0.5561189304755234,-0.07354987499999999,-0.07354987499999999,0.0,9.900802775691192,1.0096009111869182,43.66130019271811,-79.39441700171591,107.4,37.84993333940212,25.224423060275594,1.0,2.9993527605244403,48.0,2.9993527605244403,3.0000905398272675,10.800325943378164,0.5999357606302117,2.9993527605244403,0.0,3.0000905398272675,10.800325943378164,-0.04198794068428123,-0.0062882436614362346,0.0062882436614362346,0.0,0.0,0.0,0.0,369.22184299305405,0.0615465689234522,221.56764812442793,7340.862288845886,2.0391284135683017,20.544736594032724,79350.48302862668,1783556685350483.0,1783556685612847.8
49.0,14527.84193952494,24288.0,64.70810754273069,-996.7225232763591,36.98558426637159,999.6148655715866,0.06470810754273068,-0.9967225232763591,0.036985584266371586,0.9996148655715866,0.9996030463801159,0.9996030463801159,9.802757214783563,-0.0003969536198841425,-0.0038927852164368226,0.6345697628339197,0.7207887749999999,-0.08621901216608013,-0.07354987499999999,-9.774508932888105,-9.52146532892712,-0.25304360396098574,-0.11277647500000043,0.362704679945813,0.27948952499999996,0.08321515494581305,-0.16671305,0.06470810754273068,0.6345697628339197,-0.07354987499999999,-0.07354987499999999,0.0,9.802757214783563,0.9996030463801159,43.66130519256722,-79.39440666869443,107.4,38.68207291839698,25.777106380500246,1.0,2.9999879604779265,49.0,2.9999879604779265,3.0000905398272675,10.800325943378164,0.5982691442619311,2.9999879604779265,0.0,3.0000905398272675,10.800325943378164,-0.005837918763872102,-0.0008743047423766942,0.0008743047423766942,0.0,0.0,0.0,0.0,352.85222502718176,0.058642529162760526,211.1131049859379,7410.668444052141,2.058519012236706,20.968631257633483,79549.81034627304,1783556685549810.2,1783556685946171.2
50.0,16431.897374902586,24288.0,42.714226723016736,-1000.0294444993523,16.14268016905021,1001.0294444993523,0.04271422672301674,-1.0000294444993523,0.01614268016905021,1.0010294444993524,1.0011017085013867,1.0011017085013867,9.817454069675122,0.0011017085013866404,0.01080406967512329,0.41888347149327204,0.7233106007013456,-0.30442712920807347,-0.1487816420587463,-9.806938751899573,-9.507547175,-0.2993915768995735,-0.1515841205654741,0.15830561447981625,0.23760077289596324,-0.07929515841614698,-0.2925196327148014,0.04271422672301674,0.41888347149327204,-0.1487816420587463,-0.1487816420587463,-0.10039817369490686,9.817454069675122,1.0011017085013867,43.6613106287838,-79.39439677105103,107.4,39.4791506003676,26.378025761526033,1.0,3.0671118600855665,50.0,3.0671118600855665,3.0425672593613102,10.953242133700718,0.5985429279323798,0.8385085691863374,0.0,3.0425672593613102,10.953242133700718,0.04247671953404284,0.0,0.0,0.0,0.0,0.0,0.0,399.097923441634,0.06638115742258055,238.97216672128997,7718.914040292763,2.1441427889702123,22.656716174487926,80334.06425720418,1783556686334064.2,1783556686257154.8
51.0,17477.679621056013,24288.0,41.18082167000585,-1022.7238392839134,11.542465010017539,1023.7238392839134,0.04118082167000584,-1.0227238392839135,0.011542465010017539,1.0237238392839134,1.0236558111358756,1.0236558111358756,10.038634260275634,0.023655811135875664,0.2319842602756351,0.4038459048301628,0.7263181140339674,-0.3224722092038046,-0.16833047872078827,-10.02949473851359,-9.507547175,-0.5219475635135904,-0.186170523890625,0.11319291449048849,0.2285782328980977,-0.1153853184076092,-0.3256022793736418,0.04118082167000584,0.4038459048301628,-0.16833047872078827,-0.16833047872078827,-0.10259120699244263,10.038634260275634,1.0236558111358756,43.66131614904199,-79.39438695725869,107.4,40.26947558340876,26.988235101846037,1.0,3.147041061433305,51.0,3.147041061433305,3.0932247255995633,11.13560901215843,0.6003830139959929,1.8385085691863368,0.0,3.0932247255995633,11.13560901215843,0.09313418577229594,0.0,0.0,0.0,0.0,0.0,0.0,424.49788263620843,0.070828757315566,254.98352633603758,7804.096229839226,2.167804508288674,23.071628083260645,80518.9929065973,1783556686518993.0,1783556686563835.8
52.0,18523.46186720944,24288.0,39.64741661699495,-1045.4182340684747,6.942249850984865,1046.4182340684747,0.03964741661699495,-1.0454182340684746,0.006942249850984865,1.0464182340684747,1.0462099137703647,1.0462099137703647,10.259814450876146,0.046209913770364694,0.4531644508761469,0.38880833816705357,0.7293256273665892,-0.3405172891995357,-0.18787931538283026,-10.252050725127607,-9.507547175,-0.7445035501276074,-0.22075692721577583,0.06808021450116072,0.21955569290023214,-0.1514754783990714,-0.35868492603248214,0.03964741661699495,0.38880833816705357,-0.18787931538283026,-0.18787931538283026,-0.1047842402899784,10.259814450876146,1.0462099137703647,43.66132166930018,-79.39437714346636,107.4,41.05980056644993,27.598444442166038,1.0,3.2269702627810433,52.0,3.2269702627810433,3.1438821918378164,11.31797589061614,0.602223100059606,2.838508569186336,0.0,3.1438821918378164,11.31797589061614,0.14379165201054905,0.0,0.0,0.0,0.0,0.0,0.0,449.8978418307829,0.07527635720855146,270.99488595078526,7889.278419385689,2.191466227607136,23.486539992033364,80703.92155599041,1783556686703921.5,1783556686870516.8
53.0,20298.834993290202,24288.0,100.3491804326276,-962.3412296705728,50.2141807521418,969.6110657570983,0.1003491804326276,-0.9623412296705728,0.0502141807521418,0.9696110657570983,0.9693776406377584,0.9693776406377584,9.506347239560274,-0.030622359362241575,-0.3003027604397263,0.9840892902896273,0.7288053095144813,0.255283980775146,-0.1961329999999999,-9.437343619948921,-9.52225715,0.08491353005107845,-0.2353595999999989,0.4924328956729914,0.2157463,0.27668659567299136,-0.24687839514481374,0.1003491804326276,0.9840892902896273,-0.1961329999999999,-0.1961329999999999,0.0,9.506347239560274,0.9693776406377584,43.661327650819565,-79.39436788885261,107.4,41.80509374121779,28.25964159532128,1.0,3.2432940888042783,53.0,3.2432940888042783,3.18269316427319,11.457695391383487,0.5998174590216313,0.5777915197789835,0.0,3.18269316427319,11.457695391383487,0.15245056700144946,0.0,0.0,0.0,0.0,0.0,0.0,493.01810431703245,0.08214339553309909,295.71622391915673,8274.334858142583,2.298426349484051,23.661719318461895,81491.3420460428,1783556687491342.0,1783556687182541.0
54.0,20703.539779161147,24288.0,94.03060454080956,-952.5474370382548,24.62394839027872,958.5535579464167,0.09403060454080957,-0.9525474370382548,0.02462394839027872,0.9585535579464167,0.9583692730163867,0.9583692730163867,9.39839203122615,-0.04163072698361321,-0.40825796877385045,0.92212522802013,0.7257071064010064,0.19641812161912353,-0.1961329999999999,-9.341299323431201,-9.52225715,0.18095782656879922,-0.2353595999999989,0.2414784434815268,0.2157463,0.025732143481526804,-0.21589636401006504,0.09403060454080957,0.92212522802013,-0.1961329999999999,-0.1961329999999999,0.0,9.39839203122615,0.9583692730163867,43.66133396939546,-79.39435904284636,107.4,42.51748090978475,28.958096974376403,1.0,3.2131396818830096,54.0,3.2131396818830096,3.212847571194459,11.566251256300053,0.5995015302270404,1.577791519778983,0.0,3.212847571194459,11.566251256300053,0.13041996183391602,0.0,0.0,0.0,0.0,0.0,0.0,502.847574156266,0.08373614222735846,301.4501120184905,8372.447346862162,2.325679818572823,23.661719318461895,81680.58339400275,1783556687680583.5,1783556687498469.8
55.0,21108.244565032095,24288.0,87.71202864899152,-942.7536444059368,-0.9662839715843603,947.4960501357351,0.08771202864899152,-0.9427536444059369,-0.000966283971584353,0.9474960501357351,0.9473609053950152,0.9473609053950152,9.290436822892024,-0.052639094604984844,-0.5162131771079745,0.8601611657506326,0.7226089032875316,0.13755226246310107,-0.1961329999999999,-9.24525502691348,-9.52225715,0.27700212308652,-0.2353595999999989,-0.0094760087099377,0.2157463,-0.2252223087099377,-0.18491433287531633,0.08771202864899152,0.8601611657506326,-0.1961329999999999,-0.1961329999999999,0.0,9.290436822892024,0.9473609053950152,43.66134028797135,-79.39435019684011,107.4,43.229868078351714,29.65655235343153,1.0,3.1829852749617413,55.0,3.1829852749617413,3.243001978115727,11.674807121216618,0.5991856014324496,2.5777915197789825,0.0,3.243001978115727,11.674807121216618,0.1083893566663826,0.0,0.0,0.0,0.0,0.0,0.0,512.6770439954995,0.08532888892161786,307.1840001178243,8470.559835581738,2.3529332876615947,23.661719318461895,81869.8247419627,1783556687869824.8,1783556687814398.5
56.0,21506.0796049017,24288.0,81.35223258605043,-939.206472844958,-10.704465172100882,942.9858255604622,0.08135223258605044,-0.9392064728449581,-0.010704465172100882,0.9429858255604621,0.9429368205337663,0.9429368205337663,9.247051371087458,-0.05706317946623378,-0.5595986289125414,0.7977928716899916,0.7207887749999999,0.07700409668999161,-0.1961329999999999,-9.210469156925006,-9.52225715,0.3117879930749935,-0.22183578317186967,-0.10497494337998312,0.21899201603875104,-0.32396695941873416,-0.1537301858449958,0.08135223258605044,0.7977928716899916,-0.1961329999999999,-0.1961329999999999,0.0,9.247051371087458,0.9429368205337663,43.66134730970927,-79.39434268320352,107.4,43.83495676470418,30.432735262727473,1.0,3.2285873822113476,56.0,3.2285873822113476,3.3135041842857773,11.9286150634288,0.598889676357752,3.2285873822113476,0.0,3.3135041842857773,11.9286150634288,0.13770393695285568,0.0,0.0,0.0,0.0,0.0,0.0,522.3396614438525,0.08689454769924637,312.82037171728695,8564.727952901221,2.3790910980281175,23.71333669820816,82046.97353806424,1783556688046973.5,1783556688110323.8
57.0,21894.131321626697,24288.0,74.93373417019934,-944.5552215248339,2.1325316596013053,947.7996993723505,0.07493373417019936,-0.9445552215248338,0.002132531659601304,0.9477996993723504,0.9478895257176241,0.9478895257176241,9.295620817378738,-0.052110474282375883,-0.5110291826212614,0.7348489042001854,0.7207887749999999,0.01406012920018547,-0.1961329999999999,-9.262922463166511,-9.52225715,0.2593346868334885,-0.1890524667709294,0.020912991599629116,0.22686001197497682,-0.20594702037534768,-0.12225820210009271,0.07493373417019936,0.7348489042001854,-0.1961329999999999,-0.1961329999999999,0.0,9.295620817378738,0.9478895257176241,43.66135533283229,-79.3943370670174,107.4,44.287239841616945,31.319611281409152,1.0,3.3820756410447927,57.0,3.3820756410447927,3.441466383612455,12.389278981004837,0.5986222389237583,3.3820756410447927,0.0,3.441466383612455,12.389278981004837,0.24014007677276528,0.0,0.0,0.0,0.0,0.0,0.0,531.7646615396692,0.088421630110054,318.3178683961944,8653.278823236322,2.4036885620100903,23.8384632740495,82206.90112359253,1783556688206901.0,1783556688377761.0
58.0,22282.183038351694,24288.0,68.51523575434825,-949.9039702047098,14.969528491303489,952.6135731842388,0.06851523575434826,-0.9499039702047097,0.01496952849130349,0.9526135731842388,0.952842230901482,0.952842230901482,9.344190263670017,-0.047157769098517995,-0.46245973632998144,0.6719049367103793,0.7207887749999999,-0.048883838289620674,-0.1961329999999999,-9.315375769408016,-9.52225715,0.2068813805919835,-0.15626915036998912,0.14680092657924138,0.23472800791120257,-0.0879270813319612,-0.09078621835518964,0.06851523575434826,0.6719049367103793,-0.1961329999999999,-0.1961329999999999,0.0,9.344190263670017,0.952842230901482,43.66136335595531,-79.39433145083129,107.4,44.739522918529715,32.20648730009083,1.0,3.535563899878238,58.0,3.535563899878238,3.5694285829391323,12.849942898580876,0.5983548014897645,3.535563899878238,0.0,3.5694285829391323,12.849942898580876,0.3425762165926749,0.0,0.0,0.0,0.0,0.0,0.0,541.189661635486,0.08994871252086162,323.81536507510185,8741.829693571422,2.4282860259920627,23.963589849890838,82366.82870912082,1783556688366828.8,1783556688645198.5
59.0,22670.234755076694,24288.0,62.096737338497164,-955.2527188845856,27.806525323005673,957.4274469961272,0.06209673733849716,-0.9552527188845856,0.027806525323005676,0.9574274469961271,0.9577949360853399,0.9577949360853399,9.392759709961297,-0.0422050639146601,-0.4138902900387015,0.6089609692205731,0.7207887749999999,-0.1118278057794268,-0.1961329999999999,-9.36782907564952,-9.52225715,0.15442807435047848,-0.12348583396904884,0.2726888615588536,0.24259600384742833,0.03009285771142528,-0.05931423461028658,0.06209673733849716,0.6089609692205731,-0.1961329999999999,-0.1961329999999999,0.0,9.392759709961297,0.9577949360853399,43.66137137907833,-79.39432583464517,107.4,45.19180599544248,33.093363318772504,1.0,3.689052158711683,59.0,3.689052158711683,3.6973907822658094,13.310606816156914,0.5980873640557707,3.689052158711683,0.0,3.6973907822658094,13.310606816156914,0.44501235641258446,0.0,0.0,0.0,0.0,0.0,0.0,550.6146617313027,0.09147579493166924,329.31286175400925,8830.380563906525,2.452883489974035,24.088716425732176,82526.75629464911,1783556688526756.2,1783556688912636.0
60.0,22797.14201017134,24288.0,37.19359021271141,-1014.7019531104928,-89.07661570440075,1020.1796697265139,0.037193590212711417,-1.0147019531104928,-0.08907661570440076,1.0201796697265137,1.0197090051431816,1.0197090051431816,9.999929315287382,0.019709005143181628,0.1932793152873821,0.3647445214594864,0.732131980104249,-0.3673874586447626,-0.1961329999999999,-9.950826908471011,-9.503961879756751,-0.44686502871426087,-0.07925904472200192,-0.8735431933975616,0.24311750986100128,-1.116660703258563,0.05635410916600782,0.037193590212711417,0.3647445214594864,-0.1961329999999999,-0.1961329999999999,0.0,9.999929315287382,1.0197090051431816,43.66137817826707,-79.39431794151274,107.4,45.827456265345965,33.844945642645435,1.0,4.021937712176271,60.0,4.021937712176271,3.7391923227292083,13.46109236182515,0.6015821732928168,0.673328993379655,0.0,3.7391923227292083,13.46109236182515,0.4284953363417023,0.0,0.0,0.0,0.0,0.0,0.0,553.6969851430415,0.09252530310414046,333.09109117490567,9227.161540232195,2.5631004278422767,23.51586673997204,83243.46509272388,1783556689243465.0,1783556689104456.8
61.0,22850.81860887227,24288.0,40.451418457565495,-1011.2889901873124,-74.33882126339417,1015.9910334117016,0.0404514184575655,-1.0112889901873123,-0.07433882126339417,1.0159910334117015,1.0157028360583602,1.0157028360583602,9.960642217231717,0.015702836058360137,0.1539922172317174,0.39669290281688474,0.7344140073440631,-0.3377211045271784,-0.1961329999999999,-9.917357175620404,-9.498637149530518,-0.4187200260898863,-0.07317363874916426,-0.7290148015426644,0.24007480687458238,-0.9690896084172468,0.03809789124749448,0.0404514184575655,0.39669290281688474,-0.1961329999999999,-0.1961329999999999,0.0,9.960642217231717,1.0157028360583602,43.66138438365421,-79.3943089437014,107.4,46.55206861189309,34.53088913630741,1.0,4.441859313989186,61.0,4.441859313989186,3.7391923227292083,13.46109236182515,0.6009616345795114,1.6733289933796542,0.0,3.7391923227292083,13.46109236182515,0.3542672287277868,0.0,0.0,0.0,0.0,0.0,0.0,555.0006823722897,0.09264657122855408,333.5276564227947,9279.22648260789,2.577562911835525,23.29925260345941,83336.23563036305,1783556689336235.8,1783556689259591.2
62.0,22904.4952075732,24288.0,43.709246702419584,-1007.8760272641318,-59.60102682238759,1011.8023970968891,0.04370924670241959,-1.0078760272641318,-0.05960102682238759,1.011802397096889,1.0116966669735385,1.0116966669735385,9.921355119176052,0.011696666973538647,0.11470511917605275,0.42864128417428304,0.7366960345838773,-0.30805475040959424,-0.1961329999999999,-9.883887442769797,-9.493312419304285,-0.3905750234655117,-0.0670882327763266,-0.5844864096877672,0.23703210388816348,-0.8215185135759306,0.019841673328981152,0.04370924670241959,0.42864128417428304,-0.1961329999999999,-0.1961329999999999,0.0,9.921355119176052,1.0116966669735385,43.66139058904134,-79.39429994589005,107.4,47.27668095844022,35.21683262996939,1.0,4.8617809158021,62.0,4.8617809158021,3.7391923227292083,13.46109236182515,0.6003410958662058,2.6733289933796534,0.0,3.7391923227292083,13.46109236182515,0.2800391211138714,0.0,0.0,0.0,0.0,0.0,0.0,556.3043796015378,0.0927678393529677,333.96422167068374,9331.291424983583,2.5920253958287733,23.08263846694678,83429.00616800223,1783556689429006.2,1783556689414726.0
63.0,22958.171806274127,24288.0,46.96707494727367,-1004.4630643409514,-44.863232381381,1007.6137607820767,0.046967074947273674,-1.0044630643409513,-0.044863232381381006,1.0076137607820768,1.0076904978887171,1.0076904978887171,9.882068021120388,0.007690497888717156,0.07541802112038809,0.46058966553168135,0.7389780618236914,-0.27838839629201007,-0.1961329999999999,-9.850417709919189,-9.487987689078052,-0.3624300208411372,-0.06100282680348894,-0.43995801783287003,0.2339894009017446,-0.6739474187346146,0.001585455410467812,0.046967074947273674,0.46058966553168135,-0.1961329999999999,-0.1961329999999999,0.0,9.882068021120388,1.0076904978887171,43.66139679442847,-79.39429094807872,107.4,48.00129330498734,35.90277612363136,1.0,5.281702517615015,63.0,5.281702517615015,3.7391923227292083,13.46109236182515,0.5997205571529002,3.673328993379653,0.0,3.7391923227292083,13.46109236182515,0.205811013499956,0.0,0.0,0.0,0.0,0.0,0.0,557.608076830786,0.09288910747738133,334.40078691857275,9383.356367359276,2.6064878798220215,22.866024330434147,83521.77670564142,1783556689521776.8,1783556689569860.8
64.0,23011.84840497506,24288.0,50.224903192127755,-1001.050101417771,-30.125437940374425,1003.4251244672643,0.05022490319212776,-1.0010501014177708,-0.030125437940374422,1.0034251244672643,1.0036843288038957,1.0036843288038957,9.842780923064723,0.003684328803895666,0.03613092306472343,0.4925380468890797,0.7412600890635056,-0.2487220421744259,-0.1961329999999999,-9.816947977068581,-9.482662958851819,-0.3342850182167626,-0.054917420830651285,-0.29542962597797273,0.2309466979153257,-0.5263763238932985,-0.016670762508045514,0.05022490319212776,0.4925380468890797,-0.1961329999999999,-0.1961329999999999,0.0,9.842780923064723,1.0036843288038957,43.66140299981561,-79.39428195026737,107.4,48.72590565153447,36.588719617293336,1.0,5.70162411942793,64.0,5.70162411942793,3.7391923227292083,13.46109236182515,0.5991000184395947,4.673328993379652,0.0,3.7391923227292083,13.46109236182515,0.1315829058860406,0.0,0.0,0.0,0.0,0.0,0.0,558.9117740600342,0.09301037560179494,334.8373521664618,9435.42130973497,2.62095036381527,22.649410193921515,83614.54724328058,1783556689614547.2,1783556689724995.5
65.0,23065.525003675986,24288.0,53.48273143698185,-997.6371384945904,-15.38764349936784,999.2364881524519,0.053482731436981845,-0.9976371384945905,-0.015387643499367845,0.9992364881524519,0.9996781597190741,0.9996781597190741,9.803493825009058,-0.0003218402809258246,-0.0031561749909412573,0.5244864282464781,0.7435421163033198,-0.21905568805684172,-0.1961329999999999,-9.783478244217974,-9.477338228625586,-0.306140015592388,-0.048832014857813626,-0.15090123412307554,0.22790399492890684,-0.37880522905198244,-0.034926980426558854,0.053482731436981845,0.5244864282464781,-0.1961329999999999,-0.1961329999999999,0.0,9.803493825009058,0.9996781597190741,43.66140920520274,-79.39427295245603,107.4,49.450517998081594,37.274663110955316,1.0,6.121545721240844,65.0,6.121545721240844,3.7391923227292083,13.46109236182515,0.5984794797262891,5.673328993379651,0.0,3.7391923227292083,13.46109236182515,0.057354798272125196,0.0,0.0,0.0,0.0,0.0,0.0,560.2154712892823,0.09313164372620857,335.2739174143508,9487.486252110664,2.635412847808518,22.432796057408883,83707.31778091977,1783556689707317.8,1783556689880130.0
66.0,21973.28557236277,24288.0,32.567673398579146,-1041.684633440807,-15.781878825575351,1043.1813476645636,0.03256767339857915,-1.041684633440807,-0.01578187882557535,1.0431813476645637,1.0430097873714466,1.0430097873714466,10.228431931326195,0.04300978737144649,0.42178193132619574,0.3193797743341762,0.7859559660411398,-0.46657619170696363,-0.13238977500000004,-10.215436610532288,-9.508590982687657,-0.7068456278446316,0.03568279612594941,-0.1547673619848285,0.2234653346246839,-0.3782326966095124,0.07247384485474616,0.03256767339857915,0.3193797743341762,-0.13238977500000004,-0.13238977500000004,0.09919607764402295,10.228431931326195,1.0430097873714466,43.661415064387626,-79.39426358738805,107.40709591748224,50.20470628037789,37.92233740812992,1.0,6.215925300099006,66.0,6.215925300099006,3.7361193086982145,13.450029511313572,0.5972838366992895,0.22731698118391863,0.007095917482238935,3.7361193086982145,13.450029511313572,-0.0030730140309939056,0.0,0.0,0.22150586662070773,0.0,0.0,0.0,533.687159981547,0.08853680661049806,318.732503797793,9869.401231891627,2.7415003421921194,21.711731950873567,84418.64646406825,1783556690418646.5,1783556690070959.2
67.0,20500.828803431734,24288.0,35.064950089579426,-1013.902430253429,29.169101612429607,1017.5842615818109,0.035064950089579425,-1.013902430253429,0.0291691016124296,1.017584261581811,1.017490498438709,1.017490498438709,9.978173196513964,0.017490498438708972,0.17152319651396536,0.34386969279597407,0.7706497670025162,-0.4267800742065421,-0.13238977500000004,-9.942986267644788,-9.513182842399244,-0.4298034252455431,0.063233954395472,0.2860511703275329,0.2142816152015097,0.07176955512602312,0.08931066379723215,0.035064950089579425,0.34386969279597407,-0.13238977500000004,-0.13238977500000004,0.06586599598537855,9.978173196513964,1.017490498438709,43.66141974678142,-79.39425297396212,107.43831187611974,51.059427409802254,38.43992921821748,1.0,5.203740856603485,67.0,5.203740856603485,3.7226006792716357,13.40136244537789,0.5985324750447897,1.2273169811839206,0.0383118761197406,3.7226006792716357,13.40136244537789,-0.016591643457572396,0.0,0.0,1.1959419402789762,0.0,0.0,0.0,497.92412997774994,0.08275429329954387,297.9154558783579,9949.556751064592,2.7637657641846096,19.2759700525202,84606.25437547965,1783556690606254.5,1783556690383118.8
68.0,19028.372034500695,24288.0,37.5622267805797,-986.1202270660508,74.12008205043458,991.9871754990581,0.0375622267805797,-0.9861202270660508,0.07412008205043456,0.991987175499058,0.9919712095059714,0.9919712095059714,9.727914461701735,-0.008028790494028548,-0.07873553829826507,0.3683596112577719,0.7553435679638926,-0.3869839567061206,-0.13238977500000004,-9.670535924757287,-9.517774702110831,-0.15276122264645453,0.09078511266499459,0.7268697026398943,0.20509789577833554,0.5217718068615586,0.10614748273971816,0.0375622267805797,0.3683596112577719,-0.13238977500000004,-0.13238977500000004,0.03253591432673415,9.727914461701735,0.9919712095059714,43.66142442917521,-79.39424236053618,107.46952783475724,51.91414853922662,38.95752102830503,1.0,4.191556413107964,68.0,4.191556413107964,3.7090820498450574,13.352695379442206,0.5997811133902898,2.2273169811839226,0.06952783475724227,3.7090820498450574,13.352695379442206,-0.030110272884150885,0.0,0.0,2.1703780139372446,0.0,0.0,0.0,462.1610999739529,0.07697177998858967,277.0984079589228,10029.712270237556,2.7860311861770994,16.84020815416683,84793.86228689105,1783556690793862.2,1783556690695278.2
69.0,17521.327357884755,24288.0,40.44484244526251,-959.1224928472462,117.43911169945162,967.1160458552858,0.04044484244526251,-0.9591224928472462,0.11743911169945162,0.9671160458552859,0.9671726939030217,0.9671726939030217,9.484724098664067,-0.03282730609697826,-0.3219259013359318,0.3966284141658336,0.740402075,-0.3437736608341664,-0.13238977500000004,-9.405778594480445,-9.522162314909439,0.1163837204289927,0.11767980000000122,1.1516842647474272,0.1960381649094384,0.9556460998379888,0.12258312499999996,0.04044484244526251,0.3966284141658336,-0.13238977500000004,-0.13238977500000004,0.0,9.484724098664067,0.9671726939030217,43.66142909670488,-79.39423173567333,107.5,52.769790707148445,39.47346975748898,1.0,3.206664109250078,69.0,3.206664109250078,3.695885533456567,13.305187920443641,0.601019340975881,3.206664109250078,0.09935530080396174,3.695885533456567,13.305187920443641,-0.04302759075037305,0.0,0.0,3.1014709603131756,0.0,0.0,0.0,425.557998868305,0.07104542892456231,255.7635441284243,10108.599507048693,2.8079443075135266,14.439975535648896,84980.89398314404,1783556690980894.0,1783556691006447.0
70.0,14597.264937073578,24288.0,59.114251812891936,-964.2633447021007,93.8994216272232,971.9863265598849,0.05911425181289194,-0.9642633447021006,0.0938994216272232,0.9719863265598848,0.9719032439826949,0.9719032439826949,9.531114947602894,-0.028096756017305137,-0.2755350523971054,0.5797127775408967,0.740402075,-0.16068929745910332,-0.13238977500000004,-9.456193129322854,-9.518182220053458,0.061989090730604254,0.11767980000000122,0.9208387631006085,0.19205807005345876,0.7287806930471497,0.12258312499999996,0.05911425181289194,0.5797127775408967,-0.13238977500000004,-0.13238977500000004,0.0,9.531114947602894,0.9719032439826949,43.661433155272135,-79.39422064225617,107.5,53.66316652192389,39.92210378187002,1.0,3.3398922333723666,70.0,3.3398922333723666,3.695885533456567,13.305187920443641,0.6018310544266474,3.3398922333723666,0.07229818577841338,3.695885533456567,13.305187920443641,-0.03131002296300199,0.0,0.0,2.256857176825487,0.0,0.0,0.0,354.5383707916431,0.05922624819744358,213.2144935107969,10135.527006146569,2.8154241683740477,13.495327349237533,85144.31895789836,1783556691144319.0,1783556691277018.2
71.0,11673.202516262401,24288.0,77.78366118052136,-969.4041965569552,70.35973155499481,976.8566072644838,0.07778366118052137,-0.9694041965569551,0.07035973155499481,0.9768566072644838,0.9766337940623679,0.9766337940623679,9.57750579654172,-0.023366205937632018,-0.22914420345827902,0.7627971409159597,0.740402075,0.022395065915959744,-0.13238977500000004,-9.506607664165262,-9.514202125197478,0.007594461032215824,0.11767980000000122,0.6899932614537898,0.18807797519747915,0.5019152862563105,0.12258312499999996,0.07778366118052137,0.7627971409159597,-0.13238977500000004,-0.13238977500000004,0.0,9.57750579654172,0.9766337940623679,43.661437213839385,-79.39420954883902,107.5,54.55654233669934,40.37073780625107,1.0,3.473120357494656,71.0,3.473120357494656,3.695885533456567,13.305187920443641,0.602642767877414,3.473120357494656,0.04524107075286502,3.695885533456567,13.305187920443641,-0.019592455175630928,0.0,0.0,1.4122433933377985,0.0,0.0,0.0,283.5187427149812,0.04740706747032486,170.66544289316948,10162.454505244443,2.8229040292345684,12.550679162826167,85307.74393265268,1783556691307744.0,1783556691547589.2
72.0,8749.140095451225,24288.0,96.45307054815078,-974.5450484118096,46.8200414827664,981.7268879690828,0.0964530705481508,-0.9745450484118097,0.0468200414827664,0.9817268879690828,0.9813643441420411,0.9813643441420411,9.623896645480546,-0.0186356558579589,-0.18275335451945263,0.9458815042910228,0.740402075,0.2054794292910228,-0.13238977500000004,-9.55702219900767,-9.510222030341499,-0.04680016866617262,0.11767980000000122,0.4591477598069711,0.18409788034149951,0.27504987946547155,0.12258312499999996,0.0964530705481508,0.9458815042910228,-0.13238977500000004,-0.13238977500000004,0.0,9.623896645480546,0.9813643441420411,43.66144127240664,-79.39419845542186,107.5,55.44991815147478,40.819371830632114,1.0,3.6063484816169447,72.0,3.6063484816169447,3.695885533456567,13.305187920443641,0.6034544813281805,3.6063484816169447,0.018183955727316667,3.695885533456567,13.305187920443641,-0.007874887388259866,0.0,0.0,0.5676296098501097,0.0,0.0,0.0,212.49911463831936,0.035587886743206135,128.1163922755421,10189.382004342317,2.830383890095089,11.606030976414804,85471.168907407,1783556691471169.0,1783556691818160.5
73.0,1120.2667720533304,24288.0,100.17450280635202,-926.589258540697,48.17851708139389,933.8540234565064,0.10017450280635203,-0.926589258540697,0.04817851708139389,0.9338540234565065,0.9341149549768432,0.9341149549768432,9.16053842322366,-0.06588504502315679,-0.6461115767763406,0.982376287945912,0.740402075,0.2419742129459121,-0.1276296040870252,-9.086736552268126,-9.507547175,0.4208106227318732,0.10339928726107661,0.47246985453625134,0.17623011127675475,0.2962397432594966,0.2278663792367672,0.10017450280635203,0.982376287945912,-0.1276296040870252,-0.1276296040870252,0.00797348561637326,9.16053842322366,0.9341149549768432,43.66144567684447,-79.39418764631107,107.5,56.320398185945656,41.30623838794971,1.0,3.697647070284835,73.0,3.697647070284835,3.695885533456567,13.305187920443641,0.597,0.32794181086391877,0.0,3.695885533456567,13.305187920443641,0.0,0.0,0.0,0.0,0.0,0.0,0.0,27.209039359631287,0.004512165693805522,16.24379649769988,10225.144384316827,2.8403178845324533,7.473865990588402,86230.68821824608,1783556692230688.2,1783556692088255.0
74.0,1148.5241388981322,24288.0,73.26272485892176,-940.5833830733607,76.16676614672139,948.655501327593,0.07326272485892175,-0.9405833830733608,0.07616676614672137,0.948655501327593,0.9489818637903699,0.9489818637903699,9.30633299453983,-0.051018136209630166,-0.5003170054601697,0.7184619007377451,0.740402075,-0.021940174262254974,-0.113114312790576,-9.223972033616372,-9.507547175,0.2835751413836266,0.05985341337172871,0.7469408172327451,0.16039524804426472,0.5865455691884803,0.309679839271299,0.07326272485892175,0.7184619007377451,-0.113114312790576,-0.113114312790576,0.03228720638094479,9.30633299453983,0.9489818637903699,43.66145079008228,-79.39417741983546,107.5,57.143957406599554,41.87145569530962,1.0,3.7030185623298038,74.0,3.7030185623298038,3.695885533456567,13.305187920443641,0.597,1.3279418108639176,0.0,3.695885533456567,13.305187920443641,0.0,0.0,0.0,0.0,0.0,0.0,0.0,27.895354285557833,0.004625979585688341,16.653526508478027,10229.889448060696,2.841635957794639,7.455585705081152,86391.35153259223,1783556692391351.5,1783556692357372.8
75.0,1176.7815057429339,24288.0,46.35094691149148,-954.5775076060245,104.15501521204887,963.4569791986797,0.04635094691149147,-0.9545775076060244,0.10415501521204884,0.9634569791986797,0.9638487726038965,0.9638487726038965,9.452127565856001,-0.03615122739610354,-0.35452243414399875,0.4545475135295779,0.740402075,-0.2858545614704221,-0.0985990214941268,-9.361207514964619,-9.507547175,0.14633966003538007,0.016307539482380798,1.0214117799292388,0.1445603848117747,0.8768513951174641,0.39149329930583077,0.04635094691149147,0.4545475135295779,-0.0985990214941268,-0.0985990214941268,0.05660092714551632,9.452127565856001,0.9638487726038965,43.66145590332009,-79.39416719335983,107.5,57.967516627253445,42.43667300266952,1.0,3.7083900543747723,75.0,3.7083900543747723,3.695885533456567,13.305187920443641,0.597,2.3279418108639165,0.0,3.695885533456567,13.305187920443641,0.0,0.0,0.0,0.0,0.0,0.0,0.0,28.581669211484378,0.00473979347757116,17.063256519256175,10234.634511804565,2.842954031056825,7.437305419573902,86552.0148469384,1783556692552014.8,1783556692626490.5
76.0,1205.0388725877358,24288.0,19.439168964061196,-968.5716321386882,132.14326427737635,978.2584570697663,0.0194391689640612,-0.9685716321386881,0.13214326427737633,0.9782584570697663,0.978715681417423,0.978715681417423,9.597922137172171,-0.021284318582576914,-0.2087278628278279,0.19063312632141083,0.740402075,-0.5497689486785892,-0.08408373019767759,-9.498442996312866,-9.507547175,0.00910417868713348,-0.027238334406967102,1.2958827426257327,0.12872552157928463,1.1671572210464478,0.47330675934036254,0.0194391689640612,0.19063312632141083,-0.08408373019767759,-0.08408373019767759,0.08091464791008784,9.597922137172171,0.978715681417423,43.661461016557894,-79.39415696688421,107.5,58.79107584790734,43.00189031002943,1.0,3.713761546419741,76.0,3.713761546419741,3.695885533456567,13.305187920443641,0.597,3.327941810863915,0.0,3.695885533456567,13.305187920443641,0.0,0.0,0.0,0.0,0.0,0.0,0.0,29.267984137410924,0.004853607369453978,17.472986530034323,10239.379575548433,2.8442721043190105,7.419025134066652,86712.67816128455,1783556692712678.2,1783556692895608.2
77.0,5316.643369194046,24288.0,73.1686855293475,-893.4697170597876,11.964559407587002,896.9757736478301,0.0731686855293475,-0.8934697170597876,0.011964559407587002,0.8969757736478301,0.896876537448033,0.896876537448033,8.795354295964751,-0.10312346255196699,-1.011295704035247,0.7175396899463755,0.740402075,-0.02286238505362448,-0.02451662500000007,-8.761944800804367,-9.52225715,0.7603123491956335,0.13422219946375674,0.11733224651441305,0.1714975853217465,-0.054165338807333444,0.5050424749999999,0.0731686855293475,0.7175396899463755,-0.02451662500000007,-0.02451662500000007,0.07498036002497362,8.795354295964751,0.896876537448033,43.661466879767175,-79.39414760206306,107.5,59.54524425263392,43.65000946355322,1.0,3.701132502028936,77.0,3.701132502028936,3.6845397704944385,13.264343173779979,0.5988434276467375,0.6120966446567316,0.0,3.6845397704944385,13.264343173779979,-0.011345762962128456,0.0,0.0,0.0,0.0,0.0,0.0,129.13063415098497,0.02148765185713352,77.35554668568066,10330.958181877033,2.8697106060769544,6.971432616609429,87474.71737419654,1783556693474717.2,1783556693168685.5
78.0,5745.731441293082,24288.0,73.44427195972581,-889.3359206041129,29.87767738217747,893.6687364832903,0.0734442719597258,-0.8893359206041129,0.029877677382177472,0.8936687364832904,0.8934573511057151,0.8934573511057151,8.76182353222086,-0.10654264889428486,-1.0448264677791386,0.7202422696138451,0.740402075,-0.02015980538615497,-0.02451662500000007,-8.721406105792324,-9.52225715,0.8008510442076763,0.16124799613845123,0.29299992489993065,0.15528210731692949,0.1377178175830012,0.5050424749999999,0.0734442719597258,0.7202422696138451,-0.02451662500000007,-0.02451662500000007,0.05012385806664211,8.76182353222086,0.8934573511057151,43.66147321825507,-79.3941387832973,107.5,60.2554376894152,44.350665915838306,1.0,3.677095996835383,78.0,3.677095996835383,3.6660038692422905,13.197613929272245,0.600221359798629,1.612096644656733,0.0,3.6660038692422905,13.197613929272245,-0.02988166421427673,0.0,0.0,0.0,0.0,0.0,0.0,139.55232524612637,0.023280269368401756,83.80896972624632,10357.641144816967,2.8771225402269365,6.251772515189717,87640.89599171466,1783556693640896.0,1783556693444272.0
79.0,6174.819513392118,24288.0,73.71985839010412,-885.2021241484382,47.790795356767944,890.3616993187505,0.07371985839010411,-0.8852021241484381,0.047790795356767946,0.8903616993187505,0.8900381647633973,0.8900381647633973,8.728292768476969,-0.10996183523660273,-1.07835723152303,0.7229448492813145,0.740402075,-0.017457225718685458,-0.02451662500000007,-8.68086741078028,-9.52225715,0.8413897392197189,0.1882737928131457,0.4686676032854483,0.13906662931211247,0.32960097397333576,0.5050424749999999,0.07371985839010411,0.7229448492813145,-0.02451662500000007,-0.02451662500000007,0.0252673561083106,8.728292768476969,0.8900381647633973,43.66147955674297,-79.39412996453152,107.5,60.96563112619648,45.051322368123394,1.0,3.65305949164183,79.0,3.65305949164183,3.647467967990142,13.130884684764512,0.6015992919505206,2.6120966446567344,0.0,3.647467967990142,13.130884684764512,-0.048417565466425005,0.0,0.0,0.0,0.0,0.0,0.0,149.97401634126777,0.025072886879669996,90.26239276681198,10384.324107756902,2.884534474376918,5.532112413770006,87807.07460923279,1783556693807074.5,1783556693719858.5
80.0,6603.907585491154,24288.0,73.99544482048243,-881.0683276927634,65.70391333135841,887.0546621542107,0.07399544482048244,-0.8810683276927634,0.06570391333135842,0.8870546621542108,0.8866189784210794,0.8866189784210794,8.694762004733077,-0.1133810215789206,-1.1118879952669218,0.7256474289487841,0.740402075,-0.01475464605121595,-0.02451662500000007,-8.640328715768238,-9.52225715,0.8819284342317617,0.21529958948784023,0.6443352816709659,0.12285115130729546,0.5214841303636704,0.5050424749999999,0.07399544482048244,0.7256474289487841,-0.02451662500000007,-0.02451662500000007,0.00041085414997908687,8.694762004733077,0.8866189784210794,43.66148589523087,-79.39412114576574,107.5,61.67582456297775,45.75197882040848,1.0,3.6290229864482773,80.0,3.6290229864482773,3.6289320667379936,13.064155440256778,0.6029772241024122,3.6120966446567357,0.0,3.6289320667379936,13.064155440256778,-0.06695346671857327,0.0,0.0,0.0,0.0,0.0,0.0,160.39570743640917,0.02686550439093823,96.71581580737762,10411.007070696836,2.8919464085268998,4.812452312350295,87973.25322675091,1783556693973253.2,1783556693995444.8
81.0,5573.650982685334,24288.0,67.98056663066926,-893.898785791423,63.993522210223084,899.0388667386615,0.06798056663066925,-0.893898785791423,0.06399352221022309,0.8990388667386615,0.8988385695050592,0.8988385695050592,8.814595257636789,-0.10116143049494072,-0.9920547423632105,0.6666616237486526,0.740402075,-0.0737404512513474,-0.021705649940412092,-8.766152527681458,-9.526473612589381,0.7603210849079237,0.21574629999999928,0.6275620745828842,0.10571727464247219,0.521844799940412,0.5078534500595879,0.06798056663066925,0.6666616237486526,-0.021705649940412092,-0.021705649940412092,0.004692779732200296,8.814595257636789,0.8988385695050592,43.661493165992106,-79.3941138340079,107.52866396842538,62.26465553652338,46.555688767378705,1.0,3.571988523729455,81.0,3.571988523729455,3.571988523729455,12.859158685426038,0.6018534412629846,3.571988523729455,0.028663968425382873,3.571988523729455,12.859158685426038,-0.10461766830604657,0.0,0.0,0.8354319756047517,0.0,0.0,0.0,135.3728350674614,0.022651805408559496,81.54649947081418,10423.92529570704,2.8955348043630678,4.617620307930445,88147.69717086805,1783556694147697.2,1783556694286639.8
82.0,4518.867403927186,24288.0,61.85996559338793,-907.0143594427401,61.953321864462644,911.2800688132241,0.06185996559338793,-0.9070143594427402,0.061953321864462646,0.9112800688132242,0.9113209990565065,0.9113209990565065,8.93700607539749,-0.0886790009434935,-0.8696439246025105,0.6066390315863976,0.740402075,-0.1337630434136023,-0.018847431266018996,-8.894772368029146,-9.530760940600972,0.6359885725718245,0.21574629999999928,0.6075545438621326,0.08856796259611364,0.5189865812660189,0.510711668733981,0.06185996559338793,0.6066390315863976,-0.018847431266018996,-0.018847431266018996,0.009464430273758056,8.93700607539749,0.9113209990565065,43.66150045242191,-79.39410654757809,107.55780968765053,62.85144679027663,47.36113071819244,1.0,3.5143994695391205,82.0,3.5143994695391205,3.5143994695391205,12.651838090340835,0.6006876124939786,3.5143994695391205,0.05780968765053037,3.5143994695391205,12.651838090340835,-0.1426033562225559,0.0,0.0,1.6849049247559342,0.0,0.0,0.0,109.75425150658353,0.018337159211492524,66.0137731613731,10436.61217893624,2.899058938593401,4.431609006621779,88322.28002902669,1783556694322280.0,1783556694578097.0
83.0,3464.083825169039,24288.0,55.73936455610661,-920.1299330940573,59.913121518702205,923.5212708877868,0.055739364556106605,-0.9201299330940573,0.0599131215187022,0.9235212708877868,0.9238034286079537,0.9238034286079537,9.059416893158188,-0.07619657139204628,-0.7472331068418105,0.5466164394241428,0.740402075,-0.1937856355758572,-0.015989212591625897,-9.023392208376837,-9.535048268612561,0.5116560602357252,0.21574629999999928,0.5875470131413809,0.0714186505497551,0.5161283625916259,0.5135698874083742,0.055739364556106605,0.5466164394241428,-0.015989212591625897,-0.015989212591625897,0.014236080815315815,9.059416893158188,0.9238034286079537,43.66150773885172,-79.39409926114828,107.58695540687567,63.43823804402989,48.16657266900617,1.0,3.4568104153487864,83.0,3.4568104153487864,3.4568104153487864,12.444517495255631,0.5995217837249727,3.4568104153487864,0.08695540687567786,3.4568104153487864,12.444517495255631,-0.18058904413906524,0.0,0.0,2.5343778739071166,0.0,0.0,0.0,84.13566794570562,0.014022513014425555,50.481046851932,10449.29906216544,2.902583072823734,4.245597705313112,88496.86288718534,1783556694496863.0,1783556694869554.0
84.0,1366.1554435361527,24288.0,95.42238644797283,-1059.1082912685,72.28520187666577,1066.382660411114,0.09542238644797282,-1.0591082912685,0.07228520187666576,1.0663826604111142,1.0665340399690566,1.0665340399690566,10.459126043062549,0.0665340399690567,0.6524760430625498,0.9357739460600126,0.7894353249999999,0.14633862106001272,0.05393657499999993,-10.386304324568234,-9.540949971812932,-0.8453543527553036,0.2547781987667291,0.7088756749838043,0.02941995,0.6794557249838044,0.5050424749999999,0.09542238644797282,0.9357739460600126,0.05393657499999993,0.05393657499999993,0.09614478080901595,10.459126043062549,1.0665340399690566,43.66151554873828,-79.39409323826605,107.6,63.92327320049688,49.02987753006426,1.0,3.4260822817113215,84.0,3.4260822817113215,3.4310355914535866,12.351728129232912,0.5978375450612419,0.5524353671443683,0.0,3.4310355914535866,12.351728129232912,-0.16549060788688322,0.0,0.0,0.0,0.0,0.0,0.0,33.181183412606075,0.005507321037814976,19.826355736133912,10476.797422608897,2.91022150628025,5.224788132344181,89269.98559843862,1783556695269985.5,1783556695162455.0
85.0,2309.533573416019,24288.0,112.47847483108762,-1004.9993212255151,87.28279683423223,1016.390677219226,0.11247847483108762,-1.004999321225515,0.08728279683423223,1.016390677219226,1.0163387754087942,1.0163387754087942,9.966878651862652,0.016338775408794304,0.16022865186265256,1.1030370352022854,0.7894353249999999,0.31360171020228544,0.05393657499999993,-9.855676593496197,-9.548159587724236,-0.3075170057719615,0.3254324346975171,0.8559518395744234,0.02941995,0.8265318895744235,0.5050424749999999,0.11247847483108762,1.1030370352022854,0.05393657499999993,0.05393657499999993,0.062387381893207264,9.966878651862652,1.0163387754087942,43.66152378271199,-79.39408823906773,107.6,64.32586897485449,49.94006098311645,1.0,3.417115966307097,85.0,3.417115966307097,3.4310355914535866,12.351728129232912,0.5975434745718777,1.5524353671443665,0.0,3.4310355914535866,12.351728129232912,-0.10738519207284751,0.0,0.0,0.0,0.0,0.0,0.0,56.093951431128275,0.009305345257964743,33.49924292867307,10494.079427883556,2.9150220633009885,5.99271708265482,89445.54568058896,1783556695445545.8,1783556695456525.5
86.0,3252.911703295886,24288.0,129.53456321420242,-950.8903511825303,102.28039179179869,966.3986940273377,0.12953456321420243,-0.9508903511825302,0.1022803917917987,0.9663986940273378,0.9661435108485319,0.9661435108485319,9.474631260662754,-0.03385648915146808,-0.3320187393372447,1.270300124344558,0.7894353249999999,0.48086479934455817,0.05393657499999993,-9.325048862424161,-9.555369203635541,0.23032034121138056,0.39608667062830516,1.0030280041650426,0.02941995,0.9736080541650426,0.5050424749999999,0.12953456321420243,1.270300124344558,0.05393657499999993,0.05393657499999993,0.028629982977398577,9.474631260662754,0.9661435108485319,43.66153201668569,-79.3940832398694,107.6,64.7284647492121,50.850244436168644,1.0,3.4081496509028724,86.0,3.4081496509028724,3.4310355914535866,12.351728129232912,0.5972494040825137,2.5524353671443647,0.0,3.4310355914535866,12.351728129232912,-0.049279776258811775,0.0,0.0,0.0,0.0,0.0,0.0,79.00671944965048,0.01310336947811451,47.17213012121223,10511.361433158214,2.9198226203217272,6.760646032965457,89621.10576273929,1783556695621105.8,1783556695750596.0
87.0,2966.385809013885,24288.0,81.08793656046987,-1050.5164566756137,44.13182102877305,1055.3955828176502,0.08108793656046986,-1.0505164566756136,0.04413182102877304,1.0553955828176502,1.055446424085103,1.055446424085103,10.350393674754173,0.05544642408510283,0.5437436747541736,0.7952010130707318,0.8316254614643194,-0.03642444839358758,-0.014709975000000042,-10.302047209857907,-9.561483749999999,-0.7405634598579075,0.21574629999999928,0.4327853226918171,0.005980985297600319,0.42680433739421675,0.5005163017500786,0.08108793656046986,0.7952010130707318,-0.014709975000000042,-0.014709975000000042,-0.10883764704265188,10.350393674754173,1.055446424085103,43.66154036264552,-79.39407886813109,107.60439563071017,65.08052987317768,51.77280683584615,1.0,3.4029599566844912,87.0,3.4029599566844912,3.432110074090977,12.355596266727517,0.6027362621573891,0.1518901367726214,0.004395630710183031,3.432110074090977,12.355596266727517,0.0010744826373904144,0.0,0.0,0.12720753138320492,0.0,0.0,0.0,72.04757852932924,0.012054974801034896,43.397909283725625,10571.197691237261,2.9364438031214624,7.460310431509526,90399.2419153398,1783556696399242.0,1783556696043956.2
88.0,4279.083349818424,24288.0,108.00170889177986,-1020.9981257315962,-7.669955823963363,1031.6651599018714,0.10800170889177985,-1.0209981257315963,-0.007669955823963355,1.0316651599018716,1.0315005504414194,1.0315005504414194,10.115564872986344,0.03150055044141936,0.3089148729863451,1.0591349585035728,0.8188544641046658,0.24028049439890709,-0.014709975000000042,-10.012571269705758,-9.561483749999999,-0.45108751970575933,0.21574629999999928,-0.07521657228107037,0.013075983830741206,-0.08829255611181164,0.47071730791088684,0.10800170889177985,1.0591349585035728,-0.014709975000000042,-0.014709975000000042,-0.0758923802220972,10.115564872986344,1.0315005504414194,43.66154933390296,-79.39407799994488,107.63333517085137,65.15044670296585,52.76448963367704,1.0,3.4188578047216183,88.0,3.4188578047216183,3.439184151843629,12.381062946637064,0.6009998897489174,1.1518901367726204,0.03333517085137902,3.439184151843629,12.381062946637064,0.00814856039004204,0.0,0.0,0.9647045149670285,0.0,0.0,0.0,103.93037640038986,0.01730979080156117,62.31524688562021,10601.84264791558,2.944956291087662,7.778805644929387,90572.01096998272,1783556696572011.0,1783556696333351.8
89.0,5591.780890622962,24288.0,134.91548122308984,-991.4797947875788,-59.47173267669977,1007.9347369860928,0.13491548122308983,-0.9914797947875789,-0.05947173267669976,1.0079347369860927,1.007554676797736,1.007554676797736,9.880736071218516,0.0075546767977358945,0.07408607121851674,1.3230689039364139,0.8060834667450122,0.5169854371914017,-0.014709975000000042,-9.72309532955361,-9.561483749999999,-0.16161157955361127,0.21574629999999928,-0.583218467253958,0.020170982363882095,-0.6033894496178399,0.4409183140716951,0.13491548122308983,1.3230689039364139,-0.014709975000000042,-0.014709975000000042,-0.0429471134015425,9.880736071218516,1.007554676797736,43.661558305160405,-79.39407713175868,107.66227471099256,65.22036353275402,53.75617243150792,1.0,3.4347556527587453,89.0,3.4347556527587453,3.4462582295962805,12.40652962654661,0.5992635173404458,2.1518901367726193,0.06227471099257501,3.4462582295962805,12.40652962654661,0.015222638142693664,0.0,0.0,1.8022014985508519,0.0,0.0,0.0,135.8131742714505,0.022564606802087443,81.23258448751479,10632.4876045939,2.953468779053862,8.09730085834925,90744.78002462564,1783556696744780.0,1783556696622747.0
90.0,6904.4784314275,24288.0,161.8292535543998,-961.9614638435615,-111.27350952943618,984.2043140703141,0.1618292535543998,-0.9619614638435615,-0.11127350952943618,0.9842043140703142,0.9836088031540524,0.9836088031540524,9.645907269450687,-0.016391196845947573,-0.16074273054931176,1.587002849369255,0.7933124693853586,0.7936903799838964,-0.014709975000000042,-9.433619389401462,-9.561483749999999,0.1278643605985369,0.21574629999999928,-1.0912203622268455,0.02726598089702298,-1.1184863431238683,0.4111193202325034,0.1618292535543998,1.587002849369255,-0.014709975000000042,-0.014709975000000042,-0.010001846580987822,9.645907269450687,0.9836088031540524,43.66156727641785,-79.39407626357246,107.69121425113377,65.29028036254219,54.74785522933881,1.0,3.4506535007958723,90.0,3.4506535007958723,3.4533323073489317,12.431996306456154,0.5975271449319742,3.1518901367726184,0.091214251133771,3.4533323073489317,12.431996306456154,0.02229671589534529,0.0,0.0,2.6396984821346754,0.0,0.0,0.0,167.6959721425111,0.027819422802613715,100.14992208940936,10663.13256127222,2.961981267020062,8.415796071769112,90917.54907926856,1783556696917549.0,1783556696912142.5
91.0,7753.278283253933,24288.0,153.16249292534349,-946.9985123298254,-98.49293356667064,967.4976445222236,0.1531624929253435,-0.9469985123298253,-0.09849293356667066,0.9674976445222235,0.9670543220932925,0.9670543220932925,9.483563267756185,-0.032945677906707584,-0.3230867322438139,1.5020109612463197,0.7894353249999999,0.7125756362463198,-0.0032660465715271536,-9.286882960939282,-9.563118596918352,0.2762356359790703,0.19939783081646661,-0.9658857269615907,0.02941995,-0.9953056769615908,0.4020726499999999,0.1531624929253435,1.5020109612463197,-0.0032660465715271536,-0.0032660465715271536,0.019137004060991458,9.483563267756185,0.9670543220932925,43.66157616819566,-79.39407750037192,107.7,65.190678346121,55.730752348385735,1.0,3.575834021074756,91.0,3.575834021074756,3.575834021074756,12.873002475869121,0.5971667079908382,3.575834021074756,0.08332920091618877,3.575834021074756,12.873002475869121,0.1407233638688323,0.0,0.0,2.4115087548476275,0.0,0.0,0.0,188.31162294367152,0.031239595869500387,112.46254513020139,10696.658784416044,2.9712941067822354,8.608282827933115,91069.69137852124,1783556697069691.5,1783556697166708.0
92.0,8399.848760994622,24288.0,128.98492230268167,-938.3807643851143,-57.55863082929274,953.8528769430976,0.1289849223026817,-0.9383807643851142,-0.057558630829292745,0.9538528769430976,0.9537220099098108,0.9537220099098108,9.352817948482045,-0.046277990090189194,-0.4538320515179539,1.2649099882995933,0.7894353249999999,0.4754746632995934,0.013166694127750907,-9.202371723057281,-9.565466131303964,0.36309440824668293,0.17592248696035512,-0.5644573470220836,0.02941995,-0.5938772970220836,0.4020726499999999,0.1289849223026817,1.2649099882995933,0.013166694127750907,0.013166694127750907,0.04661650355811197,9.352817948482045,0.9537220099098108,43.66158502532549,-79.3940796548089,107.7,65.01717708213042,56.70981947999445,1.0,3.7486547148896436,92.0,3.7486547148896436,3.7486547148896436,13.495156973602718,0.5974060898781912,3.7486547148896436,0.05939101218087801,3.7486547148896436,13.495156973602718,0.3076925269563821,0.0,0.0,1.7187485810346343,0.0,0.0,0.0,204.01552670703737,0.03385998333504451,121.89594000616023,10731.441053295248,2.9809558481375698,8.7458380506021,91212.84174715838,1783556697212841.8,1783556697406090.0
93.0,9046.41923873531,24288.0,104.80735168001986,-929.7630164404031,-16.62432809191482,940.2081093639716,0.10480735168001987,-0.9297630164404032,-0.016624328091914845,0.9402081093639716,0.9403896977263292,0.9403896977263292,9.222072629207904,-0.05961030227367081,-0.5845773707920938,1.027809015352867,0.7894353249999999,0.23837369035286704,0.029599434827028967,-9.117860485175278,-9.567813665689574,0.44995318051429556,0.15244714310424362,-0.16302896708257664,0.02941995,-0.1924489170825765,0.4020726499999999,0.10480735168001987,1.027809015352867,0.029599434827028967,0.029599434827028967,0.07409600305523248,9.222072629207904,0.9403896977263292,43.66159388245532,-79.39408180924589,107.7,64.84367581813984,57.688886611603166,1.0,3.9214754087045316,93.0,3.9214754087045316,3.9214754087045316,14.117311471336313,0.5976454717655443,3.9214754087045316,0.035452823445567244,3.9214754087045316,14.117311471336313,0.4746616900439319,0.0,0.0,1.0259884072216412,0.0,0.0,0.0,219.7194304704032,0.036480370800588635,131.32933488211907,10766.223322174452,2.990617589492904,8.883393273271084,91355.99211579553,1783556697355992.0,1783556697645471.8
94.0,9692.989716475999,24288.0,80.62978105735806,-921.145268495692,24.309974645463086,926.5633417848456,0.08062978105735806,-0.921145268495692,0.024309974645463056,0.9265633417848457,0.9270573855428476,0.9270573855428476,9.091327309933765,-0.07294261445715243,-0.7153226900662338,0.7907080424061405,0.7894353249999999,0.0012727174061405444,0.04603217552630703,-9.033349247293277,-9.570161200075185,0.5368119527819082,0.12897179924813212,0.23839941285693045,0.02941995,0.2089794628569306,0.4020726499999999,0.08062978105735806,0.7907080424061405,0.04603217552630703,0.04603217552630703,0.10157550255235298,9.091327309933765,0.9270573855428476,43.661602739585156,-79.39408396368287,107.7,64.67017455414926,58.66795374321188,1.0,4.0942961025194196,94.0,4.0942961025194196,4.0942961025194196,14.73946596906991,0.5978848536528975,4.0942961025194196,0.011514634710256488,4.0942961025194196,14.73946596906991,0.6416308531314817,0.0,0.0,0.33322823340864804,0.0,0.0,0.0,235.42333423376905,0.039100758266132754,140.7627297580779,10801.005591053656,3.0002793308482385,9.020948495940068,91499.14248443267,1783556697499142.5,1783556697884853.8
95.0,11844.67436056968,24288.0,105.05986133401764,-983.4638362519934,58.04986464798284,990.7930141979948,0.10505986133401765,-0.9834638362519933,0.05804986464798284,0.9907930141979947,0.9908966316208488,0.9908966316208488,9.717376452484597,-0.009103368379151143,-0.08927354751540256,1.0302852891512442,0.7457822965069248,0.2845029926443193,0.25006957500000004,-9.64448562978061,-9.561483749999999,-0.08300187978061029,0.07851432564376842,0.5692747051501409,0.03426214935623239,0.5350125557939085,0.18142302499999996,0.10505986133401765,1.0302852891512442,0.25006957500000004,0.25006957500000004,0.2915060333427389,9.717376452484597,0.9908966316208488,43.66161138903928,-79.39408719451964,107.71097259820004,64.40998859118302,59.624064402002205,1.0,4.2380380966487206,95.0,4.2380380966487206,4.198875388951627,15.115951400225857,0.5993291779460014,0.5189847136065275,0.010972598200047048,4.198875388951627,15.115951400225857,0.6641792768940774,0.0,0.0,0.23198739404676033,0.0,0.0,0.0,287.6834508695164,0.04790060257466566,172.44216926879642,11008.469538965857,3.0579082052682947,9.661741355334401,92233.05504116429,1783556698233055.0,1783556698109726.0
96.0,12589.733608813434,24288.0,112.88256059196851,-980.5038959922281,50.4385896943009,988.4673468510364,0.11288256059196852,-0.9805038959922281,0.0504385896943009,0.9884673468510363,0.9885705638979294,0.9885705638979294,9.694565520449629,-0.011429436102070565,-0.11208447955037029,1.106999762829228,0.75614911727422,0.35085064555500817,0.25006957500000004,-9.615458531632184,-9.561483749999999,-0.05397478163218411,0.06918418695320243,0.4946335956256159,0.04359228804679801,0.4510413075788179,0.18142302499999996,0.11288256059196852,1.106999762829228,0.25006957500000004,0.25006957500000004,0.2222785156980301,9.694565520449629,0.9885705638979294,43.66161984601145,-79.39409142300573,107.73211502862695,64.06945986626151,60.55889810588843,1.0,4.354828817088261,96.0,4.354828817088261,4.2402058758421965,15.264741153031908,0.5999634508588082,1.5189847136065262,0.032115028626940115,4.2402058758421965,15.264741153031908,0.5528729233072619,0.0,0.0,0.6789897584028003,0.0,0.0,0.0,305.7794498908607,0.05097568713783508,183.5124736962063,11054.783609033208,3.0707732247314476,9.661741355334401,92360.3324723342,1783556698360332.5,1783556698321150.2
97.0,13334.792857057188,24288.0,120.7052598499194,-977.5439557324629,42.82731474061896,986.1416795040781,0.12070525984991941,-0.9775439557324629,0.04282731474061896,0.986141679504078,0.98624449617501,0.98624449617501,9.671754588414661,-0.013755503824989985,-0.13489541158533802,1.1837142365072122,0.7665159380415151,0.417198298465697,0.25006957500000004,-9.586431433483757,-9.561483749999999,-0.024947683483757935,0.05985404826263643,0.4199924861010909,0.05292242673736363,0.3670700593637273,0.18142302499999996,0.12070525984991941,1.1837142365072122,0.25006957500000004,0.25006957500000004,0.1530509980533213,9.671754588414661,0.98624449617501,43.66162830298362,-79.39409565149181,107.75325745905384,63.72893114134001,61.49373180977466,1.0,4.471619537527801,97.0,4.471619537527801,4.2815363627327665,15.413530905837959,0.600597723771615,2.5189847136065247,0.05325745905383319,4.2815363627327665,15.413530905837959,0.44156656972044633,0.0,0.0,1.12599212275884,0.0,0.0,0.0,323.875448912205,0.0540507717010045,194.5827781236162,11101.09767910056,3.0836382441946,9.661741355334401,92487.6099035041,1783556698487610.0,1783556698532574.5
98.0,14079.852105300943,24288.0,128.5279591078703,-974.5840154726977,35.216039786937024,983.8160121571196,0.1285279591078703,-0.9745840154726977,0.03521603978693702,0.9838160121571197,0.9839184284520905,0.9839184284520905,9.648943656379695,-0.016081571547909408,-0.15770634362030578,1.260428710185196,0.7768827588088102,0.4835459513763859,0.25006957500000004,-9.557404335335331,-9.561483749999999,0.0040794146646682405,0.05052390957207043,0.34535137657656595,0.06225256542792925,0.2830988111486367,0.18142302499999996,0.1285279591078703,1.260428710185196,0.25006957500000004,0.25006957500000004,0.08382348040861254,9.648943656379695,0.9839184284520905,43.66163675995579,-79.3940998799779,107.77439988948073,63.38840241641851,62.42856551366088,1.0,4.588410257967342,98.0,4.588410257967342,4.3228668496233364,15.56232065864401,0.6012319966844218,3.5189847136065233,0.07439988948072626,4.3228668496233364,15.56232065864401,0.3302602161336308,0.0,0.0,1.57299448711488,0.0,0.0,0.0,341.97144793354926,0.05712585626417392,205.65308255102613,11147.41174916791,3.096503263657753,9.661741355334401,92614.887334674,1783556698614887.2,1783556698743999.0
99.0,14824.911353544696,24288.0,136.35065836582118,-971.6240752129326,27.60476483325509,981.4903448101613,0.13635065836582116,-0.9716240752129325,0.027604764833255087,0.9814903448101613,0.9815923607291712,0.9815923607291712,9.626132724344727,-0.018407639270828828,-0.18051727565527348,1.3371431838631802,0.7872495795761053,0.5498936042870748,0.25006957500000004,-9.528377237186904,-9.561483749999999,0.03310651281309443,0.04119377088150443,0.27071026705204093,0.07158270411849488,0.1991275629335461,0.18142302499999996,0.13635065836582116,1.3371431838631802,0.25006957500000004,0.25006957500000004,0.014595962763903736,9.626132724344727,0.9815923607291712,43.661645216927965,-79.39410410846398,107.79554231990763,63.04787369149701,63.363399217547105,1.0,4.705200978406882,99.0,4.705200978406882,4.364197336513906,15.711110411450063,0.6018662695972288,4.518984713606522,0.09554231990761933,4.364197336513906,15.711110411450063,0.21895386254681526,0.0,0.0,2.01999685147092,0.0,0.0,0.0,360.06744695489357,0.06020094082734334,216.72338697843603,11193.72581923526,3.109368283120906,9.661741355334401,92742.1647658439,1783556698742164.8,1783556698955423.2
100.0,12681.572303390692,24288.0,175.45669610075356,-932.3330787660418,-162.26783697021477,967.9339945022984,0.1754566961007536,-0.9323330787660419,-0.16226783697021477,0.9679339945022983,0.9677527528446401,0.9677527528446401,9.490412533683891,-0.032247247155359815,-0.31623746631610933,1.7206424088164551,0.7492508834993951,0.9713915253170601,0.38245935,-9.143064186881004,-9.577557526600241,0.4344933397192366,0.08335652500000101,-1.5913038834239566,0.073549875,-1.6648537584239567,0.18142302499999996,0.1754566961007536,1.7206424088164551,0.38245935,0.38245935,0.1817386801534897,9.490412533683891,0.9677527528446401,43.66165385768785,-79.39410752651658,107.8,62.77261085046356,64.3185488158713,1.0,4.665414588490545,100.0,4.665414588490545,4.372911476038088,15.742481313737118,0.6051209461431329,0.7891595241243019,0.0,4.372911476038088,15.742481313737118,0.16020750912229423,0.0,0.0,0.0,0.0,0.0,0.0,308.01002810475313,0.05168172440492366,186.05420785772517,11423.690718735077,3.173247421870855,9.661741355334401,93481.85883164204,1783556699481858.8,1783556699180465.5
101.0,12215.978611143202,24288.0,144.35613512547908,-968.2359322448514,-116.98907907974161,994.4609435694443,0.1443561351254791,-0.9682359322448514,-0.11698907907974161,0.9944609435694443,0.9943103244235901,0.9943103244235901,9.7508533430086,-0.005689675576409897,-0.05579665699140013,1.4156500925282796,0.7604638363041073,0.6551862562241721,0.38245935,-9.495150904948972,-9.573072345478355,0.07792144052938488,0.08335652500000101,-1.1472709523573479,0.073549875,-1.2208208273573482,0.18142302499999996,0.1443561351254791,1.4156500925282796,0.38245935,0.38245935,0.1310268332980068,9.7508533430086,0.9943103244235901,43.66166254755048,-79.39411072804491,107.8,62.5147851556556,65.27912623039767,1.0,4.583795347991421,101.0,4.583795347991421,4.372911476038088,15.742481313737118,0.6154115729364223,1.789159524124303,0.0,4.372911476038088,15.742481313737118,0.11550365928225695,0.0,0.0,0.0,0.0,0.0,0.0,296.7016885074461,0.05057102902803017,182.05570450090863,11462.960794196011,3.184155776165559,9.661741355334401,93628.67177389296,1783556699628671.8,1783556699409146.0
102.0,11750.38491889571,24288.0,113.2555741502046,-1004.1387857236608,-71.71032118926847,1020.9878926365902,0.1132555741502046,-1.0041387857236608,-0.07171032118926846,1.02098789263659,1.0208678960025401,1.0208678960025401,10.01129415233331,0.02086789600254002,0.20464415233330913,1.110657776240104,0.7716767891088196,0.3389809871312842,0.38245935,-9.847237623016937,-9.56858716435647,-0.2786504586604669,0.08335652500000101,-0.7032380212907394,0.073549875,-0.7767878962907395,0.18142302499999996,0.1132555741502046,1.110657776240104,0.38245935,0.38245935,0.08031498644252388,10.01129415233331,1.0208678960025401,43.6616712374131,-79.39411392957325,107.8,62.25695946084765,66.23970364492403,1.0,4.502176107492296,102.0,4.502176107492296,4.372911476038088,15.742481313737118,0.6257021997297117,2.789159524124304,0.0,4.372911476038088,15.742481313737118,0.07079980944221968,0.0,0.0,0.0,0.0,0.0,0.0,285.39334891013897,0.04946033365113668,178.05720114409206,11502.230869656945,3.195064130460263,9.661741355334401,93775.48471614388,1783556699775484.8,1783556699637826.8
103.0,11284.791226648218,24288.0,82.1550131749301,-1040.0416392024704,-26.43156329879531,1047.514841703736,0.08215501317493011,-1.0400416392024703,-0.026431563298795313,1.047514841703736,1.04742546758149,1.04742546758149,10.271734961658018,0.04742546758148994,0.46508496165801827,0.8056654599519284,0.782889741913532,0.022775718038396287,0.38245935,-10.199324341084905,-9.564101983234586,-0.6352223578503187,0.08335652500000101,-0.25920509022413096,0.073549875,-0.33275496522413106,0.18142302499999996,0.08215501317493011,0.8056654599519284,0.38245935,0.38245935,0.029603139587040972,10.271734961658018,1.04742546758149,43.66167992727573,-79.39411713110158,107.8,61.999133766039705,67.2002810594504,1.0,4.420556866993173,103.0,4.420556866993173,4.372911476038088,15.742481313737118,0.635992826523001,3.789159524124305,0.0,4.372911476038088,15.742481313737118,0.026095959602182417,0.0,0.0,0.0,0.0,0.0,0.0,274.0850093128319,0.0483496382742432,174.0586977872755,11541.50094511788,3.205972484754967,9.661741355334401,93922.29765839482,1783556699922297.8,1783556699866507.2
104.0,10251.568559100471,24288.0,64.10194556713074,-1051.009334421187,-2.956421446791582,1053.1112799883178,0.06410194556713075,-1.051009334421187,-0.0029564214467915823,1.0531112799883178,1.053009018483388,1.053009018483388,10.326490891110119,0.05300901848338808,0.5198408911101177,0.6286253444959027,0.7939341752315621,-0.16530883073565938,0.39045730596722167,-10.306880689401533,-9.561483749999999,-0.7453969394015336,0.08685563073566036,-0.028992590381178664,0.07954834197541627,-0.10854093235659494,0.15542966810652944,0.06410194556713075,0.6286253444959027,0.39045730596722167,0.39045730596722167,0.013285641141564287,10.326490891110119,1.053009018483388,43.66168867004041,-79.39412001945567,107.81019455671307,61.76652864091379,68.16670626782391,1.0,4.343360583687064,104.0,4.343360583687064,4.343360583687064,15.636098101273427,0.6379221773147702,4.343360583687064,0.01019455671307529,4.343360583687064,15.636098101273427,-0.029550892351024944,-0.005600326084868374,0.005600326084868374,0.2496804178516477,0.0,0.0,0.0,248.99009716343227,0.04430573249254801,159.50063697317285,11569.707559676548,3.2138076554657085,9.412492988387704,94069.3712314127,1783556700069371.2,1783556700101945.5
105.0,8422.295258239697,24288.0,64.3468609909975,-1027.0076228822454,-10.058968738927401,1029.3544838732428,0.0643468609909975,-1.0270076228822453,-0.010058968738927402,1.0293544838732427,1.0291783161149068,1.0291783161149068,10.092791533728253,0.02917831611490692,0.2861415337282519,0.6310271443373656,0.8047422745181451,-0.1737151301807795,0.4096717046989248,-10.07150430493817,-9.561483749999999,-0.5100205549381709,0.09526193018078007,-0.09864478578360239,0.09395914102419359,-0.19260392680779598,0.09298287222849438,0.0643468609909975,0.6310271443373656,0.4096717046989248,0.4096717046989248,0.04520324700818073,10.092791533728253,1.0291783161149068,43.66169748699568,-79.39412246860991,107.83468609909976,61.56929318742467,69.14133250221627,1.0,4.27236711600141,105.0,4.27236711600141,4.27236711600141,15.380521617605078,0.6281255603601001,4.27236711600141,0.03468609909975262,4.27236711600141,15.380521617605078,-0.10054436003667781,-0.019054626016404348,0.019054626016404348,0.8495160663300079,0.0,0.0,0.0,204.5607072321258,0.0361482523480437,130.1337084529573,11582.398625450516,3.2173329515140328,8.813695304908672,94216.8103165805,1783556700216810.2,1783556700346861.0
106.0,6593.0219573789245,24288.0,64.59177641486426,-1003.0059113433036,-17.16151603106322,1005.5976877581678,0.06459177641486426,-1.0030059113433036,-0.017161516031063223,1.0055976877581678,1.0053476137464257,1.0053476137464257,9.859092176346387,0.0053476137464257695,0.05244217634638626,0.6334289441788286,0.8155503738047281,-0.1821214296258996,0.4288861034306279,-9.836127920474807,-9.561483749999999,-0.27464417047480827,0.10366822962589979,-0.1682969811860261,0.1083699400729709,-0.27666692125899706,0.030536076350459324,0.06459177641486426,0.6334289441788286,0.4288861034306279,0.4288861034306279,0.07712085287479717,9.859092176346387,1.0053476137464257,43.661706303950936,-79.39412491776416,107.85917764148643,61.37205773393554,70.11595873660862,1.0,4.201373648315758,106.0,4.201373648315758,4.201373648315758,15.124945133936727,0.61832894340543,4.201373648315758,0.05917764148642995,4.201373648315758,15.124945133936727,-0.1715378277223307,-0.03250892594794032,0.03250892594794032,1.4493517148083679,0.0,0.0,0.0,160.13131730081932,0.027990772203539384,100.76677993274177,11595.089691224484,3.220858247562357,8.214897621429639,94364.24940174828,1783556700364249.5,1783556700591776.5
107.0,4763.748656518151,24288.0,64.836691838731,-979.0041998043619,-24.26406332319904,981.8408916430928,0.064836691838731,-0.9790041998043618,-0.024264063323199043,0.9818408916430929,0.9815169113779446,0.9815169113779446,9.62539281896452,-0.018483088622055388,-0.1812571810354795,0.6358307440202914,0.8263584730913112,-0.1905277290710197,0.448100502162331,-9.600751536011444,-9.561483749999999,-0.03926778601144565,0.11207452907101952,-0.23794917658844983,0.12278073912174822,-0.3607299157101981,-0.03191071952757574,0.064836691838731,0.6358307440202914,0.448100502162331,0.448100502162331,0.1090384587414136,9.62539281896452,0.9815169113779446,43.661715120906194,-79.3941273669184,107.88366918387311,61.17482228044642,71.09058497100098,1.0,4.130380180630104,107.0,4.130380180630104,4.130380180630104,14.869368650268378,0.6085323264507599,4.130380180630104,0.08366918387310728,4.130380180630104,14.869368650268378,-0.24253129540798357,-0.045963225879476294,0.045963225879476294,2.049187363286728,0.0,0.0,0.0,115.70192736951284,0.019833292059035067,71.39985141252625,11607.780756998452,3.2243835436106814,7.616099937950605,94511.68848691606,1783556700511688.5,1783556700836691.8
108.0,3422.9039284394344,24288.0,126.0643694823594,-970.8213948112746,-14.897551948851913,979.0906603959302,0.1260643694823594,-0.9708213948112745,-0.014897551948851914,0.9790906603959301,0.9790951415297358,0.9790951415297358,9.601643369682582,-0.02090485847026422,-0.20500663031741656,1.2362691489841797,0.8335652499999999,0.4027038989841798,0.38245935,-9.520505631425985,-9.536967125,0.016461493574015412,0.07939563498135697,-0.1460950778192086,0.132389775,-0.2784848528192086,-0.08147165503728776,0.1260643694823594,1.2362691489841797,0.38245935,0.38245935,-0.11784095337398201,9.601643369682582,0.9790951415297358,43.66172396192143,-79.39412962828636,107.9,60.9927096428328,72.06787079533342,1.0,4.0497738037608695,108.0,4.0497738037608695,4.0497738037608695,14.57918569353913,0.6054614688306889,0.33320589332157563,0.0,4.0497738037608695,14.57918569353913,-0.29712039485508285,-0.05573605129161121,0.05573605129161121,0.0,0.0,0.0,0.0,83.13549061393698,0.01398749470270098,50.35498092972353,11671.315586584231,3.2420321073845084,7.99795597041727,95269.85311693112,1783556701269853.0,1783556701089755.2
109.0,2978.445788506001,24288.0,132.2598465844618,-991.2934061051782,-17.591237645418175,1000.3707773988036,0.1322598465844618,-0.9912934061051781,-0.017591237645418176,1.0003707773988035,1.0002590307493755,1.0002590307493755,9.809190223898364,0.0002590307493756036,0.00254022389836428,1.2970260245075123,0.8335652499999999,0.4634607745075123,0.38245935,-9.721267480981345,-9.536967125,-0.18430035598134448,0.06750842020505231,-0.17251111065544014,0.132389775,-0.30490088565544016,-0.10524608458989612,0.1322598465844618,1.2970260245075123,0.38245935,0.38245935,-0.08296830276509552,9.809190223898364,1.0002590307493755,43.66173285108423,-79.39413151386636,107.9,60.840859988870655,73.05047885115626,1.0,3.9499305786842065,109.0,3.9499305786842065,3.9499305786842065,14.219750083263143,0.6038452574127491,1.3332058933215738,0.0,3.9499305786842065,14.219750083263143,-0.3188819354729819,-0.05814170354557421,0.05814170354557421,0.0,0.0,0.0,0.0,72.34049131123376,0.012149389826482815,43.73780337533813,11678.856384278955,3.2441267734108212,7.488099861594667,95431.4742587251,1783556701431474.2,1783556701359123.8
110.0,2533.987648572568,24288.0,138.4553236865642,-1011.7654173990817,-20.284923341984435,1021.6508944016771,0.13845532368656419,-1.0117654173990818,-0.020284923341984437,1.021650894401677,1.0214229199690155,1.0214229199690155,10.016737078114144,0.021422919969015422,0.21008707811414518,1.3577829000308448,0.8335652499999999,0.5242176500308448,0.38245935,-9.922029330536704,-9.536967125,-0.3850622055367044,0.05562120542874764,-0.19892714349167168,0.132389775,-0.33131691849167166,-0.12902051414250448,0.13845532368656419,1.3577829000308448,0.38245935,0.38245935,-0.048095652156209034,10.016737078114144,1.0214229199690155,43.66174174024703,-79.39413339944635,107.9,60.68901033490851,74.03308690697911,1.0,3.850087353607543,110.0,3.850087353607543,3.850087353607543,13.860314472987156,0.6022290459948093,2.3332058933215722,0.0,3.850087353607543,13.860314472987156,-0.3406434760908809,-0.060547355799537204,0.060547355799537204,0.0,0.0,0.0,0.0,61.54549200853054,0.010311284950264649,37.12062582095273,11686.39718197368,3.2462214394371336,6.978243752772063,95593.09540051907,1783556701593095.5,1783556701628492.2
111.0,2089.529508639135,24288.0,144.6508007886666,-1032.2374286929853,-22.978609038550694,1042.9310114045504,0.1446508007886666,-1.0322374286929854,-0.022978609038550698,1.0429310114045505,1.0425868091886552,1.0425868091886552,10.224283932329925,0.04258680918865525,0.41763393232992607,1.4185397755541773,0.8335652499999999,0.5849745255541773,0.38245935,-10.122791180092065,-9.536967125,-0.5858240550920644,0.04373399065244297,-0.22534317632790318,0.132389775,-0.35773295132790317,-0.15279494369511287,0.1446508007886666,1.4185397755541773,0.38245935,0.38245935,-0.013223001547322533,10.224283932329925,1.0425868091886552,43.66175062940983,-79.39413528502634,107.9,60.537160680946364,75.01569496280194,1.0,3.75024412853088,111.0,3.75024412853088,3.75024412853088,13.500878862711168,0.6006128345768695,3.3332058933215705,0.0,3.75024412853088,13.500878862711168,-0.36240501670878,-0.06295300805350021,0.06295300805350021,0.0,0.0,0.0,0.0,50.75049270582731,0.008473180074046481,30.503448266567332,11693.937979668404,3.248316105463446,6.46838764394946,95754.71654231304,1783556701754716.5,1783556701897861.0
112.0,2927.8761278226716,24288.0,16.953815774980875,-1023.4030500104705,42.62136312086441,1026.2986757192818,0.016953815774980875,-1.0234030500104705,0.04262136312086441,1.0262986757192818,1.0261957025665827,1.0261957025665827,10.063542086574577,0.02619570256658272,0.25689208657457846,0.16626013746971616,0.8741486191557655,-0.7078884816860493,0.46091255,-10.03615552038518,-9.536967125,-0.49918839538517956,0.08335652500000101,0.41797279064922493,0.11886996564922496,0.29910282499999996,-0.17194958201308125,0.016953815774980875,0.16626013746971616,0.46091255,0.46091255,0.10840298939770446,10.063542086574577,1.0261957025665827,43.66175951454752,-79.39413720630728,107.9172329609892,60.382435955310164,75.99785808295178,1.0,3.6934519305202556,112.0,3.6934519305202556,3.6934519305202556,13.29642694987292,0.6002063072692436,0.6208202899279203,0.017232960989193895,3.6934519305202556,13.29642694987292,-0.32571512534273184,-0.0873026905424455,0.0873026905424455,0.4783589539085062,0.0,0.0,0.0,71.11225539255705,0.011890862327402114,42.80710437864761,11744.716458762088,3.262421238545025,6.275060552427626,96519.43174359453,1783556702519431.8,1783556702172329.5
113.0,4359.652991826059,24288.0,55.53795383168327,-945.1244389889591,40.40069330465132,951.0734856950636,0.05553795383168327,-0.9451244389889591,0.04040069330465132,0.9510734856950636,0.9509247452780865,0.9509247452780865,9.325386153281347,-0.04907525472191353,-0.4812638467186531,0.5446412749434767,0.8605377868725367,-0.31589651192906,0.46091255,-9.268504579611076,-9.536967125,0.2684625453889242,0.08335652500000101,0.39619545899605885,0.09709263399605889,0.29910282499999996,-0.1882825807529558,0.05553795383168327,0.5446412749434767,0.46091255,0.46091255,0.07204684306520684,9.325386153281347,0.9509247452780865,43.66176839722678,-79.39413914939335,107.94499133369186,60.22595521611981,76.97974944880778,1.0,3.66295409857022,113.0,3.66295409857022,3.66295409857022,13.186634754852792,0.6021493933584301,1.6208202899279207,0.04499133369185591,3.66295409857022,13.186634754852792,-0.2533247303163664,-0.1250551743851926,0.1250551743851926,1.2488862090084414,0.0,0.0,0.0,105.88725186547134,0.017771383373451227,63.97698014442443,11774.12069367233,3.2705890815756478,6.275060552427626,96687.64748217266,1783556702687647.5,1783556702449913.2
114.0,5791.429855829448,24288.0,94.12209188838565,-866.8458279674478,38.18002348843824,875.8482956708452,0.09412209188838566,-0.8668458279674478,0.038180023488438235,0.8758482956708453,0.8756537879895903,0.8756537879895903,8.587230219988115,-0.12434621201040977,-1.2194197800118847,0.9230224124172373,0.8469269545893079,0.07609545782792915,0.46091255,-8.500853638836972,-9.536967125,1.0361134861630283,0.08335652500000101,0.37441812734289276,0.07531530234289283,0.29910282499999996,-0.20461557949283035,0.09412209188838566,0.9230224124172373,0.46091255,0.46091255,0.03569069673270922,8.587230219988115,0.8756537879895903,43.66177727990605,-79.39414109247944,107.97274970639452,60.06947447692946,77.96164081466378,1.0,3.6324562666201845,114.0,3.6324562666201845,3.6324562666201845,13.076842559832665,0.6040924794476166,2.6208202899279214,0.07274970639451793,3.6324562666201845,13.076842559832665,-0.1809343352900009,-0.16280765822793966,0.16280765822793966,2.0194134641083767,0.0,0.0,0.0,140.66224833838564,0.02365190441950034,85.14685591020124,11803.524928582574,3.2787569246062707,6.275060552427626,96855.8632207508,1783556702855863.2,1783556702727497.0
115.0,7182.438028269739,24288.0,132.04148709894662,-790.8119617936694,36.29633642104722,802.8297419789322,0.1320414870989466,-0.7908119617936694,0.03629633642104722,0.8028297419789323,0.8025875760861788,0.8025875760861788,7.870695453025525,-0.19741242391382116,-1.935954546974474,1.2948846494588846,0.8338558567563462,0.4610287927025385,0.4604475791898459,-7.755216125123888,-9.536967125,1.781750999876112,0.08335652500000101,0.35594546756346274,0.054401545810154044,0.3015439217533087,-0.22064962499999996,0.1320414870989466,1.2948846494588846,0.4604475791898459,0.4604475791898459,-0.0007672785646106332,7.870695453025525,0.8025875760861788,43.66178616002167,-79.39414305334056,108.0,59.91156227871376,78.94324879534481,1.0,3.5994691520769053,115.0,3.5994691520769053,3.5994691520769053,12.95808894747686,0.606,3.5994691520769053,0.0994073271578999,3.5994691520769053,12.95808894747686,-0.11226528790262184,-0.1998691344200294,0.1998691344200294,2.759385636624597,0.0,0.0,0.0,174.44705483061543,0.02936525422982026,105.71491522735295,11832.804442220327,3.28689012283898,6.280669556281719,97024.59159742309,1783556703024591.5,1783556703005926.8
116.0,6386.859857836706,24288.0,134.3080915731148,-835.1726493595324,52.48636837939141,848.1618314622959,0.1343080915731148,-0.8351726493595325,0.0524863683793914,0.848161831462296,0.8477705883718342,0.8477705883718342,8.313789440456647,-0.15222941162816586,-1.4928605595433526,1.3171124462254862,0.8497328544467758,0.4673795917787104,0.43504438288515856,-8.190245861841658,-9.536967125,1.3467212631583414,0.08335652500000101,0.5147154444677586,0.0798047421148414,0.4349107023529173,-0.22064962499999996,0.1343080915731148,1.3171124462254862,0.43504438288515856,0.43504438288515856,-0.04268674441392969,8.313789440456647,0.8477705883718342,43.661794902638924,-79.39414596754631,108.0,59.676875265432976,79.9096577070928,1.0,3.43297195631077,116.0,3.43297195631077,3.43297195631077,12.358699042718772,0.606,3.43297195631077,0.06702726324121339,3.43297195631077,12.358699042718772,-0.24318684822209408,-0.1998691344200294,0.1998691344200294,1.8605677542891437,0.0,0.0,0.0,155.12405222713792,0.026112548791568217,94.00517564964558,11855.394660209067,3.2931651833914075,6.587111644403484,97220.81478475823,1783556703220814.8,1783556703329727.2
117.0,5591.2816874036735,24288.0,136.57469604728297,-879.5333369253955,68.67640033773557,893.4939209456596,0.136574696047283,-0.8795333369253955,0.06867640033773559,0.8934939209456596,0.8929536006574894,0.8929536006574894,8.756883427887768,-0.10704639934251056,-1.0497665721122313,1.3393402429920878,0.8656098521372053,0.47373039085488233,0.4096411865804712,-8.62527559855943,-9.536967125,0.9116915264405708,0.08335652500000101,0.6734854213720545,0.10520793841952875,0.5682774829525259,-0.22064962499999996,0.136574696047283,1.3393402429920878,0.4096411865804712,0.4096411865804712,-0.08460621026324874,8.756883427887768,0.8929536006574894,43.661803645256185,-79.39414888175206,108.0,59.44218825215219,80.8760666188408,1.0,3.266474760544634,117.0,3.266474760544634,3.266474760544634,11.759309137960683,0.606,3.266474760544634,0.03464719932452687,3.266474760544634,11.759309137960683,-0.3741084085415663,-0.1998691344200294,0.1998691344200294,0.9617498719536908,0.0,0.0,0.0,135.80104962366042,0.02285984335331617,82.29543607193821,11877.984878197807,3.2994402439438355,6.893553732525248,97417.03797209336,1783556703417038.0,1783556703653528.0
118.0,4795.7035169706405,24288.0,138.84130052145116,-923.8940244912585,84.86643229607975,938.8260104290233,0.1388413005214512,-0.9238940244912586,0.08486643229607976,0.9388260104290232,0.9381366129431448,0.9381366129431448,9.19997741531889,-0.06186338705685526,-0.6066725846811098,1.3615680397586891,0.8814868498276349,0.48008118993105425,0.38423799027578387,-9.0603053352772,-9.536967125,0.47666178972280027,0.08335652500000101,0.8322553982763504,0.1306111347242161,0.7016442635521345,-0.22064962499999996,0.1388413005214512,1.3615680397586891,0.38423799027578387,0.38423799027578387,-0.1265256761125678,9.19997741531889,0.9381366129431448,43.66181238787344,-79.39415179595782,108.0,59.20750123887141,81.84247553058879,1.0,3.0999775647784986,118.0,3.0999775647784986,3.0999775647784986,11.159919233202595,0.606,3.0999775647784986,0.0022671354078403483,3.0999775647784986,11.159919233202595,-0.5050299688610385,-0.1998691344200294,0.1998691344200294,0.06293198961823743,0.0,0.0,0.0,116.47804702018293,0.019607137915064125,70.58569649423085,11900.575096186547,3.305715304496263,7.199995820647013,97613.26115942848,1783556703613261.2,1783556703977328.8
119.0,3885.905420281921,24288.0,149.3752812945282,-897.2255540220297,-42.03866349350744,911.682338886362,0.1493752812945282,-0.8972255540220296,-0.04203866349350743,0.911682338886362,0.911970028439534,0.911970028439534,8.943370879396555,-0.08802997156046594,-0.8632791206034433,1.464871102306985,0.926728425,0.538142677306985,0.38245935,-8.798776979350135,-9.536967125,0.7381901456498643,0.047713548431845054,-0.4122584593486047,0.132389775,-0.5446482343486047,-0.2028281367159219,0.1493752812945282,1.464871102306985,0.38245935,0.38245935,0.0,8.943370879396555,0.911970028439534,43.661821177787246,-79.39415442304808,108.03028810090444,58.995936230051,82.81411260238413,1.0,3.082910146849595,119.0,3.082910146849595,3.082910146849595,11.098476528658543,0.6006971189909555,0.9299836030690468,0.030288100904449278,3.082910146849595,11.098476528658543,-0.36386611641219024,-0.1998691344200294,0.1998691344200294,0.9864357321685414,0.0,0.0,0.0,94.3808708478073,0.015741447001691146,56.66920920608813,11969.450088386444,3.324847246774012,8.167843030622969,98409.7286054267,1783556704409728.5,1783556704302881.0
120.0,5480.455491259701,24288.0,123.97191006571555,-934.0278738791557,-23.80034568820603,943.5993950456394,0.12397191006571553,-0.9340278738791556,-0.023800345688206027,0.9435993950456394,0.944041005134594,0.944041005134594,9.257879723003164,-0.055958994865406064,-0.5487702769968342,1.2157491318459492,0.926728425,0.2890207068459492,0.38245935,-9.159684449377021,-9.536967125,0.3772826756229791,0.009387091437839723,-0.23340166004324558,0.132389775,-0.3657914350432456,-0.18366490821891915,0.12397191006571553,1.2157491318459492,0.38245935,0.38245935,0.0,9.257879723003164,0.944041005134594,43.6618299712619,-79.39415702852205,108.06285652555677,58.7861120255166,83.78614329072055,1.0,3.0770929645203604,120.0,3.0770929645203604,3.0770929645203604,11.077534672273298,0.6003714347444322,1.9299836030690465,0.06285652555677136,3.0770929645203604,11.077534672273298,-0.20221755843021177,-0.1998691344200294,0.1998691344200294,2.0471380165025836,0.0,0.0,0.0,133.10930297171564,0.02219090561784035,79.88726022422526,12004.092101385513,3.3344700281626425,8.167843030622969,98605.13915334066,1783556704605139.2,1783556704628565.2
121.0,7075.005562237482,24288.0,98.56853883690286,-970.8301937362818,-5.562027882904616,975.516451204917,0.09856853883690286,-0.9708301937362818,-0.005562027882904615,0.9755164512049169,0.9761119818296539,0.9761119818296539,9.572388566609774,-0.02388801817034618,-0.23426143339022532,0.9666271613849134,0.926728425,0.03989873638491348,0.38245935,-9.520591919403905,-9.536967125,0.016375205596094178,-0.028939365556165608,-0.05454486073788656,0.132389775,-0.1869346357378866,-0.1645016797219164,0.09856853883690286,0.9666271613849134,0.38245935,0.38245935,0.0,9.572388566609774,0.9761119818296539,43.66183876473656,-79.39415963399601,108.0954249502091,58.576287820982195,84.75817397905696,1.0,3.0712757821911256,121.0,3.0712757821911256,3.0712757821911256,11.056592815888052,0.600045750497909,2.9299836030690463,0.09542495020909346,3.0712757821911256,11.056592815888052,-0.040569000448233306,-0.1998691344200294,0.1998691344200294,3.1078403008366258,0.0,0.0,0.0,171.83773509562397,0.02864036423398955,103.10531124236238,12038.734114384582,3.344092809551273,8.167843030622969,98800.5497012546,1783556704800549.8,1783556704954249.5
122.0,9092.4321871647,24288.0,101.45943610870702,-962.0317796686222,-0.8063559337244381,969.4437418581551,0.10145943610870703,-0.9620317796686221,-0.0008063559337244362,0.9694437418581552,0.9690229134636033,0.9690229134636033,9.502868554317843,-0.030977086536396796,-0.3037814456821557,0.9949771791154518,0.9313641288220696,0.0636130502933821,0.36284605000000003,-9.434308952087292,-9.526150482748504,0.09184153066121098,-0.08133654049700684,-0.007907650417458736,0.15711352871770498,-0.16502117913516373,-0.161809725,0.10145943610870703,0.9949771791154518,0.36284605000000003,0.36284605000000003,-0.02235001925220252,9.502868554317843,0.9690229134636033,43.66184756336375,-79.39416220598109,108.1,58.36916054627044,85.73077422951201,1.0,2.962358795423564,122.0,2.962358795423564,2.962358795423564,10.66449166352483,0.6025757007819761,0.8595249896259685,0.0,2.962358795423564,10.66449166352483,-0.12033238567591818,-0.1570088277660681,0.1570088277660681,0.0,0.0,0.0,0.0,220.83699296185625,0.036955191346867686,133.03868884872367,12220.252959580146,3.3945147109944855,8.62635253231083,99619.9749347755,1783556705619975.0,1783556705315140.2
123.0,8640.35945219467,24288.0,139.2238251613536,-914.3679876604275,8.7264024679145,926.9129736046891,0.1392238251613536,-0.9143679876604275,0.008726402467914502,0.9269129736046892,0.9266879630367618,0.9266879630367618,9.08770451271446,-0.07331203696323815,-0.7189454872855395,1.365319325018588,0.9367574610439601,0.42856186397462814,0.36284605000000003,-8.96688682619013,-9.513566040897425,0.5466792147072952,-0.05616765679485179,0.08557677476197377,0.18587796723445343,-0.1003011924724797,-0.161809725,0.1392238251613536,1.365319325018588,0.36284605000000003,0.36284605000000003,-0.010384778604636637,9.08770451271446,0.9266879630367618,43.66185636283305,-79.39416477249297,108.1,58.16247403971481,86.7034675653869,1.0,2.8365918668010974,123.0,2.8365918668010974,2.8365918668010974,10.211730720483951,0.604408923551522,1.8595249896259698,0.0,2.8365918668010974,10.211730720483951,-0.23955052281436506,-0.10714371951294739,0.10714371951294739,0.0,0.0,0.0,0.0,209.85705037490413,0.03522416337472409,126.80698814900671,12264.763028739151,3.4068786190942086,9.15979775754784,99842.16153444447,1783556705842161.5,1783556705681784.8
124.0,8068.04004764276,24288.0,173.85319182778122,-881.1139750297448,9.987922813800852,898.6649239515175,0.1738531918277812,-0.8811139750297448,0.009987922813800853,0.8986649239515175,0.8986141785785354,0.8986141785785354,8.812394734357193,-0.1013858214214646,-0.9942552656428059,1.7049174036379102,0.9429119354301009,0.7620054682078093,0.36775783476700286,-8.640776363225445,-9.50436297466845,0.8635866114430042,-0.03432327499999843,0.09794806326196014,0.2069135471863977,-0.10896548392443758,-0.1647567958602017,0.1738531918277812,1.7049174036379102,0.36775783476700286,0.36775783476700286,0.0081591109086426,8.812394734357193,0.8986141785785354,43.66186515198411,-79.39416740069012,108.10500862656157,57.950819890373964,87.67502032387563,1.0,2.7229178449631495,124.0,2.7229178449631495,2.7274372122480237,9.818773964092886,0.6057996549375372,2.7229178449631495,0.005008626561571247,2.7274372122480237,9.818773964092886,-0.32584074018292725,-0.061113719932322196,0.061113719932322196,0.1899217363730371,0.0,0.0,0.0,195.95655667714735,0.03297972839038011,118.7270222053684,12306.802858509927,3.418556349586091,9.69142778889947,100065.15193190066,1783556706065152.0,1783556706050086.2
125.0,6705.613062121503,24288.0,187.88319418355258,-942.5426339928518,-43.098572586415145,964.2646646960701,0.18788319418355257,-0.9425426339928518,-0.043098572586415154,0.9642646646960702,0.9642465681411387,0.9642465681411387,9.456028607461297,-0.035753431858861276,-0.35062139253870195,1.8425047262401355,0.9540676642897408,0.888437061950395,0.4049435976324692,-9.243185721645998,-9.517377991671363,0.2741922700253646,-0.03432327499999843,-0.422652616854568,0.17716493689402468,-0.5998175537485927,-0.18706825357948148,0.18788319418355257,1.8425047262401355,0.4049435976324692,0.4049435976324692,0.06992948111705834,9.456028607461297,0.9642465681411387,43.66187387333692,-79.39417043420414,108.14292755184744,57.70652473535877,88.63907866407722,1.0,2.688702966231844,125.0,2.688702966231844,2.7274372122480237,9.818773964092886,0.6042828979261025,2.688702966231844,0.042927551847443055,2.7274372122480237,9.818773964092886,-0.1957707113492348,-0.04028315786224442,0.04028315786224442,1.6277666312084438,0.0,0.0,0.0,162.86593005280704,0.027361838042383575,98.50261695258088,12332.611429034741,3.425725396954095,10.211130683684612,100293.42386212159,1783556706293423.8,1783556706429275.5
126.0,5343.186076600245,24288.0,201.91319653932393,-1003.9712929559589,-96.18506798663114,1029.8644054406227,0.20191319653932394,-1.0039712929559588,-0.09618506798663115,1.0298644054406227,1.0298789577037422,1.0298789577037422,10.099662480565401,0.029878957703742076,0.2930124805654022,1.980092048842361,0.9652233931493807,1.0148686556929805,0.44212936049793544,-9.845595080066552,-9.530393008674277,-0.31520207139227496,-0.03432327499999843,-0.9432532969710961,0.14741632660165163,-1.0906696235727478,-0.20937971129876123,0.20191319653932394,1.980092048842361,0.44212936049793544,0.44212936049793544,0.13169985132547407,10.099662480565401,1.0298789577037422,43.66188259468974,-79.39417346771818,108.18084647713331,57.462229580343575,89.6031370042788,1.0,2.654488087500538,126.0,2.654488087500538,2.7274372122480237,9.818773964092886,0.6027661409146676,2.654488087500538,0.08084647713331486,2.7274372122480237,9.818773964092886,-0.06570068251554234,-0.019452595792166655,0.019452595792166655,3.065611526043851,0.0,0.0,0.0,129.77530342846677,0.021743947694387044,78.27821169979336,12358.419999559555,3.4328944443220983,10.730833578469754,100521.6957923425,1783556706521695.8,1783556706808464.8
127.0,10673.438788837553,24288.0,115.0328695062764,-954.8968469099508,-64.8548882612343,969.2031002146624,0.1150328695062764,-0.9548968469099507,-0.06485488826123428,0.9692031002146624,0.9687339391460015,0.9687339391460015,9.500034684326135,-0.03126606085399848,-0.30661531567386424,1.1280870897437254,0.9657558517279881,0.16233123801573743,0.46011585691195245,-9.364339163749467,-9.50859676465068,0.14425760090121192,-0.0453786879226912,-0.636009189967033,0.12258312499999999,-0.758592314967033,-0.7109821249999999,0.1150328695062764,1.1280870897437254,0.46011585691195245,0.46011585691195245,-0.0070990108006041,9.500034684326135,0.9687339391460015,43.66189133591685,-79.39417638749339,108.2,57.22709404644513,90.56939224844344,1.0,2.674699619579292,127.0,2.674699619579292,2.7492818071168212,9.897414505620556,0.6006531266523558,0.4948822330196641,0.0,2.7492818071168212,9.897414505620556,0.021844594868797418,-0.007615320494626387,0.007615320494626387,0.0,0.0,0.0,0.0,259.23648130328655,0.04325612954952161,155.72206637827782,12554.88503420072,3.4874680650557552,9.197213921648848,101341.88856761943,1783556707341888.5,1783556707173436.8
128.0,10126.720411999615,24288.0,90.8510951461368,-966.8125038410341,20.307012746213857,979.7169151538535,0.0908510951461368,-0.966812503841034,0.020307012746213868,0.9797169151538535,0.9794707767959286,0.9794707767959286,9.605327093265794,-0.02052922320407134,-0.20132290673420616,0.8909448922148624,0.9554453214006462,-0.06450042918578375,0.4188737356025849,-9.481191840792675,-9.520625716699245,0.039433875906570104,-0.06771817029859908,0.1991437665476583,0.12258312499999999,0.07656064154765829,-0.7109821249999999,0.0908510951461368,0.8909448922148624,0.4188737356025849,0.4188737356025849,-0.08738771535528846,9.605327093265794,0.9794707767959286,43.661900097429296,-79.39417919117737,108.2,57.001307579973606,91.53788983462408,1.0,2.7504632512462295,128.0,2.7504632512462295,2.793422803522181,10.056322092679851,0.5999522056564097,1.4948822330196598,0.0,2.793422803522181,10.056322092679851,0.06598559127415701,-0.004957338025279836,0.004957338025279836,0.0,0.0,0.0,0.0,245.95778536664668,0.04099494922051611,147.581817193858,12602.731035687251,3.500758621024236,8.33727707488665,101551.81440590527,1783556707551814.5,1783556707523897.2
129.0,9580.002035161677,24288.0,66.6693207859972,-978.7281607721173,105.46891375366201,990.2307300930447,0.0666693207859972,-0.9787281607721173,0.105468913753662,0.9902307300930446,0.9902076144458558,0.9902076144458558,9.710619502205452,-0.00979238555414419,-0.09603049779454809,0.6538026946859995,0.9451347910733043,-0.29133209638730484,0.37763161429321734,-9.598044517835884,-9.532654668747812,-0.06538984908807172,-0.09005765267450695,1.0342967230623497,0.12258312499999999,0.9117135980623496,-0.7109821249999999,0.0666693207859972,0.6538026946859995,0.37763161429321734,0.37763161429321734,-0.16767641990997284,9.710619502205452,0.9902076144458558,43.66190885894174,-79.39418199486136,108.2,56.77552111350208,92.50638742080471,1.0,2.8262268829131667,129.0,2.8262268829131667,2.8375637999275405,10.215229679739146,0.5992512846604636,2.4948822330196556,0.0,2.8375637999275405,10.215229679739146,0.11012658767951661,-0.002299355555933284,0.002299355555933284,0.0,0.0,0.0,0.0,232.6790894300068,0.0387337688915106,139.44156800943819,12650.577037173782,3.5140491769927165,7.4773402281244525,101761.74024419113,1783556707761740.2,1783556707874357.8
130.0,5003.10334480246,24288.0,37.44223754366795,-1042.5830035866777,-18.15670984395569,1044.7609589472863,0.03744223754366795,-1.0425830035866777,-0.01815670984395569,1.0447609589472862,1.04496681511136,1.04496681511136,10.247623817411817,0.04496681511135995,0.44097381741181807,0.3671829188076113,0.97085835,-0.6036754311923888,0.2745862,-10.224246612123292,-9.54187045,-0.6823761621232919,-0.10296982499999885,-0.17805649859122807,0.1300585810779892,-0.30811507966921725,-0.22064962499999996,0.03744223754366795,0.3671829188076113,0.2745862,0.2745862,-0.11411115480429623,10.247623817411817,1.04496681511136,43.66191766268394,-79.39418452456874,108.2,56.571798548065885,93.47955308283149,1.0,2.873426926870966,130.0,2.873426926870966,2.873426926870966,10.344336936735479,0.6041288178557566,0.6414936035344284,0.0,2.873426926870966,10.344336936735479,0.11855805818814125,-0.001053200638928591,0.001053200638928591,0.0,0.0,0.0,0.0,121.51537403856216,0.02041349888440599,73.48859598386157,12760.500778499652,3.544583549583236,6.007328959969704,102572.89511717258,1783556708572895.0,1783556708217795.5
131.0,3410.1074839439725,24288.0,80.220898768768,-1057.52158369703,-40.225066825158095,1063.0946709009006,0.08022089876876799,-1.05752158369703,-0.0402250668251581,1.0630946709009006,1.0635339051451642,1.0635339051451642,10.429704770891824,0.06353390514516431,0.6230547708918255,0.7866982769107387,0.97085835,-0.1841600730892614,0.2745862,-10.370744038762478,-9.54187045,-0.8288735887624794,-0.10296982499999885,-0.39447315158093665,0.14171178546974272,-0.5361849370506794,-0.22064962499999996,0.08022089876876799,0.7866982769107387,0.2745862,0.2745862,-0.06458159658668967,10.429704770891824,1.0635339051451642,43.66192649002673,-79.39418690116104,108.2,56.38040665842844,94.45532755504873,1.0,2.9046638671542917,131.0,2.9046638671542917,2.9046638671542917,10.456789921755451,0.6027707651184517,1.6414936035344287,0.0,2.9046638671542917,10.456789921755451,0.107032831734868,-0.0005960624875349106,0.0005960624875349106,0.0,0.0,0.0,0.0,82.82469057003121,0.013899101194541786,50.03676430035043,12767.106998303401,3.546418610639833,4.1963702822317455,102776.94254095262,1783556708776942.5,1783556708557308.8
132.0,1817.111623085485,24288.0,122.99955999386803,-1072.4601638073825,-62.2934238063605,1081.428382854515,0.12299955999386804,-1.0724601638073825,-0.06229342380636049,1.0814283828545148,1.0821009951789686,1.0821009951789686,10.611785724371833,0.08210099517896866,0.805135724371833,1.2062136350138661,0.97085835,0.23535528501386604,0.2745862,-10.517241465401666,-9.54187045,-0.9753710154016668,-0.10296982499999885,-0.6108898045706452,0.15336498986149627,-0.7642547944321415,-0.22064962499999996,0.12299955999386804,1.2062136350138661,0.2745862,0.2745862,-0.015052038369083115,10.611785724371833,1.0821009951789686,43.66193531736952,-79.39418927775333,108.2,56.18901476879099,95.43110202726596,1.0,2.9359008074376174,132.0,2.9359008074376174,2.9359008074376174,10.569242906775424,0.601412712381147,2.6414936035344287,0.0,2.9359008074376174,10.569242906775424,0.09550760528159474,-0.0001389243361412302,0.0001389243361412302,0.0,0.0,0.0,0.0,44.13400710150026,0.00738470350467758,26.58493261683929,12773.713218107152,3.5482536716964304,2.385411604493786,102980.98996473265,1783556708980990.0,1783556708896822.0
133.0,1353.8767872644828,24288.0,154.8664299723474,-1051.0199980708658,-71.93821450389017,1065.65928412964,0.1548664299723474,-1.0510199980708659,-0.07193821450389017,1.0656592841296397,1.0662868598227746,1.0662868598227746,10.456702033881012,0.0662868598227746,0.6500520338810125,1.5187208754883206,0.97085835,0.5478625254883207,0.2745862,-10.306985264081655,-9.54187045,-0.7651148140816564,-0.10296982499999885,-0.7054728912645746,0.1569064,-0.8623792912645745,-0.21155045407434486,0.1548664299723474,1.5187208754883206,0.2745862,0.2745862,0.0,10.456702033881012,1.0662868598227746,43.661944031071876,-79.39419231964303,108.21546428686258,55.94404510369429,96.3943146854598,1.0,3.1860094698837482,133.0,3.1860094698837482,2.9453937171383595,10.603417381698094,0.601,3.1860094698837482,0.015464286862578955,2.9453937171383595,10.603417381698094,0.07777715697028532,0.0,0.0,0.34354863840916805,0.0,0.0,0.0,32.88295940907975,0.005489627390238038,19.762658604856934,12779.034617660878,3.5497318382391323,1.7954179015671388,103135.9403640441,1783556709135940.2,1783556709154642.8
134.0,1383.8678670972472,24288.0,181.96947989529008,-1013.6977653900924,-76.15918129516812,1035.0017358561472,0.18196947989529008,-1.0136977653900923,-0.07615918129516813,1.0350017358561472,1.035462725893017,1.035462725893017,10.154420540878753,0.03546272589301684,0.3477705408787537,1.7845110000151463,0.97085835,0.8136526500151465,0.2745862,-9.940979190962748,-9.54187045,-0.39910874096274884,-0.10296982499999885,-0.7468664352482605,0.1569064,-0.9037728352482605,-0.19847880860581243,0.18196947989529008,1.7845110000151463,0.2745862,0.2745862,0.0,10.154420540878753,1.035462725893017,43.6619526951616,-79.39419565198523,108.23767990155352,55.67568469774715,97.3520431641797,1.0,3.531672150553232,134.0,3.531672150553232,2.9453937171383595,10.603417381698094,0.601,3.531672150553232,0.037679901553514306,2.9453937171383595,10.603417381698094,0.05733766120120658,0.0,0.0,0.8370821745053001,0.0,0.0,0.0,33.61138275605794,0.005611233621219673,20.20044103639082,12783.795096249705,3.5510541934026953,1.738467518720067,103269.45620833663,1783556709269456.2,1783556709376799.0
135.0,1413.8589469300116,24288.0,209.07252981823274,-976.3755327093188,-80.38014808644608,1004.3441875826547,0.20907252981823277,-0.9763755327093189,-0.08038014808644608,1.0043441875826546,1.004638591963259,1.004638591963259,9.852139047876495,0.004638591963259081,0.04548904787649477,2.0503011245419724,0.97085835,1.0794427745419723,0.2745862,-9.574973117843841,-9.54187045,-0.033102667843841416,-0.10296982499999885,-0.7882599792319465,0.1569064,-0.9451663792319464,-0.18540716313728003,0.20907252981823277,2.0503011245419724,0.2745862,0.2745862,0.0,9.852139047876495,1.004638591963259,43.661961359251336,-79.39419898432743,108.25989551624446,55.407324291800016,98.30977164289962,1.0,3.877334831222716,135.0,3.877334831222716,2.9453937171383595,10.603417381698094,0.601,3.877334831222716,0.05989551624444966,2.9453937171383595,10.603417381698094,0.03689816543212784,0.0,0.0,1.3306157106014322,0.0,0.0,0.0,34.339806103036125,0.005732839852201308,20.638223467924707,12788.555574838534,3.552376548566259,1.6815171358729954,103402.97205262916,1783556709402972.0,1783556709598955.2
136.0,1443.850026762776,24288.0,236.1755797411754,-939.0533000285453,-84.60111487772404,973.6866393091623,0.23617557974117542,-0.9390533000285454,-0.08460111487772404,0.9736866393091622,0.9738144580335013,0.9738144580335013,9.549857554874235,-0.026185541966498666,-0.25679244512576416,2.3160912490687977,0.97085835,1.3452328990687983,0.2745862,-9.208967044724933,-9.54187045,0.3329034052750659,-0.10296982499999885,-0.8296535232156323,0.1569064,-0.9865599232156324,-0.17233551766874763,0.23617557974117542,2.3160912490687977,0.2745862,0.2745862,0.0,9.549857554874235,0.9738144580335013,43.66197002334106,-79.39420231666963,108.28211113093539,55.138963885852874,99.26750012161952,1.0,4.222997511892199,136.0,4.222997511892199,2.9453937171383595,10.603417381698094,0.601,4.222997511892199,0.08211113093538501,2.9453937171383595,10.603417381698094,0.016458669663049097,0.0,0.0,1.8241492466975642,0.0,0.0,0.0,35.06822945001431,0.005854446083182943,21.076005899458597,12793.316053427361,3.553698903729822,1.624566753025924,103536.4878969217,1783556709536488.0,1783556709821111.2
137.0,795.8738050397635,24288.0,250.6514579409793,-974.4253532069669,-168.57551253499835,1020.4914807839632,0.2506514579409793,-0.9744253532069668,-0.16857551253499836,1.0204914807839633,1.020232828326939,1.020232828326939,10.005066265912376,0.020232828326938998,0.19841626591237635,2.4580511200169046,1.0395049,1.4185462200169048,0.18632634999999986,-9.5558483900271,-9.538540210001072,-0.017308180026027895,-0.3497573000073787,-1.6531610500013416,0.12258312499999999,-1.7757441750013416,-0.8331489700001342,0.2506514579409793,2.4580511200169046,0.18632634999999986,0.18632634999999986,-0.13438737105227136,10.005066265912376,1.020232828326939,43.66197869794986,-79.39420559428245,108.3,54.87501095108978,100.22639137785431,1.0,4.313947539133013,137.0,4.313947539133013,2.9451650963672096,10.602594346921954,0.601254692479001,0.19476146334548688,0.0,2.9451650963672096,10.602594346921954,-0.0002286207711500302,0.0,0.0,0.0,0.0,0.0,0.0,19.330182976805776,0.0032273020686326885,11.618287447077678,12809.829704230175,3.5582860289528258,1.2680362263175275,104296.2780857722,1783556710296278.0,1783556710084897.5
138.0,482.02221494462725,24288.0,223.18944380765487,-930.3989495963991,-166.39598760378215,971.6701223247198,0.22318944380765487,-0.9303989495963991,-0.16639598760378213,0.9716701223247198,0.9713647066921582,0.9713647066921582,9.525833700882654,-0.02863529330784171,-0.28081629911734585,2.188740759116339,1.0395049,1.1492358591163387,0.18632634999999986,-9.124096859059527,-9.521441139467703,0.39734428040817643,-0.2322011900904646,-1.63178721183463,0.12258312499999999,-1.75437033683463,-0.831011586183463,0.22318944380765487,2.188740759116339,0.18632634999999986,0.18632634999999986,-0.07037254792401694,9.525833700882654,0.9713647066921582,43.661987416049584,-79.39420864561735,108.3,54.62928064407665,101.1900901214044,1.0,3.351791675756968,138.0,3.351791675756968,2.9439912462265148,10.598368486415453,0.6025624074377307,1.1947614633454906,0.0,2.9439912462265148,10.598368486415453,-0.0014024709118448616,0.0,0.0,0.0,0.0,0.0,0.0,11.707355556575108,0.0019559220920846556,7.041319531504762,12810.705778845964,3.5585293830127678,0.9891364054151466,104559.56469746312,1783556710559564.8,1783556710520802.5
139.0,168.17062484949088,24288.0,195.72742967433047,-886.3725459858314,-164.2164626725659,922.8487638654764,0.19572742967433046,-0.8863725459858314,-0.16421646267256593,0.9228487638654764,0.9224965850573776,0.9224965850573776,9.046601135852931,-0.07750341494262242,-0.7600488641470681,1.919430398215773,1.0395049,0.8799254982157728,0.18632634999999986,-8.692345328091953,-9.504342068934333,0.8119967408423808,-0.11464508017355052,-1.6104133736679185,0.12258312499999999,-1.7329964986679185,-0.8288742023667919,0.19572742967433046,1.919430398215773,0.18632634999999986,0.18632634999999986,-0.006357724795762493,9.046601135852931,0.9224965850573776,43.66199613414931,-79.39421169695225,108.3,54.38355033706352,102.15378886495448,1.0,2.3896358123809227,139.0,2.3896358123809227,2.94281739608582,10.594142625908951,0.6038701223964604,2.1947614633454946,0.0,2.94281739608582,10.594142625908951,-0.002576321052539693,0.0,0.0,0.0,0.0,0.0,0.0,4.084528136344435,0.000684542115536623,2.464351615931843,12811.581853461756,3.5587727370727094,0.7102365845127656,104822.85130915404,1783556710822851.2,1783556710956707.5
140.0,294.37354291661524,24288.0,-30.54663994005264,-1016.7546639940052,174.298919012531,1034.8550986386913,-0.03054663994005264,-1.0167546639940053,0.17429891901253103,1.0348550986386913,1.0349507995874567,1.0349507995874567,10.149400258774333,0.03495079958745677,0.34275025877433285,-0.2995602065681172,1.0395049,-1.3390651065681174,-0.09806650000000006,-9.970957125656811,-9.52986421637475,-0.4410929092820621,-0.24026292500000146,1.7092884941342372,0.04903325,1.6602552441342373,-0.161809725,-0.03054663994005264,-0.2995602065681172,-0.09806650000000006,-0.09806650000000006,-0.3294618634673455,10.149400258774333,1.0349507995874567,43.66200465184443,-79.39421567288532,108.33060737771117,54.06336022868806,103.09533488332885,1.0,2.4926043723024947,140.0,2.4926043723024947,2.942700813460401,10.593722928457444,0.599,0.9006835528854854,0.030607377711172206,2.942700813460401,10.593722928457444,-0.0018686764778476808,0.0,0.0,1.0401117766090588,0.0,0.0,0.0,7.14974461035875,0.001189638061556914,4.282697021604891,12816.864407295543,3.56024011313765,0.6825372451998658,105631.3381924899,1783556711631338.2,1783556711306073.8
141.0,393.60211507194435,24288.0,-61.130788892037636,-1019.8130788892038,224.5928528446841,1049.127701482951,-0.06113078889203764,-1.0198130788892037,0.2245928528446841,1.049127701482951,1.0491330405875767,1.0491330405875767,10.28848053247816,0.04913304058757678,0.4818305324781599,-0.5994882508881008,1.0395049,-1.6389931508881008,-0.09806650000000006,-10.00094993008881,-9.516534081071638,-0.48441584901717055,-0.24026292500000146,2.202503500349321,0.04903325,2.1534702503493213,-0.161809725,-0.06113078889203764,-0.5994882508881008,-0.09806650000000006,-0.09806650000000006,-0.16812049293721154,10.28848053247816,1.0491330405875767,43.66201314744136,-79.39421975077185,108.3645897654356,53.734959597426446,104.03443816812458,1.0,2.7130219220695255,141.0,2.7130219220695255,2.942700813460401,10.593722928457444,0.599,1.9006835528854888,0.06458976543560287,2.942700813460401,10.593722928457444,-0.0009535635089584881,0.0,0.0,2.1949144520624926,0.0,0.0,0.0,9.559808170867383,0.0015906458595415448,5.726325094349562,12819.321541378262,3.56092265038285,0.6825372451998658,105834.89269495923,1783556711834892.8,1783556711645897.8
142.0,492.8306872272734,24288.0,-91.71493784402263,-1022.8714937844022,274.88678667683723,1063.4003043272105,-0.09171493784402263,-1.0228714937844021,0.2748867866768372,1.0634003043272107,1.0633152815876967,1.0633152815876967,10.427560806181987,0.06331528158769681,0.6209108061819868,-0.8994162952080844,1.0395049,-1.9389211952080845,-0.09806650000000006,-10.030942734520806,-9.503203945768528,-0.5277387887522791,-0.24026292500000146,2.6957185065644054,0.04903325,2.6466852565644055,-0.161809725,-0.09171493784402263,-0.8994162952080844,-0.09806650000000006,-0.09806650000000006,-0.006779122407077565,10.427560806181987,1.0633152815876967,43.66202164303829,-79.39422382865837,108.39857215316003,53.40655896616482,104.97354145292032,1.0,2.933439471836557,142.0,2.933439471836557,2.942700813460401,10.593722928457444,0.599,2.9006835528854924,0.09857215316003354,2.942700813460401,10.593722928457444,-3.845054006929548e-05,0.0,0.0,3.349717127515926,0.0,0.0,0.0,11.969871731376017,0.0019916536575261758,7.169953167094233,12821.77867546098,3.5616051876280497,0.6825372451998658,106038.44719742856,1783556712038447.2,1783556711985721.5
143.0,391.8054522385251,24288.0,-40.402726119262546,-1002.0878308666947,202.22315279606,1031.364342110145,-0.040402726119262544,-1.0020878308666947,0.20222315279606,1.0313643421101448,1.0311945116800505,1.0311945116800505,10.112563657967167,0.031194511680050434,0.30591365796716663,-0.396215394097466,1.0177541687270015,-1.4139695628244677,-0.09806650000000006,-9.827124626568871,-9.515072839298854,-0.3120517872700158,-0.24026292500000146,1.9831316813674817,0.07233760493535545,1.9107940764321265,-0.11830826245400314,-0.040402726119262544,-0.396215394097466,-0.09806650000000006,-0.09806650000000006,0.0,10.112563657967167,1.0311945116800505,43.66203023812724,-79.39422748536151,108.4,53.112077103362125,105.92364258476807,1.0,2.9682857177370248,143.0,2.9682857177370248,2.942700813460401,10.593722928457444,0.5993168510474743,2.9682857177370248,0.06831489525257362,2.942700813460401,10.593722928457444,0.0,-0.0004266246755542836,0.0004266246755542836,2.3215032578266186,0.0,0.0,0.0,9.516170823969297,0.0015837378084631619,5.701456110467382,12822.643789649866,3.5618454971249625,0.6129594190588082,106237.11062848459,1783556712237110.8,1783556712316851.0
144.0,281.9970564999915,24288.0,14.501471750004242,-980.2584509909622,124.16658233131926,997.2972795768046,0.014501471750004241,-0.9802584509909621,0.12416658233131928,0.9972972795768046,0.9970428850621026,0.9970428850621026,9.777650608794268,-0.002957114937897437,-0.028999391205731806,0.14221085793717925,0.9950494472556611,-0.852838589318482,-0.09806650000000006,-9.613051538410518,-9.528046965853907,-0.08500457255661098,-0.24026292500000146,1.2176582146194321,0.09666409222607736,1.1209941223933548,-0.07289881951132222,0.014501471750004241,0.14221085793717925,-0.09806650000000006,-0.09806650000000006,0.0,9.777650608794268,0.9970428850621026,43.662038837579914,-79.3942311235915,108.4,52.8190829226168,106.87422608376748,1.0,2.9949927795907465,144.0,2.9949927795907465,2.942700813460401,10.593722928457444,0.5996475992274096,2.9949927795907465,0.03524007725903659,2.942700813460401,10.593722928457444,0.0,-0.0008719611706672451,0.0008719611706672451,1.1975419688553672,0.0,0.0,0.0,6.8491445082717926,0.0011403424520307313,4.105232827310632,12823.439077617499,3.562066410449305,0.5403298994676589,106435.5595364458,1783556712435559.5,1783556712647599.2
145.0,172.18866076145792,24288.0,69.40566961927104,-958.4290711152296,46.11001186657853,963.2302170434643,0.06940566961927103,-0.9584290711152296,0.04611001186657854,0.9632302170434643,0.9628912584441547,0.9628912584441547,9.442737559621369,-0.037108741555845315,-0.36391244037863024,0.6806371099718243,0.9723447257843206,-0.29170761581249627,-0.09806650000000006,-9.398978450252166,-9.54102109240896,0.14204264215679374,-0.24026292500000146,0.4521847478713825,0.12099057951679928,0.33119416835458315,-0.02748937656864131,0.06940566961927103,0.6806371099718243,-0.09806650000000006,-0.09806650000000006,0.0,9.442737559621369,0.9628912584441547,43.66204743703259,-79.39423476182148,108.4,52.52608874187147,107.82480958276689,1.0,3.0216998414444682,145.0,3.0216998414444682,2.942700813460401,10.593722928457444,0.599978347407345,3.0216998414444682,0.0021652592654995556,2.942700813460401,10.593722928457444,0.0,-0.0013172976657802066,0.0013172976657802066,0.07358067988411587,0.0,0.0,0.0,4.182118192574289,0.0006969470955983008,2.5090095441538827,12824.234365585131,3.5622873237736474,0.4677003798765095,106634.00844440701,1783556712634008.5,1783556712978347.5
146.0,1710.9138576760904,24288.0,96.35039644600184,-1032.7341820064814,-42.35962028834148,1041.7220993704123,0.09635039644600184,-1.0327341820064813,-0.042359620288341476,1.0417220993704124,1.0415268668401776,1.0415268668401776,10.213889448698225,0.04152686684017749,0.40723944869822654,0.9448746153071839,1.0766428459651423,-0.1317682306579585,-0.14973668569063292,-10.12766266597386,-9.528952903577341,-0.5987097623965186,-0.17651970000000006,-0.415405970300664,0.09836272545751584,-0.5137686957581797,-0.024516624999999986,0.09635039644600184,0.9448746153071839,-0.14973668569063292,-0.14973668569063292,-0.08611697615105475,10.213889448698225,1.0415268668401776,43.66205590333891,-79.39423895166945,108.4,52.188671623767135,108.76067508355054,1.0,2.9623437368420213,146.0,2.9623437368420213,2.908186910313351,10.469472877128064,0.6040241652721381,0.9345345070100582,0.0,2.908186910313351,10.469472877128064,-0.03451390314704985,-0.0013464518389791902,0.0013464518389791902,0.0,0.0,0.0,0.0,41.55467577523689,0.0069520602071210195,25.02741674563567,12854.005642023789,3.570557122784386,0.6825372451998658,107450.5834727862,1783556713450583.5,1783556713329305.8
147.0,2505.8699048882627,24288.0,65.69384675297923,-1055.9908748770501,-98.3871076583483,1066.0359146441888,0.06569384675297923,-1.0559908748770501,-0.09838710765834831,1.066035914644189,1.0659022074341447,1.0659022074341447,10.452929882534054,0.06590220743414463,0.6462798825340542,0.6442365622601038,1.116382358724239,-0.47214579646413524,-0.20502644257285452,-10.355732913113023,-9.515130464356785,-0.8406024487562385,-0.17651970000000006,-0.9648479293177412,0.07244565191897445,-1.0372935812367157,-0.024516624999999986,0.06569384675297923,0.6442365622601038,-0.20502644257285452,-0.20502644257285452,-0.17826657095475745,10.452929882534054,1.0659022074341447,43.66206436031814,-79.39424318015907,108.4,51.84814261469199,109.69550956728582,1.0,2.8969587830338295,147.0,2.8969587830338295,2.8712552583645397,10.33651893011234,0.6019099204657227,1.9345345070100601,0.0,2.8712552583645397,10.33651893011234,-0.07144555509586169,-0.0013464518389791902,0.0013464518389791902,0.0,0.0,0.0,0.0,60.86256824992613,0.010156234632634016,36.56244467748246,12870.561132805278,3.5751558702236883,0.6825372451998658,107662.00795342773,1783556713662008.0,1783556713681680.0
148.0,1415.5317043341734,24288.0,242.02454373191176,-968.6871157490186,-74.41718302888292,1003.4601224770051,0.24202454373191176,-0.9686871157490187,-0.07441718302888292,1.003460122477005,1.002883986276721,1.002883986276721,9.834932244020605,0.0028839862767209607,0.02828224402060561,2.3734499917885525,1.0989865460269403,1.2744634457616122,-0.25497290000000006,-9.499575503660113,-9.524513280044559,0.024937776384446282,-0.17651970000000006,-0.7297832679501948,-0.004903325,-0.7248799429501948,0.28901540741036863,0.24202454373191176,2.3734499917885525,-0.25497290000000006,-0.25497290000000006,0.0,9.834932244020605,1.002883986276721,43.66207286912024,-79.394247,108.40511247196673,51.54052292863132,110.63607255123046,1.0,2.789448035910493,148.0,2.789448035910493,2.789448035910493,10.042012929277774,0.599,0.09664176072357078,0.0051124719667229365,2.789448035910493,10.042012929277774,-0.1478944944967776,-0.0013464518389791902,0.0013464518389791902,0.27045626460895505,0.0,0.0,0.0,34.3804340348684,0.005720522218579492,20.593879986886172,12907.17416948942,3.5853261581915055,0.7730077874925828,108482.62370708067,1783556714482623.8,1783556714051124.8
149.0,1265.8211076159382,24288.0,159.4985610886444,-986.1445351543252,35.08844778622182,1008.2212368602706,0.1594985610886444,-0.9861445351543252,0.03508844778622183,1.0082212368602705,1.007849501659305,1.007849501659305,9.883627315447223,0.007849501659305015,0.07697731544722353,1.5641465640999548,1.054889884902882,0.5092566791970726,-0.25497290000000006,-9.670774305671163,-9.547858571227884,-0.12291573444327866,-0.17651970000000006,0.34410012648275223,-0.004903325,0.34900345148275225,0.3875844146288516,0.1594985610886444,1.5641465640999548,-0.25497290000000006,-0.25497290000000006,0.0,9.883627315447223,1.007849501659305,43.662081862336294,-79.394247,108.4580137428919,51.54052292863132,111.63018265418523,1.0,2.2881667056316854,149.0,2.2881667056316854,2.2881667056316854,8.237400140274067,0.599,1.0966417607235661,0.058013742891891304,2.2881667056316854,8.237400140274067,-0.5937310252084793,-0.0013464518389791902,0.0013464518389791902,3.069000730107191,0.0,0.0,0.0,30.74426306177591,0.0051155037705566024,18.41581357400377,12916.001880357182,3.5877783000992167,1.7091511443121457,108799.50231992245,1783556714799502.2,1783556714580137.5
150.0,1016.456874605377,24288.0,86.95527186747078,-983.8977642685046,111.9361026678154,994.6038346115095,0.08695527186747079,-0.9838977642685046,0.11193610266781541,0.9946038346115095,0.9943753854729706,0.9943753854729706,9.751491373948507,-0.005624614527029396,-0.0551586260514928,0.8527399168591323,1.0318757644223955,-0.17913584756326306,-0.24016893218409985,-9.64874100996373,-9.566387074999998,-0.0823539349637327,-0.17651970000000006,1.0977181812273318,0.0021461834837620012,1.0955719977435698,0.4390277427617043,0.08695527186747079,0.8527399168591323,-0.24016893218409985,-0.24016893218409985,0.024509880489901017,9.751491373948507,0.9943753854729706,43.6620901501597,-79.39424498722053,108.5,51.70261621955034,112.54631865321082,1.0,1.8248714244461721,150.0,1.8248714244461721,1.8750480541185834,6.750172994826901,0.5997188498094417,1.8248714244461721,0.08562300381116,1.8750480541185834,6.750172994826901,-0.8266112964684585,-0.0011528725094046516,0.0011528725094046516,4.529565722041178,0.0,0.0,0.0,24.6877045704154,0.004108918844459962,14.792107840055865,12923.51226175915,3.5898645171553185,2.6064506054442598,109137.83705698057,1783556715137837.0,1783556715143770.0
151.0,383.7598061763864,24288.0,52.811927866346835,-905.8558351230785,63.15989695192406,910.2906790168973,0.052811927866346836,-0.9058558351230785,0.06315989695192405,0.9102906790168973,0.9099704280612367,0.9099704280612367,8.923761498346728,-0.09002957193876324,-0.8828885016532724,0.5179080924105102,1.0899588360104215,-0.5720507435999115,-0.1684192555165379,-8.883411125509738,-9.566387074999998,0.6829759494902605,-0.17651970000000006,0.6193870034435859,0.036312696182600995,0.5830743072609849,0.3091949945061162,0.052811927866346836,0.5179080924105102,-0.1684192555165379,-0.1684192555165379,0.1433007358997718,8.923761498346728,0.9099704280612367,43.66209572458321,-79.3942352319794,108.5,52.48822595324146,113.1625154281352,1.0,1.507695245854785,151.0,1.507695245854785,1.801060526031878,6.48381789371476,0.603202864503434,1.507695245854785,0.015942709931319174,1.801060526031878,6.48381789371476,-0.2403229975393184,-0.00021466091105337725,0.00021466091105337725,0.8433896173581399,0.0,0.0,0.0,9.320758172412074,0.0015576475187877858,5.60753106763603,12925.955335453235,3.590543148737009,3.354331126871169,109558.70603201483,1783556715558706.0,1783556715840573.0
152.0,4327.631204864465,24288.0,-1.9810422061431723,-1019.1678057818924,81.74269365997188,1044.3871965342069,-0.0019810422061431604,-1.0191678057818923,0.08174269365997189,1.0443871965342069,1.0441236565344418,1.0441236565344418,10.239355256353482,0.04412365653444173,0.432705256353483,-0.01942738755087381,1.128302622080296,-1.1477300096311698,-0.10363416601784366,-9.994621962570994,-9.620450118937546,-0.374171843633447,-0.17651970000000006,0.8016219867805632,0.12258312499999999,0.6790388617805634,-0.024516624999999986,-0.0019810422061431604,-0.01942738755087381,-0.10363416601784366,-0.10363416601784366,0.04874123304900585,10.239355256353482,1.0441236565344418,43.662102619328905,-79.3942273806711,108.5,53.12050803895984,113.92466061713759,1.0,1.5859860925314406,152.0,1.5859860925314406,1.7841323296488982,6.422876386736034,0.601,0.771202027953387,0.0,1.7841323296488982,6.422876386736034,-0.06028385886256941,0.0,0.0,0.0,0.0,0.0,0.0,105.10950670374811,0.017547448202486837,63.17081352895261,12997.912941855524,3.6105313727376447,3.999171858887209,110515.78589765883,1783556716515786.0,1783556716432256.0
153.0,8248.304511298244,24288.0,109.55776951370268,-1001.2319164601081,-131.2459920362162,1016.3623694689189,0.10955776951370272,-1.001231916460108,-0.13124599203621617,1.016362369468919,1.0163696938250462,1.0163696938250462,9.96718185794939,0.01636969382504625,0.16053185794938984,1.0743947004015526,1.1035679517497134,-0.029173251348160845,-0.09813757261104754,-9.818730973553519,-9.639688195861334,-0.1790427776921854,-0.17651970000000006,-1.28708350780196,0.12258312499999999,-1.4096666328019598,-0.024516624999999986,0.10955776951370272,1.0743947004015526,-0.09813757261104754,-0.09813757261104754,0.016731121694952056,9.96718185794939,1.0163696938250462,43.662109905783936,-79.39422009421607,108.5,53.707301324541206,114.73010535665216,1.0,1.7816029447332018,153.0,1.7816029447332018,1.7841323296488982,6.422876386736034,0.601,1.771202027953379,0.0,1.7841323296488982,6.422876386736034,-0.0007695381223746106,0.0,0.0,0.0,0.0,0.0,0.0,200.3348199704117,0.03344478522283817,120.40122680221742,13065.812184136414,3.6293922733712254,3.221715941134516,110852.6443189836,1783556716852644.2,1783556716992752.5
154.0,5070.909320175067,24288.0,57.273230762458056,-881.8614392157867,105.27712156842662,911.9599354902614,0.057273230762458056,-0.8818614392157867,0.10527712156842658,0.9119599354902613,0.9125129356734777,0.9125129356734777,8.948694980622308,-0.08748706432652234,-0.8579550193776904,0.5616585284566592,1.0583923862248517,-0.49673385776819245,-0.07541897869126384,-8.648106482885494,-9.624083685083884,0.9759772021983898,0.08678639474834565,1.0324158842290105,0.1569064,0.8755094842290105,-0.08030047598990658,0.057273230762458056,0.5616585284566592,-0.07541897869126384,-0.07541897869126384,0.037372147374152176,8.948694980622308,0.9125129356734777,43.66211877573697,-79.39422184752357,108.5,53.56610384682941,115.71058996507148,1.0,1.9471453938667451,154.0,1.9471453938667451,1.9471453938667451,7.0097234179202825,0.6022331662527194,0.9870696983044857,0.0,1.9471453938667451,7.0097234179202825,0.1630130642178468,-0.024204421842816796,0.024204421842816796,0.0,0.0,0.0,0.0,123.162245568412,0.020587149015903753,74.11373645725351,13179.186688830214,3.6608851913417255,3.2116632015630073,111735.89982130686,1783556717735899.8,1783556717461881.0
155.0,4421.420554664227,24288.0,115.29672278215838,-797.63378950977,273.73242098045984,857.2119631813506,0.11529672278215838,-0.7976337895097702,0.2737324209804598,0.8572119631813505,0.8573870194669106,0.8573870194669106,8.408094414455178,-0.14261298053308938,-1.398555585544821,1.1306746064716533,1.0973975206049116,0.03327708586674172,-0.05247478199711088,-7.822115401895986,-9.608022747397976,1.7859073455019903,0.13496920780606725,2.6843980462080257,0.1569064,2.527491646208026,-0.02752882359335472,0.11529672278215838,1.1306746064716533,-0.05247478199711088,-0.05247478199711088,0.07523385809057619,8.408094414455178,0.8573870194669106,43.66212766643333,-79.39422371924911,108.5,53.41536991974923,116.69336754056044,1.0,2.1122938778064904,155.0,2.1122938778064904,2.1122938778064904,7.604257960103366,0.6055086859635089,1.9870696983044907,0.0,2.1122938778064904,7.604257960103366,0.32816154815759213,-0.04872591397695226,0.04872591397695226,0.0,0.0,0.0,0.0,107.38746243168475,0.018057955759961903,65.00864073586285,13208.967206368849,3.6691575573246795,3.2116632015630073,112019.46624198377,1783556718019466.2,1783556717929812.2
156.0,3969.43406247279,24288.0,117.57497965554721,-812.6037911095009,282.5805035641762,869.4648796156645,0.11757497965554721,-0.8126037911095009,0.2825805035641762,0.8694648796156644,0.8695404444228164,0.8695404444228164,8.527278799299012,-0.1304595555771836,-1.2793712007009876,1.153016674239072,1.103248125,0.04976854923907198,-0.060701384400171976,-7.968920968083986,-9.613781369080119,1.644860400996133,0.14219642499999985,2.7711680952776283,0.1487387059198797,2.6224293893577486,0.015391103200515552,0.11757497965554721,1.153016674239072,-0.060701384400171976,-0.060701384400171976,0.04221171593342332,8.527278799299012,0.8695404444228164,43.66213447316548,-79.39423137687521,108.5,52.79868546189106,117.44578371230162,1.0,2.4785256618447056,156.0,2.4785256618447056,2.4785256618447056,8.92269238264094,0.6045722177012327,2.4785256618447056,0.0,2.4785256618447056,8.92269238264094,0.610408055557875,-0.05256743809959371,0.05256743809959371,0.0,0.0,0.0,0.0,96.40961450933912,0.016201652502037932,58.325949007336554,13223.261895972297,3.673128304436749,3.8137950224457033,112204.77822987673,1783556718204778.2,1783556718237963.8
157.0,3552.2997509289503,24288.0,110.01616998327628,-845.0786771088871,263.2635455128172,893.5410882014163,0.11001616998327629,-0.8450786771088871,0.26326354551281717,0.8935410882014163,0.893566298554531,0.893566298554531,8.76289194171979,-0.10643370144546904,-1.043758058280209,1.0788900733664963,1.103248125,-0.02435805163350363,-0.07442853270990818,-8.287390808869867,-9.623390372896935,1.3359995640270679,0.14219642499999985,2.5817334486032686,0.13912970210306433,2.442603746500204,0.05657254812972423,0.11001616998327629,1.0788900733664963,-0.07442853270990818,-0.07442853270990818,-0.0033189244998601264,8.76289194171979,0.893566298554531,43.66214091215149,-79.39424005550853,108.5,52.09977718048602,118.15754922659609,1.0,2.880241551369206,157.0,2.880241551369206,2.880241551369206,10.368869584929143,0.6028924822185058,2.880241551369206,0.0,2.880241551369206,10.368869584929143,0.9133182312721079,-0.05275967774155714,0.05275967774155714,0.0,0.0,0.0,0.0,86.27825635056234,0.014464090579961543,52.07072608786156,13234.823883497924,3.6763399676383117,4.522181858232113,112372.75177814941,1783556718372751.8,1783556718517919.8
158.0,3135.1654393851104,24288.0,102.45736031100536,-877.5535631082732,243.94658746145814,917.6172967871681,0.10245736031100536,-0.8775535631082733,0.24394658746145814,0.9176172967871681,0.9175921526862455,0.9175921526862455,8.998505084140568,-0.0824078473137545,-0.8081449158594305,1.0047634724939207,1.103248125,-0.09848465250607927,-0.08815568101964438,-8.605860649655748,-9.63299937671375,1.027138727058003,0.14219642499999985,2.3922988019289084,0.12952069828624896,2.2627781036426597,0.0977539930589329,0.10245736031100536,1.0047634724939207,-0.08815568101964438,-0.08815568101964438,-0.04884956493314356,8.998505084140568,0.9175921526862455,43.66214735113751,-79.39424873414187,108.5,51.400868899080976,118.86931474089056,1.0,3.281957440893707,158.0,3.281957440893707,3.281957440893707,11.815046787217344,0.601212746735779,3.281957440893707,0.0,3.281957440893707,11.815046787217344,1.2162284069863407,-0.05295191738352057,0.05295191738352057,0.0,0.0,0.0,0.0,76.14689819178557,0.012726528657885157,45.81550316838657,13246.38587102355,3.6795516308398746,5.2305686940185225,112540.7253264221,1783556718540725.2,1783556718797875.5
159.0,2904.0144596061796,24288.0,92.87074442525655,-1052.2856329303875,-4.102133793842871,1056.4148885051309,0.09287074442525654,-1.0522856329303873,-0.004102133793842871,1.056414888505131,1.0564526594074124,1.0564526594074124,10.3602614723777,0.05645265940741236,0.5536114723777004,0.9107508858179421,1.0148213432717685,-0.10407045745382644,-0.04903325000000014,-10.319396902176784,-9.671575137318602,-0.6478217648581822,0.14219642499999985,-0.0402281903693892,0.12480136231860128,-0.16502955268799047,0.004903325000000014,0.09287074442525654,0.9107508858179421,-0.04903325000000014,-0.04903325000000014,0.07631337694651451,10.3602614723777,1.0564526594074124,43.66215348643911,-79.39425777899486,108.50646277873717,50.67246819111371,119.54751097935389,1.0,3.6191543759310223,159.0,3.6191543759310223,3.5719909841159407,12.859167542817387,0.601,0.2780132656302506,0.0064627787371722804,3.5719909841159407,12.859167542817387,1.342189473151348,-0.04965957661767008,0.04965957661767008,0.15023566918996617,0.0,0.0,0.0,70.53270319491489,0.011775042950039956,42.390154620143846,13299.943382606183,3.694428717390606,3.106075167764375,113301.8413002104,1783556719301841.2,1783556719064627.8
160.0,2598.3256637814193,24288.0,92.40581850004779,-1042.5221885010035,-15.260355998853136,1047.1163700009556,0.09240581850004778,-1.0425221885010034,-0.015260355998853135,1.0471163700009556,1.0469605494863434,1.0469605494863434,10.26717567262025,0.04696054948634344,0.4605256726202499,0.9061915199934936,0.9965838799739745,-0.09039235998048097,-0.04903325000000014,-10.223650219863366,-9.679554027511386,-0.5440961923519791,0.14219642499999985,-0.14965297015615311,0.13278025251138614,-0.28243322266753923,0.004903325000000014,0.09240581850004778,0.9061915199934936,-0.04903325000000014,-0.04903325000000014,0.05734762892468219,10.26717567262025,1.0469605494863434,43.66215883308725,-79.39426777490225,108.52970907499761,49.86747710644614,120.13852946470702,1.0,3.788798769367297,160.0,3.788798769367297,3.5719909841159407,12.859167542817387,0.601,1.2780132656302532,0.02970907499760901,3.5719909841159407,12.859167542817387,1.0086224320389445,-0.03731795245311889,0.03731795245311889,0.6906259590179902,0.0,0.0,0.0,63.1081337219231,0.010535552324132162,37.92798836687579,13305.623737213004,3.6960065936702784,2.72628021963747,113441.55154073564,1783556719441551.5,1783556719297090.8
161.0,2292.636867956659,24288.0,91.94089257483903,-1032.7587440716195,-26.4185782038634,1037.8178514967806,0.09194089257483902,-1.0327587440716195,-0.0264185782038634,1.0378178514967804,1.0374684395652745,1.0374684395652745,10.1740898728628,0.03746843956527453,0.36743987286279933,0.9016321541690451,0.9783464166761805,-0.07671426250713549,-0.04903325000000014,-10.127903537549946,-9.687532917704171,-0.4403706198457761,0.14219642499999985,-0.259077749942917,0.14075914270417103,-0.39983689264708805,0.004903325000000014,0.09194089257483902,0.9016321541690451,-0.04903325000000014,-0.04903325000000014,0.03838188090284987,10.1740898728628,1.0374684395652745,43.662164179735385,-79.39427777080965,108.55295537125805,49.06248602177856,120.72954795006015,1.0,3.958443162803571,161.0,3.958443162803571,3.5719909841159407,12.859167542817387,0.601,2.278013265630256,0.052955371258045746,3.5719909841159407,12.859167542817387,0.6750553909265412,-0.02497632828856771,0.02497632828856771,1.2310162488460143,0.0,0.0,0.0,55.683564248931326,0.009296061698224369,33.46582211360773,13311.304091819826,3.6975844699499514,2.3464852715105646,113581.26178126087,1783556719581261.8,1783556719529553.8
162.0,1986.9480721318985,24288.0,91.47596664963027,-1022.9952996422355,-37.576800408873666,1028.5193329926053,0.09147596664963026,-1.0229952996422353,-0.037576800408873665,1.0285193329926052,1.0279763296442057,1.0279763296442057,10.081004073105348,0.027976329644205603,0.2743540731053489,0.8970727883445965,0.9601089533783865,-0.06303616503379,-0.04903325000000014,-10.032156855236527,-9.695511807896954,-0.33664504733957296,0.14219642499999985,-0.3685025297296809,0.1487380328969559,-0.5172405626266368,0.004903325000000014,0.09147596664963026,0.8970727883445965,-0.04903325000000014,-0.04903325000000014,0.019416132881017553,10.081004073105348,1.0279763296442057,43.66216952638353,-79.39428776671704,108.57620166751849,48.25749493711099,121.32056643541327,1.0,4.128087556239845,162.0,4.128087556239845,3.5719909841159407,12.859167542817387,0.601,3.2780132656302587,0.07620166751848248,3.5719909841159407,12.859167542817387,0.3414883498141379,-0.012634704124016523,0.012634704124016523,1.7714065386740383,0.0,0.0,0.0,48.25899477593955,0.008056571072316575,29.003655860339666,13316.984446426648,3.699162346229624,1.9666903233836595,113720.9720217861,1783556719720972.0,1783556719762016.8
163.0,1681.259276307138,24288.0,91.0110407244215,-1013.2318552128515,-48.735022613883935,1019.22081448843,0.0910110407244215,-1.0132318552128514,-0.04873502261388393,1.01922081448843,1.0184842197231367,1.0184842197231367,9.987918273347898,0.01848421972313668,0.18126827334789836,0.892513422520148,0.9418714900805926,-0.049358067560444537,-0.04903325000000014,-9.93641017292311,-9.70349069808974,-0.2329194748333699,0.14219642499999985,-0.4779273095164449,0.15671692308974078,-0.6346442326061856,0.004903325000000014,0.0910110407244215,0.892513422520148,-0.04903325000000014,-0.04903325000000014,0.00045038485918523496,9.987918273347898,1.0184842197231367,43.66217487303167,-79.39429776262443,108.59944796377891,47.452503852443414,121.9115849207664,1.0,4.29773194967612,163.0,4.29773194967612,3.5719909841159407,12.859167542817387,0.601,4.278013265630261,0.09944796377891921,3.5719909841159407,12.859167542817387,0.007921308701734686,-0.00029307995946534215,0.00029307995946534215,2.3117968285020623,0.0,0.0,0.0,40.834425302947764,0.006817080446408779,24.541489607071608,13322.664801033468,3.7007402225092965,1.5868953752567543,113860.68226231134,1783556719860682.2,1783556719994479.8
164.0,1209.5056972759162,24288.0,173.26867759738627,-854.9728239553307,14.110945115770853,873.5237671724378,0.17326867759738626,-0.8549728239553307,0.014110945115770854,0.8735237671724378,0.8727774440034817,0.8727774440034817,8.559022921236743,-0.12722255599651833,-1.2476270787632564,1.699185277160408,1.031378330220062,0.6678069469403458,-0.04903325000000014,-8.384419244041544,-9.720592021349978,1.336172777308434,0.22519028336014213,0.13838109991957423,0.1569064,-0.01852530008042577,0.004903325000000014,0.17326867759738626,1.699185277160408,-0.04903325000000014,-0.04903325000000014,0.0,8.559022921236743,0.8727774440034817,43.66218089358422,-79.39430699547067,108.6,46.70896366025842,122.57709680035043,1.0,3.943655998794001,164.0,3.943655998794001,3.4402526701038325,12.384909612373798,0.6038286794960499,0.976252723664432,0.0,3.4402526701038325,12.384909612373798,-0.13173831401210814,0.0,0.0,0.0,0.0,0.0,0.0,29.37647437543745,0.004937729914540979,17.775827692347523,13347.55620211334,3.7076545005870387,1.2871865250728378,114655.80299740944,1783556720655803.0,1783556720310188.8
165.0,882.2397189287927,24288.0,187.8844397371607,-910.2585329188253,-1.1402849431242217,930.3981459337341,0.1878844397371607,-0.9102585329188253,-0.0011402849431242194,0.930398145933734,0.9297649927695737,0.9297649927695737,9.117879866343738,-0.07023500723042629,-0.6887701336562602,1.842516940948427,1.0531896703617172,0.7893272705867098,-0.04903325000000014,-8.926586841848398,-9.71280225701367,0.7862154151652738,0.2750447751124967,-0.011182375337489114,0.1569064,-0.16808877533748912,0.004903325000000014,0.1878844397371607,1.842516940948427,-0.04903325000000014,-0.04903325000000014,0.0,9.117879866343738,0.9297649927695737,43.66218693052946,-79.39431620975549,108.6,45.96691825655338,123.24442072631865,1.0,3.5768405887148766,165.0,3.5768405887148766,3.305309831206934,11.899115392344962,0.6016045417791277,1.9762527236644338,0.0,3.305309831206934,11.899115392344962,-0.2666811529090072,0.0,0.0,0.0,0.0,0.0,0.0,21.427838293342518,0.0035922217550057108,12.93199831802056,13349.862857718752,3.7082952382552086,0.9894257633832111,114846.12563918607,1783556720846125.8,1783556720627922.5
166.0,554.9737405816692,24288.0,202.50020187693517,-965.54424188232,-16.391515002019297,987.2725246950304,0.20250020187693515,-0.9655442418823199,-0.016391515002019293,0.9872725246950302,0.9867525415356657,0.9867525415356657,9.676736811450736,-0.013247458464334255,-0.1299131885492637,1.985848604736446,1.0750010105033723,0.9108475942330737,-0.04903325000000014,-9.468754439655251,-9.705012492677366,0.2362580530221139,0.3248992668648513,-0.1607458505945525,0.1569064,-0.3176522505945525,0.004903325000000014,0.20250020187693515,1.985848604736446,-0.04903325000000014,-0.04903325000000014,0.0,9.676736811450736,0.9867525415356657,43.66219296747469,-79.39432542404032,108.6,45.224872852848335,123.91174465228688,1.0,3.2100251786357523,166.0,3.2100251786357523,3.1703669923100346,11.413321172316124,0.5993804040622055,2.9762527236644356,0.0,3.1703669923100346,11.413321172316124,-0.40162399180590624,0.0,0.0,0.0,0.0,0.0,0.0,13.479202211247582,0.002246713595470443,8.088168943693596,13352.169513324163,3.7089359759233784,0.6916650016935842,115036.4482809627,1783556721036448.2,1783556720945656.5
167.0,416.4658656828172,24288.0,182.9702122687219,-948.6263104625543,-8.450524185021747,966.9029660572679,0.18297021226872187,-0.9486263104625543,-0.008450524185021745,0.9669029660572679,0.9666061065699377,0.9666061065699377,9.47916777499408,-0.033393893430062244,-0.3274822250059199,1.7943248321450613,1.0787315,0.7155933321450613,-0.04903325000000014,-9.302846207497607,-9.711287161544186,0.408440954046579,0.3334261000000005,-0.0828713329990435,0.15994919461767518,-0.24282052761671868,0.042938257720939885,0.18297021226872187,1.7943248321450613,-0.04903325000000014,-0.04903325000000014,0.0,9.47916777499408,0.9666061065699377,43.66219958501661,-79.39433382613142,108.6,44.54823508911043,124.64324773599697,1.0,2.9997165647033164,167.0,2.9997165647033164,3.0224092512217835,10.880673304398421,0.6005513935022027,2.9997165647033164,0.0,3.0224092512217835,10.880673304398421,-0.4178051713184701,0.011588105509775343,0.011588105509775343,0.0,0.0,0.0,0.0,10.115122945704265,0.0016854828171252066,6.067738141650743,13353.624594042607,3.7093401650118345,0.5964680470933312,115256.40833506608,1783556721256408.2,1783556721310278.8
168.0,316.9030678791522,24288.0,156.39517977225492,-916.811130713263,4.275547714694831,930.5962315198412,0.15639517977225492,-0.9168111307132629,0.004275547714694832,0.9305962315198413,0.9305451816394499,0.9305451816394499,9.12553090552451,-0.06945481836055017,-0.6811190944754894,1.5337127897135836,1.0787315,0.4549812897135836,-0.04903325000000014,-8.990845875009219,-9.720463641911493,0.7296177669022734,0.3334261000000005,0.04192879999631205,0.1636197867645974,-0.12169098676828535,0.08882065955746765,0.15639517977225492,1.5337127897135836,-0.04903325000000014,-0.04903325000000014,0.0,9.12553090552451,0.9305451816394499,43.66220632234879,-79.39434206064853,108.6,43.8850924047074,125.38799243530127,1.0,2.8216988518262824,168.0,2.8216988518262824,2.8717662406803597,10.338358466449296,0.6024228746639257,2.8216988518262824,0.0,2.8717662406803597,10.338358466449296,-0.40948312741343484,0.025567099962705595,0.025567099962705595,0.0,0.0,0.0,0.0,7.696941712648849,0.0012860662471052171,4.6298384895787805,13354.903975551217,3.7096955487642265,0.54306459931305,115482.48325940223,1783556721482483.2,1783556721684575.0
169.0,53.20894143078567,24288.0,59.7616980148698,-1068.9315206859683,44.14046211675384,1071.6764535181148,0.0597616980148698,-1.0689315206859682,0.044140462116753834,1.0716764535181147,1.0719082627129013,1.0719082627129013,10.511829164533474,0.07190826271290131,0.7051791645334735,0.5860620558375229,1.0787315,-0.4926694441624771,-0.04903325000000014,-10.48263729733505,-9.705085039530454,-0.7775522578045944,0.18632635000000164,0.43287006281726403,0.23845030196700315,0.19441976085026086,0.004903325000000014,0.0597616980148698,0.5860620558375229,-0.04903325000000014,-0.04903325000000014,0.0,10.511829164533474,1.0719082627129013,43.662213146050505,-79.39435014605051,108.6,43.23395826934237,126.14228442346753,1.0,2.675871550472584,169.0,2.675871550472584,2.7448171088982107,9.881341592033559,0.6013438151532985,0.1572849525120144,0.0,2.7448171088982107,9.881341592033559,-0.37940746742606196,0.03601450588097757,0.03601450588097757,0.0,0.0,0.0,0.0,1.2923387694709225,0.00021599465616417096,0.7775807621910155,13356.801532862595,3.7102226480173868,0.6407376681699715,116308.7826330087,1783556722308782.8,1783556722057302.5
170.0,73.61102935804966,24288.0,102.75181186160465,-1043.064587778187,38.675617136236696,1050.5457195934487,0.10275181186160466,-1.043064587778187,0.0386756171362367,1.0505457195934484,1.0506605802438211,1.0506605802438211,10.30346057924807,0.050660580243821196,0.49681057924806915,1.0076510557926053,1.0787315,-0.07108044420739468,-0.04903325000000014,-10.228969339734958,-9.714017009868487,-0.5149523298664707,0.18632635000000164,0.37927824078907557,0.25810063671067224,0.12117760407840332,0.004903325000000014,0.10275181186160466,1.0076510557926053,-0.04903325000000014,-0.04903325000000014,0.0,10.30346057924807,1.0506605802438211,43.66222043251049,-79.39435743251049,108.6,42.6471645862024,126.94772970925167,1.0,2.702516845780495,170.0,2.702516845780495,2.7448171088982107,9.881341592033559,0.6035297531455053,1.157284952512012,0.0,2.7448171088982107,9.881341592033559,-0.2327783843865879,0.027540058486770512,0.027540058486770512,0.0,0.0,0.0,0.0,1.7878646810483103,0.00030028322044895167,1.081019593616226,13357.370874437645,3.7103807984549,0.6407376681699715,116529.92669322029,1783556722529926.8,1783556722421625.5
171.0,94.01311728531367,24288.0,145.74192570833952,-1017.1976548704059,33.21077215571955,1029.4149856687823,0.14574192570833952,-1.0171976548704058,0.033210772155719555,1.0294149856687822,1.029412897774741,1.029412897774741,10.095091993962663,0.02941289777474109,0.28844199396266473,1.4292400557476879,1.0787315,0.3505085557476878,-0.04903325000000014,-9.975301382134866,-9.722948980206517,-0.25235240192834707,0.18632635000000164,0.3256864187608871,0.2777509714543413,0.04793544730654581,0.004903325000000014,0.14574192570833952,1.4292400557476879,-0.04903325000000014,-0.04903325000000014,0.0,10.095091993962663,1.029412897774741,43.66222771897046,-79.39436471897046,108.6,42.060370903062434,127.75317499503582,1.0,2.7291621410884064,171.0,2.7291621410884064,2.7448171088982107,9.881341592033559,0.6057156911377122,2.1572849525120095,0.0,2.7448171088982107,9.881341592033559,-0.08614930134711385,0.019065611092563453,0.019065611092563453,0.0,0.0,0.0,0.0,2.2833905926256985,0.0003845717847337323,1.3844584250414365,13357.940216012694,3.710538948892414,0.6407376681699715,116751.07075343188,1783556722751070.8,1783556722785948.5
172.0,1996.6002566248546,24288.0,54.371810358222454,-955.6779586292623,146.0518586758765,968.791300015538,0.05437181035822246,-0.9556779586292623,0.1460518586758765,0.968791300015538,0.9689842006532224,0.9689842006532224,9.502488911335924,-0.03101579934677751,-0.30416108866407565,0.5332053140494621,1.0822895385950537,-0.5490842245455916,-0.007760002297376285,-9.371999252991655,-9.724638761404945,0.3526395084132909,0.20767458157032415,1.4322794598837842,0.297835467628129,1.1344439922556555,0.13531413490911828,0.05437181035822246,0.5332053140494621,-0.007760002297376285,-0.007760002297376285,0.06890358548017338,9.502488911335924,0.9689842006532224,43.66223490255172,-79.39437219280688,108.6,41.4584874068354,128.5472480670332,1.0,2.7589362723888744,172.0,2.7589362723888744,2.7589362723888744,9.932170580599948,0.6007097448286578,0.41246784361379507,0.0,2.7589362723888744,9.932170580599948,0.01411916349066374,0.014086600740863542,0.014086600740863542,0.0,0.0,0.0,0.0,48.49342703290447,0.008085562516633862,29.108025059881907,13390.467196398658,3.719574221221849,1.5800812224396208,117568.93142381699,1783556723568931.5,1783556723145127.5
173.0,3307.248504712361,24288.0,45.5755133911922,-950.048328570363,109.81111517171189,958.587595533783,0.04557551339119221,-0.9500483285703629,0.1098111151717119,0.9585875955337829,0.9588495310175045,0.9588495310175045,9.40310175335281,-0.04115046898249548,-0.40354824664718936,0.446943108397735,1.0909157591602265,-0.6439726507624914,0.09230415625862726,-9.31679144137455,-9.716012540839772,0.3992210994652236,0.25943190496136004,1.0768791725986684,0.31853839698454356,0.7583407756141249,0.15429182015249826,0.04557551339119221,0.446943108397735,0.09230415625862726,0.09230415625862726,0.23595560310288383,9.40310175335281,0.9588495310175045,43.662241939589286,-79.39437993354821,108.6,40.835109506717814,129.32512220039217,1.0,2.7931672159867076,173.0,2.7931672159867076,2.7931672159867076,10.055401977552147,0.6000060410712954,1.4124678436137905,0.0,2.7931672159867076,10.055401977552147,0.04835010708849687,0.014086600740863542,0.014086600740863542,0.0,0.0,0.0,0.0,80.32645168245384,0.013375311532826535,48.15112151817553,13416.988327546278,3.7269412020961874,3.857455250047887,117779.69069914703,1783556723779690.8,1783556723496979.5
174.0,4617.8967527998675,24288.0,36.77921642416196,-944.4186985114636,73.57037166754728,948.3838910520278,0.03677921642416196,-0.9444186985114637,0.07357037166754728,0.9483838910520278,0.9487148613817865,0.9487148613817865,9.303714595369696,-0.05128513861821346,-0.502935404630303,0.36068090274600784,1.0995419797253991,-0.7388610769793912,0.19236831481463082,-9.261583629757443,-9.7073863202746,0.44580269051715626,0.31118922835239593,0.7214788853135525,0.3392413263409581,0.3822375589725945,0.1732695053958782,0.03677921642416196,0.36068090274600784,0.19236831481463082,0.19236831481463082,0.40300762072559426,9.303714595369696,0.9487148613817865,43.66224897662686,-79.39438767428955,108.6,40.211731606600225,130.10299633375115,1.0,2.8273981595845408,174.0,2.8273981595845408,2.8273981595845408,10.178633374504347,0.5993023373139329,2.412467843613786,0.0,2.8273981595845408,10.178633374504347,0.08258105068633,0.014086600740863542,0.014086600740863542,0.0,0.0,0.0,0.0,112.15947633200321,0.01866506054901921,67.19421797646916,13443.509458693896,3.734308182970526,6.134829277656153,117990.44997447707,1783556723990450.0,1783556723848831.2
175.0,5179.837959904362,24288.0,54.304068420025686,-941.0316332536352,39.79470516834168,944.9683667463648,0.05430406842002569,-0.9410316332536351,0.03979470516834169,0.9449683667463648,0.9451686200976955,0.9451686200976955,9.268937848281066,-0.05483137990230445,-0.5377121517189339,0.5325409925712449,1.103248125,-0.5707071324287549,0.2353596,-9.22836786624676,-9.697032671372732,0.4686648051259722,0.3334261000000005,0.3902527454391179,0.348136075,0.04211667043911793,0.18142302499999996,0.05430406842002569,0.5325409925712449,0.2353596,0.2353596,0.3828272691673078,9.268937848281066,0.9451686200976955,43.66225587346699,-79.39439564816038,108.6,39.56957930564213,130.86537304111644,1.0,2.862027840283764,175.0,2.862027840283764,2.8565714419930557,10.283657191175001,0.599193673349273,2.862027840283764,0.0,2.8565714419930557,10.283657191175001,0.0929122523868638,0.021319798516347813,0.021319798516347813,0.0,0.0,0.0,0.0,125.80790437015715,0.02093979933290655,75.38327759846358,13469.509651739678,3.741530458816576,7.137842025882978,118197.20400956378,1783556724197204.0,1783556724193673.2
176.0,5177.800589827983,24288.0,91.65585315365112,-939.3338248566522,7.875907305061759,946.6661751433478,0.09165585315365113,-0.9393338248566522,0.007875907305061769,0.9466661751433477,0.9465852444529208,0.9465852444529208,9.282830187514236,-0.05341475554707922,-0.5238198124857645,0.8988368723292526,1.103248125,-0.20441125267074722,0.2353596,-9.211718053530488,-9.685377802471342,0.47365974894085433,0.3334261000000005,0.07723626637318393,0.348136075,-0.27089980862681606,0.18142302499999996,0.09165585315365113,0.8988368723292526,0.2353596,0.2353596,0.22161038476933786,9.282830187514236,0.9465852444529208,43.66226266470058,-79.39440379764069,108.6,38.91328481115056,131.616076001898,1.0,2.8969578776923557,176.0,2.8969578776923557,2.881934939792534,10.374965783253122,0.5995332350286695,2.8969578776923557,0.0,2.881934939792534,10.374965783253122,0.08524049472891224,0.034001547416086894,0.034001547416086894,0.0,0.0,0.0,0.0,125.75842072574204,0.0209434212607686,75.39631653876697,13495.117437724495,3.7486437327012476,7.180916611625965,118400.94101720174,1783556724400941.0,1783556724533235.0
177.0,5175.763219751603,24288.0,129.00763788727656,-937.6360164596692,-24.04289055821816,948.3639835403308,0.12900763788727657,-0.9376360164596693,-0.024042890558218157,0.9483639835403307,0.948001868808146,0.948001868808146,9.296722526747406,-0.051998131191853994,-0.5099274732525949,1.2651327520872604,1.103248125,0.1618846270872606,0.2353596,-9.195068240814214,-9.673722933569952,0.47865469275573647,0.3334261000000005,-0.23578021269275007,0.348136075,-0.5839162876927501,0.18142302499999996,0.12900763788727657,1.2651327520872604,0.2353596,0.2353596,0.06039350037136798,9.296722526747406,0.948001868808146,43.662269455934165,-79.39441194712099,108.6,38.256990316659,132.36677896267958,1.0,2.931887915100948,177.0,2.931887915100948,2.907298437592012,10.466274375331244,0.5998727967080661,2.931887915100948,0.0,2.907298437592012,10.466274375331244,0.07756873707096068,0.046683296315825976,0.046683296315825976,0.0,0.0,0.0,0.0,125.70893708132694,0.02094704318863065,75.40935547907034,13520.725223709313,3.7557570065859194,7.223991197368951,118604.6780248397,1783556724604678.0,1783556724872796.8
178.0,6270.986843032873,24288.0,65.51473583908725,-977.0772486087151,23.26738735979065,982.078982236843,0.06551473583908725,-0.9770772486087151,0.02326738735979065,0.982078982236843,0.9825117262827752,0.9825117262827752,9.635148620550977,-0.01748827371722489,-0.17150137944902344,0.6424800842163849,1.103248125,-0.46076804078361494,-0.10090968834753848,-9.581854600068656,-9.660946342547348,0.07909174247869324,0.30188650955255725,0.22817512425189096,0.348136075,-0.11996095074810903,0.18142302499999996,0.06551473583908725,0.6424800842163849,-0.10090968834753848,-0.10090968834753848,-0.46313829963329606,9.635148620550977,0.9825117262827752,43.662276073781356,-79.39442036023861,108.62144095448663,37.579464563422995,133.09831579121902,1.0,2.9389324624905733,178.0,2.9389324624905733,2.922840467623092,10.522225683443134,0.6035711809102674,0.6253897313740124,0.02144095448662977,2.922840467623092,10.522225683443134,0.06472013927679642,0.05143400967780454,0.05143400967780454,0.7350848698581511,0.0,0.0,0.0,152.30972844358246,0.02552317663910294,91.88343590077058,13638.107774385122,3.7883632706625323,8.088859891258661,119414.0745460095,1783556725414074.5,1783556725214409.5
179.0,8212.155337062479,24288.0,106.3128726793421,-993.1907984531855,-27.473152575988493,1002.9923128860494,0.10631287267934211,-0.9931907984531856,-0.0274731525759885,1.0029923128860494,1.0034958560181635,1.0034958560181635,9.840932636420522,0.0034958560181634415,0.03428263642052254,1.0425731328608703,1.103248125,-0.060674992139129635,-0.21522198796024866,-9.73987454365093,-9.647497836710558,-0.09237670694037275,0.25145461266459734,-0.2694195917093176,0.348136075,-0.6175556667093176,0.18142302499999996,0.10631287267934211,1.0425731328608703,-0.21522198796024866,-0.21522198796024866,-0.5027321080706328,9.840932636420522,1.0034958560181635,43.66228258776959,-79.39442893127577,108.65572510309188,36.889221224428034,133.81837205078278,1.0,2.92927352022772,179.0,2.92927352022772,2.9324994098859456,10.556997875589406,0.6028854979381623,1.62538973137401,0.055725103091888877,2.9324994098859456,10.556997875589406,0.0487705991793428,0.05143400967780454,0.05143400967780454,1.9104877154455437,0.0,0.0,0.0,199.45682882657349,0.03338382547797812,120.18177172072123,13691.840130609278,3.8032889251692428,9.243146539576475,119620.46512061314,1783556725620465.0,1783556725557251.0
180.0,10153.323831092084,24288.0,147.11100951959696,-1009.3043482976559,-78.21369251176765,1023.9056435352556,0.14711100951959696,-1.009304348297656,-0.07821369251176766,1.0239056435352556,1.0244799857535518,1.0244799857535518,10.046716652290067,0.024479985753551772,0.24006665229006852,1.4426661815053556,1.103248125,0.3394180565053557,-0.32953428757295883,-9.897894487233208,-9.634049330873768,-0.2638451563594387,0.20102271577663738,-0.7670143076705263,0.348136075,-1.1151503826705262,0.18142302499999996,0.14711100951959696,1.4426661815053556,-0.32953428757295883,-0.32953428757295883,-0.5423259165079697,10.046716652290067,1.0244799857535518,43.66228910175783,-79.39443750231293,108.69000925169715,36.19897788543307,134.53842831034652,1.0,2.919614577964866,180.0,2.919614577964866,2.9421583521487995,10.591770067735679,0.6021998149660571,2.6253897313740078,0.09000925169714799,2.9421583521487995,10.591770067735679,0.032821059081889196,0.05143400967780454,0.05143400967780454,3.085890561032936,0.0,0.0,0.0,246.60392920956454,0.0412444743168533,148.4801075406719,13745.572486833436,3.8182145796759532,10.397433187894288,119826.85569521679,1783556725826855.8,1783556725900092.5
181.0,9329.473596210857,24288.0,60.66613846382399,-933.7759919491192,66.44484688470553,937.9981890188251,0.060666138463823994,-0.9337759919491192,0.06644484688470553,0.9379981890188251,0.9381636451360034,0.9381636451360034,9.200242510572988,-0.061836354863996607,-0.6064074894270123,0.5949315867662596,1.106516638340447,-0.5115850515741875,-0.02941994999999986,-9.157214331447829,-9.627951291106369,0.47073695965853857,0.18632635000000164,0.6516013577018975,0.348136075,0.30346528270189754,0.18360203389363136,0.060666138463823994,0.5949315867662596,-0.02941994999999986,-0.02941994999999986,0.43151380635030345,9.200242510572988,0.9381636451360034,43.66229566613847,-79.39444599932088,108.7,35.51469627052139,135.26405494638217,1.0,2.977285348604417,181.0,2.977285348604417,2.99919854727267,10.797114770181613,0.6012221970697059,0.7085898670580358,0.0,2.99919854727267,10.797114770181613,0.0761386801432273,0.05143400967780454,0.05143400967780454,0.0,0.0,0.0,0.0,226.5942547047693,0.03784128629283281,136.2286306541981,13928.55403569232,3.8690427876923095,10.928500639367172,120621.76263596295,1783556726621762.8,1783556726222197.0
182.0,8966.038532062457,24288.0,67.25124316366555,-956.0399173628692,61.427624256254816,960.5756908468534,0.06725124316366556,-0.9560399173628693,0.061427624256254816,0.9605756908468533,0.9604573927066861,0.9604573927066861,9.418869490187022,-0.03954260729331397,-0.38778050981297746,0.6595094037709608,1.1111293395550685,-0.4516199357841078,-0.02941994999999986,-9.375548855606581,-9.624876156963287,0.24932730135670556,0.18632635000000164,0.6023992114126013,0.348136075,0.2542631364126013,0.1866771680367124,0.06725124316366556,0.6595094037709608,-0.02941994999999986,-0.02941994999999986,0.25754615100129424,9.418869490187022,0.9604573927066861,43.66230225124316,-79.39445446588407,108.7,34.83286643609437,135.9919724197889,1.0,3.062645705985161,182.0,3.062645705985161,3.0757244531540375,11.072608031354536,0.601535773483984,1.708589867058033,0.0,3.0757244531540375,11.072608031354536,0.1438301345252183,0.05143400967780454,0.05143400967780454,0.0,0.0,0.0,0.0,217.767143866733,0.03638547941715244,130.98772590174877,13967.19573014104,3.8797765917058435,11.20326695326016,120810.5356373584,1783556726810535.8,1783556726535773.5
183.0,8602.60346791406,24288.0,73.83634786350711,-978.3038427766194,56.4104016278041,983.1531926748816,0.07383634786350712,-0.9783038427766193,0.0564104016278041,0.9831531926748815,0.9827511402773687,0.9827511402773687,9.637496469801057,-0.017248859722631342,-0.16915353019894264,0.724087220775662,1.1157420407696903,-0.3916548199940282,-0.02941994999999986,-9.593883379765334,-9.621801022820206,0.027917643054872543,0.18632635000000164,0.553197065123305,0.348136075,0.20506099012330503,0.18975230217979341,0.07383634786350712,0.724087220775662,-0.02941994999999986,-0.02941994999999986,0.08357849565228503,9.637496469801057,0.9827511402773687,43.66230883634786,-79.39446293244725,108.7,34.15103660166735,136.7198898931956,1.0,3.1480060633659046,183.0,3.1480060633659046,3.152250359035405,11.348101292527458,0.6018493498982622,2.7085898670580306,0.0,3.152250359035405,11.348101292527458,0.2115215889072093,0.05143400967780454,0.05143400967780454,0.0,0.0,0.0,0.0,208.9400330286967,0.03492967254147208,125.74682114929948,14005.837424589763,3.890510395719377,11.478033267153146,120999.30863875386,1783556726999308.8,1783556726849350.0
184.0,8591.438208137393,24288.0,89.8125555136388,-962.74988626474,55.25000541596476,969.7811450656827,0.0898125555136388,-0.96274988626474,0.05525000541596476,0.9697811450656828,0.969256569022,0.969256569022,9.505159932599595,-0.030743430977999992,-0.3014900674004036,0.8807602975278258,1.1225549871046765,-0.24179468957685074,-0.02941994999999986,-9.441351172138113,-9.60729913653675,0.16594796439863704,0.14495436605791234,0.5418174656124708,0.33894230079064686,0.2028751648218239,0.18969737929844113,0.0898125555136388,0.8807602975278258,-0.02941994999999986,-0.02941994999999986,0.0,9.505159932599595,0.969256569022,43.66231543751489,-79.39447137501897,108.7,33.47113885096885,137.44958289670336,1.0,3.2103040589392267,184.0,3.2103040589392267,3.206464065919236,11.543270637309249,0.6023125013539912,3.2103040589392267,0.0,3.206464065919236,11.543270637309249,0.22335922726741858,0.05143400967780454,0.05143400967780454,0.0,0.0,0.0,0.0,208.668851199241,0.034914043442639604,125.69055639350258,14046.118086898967,3.901699468583045,11.726978364105426,121184.37540890534,1783556727184375.5,1783556727156250.8
185.0,8905.999843177528,24288.0,114.47226304068579,-912.2275586483511,57.65583054055471,923.1682832767525,0.11447226304068578,-0.912227558648351,0.05765583054055471,0.9231682832767525,0.9226702657553854,0.9226702657553854,9.048304361670048,-0.07732973424461466,-0.7583456383299503,1.1225894183479412,1.131402393963949,-0.008812975616007857,-0.02941994999999986,-8.945896388018852,-9.58223148376881,0.6363350957499595,0.06532770432445915,0.5654105505705308,0.3212474870721018,0.24416306349842898,0.18674824367868362,0.11447226304068578,1.1225894183479412,-0.02941994999999986,-0.02941994999999986,0.0,9.048304361670048,0.9226702657553854,43.662322053533984,-79.3944797954069,108.7,32.79302760489155,138.18091764724502,1.0,3.251277401063836,185.0,3.251277401063836,3.2400467587172463,11.664168331382086,0.6029139576351387,3.251277401063836,0.0,3.2400467587172463,11.664168331382086,0.1835515363071343,0.05143400967780454,0.05143400967780454,0.0,0.0,0.0,0.0,216.30892419109583,0.03623007726073943,130.42827813866194,14087.914223725926,3.9133095065905334,11.952047827352775,121366.01520581188,1783556727366015.2,1783556727456978.8
186.0,9220.561478217664,24288.0,139.13197056773276,-861.7052310319622,60.06165566514466,876.5554214878222,0.13913197056773277,-0.8617052310319621,0.06006165566514466,0.8765554214878222,0.8760839624887706,0.8760839624887706,8.591448790740502,-0.12391603751122932,-1.2152012092594968,1.3644185391680566,1.1402498008232216,0.22416873834483497,-0.02941994999999986,-8.450441603899591,-9.557163831000873,1.106722227101282,-0.014298957408994034,0.5890036355285908,0.3035526733535568,0.2854509621750341,0.1837991080589261,0.13913197056773277,1.3644185391680566,-0.02941994999999986,-0.02941994999999986,0.0,8.591448790740502,0.8760839624887706,43.662328669553084,-79.39448821579484,108.7,32.11491635881424,138.9122523977867,1.0,3.292250743188445,186.0,3.292250743188445,3.273629451515257,11.785066025454926,0.6035154139162862,3.292250743188445,0.0,3.273629451515257,11.785066025454926,0.14374384534685,0.05143400967780454,0.05143400967780454,0.0,0.0,0.0,0.0,223.94899718295065,0.037546111078839255,135.1659998838213,14129.710360552885,3.9249195445980223,12.177117290600124,121547.65500271843,1783556727547655.0,1783556727757707.0
187.0,10541.76927838768,24288.0,151.64519249482456,-916.0644225155263,-46.35639388457455,930.0055523278969,0.15164519249482455,-0.9160644225155263,-0.046356393884574555,0.930005552327897,0.9299065915969046,0.9299065915969046,9.119268476483784,-0.07009340840309546,-0.6873815235162161,1.4871313269793711,1.14737805,0.33975327697937124,-0.02941994999999986,-8.983523169061886,-9.62032365,0.6368004809381143,-0.08825985000000003,-0.45460093008816305,0.28929617499999993,-0.7438971050881629,0.18142302499999996,0.15164519249482455,1.4871313269793711,-0.02941994999999986,-0.02941994999999986,0.0,9.119268476483784,0.9299065915969046,43.66233523627394,-79.39449670723545,108.7,31.431083093784263,139.6381377217827,1.0,3.3238156867542377,187.0,3.3238156867542377,3.3021334075733173,11.887680267263944,0.6001766105628882,0.1943120407865418,0.0,3.3021334075733173,11.887680267263944,0.10654394438552581,0.04995875312258486,0.04995875312258486,0.0,0.0,0.0,0.0,256.03849223348,0.042685752796556405,153.66871006760306,14326.092585766535,3.9794701627129254,11.610038007488518,122329.49872314052,1783556728329498.8,1783556728058870.2
188.0,10571.460070395868,24288.0,139.52650187923751,-952.4204943622874,-68.77597152341058,966.0586569092684,0.13952650187923754,-0.9524204943622874,-0.06877597152341058,0.9660586569092684,0.9659187895011131,0.9659187895011131,9.47242749706109,-0.03408121049888695,-0.33422250293890965,1.3682875696540246,1.14737805,0.22090951965402472,-0.02941994999999986,-9.340054441037925,-9.62032365,0.2802692089620744,-0.08825985000000003,-0.6744618811400542,0.28929617499999993,-0.963758056140054,0.18142302499999996,0.13952650187923754,1.3682875696540246,-0.02941994999999986,-0.02941994999999986,0.0,9.47242749706109,0.9659187895011131,43.662341598586515,-79.39450549328615,108.7,30.72352426983419,140.34142775351245,1.0,3.3163700090346144,188.0,3.3163700090346144,3.3095790852929405,11.914484707054587,0.6010855123590572,1.1943120407865397,0.0,3.3095790852929405,11.914484707054587,0.08015688339960753,0.042366549627381525,0.042366549627381525,0.0,0.0,0.0,0.0,256.75962218977486,0.042871149421544665,154.3361379175608,14373.277310878877,3.992577030799687,11.610038007488518,122512.1879841705,1783556728512188.0,1783556728361837.5
189.0,10601.150862404056,24288.0,127.4078112636505,-988.7765662090485,-91.19554916224658,1002.1117614906398,0.1274078112636505,-0.9887765662090484,-0.09119554916224659,1.0021117614906399,1.0019309874053215,1.0019309874053215,9.825586517638396,0.001930987405321563,0.018936517638396655,1.249443812328678,1.14737805,0.10206576232867814,-0.02941994999999986,-9.696585713013965,-9.62032365,-0.07626206301396532,-0.08825985000000003,-0.8943228321919454,0.28929617499999993,-1.1836190071919452,0.18142302499999996,0.1274078112636505,1.249443812328678,-0.02941994999999986,-0.02941994999999986,0.0,9.825586517638396,1.0019309874053215,43.66234796089908,-79.39451427933683,108.7,30.01596544588412,141.04471778524223,1.0,3.308924331314991,189.0,3.308924331314991,3.3170247630125638,11.94128914684523,0.6019944141552261,2.1943120407865377,0.0,3.3170247630125638,11.94128914684523,0.053769822413689244,0.0347743461321782,0.0347743461321782,0.0,0.0,0.0,0.0,257.48075214606973,0.043056546046532924,155.00356576751852,14420.462035991219,4.005683898886449,11.610038007488518,122694.87724520046,1783556728694877.2,1783556728664804.8
190.0,10630.841654412245,24288.0,115.28912064806346,-1025.1326380558096,-113.61512680108261,1038.1648660720111,0.11528912064806346,-1.0251326380558095,-0.11361512680108263,1.0381648660720113,1.03794318530953,1.03794318530953,10.178745538215702,0.03794318530953007,0.37209553821570296,1.1306000550033315,1.14737805,-0.016777994996668377,-0.02941994999999986,-10.053116984990005,-9.62032365,-0.43279333499000505,-0.08825985000000003,-1.1141837832438366,0.28929617499999993,-1.4034799582438364,0.18142302499999996,0.11528912064806346,1.1306000550033315,-0.02941994999999986,-0.02941994999999986,0.0,10.178745538215702,1.03794318530953,43.66235432321166,-79.39452306538753,108.7,29.30840662193405,141.74800781697198,1.0,3.301478653595368,190.0,3.301478653595368,3.324470440732187,11.968093586635874,0.6029033159513952,3.194312040786536,0.0,3.324470440732187,11.968093586635874,0.027382761427770963,0.027182142636974858,0.027182142636974858,0.0,0.0,0.0,0.0,258.2018821023646,0.04324194267152119,155.67099361747628,14467.64676110356,4.01879076697321,11.610038007488518,122877.56650623045,1783556728877566.5,1783556728967772.0
191.0,9547.13292046913,24288.0,62.49127575302487,-1051.0192453291966,3.19181480359876,1054.5393890760163,0.06249127575302487,-1.0510192453291964,0.0031918148035987616,1.0545393890760162,1.054044529465443,1.054044529465443,10.336645784882286,0.0540445294654431,0.5299957848822876,0.6128300693634012,1.1767979999999998,-0.5639679306365984,-0.005590319128031017,-10.306977882207564,-9.633367727965405,-0.6736101542421584,-0.16671305000000025,0.031301010643711796,0.28929617499999993,-0.2579951643562881,0.12582055296540576,0.06249127575302487,0.6128300693634012,-0.005590319128031017,-0.005590319128031017,0.030343907532650063,10.336645784882286,1.054044529465443,43.66236013048515,-79.39453255080858,108.7,28.54452605804672,142.3899438281357,1.0,3.567122274565219,191.0,3.567122274565219,3.3205926187186465,11.954133427387129,0.6025700539050574,0.8936254180459576,0.0,3.3205926187186465,11.954133427387129,0.015236143109738509,0.02369781791029139,0.02369781791029139,0.0,0.0,0.0,0.0,231.88076437235424,0.038811107261766564,139.71998614235963,14639.119037741488,4.06642195492819,11.610038007488518,123613.96087085325,1783556729613960.8,1783556729190018.0
192.0,9463.353880595154,24288.0,77.58851390290374,-1042.0884847334935,24.66816766469404,1047.3097257366376,0.07758851390290374,-1.0420884847334935,0.024668167664694048,1.0473097257366375,1.047096188892874,1.047096188892874,10.268505840806302,0.047096188892873994,0.4618558408063027,0.7608833998659108,1.1767979999999998,-0.415914600134089,-0.01184609365630604,-10.219397038811714,-9.647964535198048,-0.5714325036136657,-0.16671305000000025,0.24191208642897188,0.28929617499999993,-0.04738408857102805,0.14041736019804751,0.07758851390290374,0.7608833998659108,-0.01184609365630604,-0.01184609365630604,0.009612132305094667,10.268505840806302,1.047096188892874,43.66236587168839,-79.39454211948065,108.7,27.773941117336882,143.02457643436358,1.0,3.865273654823897,192.0,3.865273654823897,3.3153668800880904,11.935320768317126,0.603207965376179,1.8936254180459584,0.0,3.3153668800880904,11.935320768317126,0.004784665848625903,0.020702483176388897,0.020702483176388897,0.0,0.0,0.0,0.0,229.8459390518951,0.03851055449531319,138.63799618312748,14667.952305951143,4.074431196097539,11.610038007488518,123742.60635086277,1783556729742606.2,1783556729402655.2
193.0,9379.574840721178,24288.0,92.68575205278259,-1033.1577241377906,46.144520525789325,1040.080062397259,0.0926857520527826,-1.0331577241377905,0.04614452052578933,1.040080062397259,1.0401478483203048,1.0401478483203048,10.200365896730316,0.04014784832030489,0.3937158967303179,0.9089367303684203,1.1767979999999998,-0.26786126963157947,-0.018101868184581062,-10.131816195415862,-9.662561342430688,-0.469254852985173,-0.16671305000000025,0.45252316221423194,0.28929617499999993,0.163226987214232,0.1550141674306893,0.0926857520527826,0.9089367303684203,-0.018101868184581062,-0.018101868184581062,-0.011119642922460732,10.200365896730316,1.0401478483203048,43.662371612891626,-79.39455168815272,108.7,27.003356176627047,143.6592090405915,1.0,4.163425035082575,193.0,4.163425035082575,3.3101411414575344,11.916508109247124,0.6038458768473006,2.893625418045959,0.0,3.3101411414575344,11.916508109247124,-0.005666811412486702,0.017707148442486408,0.017707148442486408,0.0,0.0,0.0,0.0,227.81111373143597,0.03821000172885981,137.55600622389534,14696.785574160796,4.082440437266888,11.610038007488518,123871.25183087231,1783556729871251.8,1783556729615292.2
194.0,9295.795800847203,24288.0,107.78299020266147,-1024.2269635420876,67.62087338688461,1032.8503990578804,0.10778299020266147,-1.0242269635420875,0.06762087338688462,1.0328503990578803,1.0331995077477358,1.0331995077477358,10.132225952654332,0.03319950774773578,0.3255759526543331,1.0569900608709297,1.1767979999999998,-0.11980793912906995,-0.024357642712856082,-10.044235352020012,-9.677158149663331,-0.36707720235668023,-0.16671305000000025,0.663134237999492,0.28929617499999993,0.37383806299949207,0.16961097466333108,0.10778299020266147,1.0569900608709297,-0.024357642712856082,-0.024357642712856082,-0.03185141815001613,10.132225952654332,1.0331995077477358,43.662377354094865,-79.39456125682479,108.7,26.23277123591721,144.2938416468194,1.0,4.461576415341254,194.0,4.461576415341254,3.304915402826978,11.897695450177121,0.6044837883184223,3.8936254180459597,0.0,3.304915402826978,11.897695450177121,-0.016118288673599303,0.014711813708583913,0.014711813708583913,0.0,0.0,0.0,0.0,225.77628841097686,0.037909448962406445,136.4740162646632,14725.618842370452,4.090449678436236,11.610038007488518,123999.89731088183,1783556729999897.2,1783556729827929.5
195.0,9139.781709303803,24288.0,124.18957832159356,-1017.0,90.1381620925204,1028.2647783612358,0.12418957832159355,-1.017,0.0901381620925204,1.0282647783612358,1.028753077081707,1.028753077081707,10.088621363363321,0.028753077081706997,0.2819713633633219,1.2178837282474553,1.1767979999999998,0.04108572824745545,-0.02941994999999986,-9.973363049999998,-9.683543783061657,-0.28981926693834115,-0.16671305000000025,0.8839534072846152,0.28929617499999993,0.5946572322846153,0.18142302499999996,0.12418957832159355,1.2178837282474553,-0.02941994999999986,-0.02941994999999986,-0.04478403758795032,10.088621363363321,1.028753077081707,43.66238294858377,-79.39457097621619,108.7,25.45004855474405,144.91225645043053,1.0,4.521871728909854,195.0,4.521871728909854,3.2621389099359424,11.743700075769393,0.6045257081145365,4.521871728909854,0.0,3.2621389099359424,11.743700075769393,-0.06118087403666369,0.011316580616013854,0.011316580616013854,0.0,0.0,0.0,0.0,221.98701815557078,0.0372801941606278,134.20869897826006,14758.280469189054,4.099522352552514,11.413969037319726,124151.35013989877,1783556730151350.2,1783556730079048.8
196.0,8677.369573598993,24288.0,146.15001128965358,-1017.0,117.07076856278269,1034.8943430308389,0.14615001128965358,-1.017,0.11707076856278269,1.0348943430308388,1.034918950059347,1.034918950059347,10.149087921599493,0.03491895005934689,0.34243792159949415,1.433242008213681,1.1767979999999998,0.2564440082136812,-0.02941994999999986,-9.973363049999998,-9.655100236651023,-0.3182628133489749,-0.16671305000000025,1.1480720525262127,0.28929617499999993,0.858775877526213,0.18142302499999996,0.14615001128965358,1.433242008213681,-0.02941994999999986,-0.02941994999999986,-0.02463512631713559,10.149087921599493,1.034918950059347,43.662387920757276,-79.39458133491098,108.7,24.61584145080726,145.46188050927807,1.0,3.573257490377791,196.0,3.573257490377791,3.0600840972224157,11.016302750000698,0.6020396213634355,3.573257490377791,0.0,3.0600840972224157,11.016302750000698,-0.25305273804784123,0.006225106264839325,0.006225106264839325,0.0,0.0,0.0,0.0,210.75595220357232,0.035256690190226064,126.92408468481383,14807.180771872356,4.113105769964542,10.386238047230353,124399.54446721703,1783556730399544.5,1783556730493396.5
197.0,8214.957437894182,24288.0,168.1104442577136,-1017.0,144.003375033045,1041.523907700442,0.1681104442577136,-1.017,0.14400337503304497,1.0415239077004417,1.0410848230369867,1.0410848230369867,10.209554479835667,0.04108482303698678,0.40290447983566646,1.6486002881799067,1.1767979999999998,0.47180228817990694,-0.02941994999999986,-9.973363049999998,-9.62665669024039,-0.3467063597596087,-0.16671305000000025,1.4121906977678105,0.28929617499999993,1.1228945227678107,0.18142302499999996,0.1681104442577136,1.6486002881799067,-0.02941994999999986,-0.02941994999999986,-0.004486215046320859,10.209554479835667,1.0410848230369867,43.662392892930775,-79.39459169360578,108.7,23.781634346870472,146.01150456812562,1.0,2.624643251845728,197.0,2.624643251845728,2.858029284508889,10.288905424232002,0.5995535346123343,2.624643251845728,0.0,2.858029284508889,10.288905424232002,-0.4449246020590188,0.0011336319136647961,0.0011336319136647961,0.0,0.0,0.0,0.0,199.5248862515739,0.03323318621982434,119.63947039136761,14856.081074555656,4.12668918737657,9.35850705714098,124647.7387945353,1783556730647738.8,1783556730907744.2
198.0,6542.428747916765,24288.0,52.97406385134454,-995.789304954958,21.856549718445383,997.6183155968488,0.05297406385134454,-0.995789304954958,0.02185654971844539,0.9976183155968488,0.9978463986581037,0.9978463986581037,9.785530385400492,-0.002153601341896322,-0.021119614599507563,0.5194981032677879,1.1767979999999998,-0.6572998967322119,-0.02941994999999986,-9.765357187436539,-9.62032365,-0.14503353743653888,-0.2843928499999979,0.2143395332963924,0.28929617499999993,-0.07495664170360752,0.015218668464424157,0.05297406385134454,0.5194981032677879,-0.02941994999999986,-0.02941994999999986,0.0,9.785530385400492,0.9978463986581037,43.66239759237945,-79.39460229010642,108.7,22.92827624696005,146.53098162448728,1.0,2.5238583698683095,198.0,2.5238583698683095,2.8130411792562766,10.126948245322597,0.6004473262387394,0.7773470245601256,0.0,2.8130411792562766,10.126948245322597,-0.3528910227782939,0.0,0.0,0.0,0.0,0.0,0.0,158.9025094294024,0.02650419523316071,95.41510283937856,14989.062958123835,4.163628599478843,8.820061207337755,125469.52579149752,1783556731469525.8,1783556731276337.0
199.0,6450.357575297644,24288.0,59.372832604796926,-992.9454077312014,43.541266049589595,995.8408798320008,0.059372832604796935,-0.9929454077312013,0.0435412660495896,0.9958408798320009,0.996148632217574,0.996148632217574,9.768880984136471,-0.00385136778242603,-0.037769015863528224,0.5822485888638318,1.1767979999999998,-0.594549411136168,-0.02941994999999986,-9.737468082727185,-9.62032365,-0.11714443272718597,-0.2843928499999979,0.4269939567052078,0.28929617499999993,0.13769778170520783,-0.11028230272766357,0.059372832604796935,0.5822485888638318,-0.02941994999999986,-0.02941994999999986,0.0,9.768880984136471,0.996148632217574,43.66240221371244,-79.394612954721,108.7,22.06943278967197,147.04182377315394,1.0,2.6659144880336285,199.0,2.6659144880336285,2.8130411792562766,10.126948245322597,0.5997363519328003,1.7773470245601215,0.0,2.8130411792562766,10.126948245322597,-0.1795393324154726,0.0,0.0,0.0,0.0,0.0,0.0,156.6662847888292,0.026100386882121816,93.96139277563853,15021.929805023121,4.172758279173089,8.421759706044607,125682.4625961263,1783556731682462.5,1783556731631824.0
200.0,6358.286402678524,24288.0,65.77160135824931,-990.1015105074448,65.2259823807338,994.063444067153,0.06577160135824932,-0.9901015105074448,0.06522598238073381,0.994063444067153,0.9944508657770442,0.9944508657770442,9.75223158287245,-0.005549134222955738,-0.054418417127548885,0.6449990744598757,1.1767979999999998,-0.5317989255401241,-0.02941994999999986,-9.709578978017833,-9.62032365,-0.08925532801783306,-0.2843928499999979,0.6396483801140231,0.28929617499999993,0.3503522051140232,-0.2357832739197513,0.06577160135824932,0.6449990744598757,-0.02941994999999986,-0.02941994999999986,0.0,9.75223158287245,0.9944508657770442,43.662406835045424,-79.39462361933559,108.7,21.210589332383897,147.5526659218206,1.0,2.807970606198948,200.0,2.807970606198948,2.8130411792562766,10.126948245322597,0.5990253776268611,2.7773470245601173,0.0,2.8130411792562766,10.126948245322597,-0.0061876420526512654,0.0,0.0,0.0,0.0,0.0,0.0,154.430060148256,0.02569657853108292,92.50768271189851,15054.796651922406,4.1818879588673346,8.02345820475146,125895.39940075508,1783556731895399.5,1783556731987311.2
201.0,5358.410902970173,24288.0,88.18163332021872,-977.6416614358782,59.979270955940635,983.8598247679,0.08818163332021872,-0.9776416614358782,0.05997927095594063,0.9838598247679,0.984070749433292,0.984070749433292,9.650437414929993,-0.015929250566708037,-0.15621258507000738,0.8647664143997229,1.1767979999999998,-0.31203158560027694,-0.02941994999999986,-9.587389599120154,-9.62032365,0.03293405087984598,-0.3061456014399703,0.5881957175200752,0.3079413905199762,0.280254327000099,-0.18898858232006527,0.08818163332021872,0.8647664143997229,-0.02941994999999986,-0.02941994999999986,0.0,9.650437414929993,0.984070749433292,43.66241080256572,-79.39463477393618,108.7,20.312286289366583,147.99123561424335,1.0,2.8859491966609987,201.0,2.8859491966609987,2.8130411792562766,10.126948245322597,0.601535043808025,2.8859491966609987,0.0,2.8130411792562766,10.126948245322597,0.0,0.0,0.0,0.0,0.0,0.0,0.0,130.14508401133958,0.021709596859739527,78.15454869506229,15070.965997110981,4.186379443641939,8.00924116934859,126095.3464489339,1783556732095346.5,1783556732316880.5
202.0,4324.932674166309,24288.0,111.1843283969343,-964.8258741788509,53.73568229226069,973.3443070185443,0.11118432839693432,-0.9648258741788509,0.053735682292260695,0.9733443070185442,0.9733692525419871,0.9733692525419871,9.545491580440878,-0.026630747458012822,-0.26115841955912145,1.0903457940737957,1.1767979999999998,-0.08645220592620406,-0.02941994999999986,-9.461709659016027,-9.62032365,0.15861399098397275,-0.3287035394073778,0.5269670287513982,0.32727676592061106,0.19969026283078722,-0.13581629996831956,0.11118432839693432,1.0903457940737957,-0.02941994999999986,-0.02941994999999986,0.0,9.545491580440878,0.9733692525419871,43.66241474588487,-79.39464594667379,108.7,19.412522634486212,148.4271301136804,1.0,2.9615559325941923,202.0,2.9615559325941923,2.8130411792562766,10.126948245322597,0.6041639232453639,2.9615559325941923,0.0,2.8130411792562766,10.126948245322597,0.0,0.0,0.0,0.0,0.0,0.0,0.0,105.0439647901513,0.01758998263885704,63.323937499885346,15086.517277800618,4.190699243833505,8.00924116934859,126294.81267624199,1783556732294812.8,1783556732645490.5
203.0,3291.4544453624444,24288.0,134.1870234736499,-952.0100869218236,47.49209362858075,962.8287892691886,0.1341870234736499,-0.9520100869218235,0.04749209362858074,0.9628287892691886,0.9626677556506824,0.9626677556506824,9.440545745951765,-0.0373322443493176,-0.3661042540482355,1.3159251737478685,1.1767979999999998,0.13912717374786887,-0.02941994999999986,-9.3360297189119,-9.62032365,0.28429393108809947,-0.3512614773747852,0.46573833998272135,0.34661214132124585,0.11912619866147545,-0.0826440176165738,0.1341870234736499,1.3159251737478685,-0.02941994999999986,-0.02941994999999986,0.0,9.440545745951765,0.9626677556506824,43.662418689204024,-79.3946571194114,108.7,18.51275897960584,148.86302461311743,1.0,3.0371626685273854,203.0,3.0371626685273854,2.8130411792562766,10.126948245322597,0.6067928026827029,3.0371626685273854,0.0,2.8130411792562766,10.126948245322597,0.0,0.0,0.0,0.0,0.0,0.0,0.0,79.94284556896305,0.013470368417974552,48.49332630470839,15102.068558490255,4.19501904402507,8.00924116934859,126494.27890355008,1783556732494279.0,1783556732974100.2
204.0,1307.8296670573104,24288.0,0.6651786505500183,-1113.9785044551868,61.67419638268099,1120.506785707956,0.000665178650550019,-1.1139785044551869,0.061674196382680985,1.120506785707956,1.1197873078881229,1.1197873078881229,10.981362202901058,0.11978730788812278,1.174712202901059,0.006523174213416638,1.191507975,-1.1849848007865833,0.12264967006292687,-10.924397300715457,-9.62032365,-1.3040736507154571,-0.2843928499999979,0.6048172579562185,0.30214244872640245,0.30267480922981604,0.304416584473323,0.000665178650550019,0.006523174213416638,0.12264967006292687,0.12264967006292687,0.21544479481575388,10.981362202901058,1.1197873078881229,43.66242447171875,-79.39466659841517,108.7,17.749395212796866,149.50222379092676,1.0,1.5855764273020787,204.0,1.5855764273020787,1.535343897277048,5.527238030197371,0.5994366517865055,0.9211841690591516,0.0,1.535343897277048,5.527238030197371,-1.2776972819792287,0.0,0.0,0.0,0.0,0.0,0.0,31.764566953487943,0.0053000596405734235,19.080214706064325,15179.653492238092,4.216570414510581,1.8675800213009883,127579.2227899416,1783556733579222.8,1783556733781674.0
205.0,306.7947519670057,24288.0,95.74227163706283,-1013.56326376904,13.56793705581724,1020.1658877855372,0.09574227163706282,-1.01356326376904,0.013567937055817242,1.020165887785537,1.0200653380301563,1.0200653380301563,10.003423747193432,0.020065338030156265,0.19677374719343194,0.9389109481496021,1.2600901929715458,-0.3211792448219436,-0.004110631966264627,-9.939660180640656,-9.562083446948373,-0.37757673369228345,-0.139305895622763,0.13305600992843003,0.25987622499999996,-0.12682021507156993,0.1900739044394261,0.09574227163706282,0.9389109481496021,-0.004110631966264627,-0.004110631966264627,-0.26614385448969397,10.003423747193432,1.0200653380301563,43.66243089081594,-79.39466271180807,108.7,18.062391716228117,150.2117907946858,1.0,1.0977971442651275,205.0,1.0977971442651275,1.1784759928820459,4.242513574375365,0.6031921279505086,0.7427081761771082,0.0,1.1784759928820459,4.242513574375365,-0.49251411891962116,0.0,0.0,0.0,0.0,0.0,0.0,7.451430935774635,0.001248546444126913,4.494767198856887,15188.099161983064,4.218916433884185,1.0056538210470265,128731.70623500961,1783556734731706.2,1783556734698688.0
206.0,306.26736988615977,24288.0,134.41190833632356,-984.1709091811547,-16.625621116438822,994.7912561513954,0.13441190833632358,-0.9841709091811547,-0.016625621116438824,0.9947912561513954,0.9947259999165468,0.9947259999165468,9.754929727081603,-0.005274000083453259,-0.05172027291839687,1.3181305408864075,1.2748645,0.04326604088640745,-0.03673539793723514,-9.65141964652137,-9.536967125,-0.11445252152137031,-0.11615891859607186,-0.16304164732152476,0.2683718735529457,-0.43141352087447044,0.1176798,0.13441190833632358,1.3181305408864075,-0.03673539793723514,-0.03673539793723514,-0.20996958647635658,9.754929727081603,0.9947259999165468,43.66243617648854,-79.39466721929215,108.7,17.69939470696132,150.79606904377096,1.0,1.4357427001630245,206.0,1.4357427001630245,1.5178696039938373,5.464330574377815,0.60471122831436,1.4357427001630245,0.0,1.5178696039938373,5.464330574377815,0.3393936111117915,0.0,0.0,0.0,0.0,0.0,0.0,7.438621879795049,0.001249513362192321,4.4982481038923545,15190.742200243727,4.219650611178813,0.8706286733253382,129088.41809812658,1783556735088418.0,1783556735288771.8
207.0,303.71827523130986,24288.0,171.79862994078906,-928.5156758835981,-4.304996951330885,945.9336086001052,0.17179862994078904,-0.9285156758835982,-0.004304996951330884,0.9459336086001052,0.9456249436486586,0.9456249436486586,9.273412853632117,-0.054375056351341405,-0.5332371463678822,1.6847690343088388,1.2748645,0.4099045343088388,0.017427106772896717,-9.105628252903887,-9.536967125,0.4313388720961132,-0.09949353253141621,-0.042217598352768976,0.28087091310143764,-0.32308851145420664,0.1176798,0.17179862994078904,1.6847690343088388,0.017427106772896717,0.017427106772896717,0.04153672899641858,9.273412853632117,0.9456249436486586,43.66244084982874,-79.39467784051986,108.7,16.844045283317417,151.31266006957114,1.0,1.9841263696603475,207.0,1.9841263696603475,2.0171951282730776,7.26190246178308,0.6042863792052183,1.9841263696603475,0.0,2.0171951282730776,7.26190246178308,0.8387191353910319,0.0,0.0,0.0,0.0,0.0,0.0,7.376709468818054,0.0012382430103422494,4.457674837232098,15192.624420087308,4.2201734500242525,0.7842823936933752,129345.02696004814,1783556735345027.0,1783556735713620.8
208.0,298.0417321753895,24288.0,202.7776380258358,-1006.291181902118,27.889447896656776,1026.846772395659,0.2027776380258358,-1.0062911819021179,0.027889447896656774,1.0268467723956591,1.0274951619717099,1.0274951619717099,10.076285430149866,0.02749516197170985,0.26963543014986835,1.9885693239460625,1.22583125,0.7627380739460625,0.15929011066214957,-9.868345419000406,-9.589201049527034,-0.2791443694733707,-0.004903325000000791,0.27350205421574914,0.2705685616080771,0.0029334926076720474,0.09949580131088195,0.2027776380258358,1.9885693239460625,0.15929011066214957,0.15929011066214957,0.16314011524569522,10.076285430149866,1.0274951619717099,43.662444625039306,-79.39468895858226,108.7,15.948684736772913,151.7299718451746,1.0,2.5162371044875744,208.0,2.5162371044875744,2.4928693386916994,8.974329619290119,0.6018611023766147,0.3259272549802584,0.0,2.4928693386916994,8.974329619290119,1.2327700975485139,0.0,0.0,0.0,0.0,0.0,0.0,7.238837591075859,0.001210202134344142,4.356727683638911,15198.551485712629,4.221819857142397,0.5079335580221186,130161.66928701558,1783556736161669.2,1783556736069448.8
209.0,301.23794286188934,24288.0,195.95905522796943,-982.639222822019,55.163779088122304,1004.8994590150265,0.19595905522796941,-0.982639222822019,0.0551637790881223,1.0048994590150266,1.0054222506958683,1.0054222506958683,9.859824114786637,0.005422250695868384,0.053174114786637694,1.921701868951366,1.22583125,0.6958706189513661,0.1666037385521944,-9.636398934487552,-9.583977029605574,-0.05242190488197812,-0.004903325000000791,0.5409718741945346,0.2883302293410433,0.2526416448534912,0.058748445923488865,0.19595905522796941,1.921701868951366,0.1666037385521944,0.1666037385521944,0.13888284444759474,9.859824114786637,1.0054222506958683,43.662446542765714,-79.39470110418287,108.7,14.970574413912324,151.94195732271288,1.0,3.014692655297548,209.0,3.014692655297548,2.9196286277168455,10.510663059780644,0.6014349409517481,1.3259272549802612,0.0,2.9196286277168455,10.510663059780644,1.4090954415325063,0.0,0.0,0.0,0.0,0.0,0.0,7.316467156229567,0.0012222864699864026,4.40023129195105,15199.520302685747,4.222088972968263,0.4622016126583836,130289.51771447557,1783556736289517.8,1783556736282529.5
210.0,304.4341535483892,24288.0,189.14047243010305,-958.98726374192,82.43811027958783,982.9521456343941,0.18914047243010304,-0.9589872637419199,0.08243811027958783,0.9829521456343941,0.9833493394200269,0.9833493394200269,9.643362799423405,-0.01665066057997308,-0.16328720057659302,1.8548344139566697,1.22583125,0.6290031639566698,0.1739173664422392,-9.4044524499747,-9.578753009684114,0.1743005597094145,-0.004903325000000791,0.80844169417332,0.3060918970740095,0.5023497970993104,0.018001090536095776,0.18914047243010304,1.8548344139566697,0.1739173664422392,0.1739173664422392,0.11462557364949427,9.643362799423405,0.9833493394200269,43.66244846049213,-79.39471324978348,108.7,13.992464091051733,152.15394280025117,1.0,3.5131482061075214,210.0,3.5131482061075214,3.3463879167419917,12.04699650027117,0.6010087795268814,2.325927254980264,0.0,3.3463879167419917,12.04699650027117,1.5854207855164988,0.0,0.0,0.0,0.0,0.0,0.0,7.394096721383277,0.0012343708056286632,4.443734900263188,15200.489119658867,4.222358088794129,0.4164696672946486,130417.36614193556,1783556736417366.2,1783556736495610.2
211.0,307.63036423488904,24288.0,182.32188963223666,-935.3353046618209,109.71244147105335,961.0048322537617,0.18232188963223664,-0.9353353046618209,0.10971244147105337,0.9610048322537618,0.9612764281441855,0.9612764281441855,9.426901484060176,-0.03872357185581454,-0.3797485159398238,1.7879669589619733,1.22583125,0.5621357089619734,0.18123099433228404,-9.172505965461847,-9.573528989762654,0.40102302430080705,-0.004903325000000791,1.0759115141521054,0.32385356480697575,0.7520579493451296,-0.022746264851297326,0.18232188963223664,1.7879669589619733,0.18123099433228404,0.18123099433228404,0.09036830285139381,9.426901484060176,0.9612764281441855,43.66245037821854,-79.39472539538409,108.7,13.014353768191146,152.36592827778944,1.0,4.011603756917495,211.0,4.011603756917495,3.7731472057671374,13.583329940761695,0.6005826181020147,3.325927254980267,0.0,3.7731472057671374,13.583329940761695,1.7617461295004913,0.0,0.0,0.0,0.0,0.0,0.0,7.471726286536986,0.001246455141270924,4.487238508575326,15201.457936631985,4.222627204619995,0.37073772193091364,130545.21456939557,1783556736545214.5,1783556736708691.0
212.0,310.82657492138895,24288.0,175.50330683437028,-911.6833455817219,136.9867726625189,939.0575188731293,0.17550330683437027,-0.9116833455817219,0.13698677266251888,0.9390575188731294,0.939203516868344,0.939203516868344,9.210440168696945,-0.060796483131656004,-0.5962098313030544,1.721099503967277,1.22583125,0.4952682539672771,0.18854462222232884,-8.940559480948993,-9.568304969841193,0.6277454888921996,-0.004903325000000791,1.343381334130891,0.34161523253994197,1.0017661015909487,-0.0634936202386904,0.17550330683437027,1.721099503967277,0.18854462222232884,0.18854462222232884,0.06611103205329334,9.210440168696945,0.939203516868344,43.66245229594495,-79.39473754098469,108.7,12.036243445330555,152.57791375532773,1.0,4.510059307727468,212.0,4.510059307727468,4.199906494792284,15.11966338125222,0.6001564566771481,4.32592725498027,0.0,4.199906494792284,15.11966338125222,1.9380714734844837,0.0,0.0,0.0,0.0,0.0,0.0,7.549355851690694,0.0012585394769131847,4.530742116887464,15202.426753605103,4.222896320445861,0.32500577656717866,130673.06299685556,1783556736673063.0,1783556736921771.8
213.0,316.54732488615707,24288.0,186.93621084927776,-1019.5744843397111,101.61481520491725,1042.2502041575624,0.18693621084927775,-1.0195744843397112,0.10161481520491725,1.0422502041575623,1.042680875521365,1.042680875521365,10.225206407931594,0.0426808755213651,0.418556407931595,1.8332179921250695,1.191507975,0.6417100171250695,0.19122967499999977,-9.998610116850028,-9.557839549156899,-0.4407705676931282,0.0637432250000014,0.9965009275293016,0.42168595,0.5748149775293017,-0.0784532,0.18693621084927775,1.8332179921250695,0.19122967499999977,0.19122967499999977,0.0,10.225206407931594,1.042680875521365,43.66245343580253,-79.39474984444561,108.7,11.045420305730236,152.7039136123471,1.0,4.644178495435702,213.0,4.644178495435702,4.356582665855563,15.683697597080027,0.6035641974658471,0.632869922008779,0.0,4.356582665855563,15.683697597080027,1.7118631948561416,0.0058357311911755895,0.0058357311911755895,0.0,0.0,0.0,0.0,7.688301426834983,0.0012890205422355229,4.640473952047882,15208.100588847346,4.2244723857909285,0.3082162038991004,131411.30577434195,1783556737411305.8,1783556737145267.5
214.0,314.2519478057738,24288.0,153.65324318372006,-1006.261297273488,105.74649394960716,1025.264413762726,0.1536532431837201,-1.0062612972734881,0.10574649394960717,1.025264413762726,1.025595475312095,1.025595475312095,10.057655867969357,0.025595475312095096,0.2510058679693573,1.5068235772676282,1.191507975,0.31531560226762834,0.19122967499999977,-9.868052350907051,-9.544333573369695,-0.3237187775373565,0.0637432250000014,1.037018854890915,0.42168595,0.6153329048909151,-0.0784532,0.1536532431837201,1.5068235772676282,0.19122967499999977,0.19122967499999977,0.0,10.057655867969357,1.025595475312095,43.66245412441566,-79.39476223948185,108.7,10.047222416218696,152.78003290707488,1.0,4.566944871532953,214.0,4.566944871532953,4.356582665855563,15.683697597080027,0.6028755843417322,1.6328699220087775,0.0,4.356582665855563,15.683697597080027,1.2521437394054247,0.01505679066679818,0.01505679066679818,0.0,0.0,0.0,0.0,7.632551308306634,0.0012782359915290945,4.6016495695047395,15209.132568141402,4.224759046705944,0.3082162038991004,131549.257936873,1783556737549258.0,1783556737374805.2
215.0,311.9565707253905,24288.0,120.3702755181624,-992.948110207265,109.87817269429708,1008.2786233678897,0.12037027551816239,-0.9929481102072649,0.10987817269429709,1.0082786233678898,1.008510075102825,1.008510075102825,9.890105328007119,0.008510075102825088,0.08345532800711963,1.1804291624101872,1.191507975,-0.011078812589812803,0.19122967499999977,-9.737494584964075,-9.53082759758249,-0.20666698738158473,0.0637432250000014,1.0775367822525284,0.42168595,0.6558508322525285,-0.0784532,0.12037027551816239,1.1804291624101872,0.19122967499999977,0.19122967499999977,0.0,9.890105328007119,1.008510075102825,43.66245481302878,-79.39477463451809,108.7,9.049024526707159,152.85615220180264,1.0,4.489711247630202,215.0,4.489711247630202,4.356582665855563,15.683697597080027,0.6021869712176171,2.632869922008776,0.0,4.356582665855563,15.683697597080027,0.7924242839547075,0.02427785014242077,0.02427785014242077,0.0,0.0,0.0,0.0,7.576801189778285,0.0012674514408226659,4.5628251869615974,15210.164547435455,4.225045707620959,0.3082162038991004,131687.21009940404,1783556737687210.0,1783556737604343.0
216.0,309.66119364500724,24288.0,87.08730785260471,-979.6349231410419,114.009851438987,991.2928329730535,0.08708730785260471,-0.9796349231410418,0.11400985143898701,0.9912928329730534,0.9914246748935551,0.9914246748935551,9.722554788044881,-0.008575325106444917,-0.08409521195511804,0.8540347475527461,1.191507975,-0.33747322744725383,0.19122967499999977,-9.606936819021099,-9.517321621795285,-0.08961519722581301,0.0637432250000014,1.1180547096141418,0.42168595,0.6963687596141418,-0.0784532,0.08708730785260471,0.8540347475527461,0.19122967499999977,0.19122967499999977,0.0,9.722554788044881,0.9914246748935551,43.66245550164191,-79.39478702955432,108.7,8.05082663719562,152.93227149653043,1.0,4.412477623727453,216.0,4.412477623727453,4.356582665855563,15.683697597080027,0.6014983580935022,3.6328699220087746,0.0,4.356582665855563,15.683697597080027,0.3327048285039904,0.03349890961804336,0.03349890961804336,0.0,0.0,0.0,0.0,7.521051071249936,0.0012566668901162375,4.5240008044184545,15211.19652672951,4.225332368535974,0.3082162038991004,131825.16226193507,1783556737825162.2,1783556737833880.8
217.0,308.336609145654,24288.0,66.43341328567104,-963.806391719966,112.82604659389011,972.806391719966,0.06643341328567104,-0.963806391719966,0.11282604659389012,0.972806391719966,0.972867282929406,0.972867282929406,9.540568940139659,-0.027132717070593913,-0.26608105986033975,0.6514892323979258,1.191507975,-0.5400187426020742,0.1945306830782278,-9.451711951360604,-9.507217074192177,0.055505122831571996,0.06968503954081173,1.1064455498299723,0.42168595,0.6847595998299725,-0.08571541777210165,0.06643341328567104,0.6514892323979258,0.1945306830782278,0.1945306830782278,0.005510864905222094,9.540568940139659,0.972867282929406,43.66245606732183,-79.39479943341328,108.7,7.051918234660408,152.99480175520375,1.0,4.3395768081838195,217.0,4.3395768081838195,4.356582665855563,15.683697597080027,0.6008653563417383,4.3395768081838195,0.0,4.356582665855563,15.683697597080027,0.0,0.04017230787232062,0.04017230787232062,0.0,0.0,0.0,0.0,7.488879562929645,0.0012499425102338682,4.4997930368419246,15212.249945649402,4.22562498490261,0.3074906331615455,131965.32577564934,1783556737965325.8,1783556738067321.8
218.0,309.55493948177116,24288.0,78.86038271406585,-941.3891135354106,97.7187504260376,950.3891135354106,0.07886038271406584,-0.9413891135354107,0.0977187504260376,0.9503891135354107,0.9504541243016924,0.9504541243016924,9.320770938083191,-0.04954587569830764,-0.4858790619168086,0.7733561721428939,1.191507975,-0.41815180285710607,0.20647842226891097,-9.231873550252034,-9.506022300273107,0.2741487500210732,0.09119097008404095,0.9582935838655016,0.42168595,0.5366076338655016,-0.11200044399160455,0.07886038271406584,0.7733561721428939,0.20647842226891097,0.20647842226891097,0.02545700712672989,9.320770938083191,0.9504541243016924,43.6624563109879,-79.39481186038272,108.7,6.051148699125213,153.02173660239802,1.0,4.278025443461037,218.0,4.278025443461037,4.356582665855563,15.683697597080027,0.6003780242072915,4.278025443461037,0.0,4.356582665855563,15.683697597080027,0.0,0.04017230787232062,0.04017230787232062,0.0,0.0,0.0,0.0,7.518470370133258,0.0012538534285859457,4.513872342909404,15213.35952398344,4.22593320110651,0.30486448692643797,132111.28174991618,1783556738111281.8,1783556738310988.0
219.0,310.7732698178883,24288.0,91.28735214246066,-918.9718353508553,82.61145425818508,927.9718353508553,0.09128735214246067,-0.9189718353508552,0.08261145425818509,0.9279718353508553,0.9280409656739786,0.9280409656739786,9.100972936026722,-0.07195903432602137,-0.7056770639732773,0.8952231118878619,1.191507975,-0.2962848631121381,0.21842616145959415,-9.012035149143465,-9.50482752635404,0.49279237721057434,0.11269690062727017,0.8101416179010306,0.42168595,0.38845566790103064,-0.13828547021110743,0.09128735214246067,0.8952231118878619,0.21842616145959415,0.21842616145959415,0.04540314934823769,9.100972936026722,0.9280409656739786,43.662456554653964,-79.39482428735214,108.7,5.0503791635900175,153.04867144959226,1.0,4.216474078738255,219.0,4.216474078738255,4.356582665855563,15.683697597080027,0.5998906920728446,4.216474078738255,0.0,4.356582665855563,15.683697597080027,0.0,0.04017230787232062,0.04017230787232062,0.0,0.0,0.0,0.0,7.548061177336871,0.0012577643469380232,4.527951648976883,15214.469102317475,4.226241417310408,0.30223834069133043,132257.237724183,1783556738257237.8,1783556738554654.0
220.0,311.9916001540054,24288.0,103.71432157085547,-896.5545571662999,67.50415809033257,905.5545571662999,0.10371432157085547,-0.8965545571663,0.06750415809033256,0.9055545571663,0.9056278070462649,0.9056278070462649,8.881174933970254,-0.0943721929537351,-0.9254750660297462,1.0170900516328298,1.191507975,-0.17441792336717005,0.2303739006502773,-8.792196748034895,-9.50363275243497,0.7114360044000755,0.1342028311704994,0.6619896519365598,0.42168595,0.24030370193655975,-0.16457049643061034,0.10371432157085547,1.0170900516328298,0.2303739006502773,0.2303739006502773,0.06534929156974549,8.881174933970254,0.9056278070462649,43.66245679832004,-79.39483671432157,108.7,4.049609628054823,153.07560629678653,1.0,4.1549227140154725,220.0,4.1549227140154725,4.356582665855563,15.683697597080027,0.5994033599383978,4.1549227140154725,0.0,4.356582665855563,15.683697597080027,0.0,0.04017230787232062,0.04017230787232062,0.0,0.0,0.0,0.0,7.577651984540484,0.0012616752652901007,4.542030955044362,15215.578680651512,4.226549633514307,0.29961219445622295,132403.19369844985,1783556738403193.8,1783556738798320.0
221.0,230.07205573670126,24288.0,127.72589222112998,-943.54821555774,-1.9684689489205507,951.7010349727148,0.12772589222112998,-0.9435482155577399,-0.0019684689489205508,0.9517010349727147,0.952181895083663,0.952181895083663,9.337714581422203,-0.04781810491633696,-0.4689354185777958,1.2525631209503443,1.191507975,0.061055145950344385,0.23838961685517243,-9.253047108099311,-9.509795144773792,0.2567480366744813,0.1486311203393103,-0.01930408601793172,0.42168595,-0.4409900360179317,-0.0784532,0.12772589222112998,1.2525631209503443,0.23838961685517243,0.23838961685517243,-0.003091267565721889,9.337714581422203,0.952181895083663,43.66245707640971,-79.3948491394718,108.7,3.0489865956136954,153.1063463297282,1.0,4.119495404997946,221.0,4.119495404997946,4.362450053999368,15.704820194397723,0.6021528194149747,0.172309991715082,0.0,4.362450053999368,15.704820194397723,0.00586738814380428,0.04017230787232062,0.04017230787232062,0.0,0.0,0.0,0.0,5.587990089733,0.0009355836476607291,3.3681011315786247,15219.974097152246,4.227770582542289,0.33498723466139135,133149.1521413687,1783556739149152.2,1783556739038204.8
222.0,433.61252014977856,24288.0,131.9386033582198,-935.1227932835603,4.018015298522901,944.1624992537119,0.13193860335821983,-0.9351227932835603,0.0040180152985229,0.9441624992537119,0.9445299986903147,0.9445299986903147,9.262675111656375,-0.05547000130968529,-0.5439748883436252,1.2938757046228864,1.191507975,0.1023677296228864,0.2275178843097666,-9.170421940754228,-9.52284122382828,0.35241928307405246,0.12906200175758023,0.03940326972725959,0.42168595,-0.38228268027274037,-0.0784532,0.13193860335821983,1.2938757046228864,0.2275178843097666,0.2275178843097666,-0.021031420280913028,9.262675111656375,0.9445299986903147,43.662457519852985,-79.39486155588358,108.7,2.049067289903303,153.15536454950907,1.0,4.20955484035258,222.0,4.20955484035258,4.39650140578346,15.827405060820455,0.6030397059701516,1.1723099917150828,0.0,4.39650140578346,15.827405060820455,0.03991873992789657,0.04017230787232062,0.04017230787232062,0.0,0.0,0.0,0.0,10.531580889397823,0.0017689215535562981,6.368117592802673,15223.606279325859,4.2287795220349595,0.4903527505889723,133283.51545447795,1783556739283515.5,1783556739259926.5
223.0,637.1529845628559,24288.0,136.15131449530966,-926.6973710093807,10.004499545966352,936.623963534709,0.13615131449530965,-0.9266973710093807,0.010004499545966349,0.936623963534709,0.9368781022969663,0.9368781022969663,9.187635641890544,-0.06312189770303361,-0.6190143581094546,1.3351882882954282,1.191507975,0.1436803132954284,0.21664615176436078,-9.087796773409142,-9.535887302882767,0.4480905294736236,0.10949288317585018,0.09811062547245092,0.42168595,-0.323575324527549,-0.0784532,0.13615131449530965,1.3351882882954282,0.21664615176436078,0.21664615176436078,-0.03897157299610417,9.187635641890544,0.9368781022969663,43.66245796329626,-79.39487397229536,108.7,1.0491479841929108,153.20438276928994,1.0,4.299614275707214,223.0,4.299614275707214,4.430552757567552,15.949989927243186,0.6039265925253283,2.172309991715083,0.0,4.430552757567552,15.949989927243186,0.07397009171198884,0.04017230787232062,0.04017230787232062,0.0,0.0,0.0,0.0,15.475171689062647,0.002602259459451867,9.368134054026722,15227.238461499472,4.2297884615276296,0.6457182665165533,133417.87876758724,1783556739417878.8,1783556739481648.2
224.0,840.6934489759333,24288.0,140.3640256323995,-918.271948735201,15.990983793409804,929.0854278157062,0.1403640256323995,-0.918271948735201,0.0159909837934098,0.9290854278157061,0.929226205903618,0.929226205903618,9.112596172124714,-0.07077379409638195,-0.694053827875284,1.3765008719679703,1.191507975,0.18499289696797042,0.20577441921895495,-9.005171606064058,-9.548933381937253,0.5437617758731947,0.08992376459412013,0.15681798121764223,0.42168595,-0.26486796878235774,-0.0784532,0.1403640256323995,1.3765008719679703,0.20577441921895495,0.20577441921895495,-0.05691172571129531,9.112596172124714,0.929226205903618,43.66245840673954,-79.39488638870712,108.7,0.04922867848251844,153.2534009890708,1.0,4.389673711061849,224.0,4.389673711061849,4.464604109351645,16.07257479366592,0.6048134790805051,3.172309991715084,0.0,4.464604109351645,16.07257479366592,0.10802144349608113,0.04017230787232062,0.04017230787232062,0.0,0.0,0.0,0.0,20.418762488727467,0.003435597365347436,12.36815051525077,15230.870643673083,4.2307974010202996,0.8010837824441341,133552.24208069654,1783556739552242.0,1783556739703369.8
225.0,1044.2339133890105,24288.0,144.57673676948932,-909.8465264610213,21.977468040853253,921.5468920967033,0.14457673676948932,-0.9098465264610214,0.02197746804085325,0.9215468920967034,0.9215743095102698,0.9215743095102698,9.037556702358886,-0.07842569048973028,-0.7690932976411133,1.4178134556405124,1.191507975,0.22630548064051242,0.19490268667354912,-8.922546438718975,-9.56197946099174,0.6394330222727658,0.07035464601239008,0.21552533696283355,0.42168595,-0.2061606130371664,-0.0784532,0.14457673676948932,1.4178134556405124,0.19490268667354912,0.19490268667354912,-0.07485187842648645,9.037556702358886,0.9215743095102698,43.662458850182816,-79.3948988051189,108.7,-0.9506906272278743,153.30241920885166,1.0,4.479733146416482,225.0,4.479733146416482,4.498655461135736,16.195159660088652,0.605700365635682,4.1723099917150845,0.0,4.498655461135736,16.195159660088652,0.14207279528017341,0.04017230787232062,0.04017230787232062,0.0,0.0,0.0,0.0,25.362353288392292,0.004268935271243006,15.36816697647482,15234.502825846695,4.2318063405129696,0.9564492983717152,133686.6053938058,1783556739686605.5,1783556739925091.5
226.0,4833.261597827854,24288.0,142.39364769769023,-963.8435035185462,-1.418094309307067,974.2615978278533,0.14239364769769022,-0.9638435035185462,-0.0014180943093070669,0.9742615978278533,0.9743214248603875,0.9743214248603875,9.554829201107118,-0.025678575139612466,-0.25182079889288056,1.3964046651945536,1.1962914303180938,0.20011323487645977,0.17209585372762445,-9.45207589378015,-9.57800403791537,0.1259281441352212,0.05417631436381341,-0.013906754558366149,0.4470057954416338,-0.46091255,-0.22322729102529532,0.14239364769769022,1.3964046651945536,0.17209585372762445,0.17209585372762445,-0.03183664105220519,9.554829201107118,0.9743214248603875,43.66245872127046,-79.39491122252142,108.7,-1.9506897197027289,153.28816923690297,1.0,4.543752623444962,226.0,4.543752623444962,4.521356909292328,16.276884873452378,0.602721270460462,0.6621502912981899,0.0,4.521356909292328,16.276884873452378,0.14337101537331517,0.03457370343460438,0.03457370343460438,0.0,0.0,0.0,0.0,117.39025768804291,0.019653834263357612,70.75380334808742,15316.358552327643,4.254544042313233,1.3999440439655904,134418.75822663118,1783556740418758.2,1783556740139364.8
227.0,4826.10551523691,24288.0,144.49837787149696,-956.0560018754612,-2.0495133614490895,967.1055152369103,0.14449837787149694,-0.9560560018754612,-0.0020495133614490896,0.9671055152369102,0.966945659536132,0.966945659536132,9.482497652090009,-0.03305434046386797,-0.32415234790999087,1.4170450173535154,1.2035155535737305,0.213529463779785,0.14319936070507788,-9.37570659079199,-9.595548337250488,0.21984174645849758,0.03972806785253964,-0.02009886020605471,0.44081368979394525,-0.46091255,-0.2789562418544924,0.14449837787149694,1.4170450173535154,0.14319936070507788,0.14319936070507788,-0.07991732827774027,9.482497652090009,0.966945659536132,43.662458300324424,-79.39492364042944,108.7,-2.950729521870663,153.24163786233794,1.0,4.594485702429501,227.0,4.594485702429501,4.538267282998393,16.337762218794214,0.6023003244257006,1.6621502912981903,0.0,4.538267282998393,16.337762218794214,0.12795756721488102,0.026118516581571646,0.026118516581571646,0.0,0.0,0.0,0.0,117.21645075407409,0.0196110783255978,70.59988197215208,15331.117848650658,4.258643846847403,1.990451299544751,134545.25251007697,1783556740545252.5,1783556740349837.8
228.0,4818.949432645967,24288.0,146.6031080453037,-948.2685002323763,-2.680932413591112,959.9494326459674,0.1466031080453037,-0.9482685002323763,-0.002680932413591112,0.9599494326459673,0.9595698942118766,0.9595698942118766,9.410166103072898,-0.04043010578812349,-0.3964838969271012,1.4376853695124774,1.210739676829367,0.22694569268311024,0.11430286768253128,-9.299337287803832,-9.613092636585606,0.31375534878177397,0.025279821341265857,-0.026290965853743277,0.4346215841462567,-0.46091255,-0.33468519268368946,0.1466031080453037,1.4376853695124774,0.11430286768253128,0.11430286768253128,-0.12799801550327533,9.410166103072898,0.9595698942118766,43.662457879378394,-79.39493605833746,108.7,-3.950769324038598,153.1951064877729,1.0,4.64521878141404,228.0,4.64521878141404,4.555177656704458,16.39863956413605,0.6018793783909392,2.662150291298191,0.0,4.555177656704458,16.39863956413605,0.1125441190564469,0.017663329728538915,0.017663329728538915,0.0,0.0,0.0,0.0,117.04264382010525,0.019568322387837987,70.44596059621675,15345.877144973674,4.262743651381574,2.580958555123911,134671.74679352276,1783556740671746.8,1783556740560310.8
229.0,4811.793350055024,24288.0,148.70783821911044,-940.4809985892913,-3.3123514657331343,952.7933500550245,0.14870783821911043,-0.9404809985892914,-0.0033123514657331346,0.9527933500550244,0.952194128887621,0.952194128887621,9.337834554055787,-0.047805871112378995,-0.46881544594421154,1.4583257216714391,1.2179638000850037,0.2403619215864355,0.08540637465998471,-9.222967984815673,-9.630636935920725,0.40766895110505036,0.010831574829992079,-0.03248307150143184,0.4284294784985681,-0.46091255,-0.3904141435128865,0.14870783821911043,1.4583257216714391,0.08540637465998471,0.08540637465998471,-0.1760787027288104,9.337834554055787,0.952194128887621,43.66245745843236,-79.3949484762455,108.7,-4.950809126206533,153.14857511320787,1.0,4.695951860398579,229.0,4.695951860398579,4.572088030410524,16.459516909477884,0.6014584323561779,3.6621502912981914,0.0,4.572088030410524,16.459516909477884,0.09713067089801275,0.009208142875506184,0.009208142875506184,0.0,0.0,0.0,0.0,116.86883688613644,0.01952556645007817,70.29203922028141,15360.636441296689,4.266843455915745,3.1714658107030713,134798.24107696855,1783556740798241.0,1783556740770783.8
230.0,4804.637267464082,24288.0,150.8125683929172,-932.6934969462064,-3.9437705178751568,945.6372674640816,0.15081256839291718,-0.9326934969462064,-0.003943770517875157,0.9456372674640815,0.9448183635633655,0.9448183635633655,9.265503005038678,-0.055181636436634506,-0.5411469949613218,1.4789660738304011,1.2251879233406404,0.2537781504897607,0.05650988163743814,-9.146598681827514,-9.648181235255842,0.5015825534283267,-0.0036166716812816996,-0.03867517714912041,0.4222373728508796,-0.46091255,-0.4461430943420836,0.15081256839291718,1.4789660738304011,0.05650988163743814,0.05650988163743814,-0.22415938995434548,9.265503005038678,0.9448183635633655,43.66245703748633,-79.39496089415353,108.7,-5.950848928374467,153.1020437386428,1.0,4.746684939383118,230.0,4.746684939383118,4.588998404116589,16.52039425481972,0.6010374863214165,4.662150291298191,0.0,4.588998404116589,16.52039425481972,0.08171722273957863,0.0007529560224734527,0.0007529560224734527,0.0,0.0,0.0,0.0,116.69502995216762,0.019482810512318358,70.13811784434608,15375.395737619703,4.270943260449916,3.7619730662822324,134924.7353604143,1783556740924735.2,1783556740981256.8
231.0,4710.533963294258,24288.0,145.44363263745055,-942.9142930335793,9.494035023334348,955.1205262675007,0.14544363263745055,-0.9429142930335793,0.009494035023334348,0.9551205262675008,0.9545856736970326,0.9545856736970326,9.361287596961004,-0.04541432630296742,-0.44536240303899544,1.4263148000040544,1.2190200812505068,0.2072947187535476,0.05393657500000004,-9.24683045177775,-9.633202190179803,0.38637173840205263,0.008719012498986004,0.0931046785615818,0.4275240946424227,-0.3344194160808409,-0.45110589999999995,0.14544363263745055,1.4263148000040544,0.05393657500000004,0.05393657500000004,-0.18310886023631792,9.361287596961004,0.9545856736970326,43.66245660311662,-79.39497331117643,108.7,-6.950817449288794,153.05402851147764,1.0,4.719313561016944,231.0,4.719313561016944,4.590504316161536,16.52581553818153,0.6006031166169608,4.719313561016944,0.0,4.590504316161536,16.52581553818153,0.06440089429178052,0.0,0.0,0.0,0.0,0.0,0.0,114.40944890049093,0.019088419672240224,68.7183108200648,15389.21959747451,4.274783221520695,3.842861526765678,135054.86657322026,1783556741054866.5,1783556741198441.8
232.0,4607.930857500026,24288.0,139.34408494692298,-954.895547425687,24.30722227175846,966.2304167038188,0.139344084946923,-0.954895547425687,0.02430722227175846,0.9662304167038188,0.9660288595858829,0.9660288595858829,9.473506915857898,-0.033971140414117036,-0.3331430841421008,1.3664986706447422,1.2115430650805927,0.1549556055641494,0.05393657500000004,-9.364326420162113,-9.615043722338584,0.2507173021764693,0.02367304483881454,0.23837242129134012,0.43393296564520617,-0.19556054435386605,-0.45110589999999995,0.139344084946923,1.3664986706447422,0.05393657500000004,0.05393657500000004,-0.13334502549479368,9.473506915857898,0.9660288595858829,43.66245616743464,-79.39498572811279,108.7,-7.950779001877922,153.00586822559163,1.0,4.684306833511282,232.0,4.684306833511282,4.590504316161536,16.52581553818153,0.6001674346390659,4.684306833511282,0.0,4.590504316161536,16.52581553818153,0.046898543741367954,0.0,0.0,0.0,0.0,0.0,0.0,111.91742466696064,0.018659653646162476,67.17475312618491,15402.9520107682,4.278597780768943,3.8739305843547647,135185.35332559975,1783556741185353.2,1783556741416282.8
233.0,4505.327751705794,24288.0,133.2445372563954,-966.8768018177947,39.12040952018257,977.3403071401369,0.1332445372563954,-0.9668768018177948,0.03912040952018257,0.9773403071401369,0.9774720454747333,0.9774720454747333,9.585726234754793,-0.022527954525266652,-0.22092376524520624,1.30668254128543,1.2040660489106787,0.1026164923747512,0.05393657500000004,-9.481822388546476,-9.596885254497362,0.115062865950886,0.038627077178643075,0.3836401640210984,0.4403418366479896,-0.056701672626891186,-0.45110589999999995,0.1332445372563954,1.30668254128543,0.05393657500000004,0.05393657500000004,-0.08358119075326945,9.585726234754793,0.9774720454747333,43.662455731752665,-79.39499814504916,108.7,-8.95074055446705,152.95770793970564,1.0,4.6493001060056205,233.0,4.6493001060056205,4.590504316161536,16.52581553818153,0.5997317526611711,4.6493001060056205,0.0,4.590504316161536,16.52581553818153,0.029396193190955384,0.0,0.0,0.0,0.0,0.0,0.0,109.42540043343034,0.018230887620084728,65.63119543230502,15416.684424061892,4.28241234001719,3.904999641943852,135315.84007797926,1783556741315840.0,1783556741634123.8
234.0,4402.724645911562,24288.0,127.14498956586783,-978.8580562099024,53.93359676860668,988.450197576455,0.12714498956586784,-0.9788580562099025,0.05393359676860668,0.988450197576455,0.9889152313635837,0.9889152313635837,9.697945553651689,-0.011084768636416269,-0.10870444634831167,1.2468664119261177,1.1965890327407647,0.05027737918535302,0.05393657500000004,-9.59931835693084,-9.578726786656143,-0.02059157027469738,0.053581109518471615,0.5289079067508567,0.44675070765077307,0.08215719910008368,-0.45110589999999995,0.12714498956586784,1.2468664119261177,0.05393657500000004,0.05393657500000004,-0.03381735601174524,9.697945553651689,0.9889152313635837,43.66245529607068,-79.39501056198553,108.7,-9.950702107056177,152.90954765381963,1.0,4.614293378499959,234.0,4.614293378499959,4.590504316161536,16.52581553818153,0.5992960706832763,4.614293378499959,0.0,4.590504316161536,16.52581553818153,0.011893842640542815,0.0,0.0,0.0,0.0,0.0,0.0,106.93337619990004,0.01780212159400698,64.08763773842513,15430.416837355582,4.286226899265437,3.9360686995329393,135446.32683035877,1783556741446326.8,1783556741851964.8
235.0,3669.3153114510715,24288.0,182.88690554735723,-973.2618038374296,-93.69723046906202,997.1130944526427,0.18288690554735723,-0.9732618038374297,-0.09369723046906202,0.9971130944526427,0.9973887251464539,0.9973887251464539,9.781042141457473,-0.0026112748535460275,-0.02560785854252713,1.793507872285991,1.22583125,0.5676766222859909,0.05393657500000004,-9.54443786860233,-9.595807025,0.05136915639767012,0.1452440804670075,-0.918855945179427,0.42168595,-1.340541895179427,-0.45110589999999995,0.18288690554735723,1.793507872285991,0.05393657500000004,0.05393657500000004,0.0,9.781042141457473,0.9973887251464539,43.66245507658063,-79.39502298219254,108.7,-10.950927050816889,152.8852852227949,1.0,4.55940374883525,235.0,4.55940374883525,4.55940374883525,16.4138534958069,0.6065405162460852,0.3204431252656839,0.0,4.55940374883525,16.4138534958069,-0.031100567326285442,0.0,0.0,0.0,0.0,0.0,0.0,89.12033028452362,0.015008936704996478,54.032172137987324,15497.731385595975,4.304925384887769,4.210531185037646,136188.02495601712,1783556742188025.0,1783556742076580.8
236.0,4200.814657270586,24288.0,154.44786680971234,-1005.2855953571307,-36.580169474968486,1025.5521331902876,0.15444786680971234,-1.0052855953571307,-0.03658016947496849,1.0255521331902877,1.0256883896373996,1.0256883896373996,10.058567046237604,0.02568838963739952,0.251917046237604,1.5146161730494656,1.22583125,0.2887849230494656,0.05393657500000004,-9.858483983709004,-9.595807025,-0.2626769587090052,0.12415143094491776,-0.3587289189816997,0.42168595,-0.7804148689816996,-0.45110589999999995,0.15444786680971234,1.5146161730494656,0.05393657500000004,0.05393657500000004,0.0,10.058567046237604,1.0256883896373996,43.662455315564145,-79.39503540933552,108.7,-11.951710562595709,152.91170246089675,1.0,4.462348874275219,236.0,4.462348874275219,4.462348874275219,16.064455947390787,0.6051066151332628,1.320443125265686,0.0,4.462348874275219,16.064455947390787,-0.12815544188631725,0.0,0.0,0.0,0.0,0.0,0.0,102.029386395788,0.017130182394902396,61.66865662164863,15517.695861946237,4.310471072762842,4.556073473626132,136331.65405081818,1783556742331654.0,1783556742315564.2
237.0,4732.314003090101,24288.0,126.00882807206744,-1037.3093868768317,20.53689151912505,1053.9911719279326,0.12600882807206742,-1.0373093868768315,0.020536891519125036,1.0539911719279325,1.053988054128345,1.053988054128345,10.336091951017734,0.053988054128345064,0.5294419510177351,1.2357244738129403,1.22583125,0.009893223812940222,0.05393657500000004,-10.17253009881568,-9.595807025,-0.5767230738156806,0.10305878142282804,0.20139810721602758,0.42168595,-0.22028784278397207,-0.45110589999999995,0.12600882807206742,1.2357244738129403,0.05393657500000004,0.05393657500000004,0.0,10.336091951017734,1.053988054128345,43.66245555454766,-79.3950478364785,108.7,-12.952494074374528,152.9381196989986,1.0,4.365293999715187,237.0,4.365293999715187,4.365293999715187,15.715058398974673,0.6036727140204403,2.3204431252656885,0.0,4.365293999715187,15.715058398974673,-0.22521031644634906,0.0,0.0,0.0,0.0,0.0,0.0,114.93844250705237,0.019251428084808318,69.30514110530994,15537.660338296499,4.316016760637915,4.901615762214616,136475.28314561924,1783556742475283.2,1783556742554547.8
238.0,5263.813348909616,24288.0,97.56978933442254,-1069.3331783965325,77.6539525132186,1082.4302106655775,0.09756978933442254,-1.0693331783965325,0.07765395251321859,1.0824302106655774,1.0822877186192905,1.0822877186192905,10.613616855797865,0.08228771861929061,0.8069668557978662,0.9568327745764148,1.22583125,-0.2689984754235851,0.05393657500000004,-10.486576213922355,-9.595807025,-0.8907691889223559,0.0819661319007383,0.7615251334137549,0.42168595,0.3398391834137553,-0.45110589999999995,0.09756978933442254,0.9568327745764148,0.05393657500000004,0.05393657500000004,0.0,10.613616855797865,1.0822877186192905,43.66245579353118,-79.39506026362147,108.7,-13.953277586153348,152.9645369371005,1.0,4.268239125155155,238.0,4.268239125155155,4.268239125155155,15.365660850558559,0.6022388129076179,3.3204431252656907,0.0,4.268239125155155,15.365660850558559,-0.3222651910063809,0.0,0.0,0.0,0.0,0.0,0.0,127.84749861831675,0.021372673774714235,76.94162558897125,15557.624814646762,4.321562448512988,5.247158050803101,136618.91224042026,1783556742618912.2,1783556742793531.2
239.0,6903.984780237961,24288.0,122.37357320339927,-1041.341750227762,-8.528190966572136,1048.7644413461758,0.12237357320339927,-1.041341750227762,-0.008528190966572136,1.0487644413461759,1.0486727396720747,1.0486727396720747,10.283966522505152,0.04867273967207477,0.477316522505152,1.2000748016551153,1.191507975,0.008566826655115368,0.01470997499999993,-10.212074074871081,-9.650700180889936,-0.5613738939811449,-0.04903324999999903,-0.08363298394233465,0.42168595,-0.5053189339423346,-0.19525443830607167,0.12237357320339927,1.2000748016551153,0.01470997499999993,0.01470997499999993,-0.0632519313556974,10.283966522505152,1.0486727396720747,43.6624560325147,-79.39507269076448,108.7,-14.954061100231254,152.99095417528858,1.0,4.184388967308755,239.0,4.184388967308755,4.184388969606042,15.063800290581751,0.6,0.1360541556596501,0.0,4.184388969606042,15.063800290581751,-0.392910627321613,-1.1486435211695275e-09,1.1486435211695275e-09,0.0,0.0,0.0,0.0,167.6839823424196,0.027947330390403265,100.61038940545176,15678.75759739339,4.355210443720385,5.545687875072977,137362.50882084985,1783556743362508.8,1783556743032514.8
240.0,6859.772828512746,24288.0,139.81937037064606,-1029.1535905629732,-19.76041654000499,1039.6830674782939,0.13981937037064604,-1.0291535905629732,-0.01976041654000499,1.039683067478294,1.0396243909512393,1.0396243909512393,10.19523253352197,0.03962439095123933,0.38858253352197114,1.3711596284452958,1.191507975,0.179651653445296,0.01470997499999993,-10.092549058894381,-9.657731064182684,-0.4348179947116967,-0.04903324999999903,-0.19378348886203992,0.42168595,-0.6154694388620399,-0.26087601570504504,0.13981937037064604,1.3711596284452958,0.01470997499999993,0.01470997499999993,-0.04762774626070369,10.19523253352197,1.0396243909512393,43.66245627149822,-79.39508511790766,108.7,-15.954844628908392,153.0173714140242,1.0,4.184388950423662,240.0,4.184388950423662,4.184388969606042,15.063800290581751,0.6,1.1360541556596495,0.0,4.184388969606042,15.063800290581751,-0.29585575112280094,-9.59118991455531e-09,9.59118991455531e-09,0.0,0.0,0.0,0.0,166.61016245891759,0.027768360409819597,99.96609747535055,15702.17847971734,4.361716244365927,5.545687875072977,137505.89893455326,1783556743505899.0,1783556743271498.2
241.0,6815.560876787532,24288.0,157.2651675378928,-1016.9654308981844,-30.992642113437842,1030.601693610412,0.15726516753789282,-1.0169654308981844,-0.030992642113437843,1.030601693610412,1.030576042230404,1.030576042230404,10.10649854453879,0.030576042230403888,0.2998485445387903,1.5422444552354766,1.191507975,0.3507364802354766,0.01470997499999993,-9.973024042917679,-9.664761947475432,-0.3082620954422484,-0.04903324999999903,-0.30393399378174524,0.42168595,-0.7256199437817452,-0.3264975931040184,0.15726516753789282,1.5422444552354766,0.01470997499999993,0.01470997499999993,-0.032003561165709994,10.10649854453879,1.030576042230404,43.662456510481746,-79.39509754505085,108.7,-16.95562815758553,153.04378865275984,1.0,4.184388933538569,241.0,4.184388933538569,4.184388969606042,15.063800290581751,0.6,2.136054155659649,0.0,4.184388969606042,15.063800290581751,-0.19880087492398885,-1.8033736307941094e-08,1.8033736307941094e-08,0.0,0.0,0.0,0.0,165.53634257541557,0.027589390429235926,99.32180554524935,15725.59936204129,4.368222045011468,5.545687875072977,137649.28904825664,1783556743649289.0,1783556743510481.8
242.0,6771.348925062317,24288.0,174.7109647051396,-1004.7772712333956,-42.224867686870695,1021.5203197425301,0.17471096470513958,-1.0047772712333956,-0.0422248676868707,1.02152031974253,1.0215276935095685,1.0215276935095685,10.017764555555608,0.021527693509568447,0.21111455555560937,1.7133292820256572,1.191507975,0.5218213070256572,0.01470997499999993,-9.853499026940979,-9.671792830768178,-0.1817061961728002,-0.04903324999999903,-0.4140844987014505,0.42168595,-0.8357704487014505,-0.3921191705029918,0.17471096470513958,1.7133292820256572,0.01470997499999993,0.01470997499999993,-0.016379376070716288,10.017764555555608,1.0215276935095685,43.66245674946527,-79.39510997219404,108.7,-17.95641168626267,153.07020589149548,1.0,4.184388916653477,242.0,4.184388916653477,4.184388969606042,15.063800290581751,0.6,3.136054155659648,0.0,4.184388969606042,15.063800290581751,-0.10174599872517676,-2.6476282701326878e-08,2.6476282701326878e-08,0.0,0.0,0.0,0.0,164.46252269191356,0.02741042044865226,98.67751361514813,15749.02024436524,4.374727845657009,5.545687875072977,137792.67916196006,1783556743792679.2,1783556743749465.2
243.0,6727.136973337103,24288.0,192.15676187238637,-992.5891115686068,-53.45709326030355,1012.4389458746482,0.19215676187238637,-0.9925891115686067,-0.05345709326030355,1.012438945874648,1.012479344788733,1.012479344788733,9.929030566572429,0.012479344788733006,0.12238056657242852,1.8844141088158377,1.191507975,0.6929061338158378,0.01470997499999993,-9.733974010964277,-9.678823714060925,-0.055150296903351936,-0.04903324999999903,-0.5242350036211557,0.42168595,-0.9459209536211557,-0.4577407479019652,0.19215676187238637,1.8844141088158377,0.01470997499999993,0.01470997499999993,-0.0007551909757225889,9.929030566572429,1.012479344788733,43.662456988448795,-79.39512239933723,108.7,-18.95719521493981,153.0966231302311,1.0,4.184388899768384,243.0,4.184388899768384,4.184388969606042,15.063800290581751,0.6,4.1360541556596475,0.0,4.184388969606042,15.063800290581751,-0.004691122526364611,-3.491882909471266e-08,3.491882909471266e-08,0.0,0.0,0.0,0.0,163.38870280841155,0.02723145046806859,98.03322168504693,15772.44112668919,4.381233646302551,5.545687875072977,137936.06927566344,1783556743936069.2,1783556743988448.8
244.0,6720.683355868763,24288.0,176.41499886419643,-1017.8998647874193,-52.18246562895303,1035.173563230849,0.17641499886419643,-1.0178998647874193,-0.05218246562895303,1.035173563230849,1.0350791334896774,1.0350791334896774,10.150658784436544,0.035079133489677373,0.3440087844365446,1.7300401486115717,1.191507975,0.5385321736115719,0.01470997499999993,-9.982187709017545,-9.67916355,-0.3030241590175446,-0.04903324999999903,-0.5117351765601722,0.4283699212899354,-0.9401050978501075,-0.46091255,0.17641499886419643,1.7300401486115717,0.01470997499999993,0.01470997499999993,0.0,10.150658784436544,1.0350791334896774,43.66245745438359,-79.39513481397341,108.7,-19.956971529055053,153.14812756290095,1.0,4.18539532495051,244.0,4.18539532495051,4.1843889535540795,15.063800232794685,0.601590342574666,4.18539532495051,0.0,4.1843889535540795,15.063800232794685,-1.6051962565087527e-08,-0.018138971027224487,0.018138971027224487,0.0,0.0,0.0,0.0,163.2319573473405,0.027277278326912617,98.19820197688541,15796.03455960515,4.387787377668095,5.65475274759845,138080.9054204032,1783556744080905.5,1783556744227191.8
245.0,6716.147470902057,24288.0,158.9876513605323,-1045.1151745876618,-50.27261932718162,1059.5241035784343,0.1589876513605323,-1.045115174587662,-0.05027261932718162,1.0595241035784344,1.0592863199464915,1.0592863199464915,10.388050189503259,0.059286319946491445,0.5814001895032603,1.5591362512147642,1.191507975,0.3676282762147642,0.01470997499999993,-10.249078726870094,-9.67916355,-0.5699151768700937,-0.04903324999999903,-0.4930059823249056,0.43539336912816035,-0.928399351453066,-0.46091255,0.1589876513605323,1.5591362512147642,0.01470997499999993,0.01470997499999993,0.0,10.388050189503259,1.0592863199464915,43.66245793184517,-79.39514722797438,108.7,-20.956696687097356,153.20090616531715,1.0,4.186452866970846,245.0,4.186452866970846,4.184388936686843,15.063800172072636,0.603261458088716,4.186452866970846,0.0,4.184388936686843,15.063800172072636,-3.2919198656719774e-08,-0.037199176884780645,0.037199176884780645,0.0,0.0,0.0,0.0,163.12178977326914,0.027334523588866493,98.40428491991938,15819.636756304923,4.3943435434180325,5.76935698659612,138225.8150085501,1783556744225815.0,1783556744465922.5
246.0,6711.6115859353495,24288.0,141.5603038568682,-1072.3304843879046,-48.36277302541021,1083.8746439260199,0.14156030385686819,-1.0723304843879045,-0.04836277302541021,1.0838746439260198,1.0834935064033056,1.0834935064033056,10.625441594569976,0.08349350640330552,0.818791594569976,1.3882323538179564,1.191507975,0.19672437881795646,0.01470997499999993,-10.515969744722643,-9.67916355,-0.836806194722643,-0.04903324999999903,-0.474276788089639,0.4424168169663853,-0.9166936050560244,-0.46091255,0.14156030385686819,1.3882323538179564,0.01470997499999993,0.01470997499999993,0.0,10.625441594569976,1.0834935064033056,43.662458409306744,-79.39515964197533,108.7,-21.956421845139655,153.25368476773338,1.0,4.187510408991183,246.0,4.187510408991183,4.184388919819607,15.063800111350586,0.6049325736027661,4.187510408991183,0.0,4.184388919819607,15.063800111350586,-4.9786434748352013e-08,-0.0562593827423368,0.0562593827423368,0.0,0.0,0.0,0.0,163.01162219919777,0.02739176885082037,98.61036786295332,15843.238953004693,4.400899709167969,5.883961225593789,138370.724596697,1783556744370724.5,1783556744704653.2
247.0,6707.075700968642,24288.0,124.1329563532041,-1099.545794188147,-46.452926723638804,1108.2251842736052,0.12413295635320408,-1.099545794188147,-0.04645292672363881,1.1082251842736053,1.1077006928601196,1.1077006928601196,10.86283299963669,0.10770069286011959,1.0561829996366916,1.2173284564211486,1.191507975,0.02582048142114879,0.01470997499999993,-10.782860762575192,-9.67916355,-1.103697212575192,-0.04903324999999903,-0.45554759385437243,0.44944026480461025,-0.9049878586589827,-0.46091255,0.12413295635320408,1.2173284564211486,0.01470997499999993,0.01470997499999993,0.0,10.86283299963669,1.1077006928601196,43.66245888676832,-79.39517205597629,108.7,-22.956147003181957,153.30646337014957,1.0,4.188567951011519,247.0,4.188567951011519,4.184388902952371,15.063800050628537,0.6066036891168161,4.188567951011519,0.0,4.184388902952371,15.063800050628537,-6.665367083998426e-08,-0.07531958859989296,0.07531958859989296,0.0,0.0,0.0,0.0,162.9014546251264,0.027449014112774246,98.81645080598729,15866.841149704465,4.407455874917906,5.998565464591459,138515.63418484392,1783556744515634.2,1783556744943384.2
248.0,4454.24515299521,24288.0,102.15639187305848,-949.7489294851463,110.27934500091365,969.4203085661563,0.10215639187305847,-0.9497489294851463,0.11027934500091366,0.9694203085661562,0.9698438009472223,0.9698438009472223,9.510918710559078,-0.030156199052777666,-0.2957312894409221,1.001811980361929,1.191507975,-0.18969599463807096,0.039344242665380315,-9.31385533933551,-9.67916355,0.3653082106644904,-0.011134376668644357,1.0814709386532098,0.50013915,0.5813317886532099,-0.4745090873331354,0.10215639187305847,1.001811980361929,0.039344242665380315,0.039344242665380315,0.04105711277563398,9.510918710559078,0.9698438009472223,43.662458613539044,-79.39518446829341,108.7,-23.9557365583509,153.27626060616885,1.0,4.142257807453825,248.0,4.142257807453825,4.138683937998443,14.899262176794394,0.6,0.7628465059106025,0.0,4.138683937998443,14.899262176794394,-0.04570501795513255,-0.07983978301707562,0.07983978301707562,0.0,0.0,0.0,0.0,108.18470627594766,0.018030784379324608,64.9108237655686,15951.471101067402,4.430964194740943,4.931383656244648,139265.93828676874,1783556745265938.2,1783556745193230.5
249.0,3719.1630065083195,24288.0,28.952139517885712,-944.1762874373477,144.72840493275967,968.6604028323655,0.028952139517885694,-0.9441762874373477,0.14472840493275968,0.9686604028323655,0.9688041378534624,0.9688041378534624,9.500723098480655,-0.031195862146537627,-0.3059269015193432,0.2839234990030739,1.191507975,-0.907584475996926,0.07163680411058837,-9.259206389197466,-9.67916355,0.41995716080253453,0.038546487093214496,1.4193008122338475,0.50013915,0.9191616622338477,-0.47947717370932125,0.028952139517885694,0.2839234990030739,0.07163680411058837,0.07163680411058837,0.0948780485176474,9.500723098480655,0.9688041378534624,43.66245810693522,-79.39519688008707,108.7,-24.95528395733904,153.22026061976808,1.0,4.081222011940304,249.0,4.081222011940304,4.078770232423759,14.683572836725531,0.6,1.762846505910603,0.0,4.078770232423759,14.683572836725531,-0.10561870563307534,-0.07983978301707562,0.07983978301707562,0.0,0.0,0.0,0.0,90.33103110207405,0.015055171850345675,54.198618661244424,15959.270856196774,4.433130793387991,4.126104725203284,139417.91943352687,1783556745417919.5,1783556745446532.5
250.0,2984.0808600214286,24288.0,-44.252112837287086,-938.6036453895491,179.17746486460567,967.9004970985749,-0.04425211283728711,-0.9386036453895491,0.1791774648646057,0.9679004970985748,0.9677644747597024,0.9677644747597024,9.490527486402234,-0.03223552524029759,-0.31612251359776433,-0.4339649823557812,1.191507975,-1.6254729573557811,0.10392936555579643,-9.204557439059421,-9.67916355,0.4746061109405787,0.08822735085507336,1.7571306858144853,0.50013915,1.2569915358144854,-0.4844452600855071,-0.04425211283728711,-0.4339649823557812,0.10392936555579643,0.10392936555579643,0.14869898425966083,9.490527486402234,0.9677644747597024,43.6624576003314,-79.39520929188072,108.7,-25.954831356327183,153.16426063336732,1.0,4.020186216426784,250.0,4.020186216426784,4.018856526849075,14.46788349665667,0.6,2.7628465059106038,0.0,4.018856526849075,14.46788349665667,-0.1655323933110181,-0.07983978301707562,0.07983978301707562,0.0,0.0,0.0,0.0,72.47735592820045,0.012079559321366742,43.48641355692027,15967.070611326146,4.4352973920350385,3.320825794161921,139569.90058028503,1783556745569900.5,1783556745699834.2
251.0,2248.998713534538,24288.0,-117.45636519245988,-933.0310033417504,213.6265247964517,967.1405913647842,-0.11745636519245992,-0.9330310033417505,0.21362652479645172,0.9671405913647841,0.9667248116659425,0.9667248116659425,9.480331874323813,-0.03327518833405755,-0.32631812567618546,-1.151853463714636,1.191507975,-2.343361438714636,0.1362219270010045,-9.149908488921378,-9.67916355,0.5292550610786229,0.1379082146169322,2.0949605593951226,0.50013915,1.594821409395123,-0.48941334646169293,-0.11745636519245992,-1.151853463714636,0.1362219270010045,0.1362219270010045,0.20251992000167426,9.480331874323813,0.9667248116659425,43.66245709372758,-79.39522170367438,108.7,-26.954378755315325,153.10826064696656,1.0,3.9591504209132626,251.0,3.9591504209132626,3.9589428212743907,14.252194156587807,0.6,3.7628465059106047,0.0,3.9589428212743907,14.252194156587807,-0.22544608098896088,-0.07983978301707562,0.07983978301707562,0.0,0.0,0.0,0.0,54.623680754326855,0.009103946792387808,32.774208452596106,15974.870366455518,4.437463990682086,2.5155468631205573,139721.88172704316,1783556745721881.8,1783556745953136.2
252.0,1835.9377624210426,24288.0,106.84280214464366,-1023.5533130942385,103.50583295603906,1035.2412505659415,0.10684280214464364,-1.0235533130942385,0.10350583295603905,1.0352412505659414,1.0349683298311356,1.0349683298311356,10.149572171738505,0.03496832983113568,0.34292217173850675,1.0477699656517696,1.191507975,-0.14373800934823044,-0.014709975000000153,-10.037629097855614,-9.6497436,-0.38788549785561344,-0.04796100516723887,1.0150454767583403,0.45110589999999995,0.5639395767583403,-0.47500817933104145,0.10684280214464364,1.0477699656517696,-0.014709975000000153,-0.014709975000000153,-0.20466538456038108,10.149572171738505,1.0349683298311356,43.66245612529165,-79.39523405914605,108.7,-27.949390428974848,153.00120973933252,1.0,3.8995403944065083,252.0,3.8995403944065083,3.8995403944065083,14.03834541986343,0.599874708352198,0.8149884143092004,0.0,3.8995403944065083,14.03834541986343,-0.2331246363602567,-0.10399862388934158,0.10399862388934158,0.0,0.0,0.0,0.0,44.591256373682285,0.007432283762976954,26.756221546717036,16008.614859002366,4.446837460833988,2.322833761154661,140480.86228409386,1783556746480862.2,1783556746218677.0
253.0,1949.9734478237835,24288.0,110.33095252166868,-1057.3615398254042,82.0402921743466,1067.43956173848,0.11033095252166868,-1.0573615398254042,0.08204029217434661,1.06743956173848,1.0672015036655256,1.0672015036655256,10.465671625921525,0.06720150366552556,0.6590216259215262,1.081977035546622,1.191507975,-0.10953093945337797,-0.014709975000000153,-10.3691745445288,-9.6497436,-0.7194309445287986,-0.046645348632821736,0.804540431251556,0.45110589999999995,0.35343453125155616,-0.48027080546871104,0.11033095252166868,1.081977035546622,-0.014709975000000153,-0.014709975000000153,-0.13437989357314084,10.465671625921525,1.0672015036655256,43.66245505201461,-79.395246401832,108.7,-28.94337244169616,152.88256969531017,1.0,3.8402540335864552,253.0,3.8402540335864552,3.8402540335864552,13.824914520911241,0.6009479853912827,1.8149884143092034,0.0,3.8402540335864552,13.824914520911241,-0.22894522603885847,-0.13364179482048116,0.13364179482048116,0.0,0.0,0.0,0.0,47.36095510074406,0.007908829436704295,28.47178597213546,16017.134478354561,4.449204021765153,2.269180029098109,140642.65879773587,1783556746642658.8,1783556746486996.2
254.0,2064.0091332265247,24288.0,113.8191028986937,-1091.1697665565696,60.574751392654164,1099.6378729110188,0.11381910289869371,-1.0911697665565698,0.060574751392654176,1.0996378729110188,1.0994346774999155,1.0994346774999155,10.781771080104544,0.09943467749991544,0.9751210801045458,1.1161841054414745,1.191507975,-0.07532386955852549,-0.014709975000000153,-10.700719991201984,-9.6497436,-1.0509763912019838,-0.045329692098404595,0.594035385744772,0.45110589999999995,0.14292948574477204,-0.4855334316063806,0.11381910289869371,1.1161841054414745,-0.014709975000000153,-0.014709975000000153,-0.0640944025859006,10.781771080104544,1.0994346774999155,43.66245397873757,-79.39525874451795,108.7,-29.93735445441747,152.76392965128778,1.0,3.780967672766402,254.0,3.780967672766402,3.780967672766402,13.61148362195905,0.6020212624303672,2.814988414309206,0.0,3.780967672766402,13.61148362195905,-0.22476581571746027,-0.16328496575162077,0.16328496575162077,0.0,0.0,0.0,0.0,50.13065382780584,0.008385375110431635,30.18735039755389,16025.654097706754,4.451570582696318,2.215526297041557,140804.45531137788,1783556746804455.2,1783556746755315.5
255.0,2118.8365676933504,24288.0,118.6297270377895,-1118.2219964123972,36.60467556474955,1125.715853090515,0.1186297270377895,-1.1182219964123972,0.03660467556474955,1.1257158530905151,1.1255388003114546,1.1255388003114546,11.037765076074326,0.12553880031145467,1.231115076074327,1.1633602126551383,1.191507975,-0.02814776234486168,-0.010835511326027218,-10.966011741117635,-9.6497436,-1.3162681411176336,-0.039407922397345446,0.3589692416270511,0.45110589999999995,-0.09213665837294882,-0.4898481920407533,0.1186297270377895,1.1633602126551383,-0.010835511326027218,-0.010835511326027218,0.00645743945662156,11.037765076074326,1.1255388003114546,43.66245290122866,-79.39527108648468,108.7024692833906,-30.93127854793535,152.6448218167977,1.0,3.7229606041290464,255.0,3.7229606041290464,3.7229606041290464,13.402658174864568,0.6029259214982823,3.7229606041290464,0.0024692833905900014,3.7229606041290464,13.402658174864568,-0.21944149351253966,-0.1903170217975556,0.1903170217975556,0.0692214270076496,0.0,0.0,0.0,51.462302556136095,0.008619847216569184,31.031449979649064,16033.486959828202,4.453746377730053,2.1424864010230302,140966.81570034355,1783556746966815.8,1783556747024692.8
256.0,1560.6994915787327,24288.0,137.13150856645086,-1075.331502868682,-13.294068558003815,1088.431960010031,0.13713150856645084,-1.0753315028686823,-0.013294068558003816,1.088431960010031,1.0881907741207097,1.0881907741207097,10.671506055030857,0.08819077412070973,0.8648560550308582,1.3448007084831852,1.191507975,0.15329273348318517,0.033150063420166034,-10.545399682607162,-9.6497436,-0.8956560826071607,0.01419949682457819,-0.1303702774243482,0.45110589999999995,-0.5814761774243482,-0.4843499951974792,0.13713150856645084,1.3448007084831852,0.033150063420166034,0.033150063420166034,0.07976673070027698,10.671506055030857,1.0881907741207097,43.66245177990857,-79.39528342100571,108.73050228570675,-31.924603022048416,152.52087109384937,1.0,3.6781976474906486,256.0,3.6781976474906486,3.6781976474906486,13.241511530966337,0.6020849314287977,3.6781976474906486,0.03050228570674198,3.6781976474906486,13.241511530966337,-0.20226425653224844,-0.1903170217975556,0.1903170217975556,0.8550706458650829,0.0,0.0,0.0,37.90626925146426,0.006348207361335277,22.853546500806996,16034.210039053192,4.453947233070329,1.868747610557089,141135.01371424046,1783556747135013.8,1783556747305022.8
257.0,1002.5624154641148,24288.0,155.63329009511222,-1032.4410093249671,-63.192812680757186,1051.1480669295465,0.1556332900951122,-1.0324410093249672,-0.06319281268075719,1.0511480669295465,1.050842747929965,1.050842747929965,10.305247033987389,0.05084274792996479,0.4985970339873892,1.5262412043112321,1.191507975,0.33473322931123206,0.0771356381663593,-10.124787624096689,-9.6497436,-0.47504402409668767,0.06780691604650183,-0.6197097964757474,0.45110589999999995,-1.0708156964757474,-0.47885179835420505,0.1556332900951122,1.5262412043112321,0.0771356381663593,0.0771356381663593,0.1530760219439324,10.305247033987389,1.050842747929965,43.66245065858848,-79.39529575552673,108.7585352880229,-32.91792749616149,152.39692037090103,1.0,3.6334346908522512,257.0,3.6334346908522512,3.6334346908522512,13.080364887068104,0.601243941359313,3.6334346908522512,0.05853528802289396,3.6334346908522512,13.080364887068104,-0.18508701955195722,-0.1903170217975556,0.1903170217975556,1.640919864722516,0.0,0.0,0.0,24.350235946792424,0.004076567506101369,14.675643021964927,16034.933118278183,4.454148088410604,1.5950088200911479,141303.2117281374,1783556747303211.8,1783556747585353.0
258.0,444.4253393494971,24288.0,174.13507162377357,-989.5505157812522,-113.09155680351054,1013.8641738490624,0.17413507162377356,-0.9895505157812522,-0.11309155680351055,1.0138641738490624,1.0134947217392198,1.0134947217392198,9.93898801294392,0.013494721739219853,0.13233801294392045,1.707681700139279,1.191507975,0.516173725139279,0.12112121291255254,-9.704175565586215,-9.6497436,-0.05443196558621466,0.12141433526842546,-1.1090493155271466,0.45110589999999995,-1.5601552155271465,-0.47335360151093087,0.17413507162377356,1.707681700139279,0.12112121291255254,0.12112121291255254,0.22638531318758784,9.93898801294392,1.0134947217392198,43.66244953726839,-79.39530809004775,108.78656829033905,-33.911251970274556,152.2729696479527,1.0,3.5886717342138534,258.0,3.5886717342138534,3.5886717342138534,12.919218243169873,0.6004029512898285,3.5886717342138534,0.08656829033904595,3.5886717342138534,12.919218243169873,-0.167909782571666,-0.1903170217975556,0.1903170217975556,2.4267690835799494,0.0,0.0,0.0,10.794202642120588,0.001804927650867461,6.497739543122858,16035.656197503175,4.454348943750879,1.321270029625207,141471.4097420343,1783556747471409.8,1783556747865683.0
259.0,39.06995775398729,24288.0,163.73251056150318,-951.5958182324076,1.83060839355414,965.5794685937325,0.1637325105615032,-0.9515958182324076,0.0018306083935541399,0.9655794685937324,0.9656574035347123,0.9656574035347123,9.469864176373685,-0.03434259646528769,-0.33678582362631354,1.6056674246979652,1.1743062537039715,0.43136117099399385,-0.01969346759205701,-9.33196713086884,-9.6497436,0.31777646913116103,0.28289202098676297,0.017952135802647706,0.5044523956774944,-0.48650025987484674,-0.04903324999999997,0.1637325105615032,1.6056674246979652,-0.01969346759205701,-0.01969346759205701,-0.2258675816902339,9.469864176373685,0.9656574035347123,43.66244849182518,-79.39532043688105,108.8,-34.905567977494556,152.15740635603947,1.0,3.4838270588784375,259.0,3.4838270588784375,3.5672240480062953,12.842006572822664,0.5993387832128917,0.5208608229162325,0.0,3.5672240480062953,12.842006572822664,-0.13263112914141356,-0.1903170217975556,0.1903170217975556,0.0,0.0,0.0,0.0,0.9489311339288433,0.0001582618735068558,0.5697427446246809,16036.606897374095,4.454613027048357,1.426797313780871,142252.80435547396,1783556748252804.2,1783556748169391.5
260.0,87.20173624641406,24288.0,151.6995659383965,-943.1402355242786,1.5053936740107159,955.1725975683429,0.1516995659383965,-0.9431402355242786,0.0015053936740107158,0.9551725975683428,0.9554011483182365,0.9554011483182365,9.369284671155034,-0.044598851681763446,-0.4373653288449655,1.487664548309776,1.1695223533098555,0.31814219499992025,-0.029261268380288526,-9.249046190704167,-9.6497436,0.4006974092958341,0.2988383556338153,0.014762868873237186,0.5315611645774839,-0.5167982957042467,-0.04903324999999997,0.1516995659383965,1.487664548309776,-0.029261268380288526,-0.029261268380288526,-0.15659828338368048,9.369284671155034,0.9554011483182365,43.662447516181025,-79.39533279504039,108.8,-35.90079609469865,152.04955865076136,1.0,3.3237132905575097,260.0,3.3237132905575097,3.5672240480062953,12.842006572822664,0.5999892126519786,1.5208608229162301,0.0,3.5672240480062953,12.842006572822664,-0.08070100683445544,-0.1903170217975556,0.1903170217975556,0.0,0.0,0.0,0.0,2.1179557699529052,0.00035348547713838155,1.2725477176981737,16037.375941810666,4.45482665050296,1.1116307950743933,142448.25840191956,1783556748448258.5,1783556748494606.2
261.0,135.33351473884085,24288.0,139.6666213152898,-934.6846528161495,1.1801789544672916,944.7657265429533,0.13966662131528979,-0.9346846528161497,0.0011801789544672917,0.9447657265429533,0.9451448931017608,0.9451448931017608,9.268705165936382,-0.054855106898239206,-0.5379448340636175,1.3696616719215866,1.1647384529157399,0.20492321900584676,-0.03882906916852004,-9.166125250539494,-9.6497436,0.4836183494605072,0.31478469028086753,0.011573601943826665,0.5586699334774733,-0.5470963315336466,-0.04903324999999997,0.13966662131528979,1.3696616719215866,-0.03882906916852004,-0.03882906916852004,-0.087328985077127,9.268705165936382,0.9451448931017608,43.66244654053687,-79.39534515319973,108.8,-36.89602421190275,151.9417109454832,1.0,3.1635995222365816,261.0,3.1635995222365816,3.5672240480062953,12.842006572822664,0.6006396420910654,2.520860822916228,0.0,3.5672240480062953,12.842006572822664,-0.028770884527497348,-0.1903170217975556,0.1903170217975556,0.0,0.0,0.0,0.0,3.2869804059769665,0.0005487090807699072,1.9753526907716663,16038.144986247236,4.455040273957563,0.7964642763679157,142643.71244836517,1783556748643712.5,1783556748819821.0
262.0,945.0396245198278,24288.0,198.41616002188272,-894.5198159229029,-104.59451431697529,924.6600601380361,0.1984161600218827,-0.8945198159229029,-0.10459451431697528,0.9246600601380361,0.9251303233507432,0.9251303233507432,9.072429285487566,-0.07486967664925684,-0.7342207145124345,1.9457978356785957,1.1783003905750533,0.7674974451035425,-0.044129925000000014,-8.772242752820334,-9.64473563141649,0.8724928785961548,0.26406946597462744,-1.0257217938265657,0.48332134398308396,-1.5090431378096496,-0.04903324999999997,0.1984161600218827,1.9457978356785957,-0.044129925000000014,-0.044129925000000014,0.0,9.072429285487566,0.9251303233507432,43.66244559146346,-79.3953575152433,108.8,-37.8915651337846,151.83680037135724,1.0,3.2068094315240963,262.0,3.2068094315240963,3.5169400962840704,12.660984346622653,0.6043871951889571,0.4459692515755484,0.0,3.5169400962840704,12.660984346622653,-0.050283951722224836,-0.1903170217975556,0.1903170217975556,0.0,0.0,0.0,0.0,22.95312240033758,0.0038502927206712327,13.861053794416438,16053.71828576115,4.459366190489205,0.6218523341306369,143418.17834696913,1783556749418178.2,1783556749102134.2
263.0,1142.4514958737295,24288.0,167.95701977818322,-918.1084734048657,-61.08145682597606,941.8362670423779,0.16795701977818323,-0.9181084734048656,-0.06108145682597606,0.9418362670423779,0.9422768160415518,0.9422768160415518,9.240578938033883,-0.05772318395844818,-0.5660710619661159,1.6470957080077204,1.1816692115638225,0.46542649644389794,-0.044129925000000014,-9.003568460715824,-9.633506228120591,0.6299377674047668,0.24048771905324198,-0.599004468582458,0.46760017936882736,-1.0666046479512854,-0.04903324999999997,0.16795701977818323,1.6470957080077204,-0.044129925000000014,-0.044129925000000014,0.0,9.240578938033883,0.9422768160415518,43.662444675399094,-79.39536988211228,108.8,-38.887494655125096,151.73553861598882,1.0,3.5026097803539087,263.0,3.5026097803539087,3.4041880364849284,12.255076931345743,0.6030130986366098,1.4459692515755498,0.0,3.4041880364849284,12.255076931345743,-0.16303601152136699,-0.1903170217975556,0.1903170217975556,0.0,0.0,0.0,0.0,27.747861931781145,0.004640139224124386,16.70450120684779,16059.445724503003,4.460957145695276,0.6218523341306369,143555.3589861118,1783556749555359.0,1783556749331150.2
264.0,1339.8633672276314,24288.0,137.4978795344838,-941.6971308868284,-17.56839933497683,959.0124739467196,0.13749787953448378,-0.9416971308868284,-0.017568399334976822,0.9590124739467197,0.9594233087323605,0.9594233087323605,9.408728590580202,-0.04057669126763952,-0.39792140941979715,1.3483935803368452,1.1850380325525918,0.16335554778425332,-0.044129925000000014,-9.234894168611316,-9.622276824824693,0.38738265621337886,0.21690597213185653,-0.17228714333835038,0.45187901475457076,-0.6241661580929212,-0.04903324999999997,0.13749787953448378,1.3483935803368452,-0.044129925000000014,-0.044129925000000014,0.0,9.408728590580202,0.9594233087323605,43.66244375933472,-79.39538224898124,108.8,-39.88342417646559,151.63427686062042,1.0,3.7984101291837207,264.0,3.7984101291837207,3.2914359766857864,11.84916951606883,0.6016390020842624,2.445969251575551,0.0,3.2914359766857864,11.84916951606883,-0.27578807132050914,-0.1903170217975556,0.1903170217975556,0.0,0.0,0.0,0.0,32.54260146322471,0.00542998572757754,19.547948619279143,16065.173163244854,4.462548100901346,0.6218523341306369,143692.53962525446,1783556749692539.8,1783556749560166.2
265.0,1537.2752385815334,24288.0,107.03873929078432,-965.2857883687911,25.9446581560224,976.1886808510615,0.1070387392907843,-0.9652857883687911,0.025944658156022427,0.9761886808510615,0.9765698014231692,0.9765698014231692,9.57687824312652,-0.02343019857683086,-0.2297717568734784,1.04969145266597,1.1884068535413612,-0.13871540087539125,-0.044129925000000014,-9.466219876506806,-9.611047421528795,0.1448275450219909,0.1933242252104711,0.2544301819057573,0.43615785014031416,-0.181727668234557,-0.04903324999999997,0.1070387392907843,1.04969145266597,-0.044129925000000014,-0.044129925000000014,0.0,9.57687824312652,0.9765698014231692,43.662442843270355,-79.39539461585021,108.8,-40.87935369780608,151.53301510525202,1.0,4.094210478013533,265.0,4.094210478013533,3.178683916886644,11.443262100791918,0.600264905531915,3.4459692515755522,0.0,3.178683916886644,11.443262100791918,-0.3885401311196513,-0.1903170217975556,0.1903170217975556,0.0,0.0,0.0,0.0,37.33734099466828,0.006219832231030693,22.391396031710492,16070.900601986707,4.464139056107416,0.6218523341306369,143829.72026439715,1783556749829720.2,1783556749789182.5
266.0,1666.925305068585,24288.0,78.85046749481288,-986.7757012422193,62.149537991431615,991.7009349896258,0.07885046749481288,-0.9867757012422194,0.06214953799143162,0.9917009349896257,0.9920623477410824,0.9920623477410824,9.728808222475084,-0.007937652258917655,-0.07784177752491482,0.7732589370580067,1.191507975,-0.41824903794199325,-0.044129925000000014,-9.67696393058701,-9.599793841911254,-0.07717008867575609,0.17161637499999927,0.6094787667436729,0.42168595,0.18779281674367285,-0.04903324999999997,0.07885046749481288,0.7732589370580067,-0.044129925000000014,-0.044129925000000014,0.0,9.728808222475084,0.9920623477410824,43.66244170093499,-79.39540689719503,108.8,-41.868395782383175,151.4067413539062,1.0,4.282735629165603,266.0,4.282735629165603,3.055233548335018,10.998840774006066,0.5990747662525935,4.282735629165603,0.0,3.055233548335018,10.998840774006066,-0.49358557251607976,-0.18618703590667549,0.18618703590667549,0.0,0.0,0.0,0.0,40.48628180950579,0.00673663188741894,24.251874794708183,16076.350809559674,4.465653002655462,0.6399663816587773,143978.46725890436,1783556749978467.2,1783556750037383.2
267.0,1011.5998168871887,24288.0,76.96870012027908,-983.9530501804186,13.69402809718624,987.9374002405582,0.07696870012027908,-0.9839530501804186,0.013694028097186242,0.9879374002405581,0.9883950225944351,0.9883950225944351,9.692844048325716,-0.011604977405564897,-0.11380595167428299,0.7548051030345347,1.191507975,-0.43670287196546514,-0.044129925000000014,-9.649283179551801,-9.588260195646583,-0.06102298390521808,0.17161637499999927,0.13429254063927143,0.42168595,-0.28739340936072855,-0.04903324999999997,0.07696870012027908,0.7548051030345347,-0.044129925000000014,-0.044129925000000014,0.0,9.692844048325716,0.9883950225944351,43.66243793740024,-79.39541818779928,108.8,-42.777651481337664,150.99072022268612,1.0,3.2285487840135545,267.0,3.2285487840135545,2.8078503703858733,10.108261333389144,0.6000156499398605,3.2285487840135545,0.0,2.8078503703858733,10.108261333389144,-0.5093549524620294,-0.13421390339600284,0.13421390339600284,0.0,0.0,0.0,0.0,24.56973635255604,0.004090364966014469,14.72531387765209,16078.589477962543,4.466274854989592,0.8679196525315833,144261.20280692808,1783556750261202.8,1783556750507825.0
268.0,356.27432870579264,24288.0,75.08693274574527,-981.1303991186179,-34.76148179705913,984.1738654914906,0.07508693274574528,-0.9811303991186179,-0.03476148179705914,0.9841738654914906,0.9847276974477879,0.9847276974477879,9.656879874176349,-0.015272302552212142,-0.14977012582365118,0.7363512690110628,1.191507975,-0.45515670598893704,-0.044129925000000014,-9.621602428516594,-9.576726549381913,-0.044875879134680066,0.17161637499999927,-0.3408936854651299,0.42168595,-0.7625796354651299,-0.04903324999999997,0.07508693274574528,0.7363512690110628,-0.044129925000000014,-0.044129925000000014,0.0,9.656879874176349,0.9847276974477879,43.66243417386549,-79.39542947840353,108.8,-43.686907180292145,150.57469909146604,1.0,2.174361938861507,268.0,2.174361938861507,2.560467192436728,9.217681892772221,0.6009565336271273,2.174361938861507,0.0,2.560467192436728,9.217681892772221,-0.5251243324079792,-0.08224077088533017,0.08224077088533017,0.0,0.0,0.0,0.0,8.653190895606286,0.0014440980446099984,5.198752960595996,16080.828146365413,4.466896707323723,1.0958729234043894,144543.93835495177,1783556750543938.2,1783556750978266.8
269.0,1611.8838071537634,24288.0,151.92985342220967,-889.2254387661748,70.07014657779033,906.3545323051457,0.15192985342220966,-0.8892254387661748,0.07007014657779032,0.9063545323051456,0.9060269926839456,0.9060269926839456,8.885089607804014,-0.09397300731605436,-0.9215603921959844,1.4899228970629124,1.1767979999999998,0.31312489706291263,0.14219642500000007,-8.720322649076307,-9.563350597607764,0.8430279485314559,0.27458620000000167,0.6871534029370874,0.49033249999999995,0.19682090293708748,-0.04903324999999997,0.15192985342220966,1.4899228970629124,0.14219642500000007,0.14219642500000007,0.19466864037563458,8.885089607804014,0.9060269926839456,43.66242950982449,-79.3954401028949,108.8,-44.5425194311398,150.05913599962636,1.0,2.2840811877876686,269.0,2.2840811877876686,2.549038734699948,9.176539444919813,0.6016192690454407,0.9538026076327293,0.0,2.549038734699948,9.176539444919813,-0.32908854271640325,-0.07983974769017821,0.07983974769017821,0.0,0.0,0.0,0.0,39.14943390815061,0.0065542154247598,23.595175529135275,16111.146380257253,4.475318438960345,2.0456963633199856,145382.75386307674,1783556751382753.8,1783556751374181.2
270.0,2026.9422311774947,24288.0,125.64543526569742,-900.9945812243146,96.35456473430258,916.1621510202622,0.1256454352656974,-0.9009945812243146,0.09635456473430258,0.9161621510202622,0.9157080492254855,0.9157080492254855,8.980028340937107,-0.08429195077451448,-0.8266216590628923,1.2321608077483515,1.1767979999999998,0.05536280774835167,0.14219642500000007,-8.835738509963424,-9.5498854138376,0.7141469038741755,0.27458620000000167,0.9449154922516485,0.49033249999999995,0.4545829922516485,-0.04903324999999997,0.1256454352656974,1.2321608077483515,0.14219642500000007,0.14219642500000007,0.07263740181941747,8.980028340937107,0.9157080492254855,43.66242480216751,-79.3954506951231,108.8,-45.3955334636556,149.53875159677858,1.0,2.4501741833114066,270.0,2.4501741833114066,2.549038734699948,9.176539444919813,0.6043654022856734,1.9538026076327346,0.0,2.549038734699948,9.176539444919813,-0.12279397783501361,-0.07983974769017821,0.07983974769017821,0.0,0.0,0.0,0.0,49.230372910838994,0.008273702620854773,29.78532943507718,16124.276793779956,4.478965776049985,2.522462890912788,145620.49054073115,1783556751620490.5,1783556751766486.0
271.0,3098.024530997074,24288.0,78.17900091146039,-913.2090290720555,53.6857692464766,919.5546622770543,0.07817900091146039,-0.9132090290720556,0.053685769246476604,0.9195546622770543,0.9196938703544886,0.9196938703544886,9.019115893711845,-0.08030612964551145,-0.7875341062881548,0.766674099288373,1.158028706670035,-0.39135460738166195,-0.09806649999999983,-8.955521324949473,-9.53713457861504,0.5816132536655673,0.4294494636453565,0.5264775489809598,0.49033249999999995,0.03614504898095987,0.1176798,0.07817900091146039,0.766674099288373,-0.09806649999999983,-0.09806649999999983,-0.34518637550881115,9.019115893711845,0.9196938703544886,43.662419930323644,-79.3954611393527,108.8,-46.2366288632796,149.00021797573535,1.0,2.602090260753901,271.0,2.602090260753901,2.602090260753901,9.367524938714045,0.6,0.40476387293278865,0.0,2.602090260753901,9.367524938714045,0.053051526053953066,-0.07563101403842687,0.07563101403842687,0.0,0.0,0.0,0.0,75.24481980885693,0.012540803301476154,45.146891885314155,16183.526941042186,4.495424150289493,2.8062515523124096,146444.78705429408,1783556752444787.0,1783556752137978.5
272.0,3026.4384262566023,24288.0,125.5621845253918,-928.5489086592995,25.733099776387576,940.689607486146,0.1255621845253918,-0.9285489086592995,0.025733099776387575,0.9406896074861459,0.9405843259323258,0.9405843259323258,9.223981279904242,-0.05941567406767424,-0.5826687200957577,1.2313443968759334,1.1479998513264187,0.08334454554951487,-0.09806649999999983,-9.105954155103719,-9.52543424738082,0.4194800922771018,0.32748943431858957,0.25235550292211123,0.49033249999999995,-0.23797699707788872,0.1176798,0.1255621845253918,1.2313443968759334,-0.09806649999999983,-0.09806649999999983,-0.20868251110958783,9.223981279904242,0.9405843259323258,43.662414817030445,-79.3954713659391,108.8,-47.06019700477394,148.4349945459657,1.0,2.7331580995646094,272.0,2.7331580995646094,2.7331580995646094,9.839369158432595,0.6,1.4047638729327852,0.0,2.7331580995646094,9.839369158432595,0.18411936486466166,-0.06523301675359955,0.06523301675359955,0.0,0.0,0.0,0.0,73.50613649692035,0.012251022749486725,44.10368189815221,16198.017624530527,4.499449340147365,2.8062515523124096,146649.318782124,1783556752649318.8,1783556752478864.8
273.0,2954.8523215161304,24288.0,172.9453681393232,-943.8887882465435,-2.219569693701459,961.8245526952377,0.1729453681393232,-0.9438887882465434,-0.002219569693701462,0.9618245526952377,0.961474781510163,0.961474781510163,9.42884666609664,-0.03852521848983703,-0.3778033339033604,1.6960146944634937,1.1379709959828022,0.5580436984806917,-0.09806649999999983,-9.256386985257965,-9.513733916146602,0.25734693088863636,0.2255294049918226,-0.021766543136737426,0.49033249999999995,-0.5120990431367374,0.1176798,0.1729453681393232,1.6960146944634937,-0.09806649999999983,-0.09806649999999983,-0.07217864671036445,9.42884666609664,0.961474781510163,43.662409703737254,-79.3954815925255,108.8,-47.88376514626828,147.86977111619606,1.0,2.864225938375318,273.0,2.864225938375318,2.864225938375318,10.311213378151145,0.6,2.4047638729327816,0.0,2.864225938375318,10.311213378151145,0.3151872036753703,-0.05483501946877224,0.05483501946877224,0.0,0.0,0.0,0.0,71.76745318498376,0.011961242197497295,43.06047191099026,16212.508308018865,4.503474530005237,2.8062515523124096,146853.85050995392,1783556752853850.5,1783556752819750.8
274.0,2813.249443082125,24288.0,169.40964766751736,-988.4011186913567,-5.357536936772533,1006.6010326381755,0.16940964766751737,-0.9884011186913567,-0.005357536936772534,1.0066010326381756,1.0061349000332473,1.0061349000332473,9.866812817411043,0.006134900033247237,0.06016281741104401,1.661341121298659,1.132668075,0.5286730462986591,-0.10312482229615805,-9.692903830614593,-9.511882879825277,-0.18102095078931618,0.15788664305328454,-0.05253948960100037,0.49033249999999995,-0.5428719896010004,0.12201550482527848,0.16940964766751737,1.661341121298659,-0.10312482229615805,-0.10312482229615805,-0.008416509644190032,9.866812817411043,1.0061349000332473,43.662404347286895,-79.39549156856145,108.8,-48.68715594319706,147.27766909402334,1.0,2.972440873275776,274.0,2.972440873275776,2.9335301978132873,10.560708712127834,0.6001473729501674,2.972440873275776,0.0,2.9335301978132873,10.560708712127834,0.32782782188013254,-0.08181376566825987,0.08181376566825987,0.0,0.0,0.0,0.0,68.32820247357864,0.011390234078761675,41.00484268354203,16224.931134308303,4.5069253150856365,2.868228180801971,147050.57114305062,1783556753050571.2,1783556753147373.0
275.0,2593.08148311711,24288.0,108.73836324534003,-1065.6475478268094,19.348810843392464,1077.9054287632086,0.10873836324534003,-1.0656475478268093,0.01934881084339246,1.0779054287632086,1.0774667060498444,1.0774667060498444,10.566338872883705,0.07746670604984436,0.7596888728837061,1.0663590699199137,1.132668075,-0.0663090050800863,-0.11385903456330035,-10.45043252489578,-9.521083633197113,-0.9293488916986661,0.12875092404247052,0.18974701585735468,0.49033249999999995,-0.3005854841426453,0.13121625819711477,0.10873836324534003,1.0663590699199137,-0.11385903456330035,-0.11385903456330035,-0.026277095779202193,10.566338872883705,1.0774667060498444,43.66239871799247,-79.39550126345742,108.8,-49.46790595510752,146.65540688748064,1.0,3.0550128063037407,275.0,3.0550128063037407,2.9335301978132873,10.560708712127834,0.6004601115296632,3.0550128063037407,0.0,2.9335301978132873,10.560708712127834,0.2075825078778206,-0.15073256057753281,0.15073256057753281,0.0,0.0,0.0,0.0,62.98076306194837,0.010503663480570904,37.81318853005526,16235.033639896628,4.5097315666379485,2.9997481288910914,147238.52702932758,1783556753238527.0,1783556753460111.5
276.0,2372.9135231520954,24288.0,48.06707882316269,-1142.893976962262,44.05515862355746,1149.2098248882417,0.04806707882316269,-1.142893976962262,0.04405515862355746,1.1492098248882419,1.1487985120664415,1.1487985120664415,11.265864928356368,0.14879851206644149,1.4592149283563685,0.4713770185411683,1.132668075,-0.6612910564588317,-0.12459324683044266,-11.207961219176966,-9.53028438656895,-1.677676832608016,0.09961520503165654,0.4320335213157097,0.49033249999999995,-0.05829897868429024,0.14041701156895106,0.04806707882316269,0.4713770185411683,-0.12459324683044266,-0.12459324683044266,-0.04413768191421435,11.265864928356368,1.1487985120664415,43.66239308869803,-79.39551095835338,108.8,-50.248655967017974,146.03314468093797,1.0,3.137584739331706,276.0,3.137584739331706,2.9335301978132873,10.560708712127834,0.6007728501091589,3.137584739331706,0.0,2.9335301978132873,10.560708712127834,0.08733719387550865,-0.21965135548680575,0.21965135548680575,0.0,0.0,0.0,0.0,57.6333236503181,0.009617092882380133,34.62153437656848,16245.136145484952,4.512537818190261,3.1312680769802124,147426.48291560455,1783556753426483.0,1783556753772850.0
277.0,1680.6441763682683,24288.0,24.489676443675155,-988.4833318116463,140.79836852319258,1000.2835130868472,0.02448967644367515,-0.9884833318116463,0.14079836852319258,1.000283513086847,1.0002101649840434,1.0002101649840434,9.80871101444077,0.00021016498404330397,0.002061014440768269,0.24016168549636696,1.1620880249999999,-0.9219263395036329,-0.08237230459510354,-9.69371006591068,-9.576193725,-0.11751634091068139,0.078453200000002,1.3807603206779664,0.42168595,0.9590743706779666,0.14709975000000008,0.02448967644367515,0.24016168549636696,-0.08237230459510354,-0.08237230459510354,0.07627803449361481,9.80871101444077,1.0002101649840434,43.66238682807939,-79.39551960036255,108.8,-50.944614828814316,145.34109589651436,1.0,3.105715577137213,277.0,3.105715577137213,2.8831480641523486,10.379333030948455,0.6054284419462851,0.27367486541862435,0.0,2.8831480641523486,10.379333030948455,-0.050382133660938695,-0.2465944462191247,0.2465944462191247,0.0,0.0,0.0,0.0,40.8194857556325,0.006870277513164182,24.732999047391054,16280.343025734775,4.522317507148545,2.5693703806346724,148237.70127805654,1783556754237701.2,1783556754114311.5
278.0,1010.667328654244,24288.0,88.39644558347922,-950.0557320674504,114.48381652444974,964.7797524536227,0.08839644558347921,-0.9500557320674504,0.11448381652444974,0.9647797524536227,0.9647025008547602,0.9647025008547602,9.460499780007334,-0.03529749914523979,-0.3461502199926657,0.8668730030812265,1.1620880249999999,-0.29521502191877336,-0.025026170959887753,-9.316864044879262,-9.576193725,0.2593296801207374,0.078453200000002,1.122702719319495,0.42168595,0.7010167693194951,0.14709975000000008,0.08839644558347921,0.8668730030812265,-0.025026170959887753,-0.025026170959887753,0.14803824823048237,9.460499780007334,0.9647025008547602,43.66237889194467,-79.39552544804077,108.8,-51.4155404438646,144.46383556373095,1.0,2.770123076075103,278.0,2.770123076075103,2.699053212826226,9.716591566174415,0.6033399854384484,1.2736748654186139,0.0,2.699053212826226,9.716591566174415,-0.23447698498706096,-0.16213523868471047,0.16213523868471047,0.0,0.0,0.0,0.0,24.547088078354278,0.004127427139646735,14.858737702728243,16281.928265673087,4.522757851575853,1.7038134676335777,148488.7337502985,1783556754488733.8,1783556754532003.0
279.0,340.6904809402197,24288.0,152.3032147232833,-911.6281323232545,88.1692645257069,929.2759918203982,0.1523032147232833,-0.9116281323232545,0.08816926452570689,0.9292759918203982,0.9291948367254771,0.9291948367254771,9.1122885455739,-0.07080516327452288,-0.6943614544260996,1.493584320666086,1.1620880249999999,0.33149629566608607,0.03231996267532802,-8.940018023847843,-9.576193725,0.6361757011521562,0.078453200000002,0.8646451179610235,0.42168595,0.4429591679610235,0.14709975000000008,0.1523032147232833,1.493584320666086,0.03231996267532802,0.03231996267532802,0.21979846196734992,9.1122885455739,0.9291948367254771,43.66237095580994,-79.395531295719,108.8,-51.886466058914884,143.58657523094757,1.0,2.4345305750129933,279.0,2.4345305750129933,2.514958361500104,9.053850101400375,0.6012515289306116,2.2736748654186036,0.0,2.514958361500104,9.053850101400375,-0.41857183631318323,-0.07767603115029625,0.07767603115029625,0.0,0.0,0.0,0.0,8.27469040107605,0.001384576766129287,4.984476358065432,16283.513505611398,4.523198196003162,0.8382565546324827,148739.7662225405,1783556754739766.2,1783556754949694.2
280.0,74.81106372367024,24288.0,128.00500590624264,-989.8912850483938,12.91811003986227,1005.0083431770711,0.12800500590624264,-0.9898912850483937,0.012918110039862263,1.005008343177071,1.0049390718188134,1.0049390718188134,9.855085748651964,0.004939071818813302,0.04843574865196543,1.2553002911704545,1.095753734918672,0.15954655625178252,-0.08825985000000003,-9.707517370519831,-9.584844245040664,-0.12267312547916742,-0.0752636152846465,0.12668338382241529,0.5557976471463904,-0.42911426332397506,0.397169325,0.12800500590624264,1.2553002911704545,-0.08825985000000003,-0.08825985000000003,-0.13727744723551943,9.855085748651964,1.0049390718188134,43.66236294313958,-79.3955369398023,108.8,-52.34099575412266,142.7008546488322,1.0,2.42892894870401,280.0,2.42892894870401,2.4579700303414,8.84869210922904,0.6006471569785538,0.8795622845542519,0.0,2.4579700303414,8.84869210922904,-0.3200467935259644,-0.05009577322666243,0.05009577322666243,0.0,0.0,0.0,0.0,1.8170111157205031,0.00030296617052587646,1.0906782138931552,16284.949620920921,4.523597116922474,0.6543057051799548,149582.70581286773,1783556755582705.8,1783556755352843.0
281.0,125.75806828558103,24288.0,107.54597257823124,-953.3859510709616,107.190126355209,970.9099542970521,0.10754597257823123,-0.9533859510709617,0.107190126355209,0.9709099542970521,0.9710503132466733,0.9710503132466733,9.522750554400488,-0.02894968675332668,-0.2838994455995112,1.0546657119843115,1.0760836781357166,-0.021417966151405343,-0.08825985000000003,-9.349522337070047,-9.594679273432142,0.24515693636209535,-0.14410881402498946,1.0511760526213103,0.5912037493557097,0.45997230326560046,0.397169325,0.10754597257823123,1.0546657119843115,-0.08825985000000003,-0.08825985000000003,-0.052182359655347205,9.522750554400488,0.9710503132466733,43.66235491998925,-79.39554255600753,108.8,-52.79328036997318,141.8139756119723,1.0,2.46851269217626,281.0,2.46851269217626,2.41838628686915,8.70619063272894,0.6002459994623183,1.8795622845542495,0.0,2.41838628686915,8.70619063272894,-0.18282284904154583,-0.030303901490537473,0.030303901490537473,0.0,0.0,0.0,0.0,3.0544119625201924,0.0005091184507112053,1.8328264225603388,16285.867441076578,4.523852066965712,0.5636865942175094,149823.40032260906,1783556755823400.2,1783556755754000.5
282.0,193.76086147165245,24288.0,118.8110125441385,-940.399083899002,128.23913852834755,960.0256894922688,0.1188110125441385,-0.9403990838990021,0.12823913852834756,0.9600256894922689,0.9602775651246055,0.9602775651246055,9.417105984029213,-0.03972243487539446,-0.389544015970787,1.165138016165976,1.05787662325879,0.10726139290718592,-0.08825985000000003,-9.22216467611815,-9.610951852902017,0.3887871767838682,-0.19349540203141005,1.2575963478490195,0.6149639255804032,0.6426324222686164,0.400241775870605,0.1188110125441385,1.165138016165976,-0.08825985000000003,-0.08825985000000003,0.0,9.417105984029213,0.9602775651246055,43.66234686697204,-79.3955480886853,108.8,-53.23883834824463,140.92379508919117,1.0,2.358897651247699,282.0,2.358897651247699,2.2884227748799297,8.238321989567748,0.6010443426554446,2.358897651247699,0.0,2.2884227748799297,8.238321989567748,-0.1837537680212521,-0.01816704848813666,0.01816704848813666,0.0,0.0,0.0,0.0,4.706063803423494,0.0007866902292206773,2.832084825194438,16287.452302247983,4.524292306179991,0.5010390153637565,150097.3654613088,1783556756097365.5,1783556756208868.5
283.0,288.80520825438634,24288.0,180.3738280738639,-964.7001952923147,33.19479174561363,985.946874978469,0.18037382807386387,-0.9647001952923147,0.03319479174561363,0.985946874978469,0.986154710437612,0.986154710437612,9.670874091113006,-0.013845289562387952,-0.13577590888699176,1.768863001080557,1.0419891236557748,0.7268738774247826,-0.08825985000000003,-9.460477170163378,-9.637431018907042,0.17695384874366543,-0.21203081823492897,0.32552970447212193,0.6202597587814084,-0.29473005430928634,0.40818552567211264,0.18037382807386387,1.768863001080557,-0.08825985000000003,-0.08825985000000003,0.0,9.670874091113006,0.986154710437612,43.66233876660157,-79.39555348893228,108.8,-53.67373140010143,140.02838013776804,1.0,2.012731430315875,283.0,2.012731430315875,2.0151642556493843,7.254591320337784,0.6037444661435905,2.012731430315875,0.0,2.0151642556493843,7.254591320337784,-0.4037259888914235,-0.01816704848813666,0.01816704848813666,0.0,0.0,0.0,0.0,7.014500898082536,0.0011774959504305923,4.238985421550132,16290.094741334775,4.525026317037433,0.48273964586963986,150424.08040337445,1783556756424080.5,1783556756748893.2
284.0,302.9310599631831,24288.0,10.253335923590058,-999.3163454295802,110.86656782448622,1006.7331356489724,0.010253335923590057,-0.9993163454295801,0.11086656782448623,1.0067331356489724,1.007350526571314,1.007350526571314,9.878734041400577,0.007350526571314147,0.07208404140057786,0.1005508767350744,1.01008495,-0.9095340732649255,-0.05769312522899395,-9.799945638906992,-9.662248169224503,-0.13769746968248864,-0.22064962500000007,1.0872296273559978,0.612915625,0.4743140023559978,0.41187930000000006,0.010253335923590057,0.1005508767350744,-0.05769312522899395,-0.05769312522899395,0.05094454128501015,9.878734041400577,1.007350526571314,43.66233074962934,-79.39555911693849,108.82833580438785,-54.12696637261608,139.14218402769194,1.0,1.8620627665428535,284.0,1.8620627665428535,1.8778058704509821,6.760101133623536,0.6,0.5350087275928149,0.0283358043878469,1.8778058704509821,6.760101133623536,-0.3729243802676844,-0.01816704848813666,0.01816704848813666,1.5007564716165545,0.0,0.0,0.0,7.35758958438579,0.001226264930730965,4.414553750631474,16297.096552512136,4.5269712645867,0.5635314880243447,151346.01482632707,1783556757346014.8,1783556757283358.0
285.0,254.2048641231449,24288.0,81.75373199321133,-992.4311221043574,108.74803757057151,1002.496075141143,0.08175373199321134,-0.9924311221043574,0.10874803757057151,1.002496075141143,1.0031044649990748,1.0031044649990748,9.837094401683176,0.003104464999074857,0.030444401683177455,0.8017302358512258,1.01008495,-0.20835471414877427,-0.0005599922639741572,-9.732424663584696,-9.685620814528376,-0.04680384905632126,-0.22064962500000007,1.066453942641445,0.612915625,0.45353831764144514,0.41187930000000006,0.08175373199321134,0.8017302358512258,-0.0005599922639741572,-0.0005599922639741572,0.14616642956004314,9.837094401683176,1.0031044649990748,43.66232280514089,-79.39556494289668,108.88129906073571,-54.59614282904531,138.2640002743252,1.0,1.8813065792723753,285.0,1.8813065792723753,1.8585621495277556,6.69082373829992,0.6,1.5350087275928233,0.08129906073571902,1.8585621495277556,6.69082373829992,-0.1241681177311853,-0.01816704848813666,0.01816704848813666,4.305862994586708,0.0,0.0,0.0,6.174127739822943,0.0010290212899704905,3.7044766438937655,16298.925772884928,4.52747938135692,0.6671087101264229,151663.79436441427,1783556757663794.2,1783556757812990.5
286.0,741.6739817515443,24288.0,197.45400419544345,-1087.9650446320452,49.6463626161864,1109.9781269207804,0.19745400419544346,-1.0879650446320452,0.0496463626161864,1.1099781269207802,1.109998054865047,1.109998054865047,10.885362424742311,0.10999805486504691,1.078712424742312,1.9363623102432452,1.026036792928353,0.9103255173148923,-0.014645828286588301,-10.669292404940848,-9.636039948685365,-1.0332524562554817,-0.22555294999999909,0.4868645019500244,0.5554889904579294,-0.06862448850790503,0.4118793,0.19745400419544346,1.9363623102432452,-0.014645828286588301,-0.014645828286588301,-0.05616250538784977,10.885362424742311,1.109998054865047,43.66231475981172,-79.39557049345886,108.9,-55.04314107450417,137.3746695876706,1.0,1.8754082618119514,286.0,1.8754082618119514,1.8644604994043124,6.7120577978555245,0.604794767084506,0.6469072984965544,0.0,1.8644604994043124,6.7120577978555245,-0.010947762407638995,-0.03540269453434337,0.03540269453434337,0.0,0.0,0.0,0.0,18.013777668781508,0.003046469848208087,10.967291453549116,16311.391970931878,4.530942214147739,0.7142766572940755,152591.10099019358,1783556758591101.0,1783556758349346.0
287.0,1630.014526196031,24288.0,111.5900853099277,-1075.5444777492348,93.92838367664106,1086.7570670963955,0.1115900853099277,-1.075544477749235,0.09392838367664105,1.0867570670963955,1.08677963200213,1.08677963200213,10.657667478173689,0.08677963200213001,0.8510174781736882,1.0943249101046024,1.0127972111651666,0.08152769893943579,-0.06760415533933317,-10.547488252719534,-9.614856617864266,-0.9326316348552667,-0.22555294999999909,0.921122783782532,0.6031514848053998,0.3179712989771323,0.41187929999999984,0.1115900853099277,1.0943249101046024,-0.06760415533933317,-0.06760415533933317,-0.1429794349825135,10.657667478173689,1.08677963200213,43.66230665944202,-79.39557589370533,108.9,-55.47803408565165,136.47925472048934,1.0,1.8557869539154155,287.0,1.8557869539154155,1.8840818073008483,6.782694506283054,0.6091149642611356,1.646907298496549,0.0,1.8840818073008483,6.782694506283054,0.02829485338543264,-0.06204584122052721,0.06204584122052721,0.0,0.0,0.0,0.0,39.5897928122492,0.006707273284875485,24.14618382555175,16325.889479174053,4.534969299770566,0.7306554893555353,152920.5160249116,1783556758920516.0,1783556758889370.5
288.0,1803.6694416610317,24288.0,82.75779020275158,-1067.3384554977886,111.97759199636384,1077.5516436054054,0.08275779020275158,-1.0673384554977885,0.11197759199636384,1.0775516436054053,1.0775374730301646,1.0775374730301646,10.567032859891263,0.0775374730301645,0.7603828598912628,0.8115766832918138,1.007705487768888,-0.1961288044770743,-0.0784532,-10.467014664607388,-9.610517,-0.8564976646073879,-0.22555294999999909,1.0981250525511415,0.612915625,0.4852094275511415,0.41187929999999984,0.08275779020275158,0.8115766832918138,-0.0784532,-0.0784532,-0.14776222824529006,10.567032859891263,1.0775374730301646,43.662302007469336,-79.395585977592,108.9,-56.290110323391055,135.9650256608781,1.0,2.4971378248031377,288.0,2.4971378248031377,2.3253284285394282,8.37118234274194,0.6091912079282555,2.4971378248031377,0.0,2.3253284285394282,8.37118234274194,0.4706224234625923,-0.06750395714649327,0.06750395714649327,0.0,0.0,0.0,0.0,43.807523399063136,0.007413616049118462,26.689017776826464,16330.873728996125,4.53635381361003,0.8415518045563322,153036.52752430466,1783556759036527.5,1783556759080879.2
289.0,1793.1925964624052,24288.0,68.61913503178955,-1060.2182694404696,123.26817274439827,1071.957211703226,0.06861913503178955,-1.0602182694404696,0.12326817274439826,1.071957211703226,1.071896161722388,1.071896161722388,10.511710494354858,0.07189616172238819,0.7050604943548581,0.672923840559499,1.0047129803717878,-0.3317891398122887,-0.0784532,-10.39718949200838,-9.610517,-0.7866724920083804,-0.22555294999999909,1.2088478262438531,0.612915625,0.5959322012438533,0.41187929999999984,0.06861913503178955,0.672923840559499,-0.0784532,-0.0784532,-0.1314097288075834,10.511710494354858,1.071896161722388,43.66229824394242,-79.39559726817275,108.9,-57.19936412954516,135.54900539551406,1.0,3.308781711380857,289.0,3.308781711380857,2.875202687074815,10.350729673469335,0.6081740384914956,3.308781711380857,0.0,2.875202687074815,10.350729673469335,1.0168008887023259,-0.06750395714649327,0.06750395714649327,0.0,0.0,0.0,0.0,43.5530617828789,0.0073587709240768105,26.491575326676518,16333.406980852778,4.5370574946813225,0.9767996246401809,153097.55769051026,1783556759097557.8,1783556759182596.2
290.0,1782.7157512637787,24288.0,54.48047986082753,-1053.0980833831507,134.5587534924327,1066.3627798010468,0.054480479860827526,-1.0530980833831505,0.13455875349243268,1.0663627798010469,1.0662548504146119,1.0662548504146119,10.456388128818453,0.06625485041461188,0.6497381288184535,0.5342709978271842,1.0017204729746874,-0.4674494751475031,-0.0784532,-10.327364319409373,-9.610517,-0.716847319409373,-0.22555294999999909,1.319570599936565,0.612915625,0.7066549749365649,0.41187929999999984,0.054480479860827526,0.5342709978271842,-0.0784532,-0.0784532,-0.11505722936987674,10.456388128818453,1.0662548504146119,43.662294480415504,-79.3956085587535,108.9,-58.108617935699264,135.13298513015002,1.0,4.120425597958577,290.0,4.120425597958577,3.425076945610202,12.330277004196727,0.6071568690547358,4.120425597958577,0.0,3.425076945610202,12.330277004196727,1.5629793539420593,-0.06750395714649327,0.06750395714649327,0.0,0.0,0.0,0.0,43.298600166694655,0.0073039257990351585,26.29413287652657,16335.940232709432,4.537761175752615,1.1120474447240296,153158.58785671587,1783556759158587.8,1783556759284313.0
291.0,1772.2389060651522,24288.0,40.341824689865504,-1045.9778973258315,145.8493342404671,1060.7683478988677,0.0403418246898655,-1.0459778973258316,0.14584933424046712,1.0607683478988676,1.0606135391068356,1.0606135391068356,10.401065763282048,0.06061353910683555,0.5944157632820488,0.39561815509486953,0.998727965577587,-0.6031098104827175,-0.0784532,-10.257539146810366,-9.610517,-0.6470221468103654,-0.22555294999999909,1.4302933736292767,0.612915625,0.8173777486292768,0.41187929999999984,0.0403418246898655,0.39561815509486953,-0.0784532,-0.0784532,-0.09870472993217008,10.401065763282048,1.0606135391068356,43.662290716888585,-79.39561984933424,108.9,-59.01787174185337,134.71696486478598,1.0,4.932069484536296,291.0,4.932069484536296,3.974951204145589,14.30982433492412,0.6061396996179759,4.932069484536296,0.0,3.974951204145589,14.30982433492412,2.109157819181793,-0.06750395714649327,0.06750395714649327,0.0,0.0,0.0,0.0,43.04413855051042,0.007249080673993507,26.096690426376625,16338.473484566086,4.538464856823907,1.2472952648078781,153219.61802292144,1783556759219618.0,1783556759386030.0
292.0,1761.7620608665256,24288.0,26.20316951890348,-1038.8577112685125,157.13991498850154,1055.1739159966885,0.026203169518903474,-1.0388577112685125,0.15713991498850152,1.0551739159966884,1.0549722277990592,1.0549722277990592,10.345743397745645,0.054972227799059234,0.5390933977456442,0.2569653123625548,0.9957354581804867,-0.7387701458179319,-0.0784532,-10.187713974211357,-9.610517,-0.577196974211358,-0.22555294999999909,1.5410161473219883,0.612915625,0.9281005223219885,0.41187929999999984,0.026203169518903474,0.2569653123625548,-0.0784532,-0.0784532,-0.08235223049446341,10.345743397745645,1.0549722277990592,43.66228695336167,-79.395631139915,108.9,-59.927125548007474,134.3009445994219,1.0,5.743713371114016,292.0,5.743713371114016,4.524825462680976,16.28937166565151,0.6051225301812161,5.743713371114016,0.0,4.524825462680976,16.28937166565151,2.6553362844215265,-0.06750395714649327,0.06750395714649327,0.0,0.0,0.0,0.0,42.789676934326174,0.007194235548951855,25.899247976226675,16341.00673642274,4.5391685378952005,1.3825430848917266,153280.64818912704,1783556759280648.2,1783556759487747.0
293.0,1751.2852156678991,24288.0,12.064514347941454,-1031.7375252111935,168.43049573653596,1049.579484094509,0.012064514347941452,-1.0317375252111936,0.16843049573653596,1.0495794840945092,1.049330916491283,1.049330916491283,10.29042103220924,0.04933091649128291,0.48377103220923956,0.11831246963024011,0.9927429507833864,-0.8744304811531464,-0.0784532,-10.11788880161235,-9.610517,-0.5073718016123505,-0.22555294999999909,1.6517389210147002,0.612915625,1.0388232960147001,0.41187929999999984,0.012064514347941452,0.11831246963024011,-0.0784532,-0.0784532,-0.06599973105675674,10.29042103220924,1.049330916491283,43.66228318983475,-79.39564243049574,108.9,-60.83637935416158,133.88492433405787,1.0,6.555357257691735,293.0,6.555357257691735,5.074699721216363,18.268918996378908,0.6041053607444562,6.555357257691735,0.0,5.074699721216363,18.268918996378908,3.20151474966126,-0.06750395714649327,0.06750395714649327,0.0,0.0,0.0,0.0,42.53521531814193,0.007139390423910203,25.70180552607673,16343.539988279392,4.539872218966493,1.5177909049755756,153341.67835533264,1783556759341678.2,1783556759589464.0
294.0,1740.8083704692726,24288.0,-2.0741408230205707,-1024.6173391538746,179.72107648457037,1043.98505219233,-0.0020741408230205705,-1.0246173391538744,0.17972107648457036,1.04398505219233,1.0436896051835065,1.0436896051835065,10.235098666672835,0.04368960518350659,0.42844866667283493,-0.020340373102074705,0.989750443386286,-1.0100908164883609,-0.0784532,-10.048063629013342,-9.610517,-0.43754662901334296,-0.22555294999999909,1.762461694707412,0.612915625,1.149546069707412,0.41187929999999984,-0.0020741408230205705,-0.020340373102074705,-0.0784532,-0.0784532,-0.049647231619050075,10.235098666672835,1.0436896051835065,43.66227942630784,-79.39565372107648,108.9,-61.74563316031568,133.46890406869383,1.0,7.367001144269454,294.0,7.367001144269454,5.62457397975175,20.2484663271063,0.6030881913076963,7.367001144269454,0.0,5.62457397975175,20.2484663271063,3.747693214900994,-0.06750395714649327,0.06750395714649327,0.0,0.0,0.0,0.0,42.28075370195769,0.007084545298868551,25.504363075926783,16346.073240136046,4.540575900037785,1.653038725059424,153402.7085215382,1783556759402708.5,1783556759691180.8
295.0,1730.331525270646,24288.0,-16.212795993982596,-1017.4971530965555,191.01165723260482,1038.3906202901508,-0.016212795993982607,-1.0174971530965555,0.1910116572326048,1.0383906202901507,1.0380482938757303,1.0380482938757303,10.17977630113643,0.03804829387573027,0.37312630113643025,-0.1589932158343894,0.9867579359891857,-1.1457511518235752,-0.0784532,-9.978238456414335,-9.610517,-0.3677214564143355,-0.22555294999999909,1.8731844684001238,0.612915625,1.2602688434001237,0.41187929999999984,-0.016212795993982607,-0.1589932158343894,-0.0784532,-0.0784532,-0.033294732181343406,10.17977630113643,1.0380482938757303,43.66227566278092,-79.39566501165724,108.9,-62.65488696646978,133.0528838033298,1.0,8.178645030847175,295.0,8.178645030847175,6.174448238287137,22.228013657833692,0.6020710218709365,8.178645030847175,0.0,6.174448238287137,22.228013657833692,4.293871680140727,-0.06750395714649327,0.06750395714649327,0.0,0.0,0.0,0.0,42.02629208577345,0.007029700173826899,25.306920625776836,16348.6064919927,4.5412795811090785,1.7882865451432728,153463.7386877438,1783556759463738.8,1783556759792897.8
296.0,1719.8546800720194,24288.0,-30.35145116494462,-1010.3769670392365,202.30223798063923,1032.7961883879716,-0.03035145116494463,-1.0103769670392364,0.20230223798063923,1.0327961883879715,1.032406982567954,1.032406982567954,10.124453935600025,0.032406982567953956,0.3178039356000256,-0.29764605856670423,0.9837654285920854,-1.2814114871587896,-0.0784532,-9.908413283815328,-9.610517,-0.29789628381532796,-0.22555294999999909,1.9839072420928354,0.612915625,1.3709916170928356,0.41187929999999984,-0.03035145116494463,-0.29764605856670423,-0.0784532,-0.0784532,-0.016942232743636737,10.124453935600025,1.032406982567954,43.662271899254,-79.39567630223799,108.9,-63.56414077262389,132.63686353796575,1.0,8.990288917424895,296.0,8.990288917424895,6.7243224968225235,24.207560988561085,0.6010538524341766,8.990288917424895,0.0,6.7243224968225235,24.207560988561085,4.840050145380461,-0.06750395714649327,0.06750395714649327,0.0,0.0,0.0,0.0,41.77183046958921,0.006974855048785247,25.10947817562689,16351.139743849353,4.541983262180371,1.9235343652271213,153524.7688539494,1783556759524768.8,1783556759894614.8
297.0,1709.3778348733929,24288.0,-44.49010633590663,-1003.2567809819175,213.59281872867365,1027.2017564857924,-0.044490106335906665,-1.0032567809819175,0.21359281872867364,1.0272017564857923,1.0267656712601776,1.0267656712601776,10.069131570063622,0.026765671260177634,0.26248157006362094,-0.4362989012990188,0.980772921194985,-1.417071822494004,-0.0784532,-9.838588111216321,-9.610517,-0.2280711112163205,-0.22555294999999909,2.094630015785547,0.612915625,1.4817143907855472,0.41187929999999984,-0.044490106335906665,-0.4362989012990188,-0.0784532,-0.0784532,-0.000589733305930068,10.069131570063622,1.0267656712601776,43.66226813572709,-79.39568759281873,108.9,-64.473394578778,132.22084327260168,1.0,9.801932804002613,297.0,9.801932804002613,7.27419675535791,26.18710831928848,0.6000366829974167,9.801932804002613,0.0,7.27419675535791,26.18710831928848,5.386228610620194,-0.06750395714649327,0.06750395714649327,0.0,0.0,0.0,0.0,41.51736885340497,0.006920009923743595,24.912035725476944,16353.672995706007,4.542686943251663,2.05878218531097,153585.79902015498,1783556759585799.0,1783556759996331.8
298.0,3292.0911064529587,24288.0,-9.692975122729273,-1026.8553312119236,141.43700983497897,1044.762723170284,-0.009692975122729278,-1.0268553312119235,0.14143700983497898,1.044762723170284,1.0443094245049112,1.0443094245049112,10.241177017821085,0.0443094245049111,0.43452701782108644,-0.09505561448731309,0.9463417249999999,-1.041397339487313,-0.06864654999999997,-10.070010833829409,-9.610517,-0.45949383382940945,-0.22555294999999909,1.3870232524981965,0.612915625,0.7741076274981964,0.397169325,-0.009692975122729278,-0.09505561448731309,-0.06864654999999997,-0.06864654999999997,0.014184433685723065,10.241177017821085,1.0443094245049112,43.66226429968296,-79.39569883664277,108.9,-65.3788829692765,131.79680695464555,1.0,9.495905294654124,298.0,9.495905294654124,7.294027311877251,26.258498322758104,0.6,0.9639361977551753,0.0,7.294027311877251,26.258498322758104,4.691510181004147,-0.08857969116872093,0.08857969116872093,0.0,0.0,0.0,0.0,79.95830879352947,0.013326384798921577,47.97498527611768,16407.235733936526,4.557565481649029,1.4635444479567912,154267.29250795528,1783556760267292.5,1783556760132154.2
299.0,3746.572541503526,24288.0,32.12205887136513,-1004.919575674038,113.8802169405102,1025.8431340188577,0.03212205887136513,-1.004919575674038,0.1138802169405102,1.0258431340188576,1.0253788478645123,1.0253788478645123,10.055531478410519,0.025378847864512305,0.24888147841051955,0.31500978863087287,0.9463417249999999,-0.6313319363691271,-0.06864654999999997,-9.854894556783803,-9.610517,-0.2443775567838039,-0.22555294999999909,1.1167834294596544,0.612915625,0.5038678044596543,0.397169325,0.03212205887136513,0.31500978863087287,-0.06864654999999997,-0.06864654999999997,0.011943639133164666,10.055531478410519,1.0253788478645123,43.662260460925744,-79.39571007871747,108.9,-66.28423048405536,131.37247073163743,1.0,9.148062278956512,299.0,9.148062278956512,7.294027311877251,26.258498322758104,0.6,1.9639361977551761,0.0,7.294027311877251,26.258498322758104,3.950366002125322,-0.11044393288026685,0.11044393288026685,0.0,0.0,0.0,0.0,90.99675388803765,0.015166125648006273,54.59805233282258,16419.5608321787,4.560989120049634,1.6085459338771126,154349.55159122235,1783556760349551.5,1783556760269252.8
300.0,4201.0539765540925,24288.0,73.93709286545953,-982.9838201361524,86.32342404604141,1006.9235448674315,0.07393709286545953,-0.9829838201361524,0.08632342404604143,1.0069235448674314,1.0064482712241134,1.0064482712241134,9.869885938999952,0.006448271224113504,0.06323593899995272,0.7250751917490588,0.9463417249999999,-0.22126653325094114,-0.06864654999999997,-9.639778279738199,-9.610517,-0.029261279738198254,-0.22555294999999909,0.846543606421112,0.612915625,0.23362798142111207,0.397169325,0.07393709286545953,0.7250751917490588,-0.06864654999999997,-0.06864654999999997,0.009702844580606267,9.869885938999952,1.0064482712241134,43.66225662216852,-79.39572132079218,108.9,-67.1895779988342,130.94813450862935,1.0,8.800219263258901,300.0,8.800219263258901,7.294027311877251,26.258498322758104,0.6,2.963936197755177,0.0,7.294027311877251,26.258498322758104,3.2092218232464975,-0.13230817459181277,0.13230817459181277,0.0,0.0,0.0,0.0,102.03519898254581,0.017005866497090967,61.22111938952749,16431.885930420875,4.5644127584502385,1.7535474197974341,154431.81067448942,1783556760431810.8,1783556760406351.0
301.0,4655.53541160466,24288.0,115.75212685955395,-961.0480645982668,58.76663115157264,988.0039557160051,0.11575212685955392,-0.9610480645982669,0.05876663115157266,0.9880039557160051,0.9875176945837147,0.9875176945837147,9.684240399589385,-0.012482305416285297,-0.12240960041061422,1.1351405948672446,0.9463417249999999,0.1887988698672447,-0.06864654999999997,-9.424662002692592,-9.610517,0.1858549973074073,-0.22555294999999909,0.5763037833825697,0.612915625,-0.03661184161743014,0.397169325,0.11575212685955392,1.1351405948672446,-0.06864654999999997,-0.06864654999999997,0.007462050028047866,9.684240399589385,0.9875176945837147,43.662252783411304,-79.3957325628669,108.9,-68.09492551361303,130.52379828562124,1.0,8.45237624756129,301.0,8.45237624756129,7.294027311877251,26.258498322758104,0.6,3.963936197755178,0.0,7.294027311877251,26.258498322758104,2.4680776443676726,-0.1541724163033587,0.1541724163033587,0.0,0.0,0.0,0.0,113.07364407705398,0.018845607346175665,67.84418644623238,16444.211028663052,4.567836396850843,1.8985489057177558,154514.0697577565,1783556760514069.8,1783556760543449.5
302.0,5110.016846655228,24288.0,157.56716085364835,-939.1123090603812,31.209838257103854,969.0843665645788,0.15756716085364836,-0.9391123090603812,0.031209838257103883,0.9690843665645787,0.9685871179433159,0.9685871179433159,9.498594860178818,-0.031412882056684105,-0.30805513982118105,1.5452059979854305,0.9463417249999999,0.5988642729854305,-0.06864654999999997,-9.209545725646986,-9.610517,0.40097127435301294,-0.22555294999999909,0.3060639603440276,0.612915625,-0.30685166465597224,0.397169325,0.15756716085364836,1.5452059979854305,-0.06864654999999997,-0.06864654999999997,0.0052212554754894665,9.498594860178818,0.9685871179433159,43.66224894465408,-79.3957438049416,108.9,-69.00027302839189,130.09946206261316,1.0,8.104533231863678,302.0,8.104533231863678,7.294027311877251,26.258498322758104,0.6,4.963936197755179,0.0,7.294027311877251,26.258498322758104,1.7269334654888477,-0.17603665801490462,0.17603665801490462,0.0,0.0,0.0,0.0,124.11208917156216,0.02068534819526036,74.4672535029373,16456.536126905226,4.571260035251448,2.0435503916380773,154596.32884102358,1783556760596328.8,1783556760680548.0
303.0,5564.498281705794,24288.0,199.38219484774277,-917.1765535224956,3.6530453626350834,950.1647774131525,0.19938219484774272,-0.9171765535224956,0.00365304536263511,0.9501647774131525,0.9496565413029171,0.9496565413029171,9.31294932076825,-0.0503434586970829,-0.493700679231748,1.9552714011036163,0.9463417249999999,1.0089296761036164,-0.06864654999999997,-8.99442944860138,-9.610517,0.6160875513986186,-0.22555294999999909,0.03582413730548528,0.612915625,-0.5770914876945143,0.397169325,0.19938219484774272,1.9552714011036163,-0.06864654999999997,-0.06864654999999997,0.0029804609229310674,9.31294932076825,0.9496565413029171,43.662245105896865,-79.39575504701632,108.9,-69.90562054317073,129.67512583960504,1.0,7.756690216166067,303.0,7.756690216166067,7.294027311877251,26.258498322758104,0.6,5.96393619775518,0.0,7.294027311877251,26.258498322758104,0.9857892866100224,-0.19790089972645053,0.19790089972645053,0.0,0.0,0.0,0.0,135.15053426607034,0.022525089044345054,81.09032055964221,16468.861225147404,4.574683673652052,2.1885518775583988,154678.58792429065,1783556760678588.0,1783556760817646.5
304.0,6018.979716756361,24288.0,241.19722884183716,-895.24079798461,-23.903747531833687,931.2451882617261,0.24119722884183714,-0.89524079798461,-0.023903747531833663,0.9312451882617262,0.9307259646625183,0.9307259646625183,9.127303781357684,-0.0692740353374817,-0.6793462186423149,2.365336804221802,0.9463417249999999,1.4189950792218022,-0.06864654999999997,-8.779313171555776,-9.610517,0.831203828444224,-0.22555294999999909,-0.23441568573305682,0.612915625,-0.8473313107330565,0.397169325,0.24119722884183714,2.365336804221802,-0.06864654999999997,-0.06864654999999997,0.0007396663703726665,9.127303781357684,0.9307259646625183,43.66224126713964,-79.39576628909103,108.9,-70.81096805794957,129.25078961659696,1.0,7.408847200468456,304.0,7.408847200468456,7.294027311877251,26.258498322758104,0.6,6.963936197755181,0.0,7.294027311877251,26.258498322758104,0.24464510773119752,-0.21976514143799647,0.21976514143799647,0.0,0.0,0.0,0.0,146.18897936057851,0.02436482989342975,87.7133876163471,16481.18632338958,4.578107312052656,2.33355336347872,154760.84700755772,1783556760760847.0,1783556760954745.0
305.0,2412.4601515268814,24288.0,94.96140021452021,-1046.685138937495,-20.30962106923577,1052.8287838310762,0.09496140021452021,-1.046685138937495,-0.020309621069235777,1.0528287838310761,1.0526599332334452,1.0526599332334452,10.323067534243766,0.05265993323344523,0.5164175342437656,0.9312532154137246,0.9806649999999999,-0.049411784586275265,-0.07005522519563825,-10.264474817761384,-9.610517,-0.653957817761384,-0.22555294999999909,-0.199169345458621,0.612915625,-0.8120849704586209,0.0,0.09496140021452021,0.9312532154137246,-0.07005522519563825,-0.07005522519563825,-0.0023322437013878735,10.323067534243766,1.0526599332334452,43.66223755803681,-79.39577761317936,108.9,-71.72292029856344,128.84078538886646,1.0,6.916186420762058,305.0,6.916186420762058,6.916186420762058,24.89827111474341,0.6057127102128376,0.6699088858779271,0.0,6.916186420762058,24.89827111474341,-0.37784089111519314,-0.2195247965673462,0.2195247965673462,0.0,0.0,0.0,0.0,58.593832160284904,0.009860358633942079,35.49729108219149,16526.170820560234,4.590603005711172,2.3814170655155147,155480.76151572305,1783556761480761.5,1783556761143645.0
306.0,2187.7432509952027,24288.0,84.45459856752379,-1038.7514315713954,12.068481965385871,1045.1095009883848,0.08445459856752378,-1.0387514315713955,0.012068481965385867,1.0451095009883848,1.0450357217304085,1.0450357217304085,10.24829956050751,0.04503572173040844,0.4416495605075099,0.8282166890422071,0.9806649999999999,-0.1524483109577928,-0.0721580114481182,-10.186671726419625,-9.610517,-0.5761547264196254,-0.22555294999999909,0.11835137866585138,0.612915625,-0.4945642463341485,0.0,0.08445459856752378,0.8282166890422071,-0.0721580114481182,-0.0721580114481182,-0.005813677894235482,10.24829956050751,1.0450357217304085,43.66223391281991,-79.3957889776791,108.9,-72.63812695385266,128.4378431129753,1.0,6.3521680906871785,306.0,6.3521680906871785,6.3521680906871785,22.867805126473844,0.6052838611660214,1.669908885877922,0.0,6.3521680906871785,22.867805126473844,-0.9418592211900723,-0.2083926307850168,0.2083926307850168,0.0,0.0,0.0,0.0,53.13590808017149,0.008937224728579005,32.17400902288442,16530.936400721253,4.591926777978121,2.3814170655155147,155610.27392786153,1783556761610274.0,1783556761358069.5
307.0,1963.026350463524,24288.0,73.94779692052737,-1030.8177242052961,44.446585000007516,1037.3902181456936,0.07394779692052736,-1.030817724205296,0.04444658500000751,1.0373902181456935,1.0374115102273715,1.0374115102273715,10.173531586771254,0.03741151022737166,0.36688158677125426,0.7251801626706895,0.9806649999999999,-0.2554848373293103,-0.07426079770059815,-10.108868635077867,-9.610517,-0.49835163507786695,-0.22555294999999909,0.4358721027903237,0.612915625,-0.17704352220967623,0.0,0.07394779692052736,0.7251801626706895,-0.07426079770059815,-0.07426079770059815,-0.00929511208708309,10.173531586771254,1.0374115102273715,43.66223026760301,-79.39580034217883,108.9,-73.55333360914189,128.0349008370841,1.0,5.788149760612299,307.0,5.788149760612299,5.788149760612299,20.83733913820428,0.6048550121192052,2.6699088858779167,0.0,5.788149760612299,20.83733913820428,-1.5058775512649514,-0.19726046500268743,0.19726046500268743,0.0,0.0,0.0,0.0,47.677984000058075,0.00801409082321593,28.850726963577344,16535.701980882273,4.593250550245071,2.3814170655155147,155739.78634000002,1783556761739786.2,1783556761572494.0
308.0,1738.3094499318454,24288.0,63.44099527353094,-1022.8840168391969,76.82468803462916,1029.6709353030024,0.06344099527353093,-1.0228840168391968,0.07682468803462916,1.0296709353030022,1.0297872987243348,1.0297872987243348,10.098763613034999,0.029787298724334874,0.29211361303499855,0.6221436362991721,0.9806649999999999,-0.3585213637008278,-0.07636358395307812,-10.031065543736108,-9.610517,-0.42054854373610845,-0.22555294999999909,0.753392826914796,0.612915625,0.14047720191479618,0.0,0.06344099527353093,0.6221436362991721,-0.07636358395307812,-0.07636358395307812,-0.012776546279930698,10.098763613034999,1.0297872987243348,43.662226622386115,-79.39581170667857,108.9,-74.46854026443111,127.63195856119293,1.0,5.224131430537421,308.0,5.224131430537421,5.224131430537421,18.806873149934717,0.6044261630723889,3.669908885877912,0.0,5.224131430537421,18.806873149934717,-2.0698958813398303,-0.18612829922035806,0.18612829922035806,0.0,0.0,0.0,0.0,42.22005991994466,0.0070909569178528534,25.527444904270276,16540.467561043293,4.594574322512021,2.3814170655155147,155869.2987521385,1783556761869298.8,1783556761786918.5
309.0,1515.6769690114859,24288.0,53.07742460835176,-1014.9245606380163,108.99205901452802,1021.9305163771202,0.05307742460835176,-1.0149245606380162,0.10899205901452802,1.0219305163771202,1.0221407852515825,1.0221407852515825,10.023776931687431,0.022140785251582473,0.21712693168743125,0.5205117260354928,0.9806649999999999,-0.46015327396450717,-0.0784532,-9.9530099425808,-9.61047806276741,-0.3425318798133898,-0.2253972010696416,1.068846975534821,0.6129253593081473,0.4559216162266739,0.0,0.05307742460835176,0.5205117260354928,-0.0784532,-0.0784532,-0.016203942688253876,10.023776931687431,1.0221407852515825,43.66222299404426,-79.3958230774246,108.9,-75.38424994604682,127.23088165261328,1.0,4.660650400251169,309.0,4.660650400251169,4.660650400251169,16.778341440904207,0.603992059014528,4.660650400251169,0.0,4.660650400251169,16.778341440904207,-2.6281549560238675,-0.17517524788052788,0.17517524788052788,0.0,0.0,0.0,0.0,36.81276222335097,0.0061762640041577895,22.23455041496804,16545.256988534395,4.5959047190373274,2.3822853412324747,155999.1911478208,1783556761999191.2,1783556762001985.2
310.0,1623.7634468140616,24288.0,65.439221189878,-1002.879733199606,107.72418244206379,1010.8365963680582,0.06543922118987801,-1.002879733199606,0.10772418244206379,1.0108365963680581,1.0109557883747375,1.0109557883747375,9.914089582065118,0.010955788374737454,0.10743958206511905,0.641739538481717,0.9806649999999999,-0.33892546151828284,-0.0784532,-9.834890535581915,-9.604261251872732,-0.23062928370918323,-0.2005299574909294,1.0564133537454647,0.6144795620318169,0.44193379171364794,0.0,0.06543922118987801,0.641739538481717,-0.0784532,-0.0784532,-0.011057576053586503,9.914089582065118,1.0109557883747375,43.66222204313683,-79.39583543922119,108.9,-76.37977097754927,127.12576834538955,1.0,4.182418628632388,310.0,4.182418628632388,4.182418628632388,15.056707063076598,0.6027241824420638,4.182418628632388,0.0,4.182418628632388,15.056707063076598,-2.2726369123505843,-0.1926409187566513,0.1926409187566513,0.0,0.0,0.0,0.0,39.43796659621993,0.0066008388462801436,23.76301984660852,16553.83008997025,4.598286136102843,2.5209163013139952,156189.37263369042,1783556762189372.8,1783556762318954.5
311.0,1731.849924616637,24288.0,77.80101777140425,-990.8349057611958,106.45630586959956,999.7426763589962,0.07780101777140425,-0.9908349057611958,0.10645630586959956,0.9997426763589962,0.9997707914978924,0.9997707914978924,9.804402232442806,-0.00022920850210756544,-0.0022477675571931643,0.7629673509279413,0.9806649999999999,-0.21769764907205855,-0.0784532,-9.71677112858303,-9.598044440978054,-0.1187266876049767,-0.17566271391221722,1.0439797319561084,0.6160337647554864,0.427945967200622,0.0,0.07780101777140425,0.7629673509279413,-0.0784532,-0.0784532,-0.005911209418919127,9.804402232442806,0.9997707914978924,43.6622210922294,-79.39584780101777,108.9,-77.3752920090517,127.02065503816583,1.0,3.7041868570136076,311.0,3.7041868570136076,3.7041868570136076,13.335072685248988,0.6014563058695995,3.7041868570136076,0.0,3.7041868570136076,13.335072685248988,-1.9171188686773013,-0.21010658963277473,0.21010658963277473,0.0,0.0,0.0,0.0,42.06317096908889,0.0070254136884024985,25.291489278248996,16562.403191406105,4.600667553168358,2.6595472613955153,156379.55411956005,1783556762379554.0,1783556762635923.5
312.0,1839.9364024192128,24288.0,90.1628143529305,-978.7900783227857,105.18842929713533,988.6487563499342,0.09016281435293048,-0.9787900783227856,0.10518842929713533,0.9886487563499342,0.9885857946210475,0.9885857946210475,9.694714882820495,-0.011414205378952588,-0.11193511717950538,0.8841951633741656,0.9806649999999999,-0.09646983662583425,-0.0784532,-9.598651721584144,-9.591827630083374,-0.00682409150077018,-0.15079547033350504,1.031546110166752,0.6175879674791559,0.4139581426875961,0.0,0.09016281435293048,0.8841951633741656,-0.0784532,-0.0784532,-0.0007648427842517538,9.694714882820495,0.9885857946210475,43.662220141321974,-79.39586016281434,108.9,-78.37081304055415,126.91554173094211,1.0,3.225955085394827,312.0,3.225955085394827,3.225955085394827,11.613438307421378,0.6001884292971353,3.225955085394827,0.0,3.225955085394827,11.613438307421378,-1.5616008250040183,-0.22757226050889814,0.22757226050889814,0.0,0.0,0.0,0.0,44.688375341957844,0.007449988530524853,26.81995870988947,16570.976292841962,4.603048970233873,2.798178221477036,156569.7356054297,1783556762569735.5,1783556762952892.8
313.0,2091.1235728641127,24288.0,112.90626870777675,-1038.4716603951051,43.40476674078226,1046.3378730864592,0.11290626870777676,-1.0384716603951052,0.04340476674078226,1.0463378730864592,1.0464012416775437,1.0464012416775437,10.261690736697084,0.046401241677543684,0.4550407366970837,1.1072322600231188,0.9806649999999999,0.12656726002311894,-0.0784532,-10.183928108413657,-9.590903699999998,-0.593024408413659,0.08911226032189196,0.42565535575849234,0.6208691657816112,-0.1952138100231189,-0.019613299999999945,0.11290626870777676,1.1072322600231188,-0.0784532,-0.0784532,0.0,10.261690736697084,1.0464012416775437,43.66221968896455,-79.39587257520525,108.9,-79.37040853691421,126.86553814166864,1.0,3.0249833180832635,313.0,3.0249833180832635,3.0249833180832635,10.889939945099748,0.601177248139913,0.8513819868371769,0.0,3.0249833180832635,10.889939945099748,-1.1693831270169868,-0.23016797381306353,0.23016797381306353,0.0,0.0,0.0,0.0,50.78920933772357,0.008482782494291342,30.538016979448834,16612.06941328577,4.614463725912708,3.2561454931389,157385.48748182677,1783556763385487.5,1783556763311035.5
314.0,2138.2511530624784,24288.0,136.287393767431,-1014.3598751773368,20.388971760185086,1024.4180683430334,0.13628739376743101,-1.0143598751773368,0.020388971760185094,1.0244180683430333,1.0246253502016216,1.0246253502016216,10.048142190554733,0.024625350201621633,0.2414921905547328,1.3365227700893774,0.9806649999999999,0.35585777008937747,-0.0784532,-9.947472269907829,-9.590903699999998,-0.35656856990783004,0.18226153003630957,0.19994750991201915,0.6244518300013965,-0.42450432008937744,-0.019613299999999945,0.13628739376743101,1.3365227700893774,-0.0784532,-0.0784532,0.0,10.048142190554733,1.0246253502016216,43.662219323634474,-79.39588499642794,108.9,-80.37071527556175,126.82515455483163,1.0,2.872410309033821,314.0,2.872410309033821,2.872410309033821,10.340677112521757,0.6037345586933127,1.8513819868371868,0.0,2.872410309033821,10.340677112521757,-0.770759104028725,-0.23016797381306353,0.23016797381306353,0.0,0.0,0.0,0.0,51.93384400558148,0.008710849226529843,31.359057215507434,16623.79153706107,4.617719871405848,3.2561454931389,157606.87750973535,1783556763606877.5,1783556763676365.5
315.0,6435.966798212002,24288.0,252.55603474369855,-947.2825670433655,-98.15533198424772,987.0110153482209,0.2525560347436986,-0.9472825670433654,-0.09815533198424772,0.9870110153482209,0.986710124984754,0.986710124984754,9.676320847181737,-0.013289875015246061,-0.1303291528182628,2.4767286381192912,0.9806649999999999,1.4960636381192913,-0.0784532,-9.28966858609582,-9.591827378698605,0.30215879260278605,0.25277172691811356,-0.9625749864033228,0.6423355749999999,-1.6049105614033228,-0.019613299999999945,0.2525560347436986,2.4767286381192912,-0.0784532,-0.0784532,0.0,9.676320847181737,0.986710124984754,43.66221890581099,-79.39589741283521,108.9,-81.37063421932125,126.77896834667607,1.0,2.7224725158483087,315.0,2.7224725158483087,2.7224725158483087,9.800901057053911,0.6009529054927724,0.1141313268834087,0.0,2.7224725158483087,9.800901057053911,-0.41274060793344786,-0.23016797381306353,0.23016797381306353,0.0,0.0,0.0,0.0,156.31676159497312,0.026095250290687252,93.9429010464741,16732.65857171084,4.647960714364117,3.2561454931389,158432.25670433656,1783556764432256.8,1783556764047094.5
316.0,4963.687395382912,24288.0,152.28588483129136,-949.7583732140422,-125.8018342234711,978.3456937508523,0.15228588483129135,-0.9497583732140421,-0.1258018342234711,0.9783456937508523,0.9781314339352173,0.9781314339352173,9.592192626600797,-0.02186856606478276,-0.21445737339920184,1.4934143724807831,0.9806649999999999,0.5127493724807832,-0.0784532,-9.313947950679486,-9.599920500226494,0.28597254954700846,0.147561147055557,-1.2336945575876028,0.6423355749999999,-1.8760301325876028,-0.019613299999999945,0.15228588483129135,1.4934143724807831,-0.0784532,-0.0784532,0.0,9.592192626600797,0.9781314339352173,43.66221808054226,-79.39590979186607,108.9,-82.36754316265154,126.68774314188008,1.0,2.5929888367478817,316.0,2.5929888367478817,2.5929888367478817,9.334759812292376,0.600540271130993,1.1141313268834003,0.0,2.5929888367478817,9.334759812292376,-0.36989556344129126,-0.23016797381306353,0.23016797381306353,0.0,0.0,0.0,0.0,120.55803945906015,0.020117078349547804,72.42148205837209,16750.91476236184,4.65303187843384,3.2561454931389,158679.83732140422,1783556764679837.2,1783556764459728.8
317.0,3491.4079925538213,24288.0,52.015734918884135,-952.2341793847189,-153.4483364626945,969.6803721534839,0.05201573491888414,-0.9522341793847189,-0.1534483364626945,0.9696803721534838,0.9695527428856805,0.9695527428856805,9.508064406019859,-0.03044725711431946,-0.29858559398014095,0.510100106842275,0.9806649999999999,-0.4705648931577249,-0.0784532,-9.338227315263154,-9.608013621754385,0.26978630649123087,0.042350567193000455,-1.5048141287718828,0.6423355749999999,-2.1471497037718827,-0.019613299999999945,0.05201573491888414,0.510100106842275,-0.0784532,-0.0784532,0.0,9.508064406019859,0.9695527428856805,43.66221725527354,-79.39592217089692,108.9,-83.36445210598184,126.5965179370841,1.0,2.4635051576474547,317.0,2.4635051576474547,2.4635051576474547,8.868618567530838,0.6001276367692135,2.114131326883392,0.0,2.4635051576474547,8.868618567530838,-0.32705051894913467,-0.23016797381306353,0.23016797381306353,0.0,0.0,0.0,0.0,84.7993173231472,0.014138906408408355,50.90006307027007,16769.170953012846,4.658103042503563,3.2561454931389,158927.4179384719,1783556764927418.0,1783556764872363.2
318.0,3290.8052216061456,24288.0,2.799627028132445,-947.8432276579708,-63.41464640238408,962.146567207502,0.00279962702813245,-0.9478432276579708,-0.06341464640238409,0.9621465672075019,0.9620420299431581,0.9620420299431581,9.434409472942072,-0.037957970056841865,-0.37224052705792826,0.027454962395435073,0.9940513515703423,-0.9665963891749072,-0.0784532,-9.29516678851204,-9.604567510413181,0.309400721901141,0.08715001462864469,-0.6218852421419399,0.6453103197934094,-1.2671955619353494,-0.019613299999999945,0.00279962702813245,0.027454962395435073,-0.0784532,-0.0784532,0.0,9.434409472942072,0.9620420299431581,43.66221608998135,-79.39593449350738,108.9,-84.35681739846191,126.46770653871758,1.0,2.3790021722899755,318.0,2.3790021722899755,2.3790021722899755,8.564407820243913,0.6003033395495311,2.3790021722899755,0.0,2.3790021722899755,8.564407820243913,-0.26306126011306774,-0.23016797381306353,0.23016797381306353,0.0,0.0,0.0,0.0,79.92707722237007,0.01332911189054908,47.98480280597669,16791.980429253348,4.664439008125925,3.5314289518447417,159186.3070692682,1783556765186307.0,1783556765303339.5
319.0,3659.725495805297,24288.0,-23.55182112894981,-940.3769840134643,79.32236444847817,955.1195143656134,-0.023551821128949806,-0.9403769840134643,0.07932236444847815,0.9551195143656134,0.9550096132344488,0.9550096132344488,9.365445023625607,-0.04499038676555124,-0.44120497637439304,-0.23096446667421563,1.0134328087505662,-1.2443972754247818,-0.0784532,-9.221947950275638,-9.595953529444191,0.37400557916855315,0.19913176722549347,0.7778866653186685,0.6496173102779036,0.1282693550407643,-0.019613299999999945,-0.023551821128949806,-0.23096446667421563,-0.0784532,-0.0784532,0.0,9.365445023625607,0.9550096132344488,43.662214772408944,-79.39594679084986,108.9,-85.34714780738477,126.32206208477615,1.0,2.314643884909214,319.0,2.314643884909214,2.314643884909214,8.332717985673172,0.6007425303521492,2.314643884909214,0.0,2.314643884909214,8.332717985673172,-0.18960252056273696,-0.23016797381306353,0.23016797381306353,0.0,0.0,0.0,0.0,88.88741284211906,0.014833986035130971,53.4023497264715,16816.829103989243,4.671341417774784,3.9299986845530785,159450.26074164166,1783556765450260.8,1783556765742530.2
320.0,2882.104629295385,24288.0,186.2626000128625,-938.0,-55.35148157516815,962.2880726274948,0.1862626000128625,-0.938,-0.05535148157516815,0.9622880726274947,0.9622550136796714,0.9622550136796714,9.436498129901748,-0.03774498632032862,-0.3701518700982507,1.826612126416138,1.0640215249999998,0.7625906014161381,-0.09878481792973454,-9.198637699999999,-9.596448686708108,0.397810986708109,0.3040061499999993,-0.5428126067891228,0.658611376159461,-1.2014239829485838,-0.019613299999999945,0.1862626000128625,1.826612126416138,-0.09878481792973454,-0.09878481792973454,-0.03388602988289089,9.436498129901748,0.9622550136796714,43.66221286913743,-79.39595890040447,108.88115229050999,-86.32235527114197,126.11167445176713,1.0,2.261532012843207,320.0,2.261532012843207,2.261532012843207,8.141515246235546,0.6048691374305988,0.4137635708306113,-0.01884770949002256,2.261532012843207,8.141515246235546,-0.13430191188860033,-0.20828749200859525,0.20828749200859525,-0.8585486448387322,0.0,0.0,0.0,70.00055723632632,0.011782557365762218,42.41720651674399,16883.592230382983,4.689886730661933,5.071164069723124,160324.08625694012,1783556766324086.2,1783556766188477.0
321.0,1328.3299230929206,24288.0,104.72473064603717,-938.0,13.887379563141621,950.900102045536,0.10472473064603717,-0.938,0.013887379563141622,0.9509001020455359,0.9505234819090572,0.9505234819090572,9.321451103863456,-0.04947651809094279,-0.4851988961365441,1.0269987797899605,1.0640215249999998,-0.03702274521003934,-0.14792306828106386,-9.198637699999999,-9.609850027713017,0.4112123277130175,0.3040061499999993,0.13618867079288266,0.6742462739985203,-0.5380576032056378,-0.019613299999999945,0.10472473064603717,1.0269987797899605,-0.14792306828106386,-0.14792306828106386,-0.11578311380177313,9.321451103863456,0.9505234819090572,43.66221013602449,-79.39597074389387,108.83560040818215,-87.27613595400919,125.8095561474632,1.0,2.224354502378542,321.0,2.224354502378542,2.224354502378542,8.007676208562751,0.6021360244909286,1.4137635708306129,-0.06439959181786181,2.224354502378542,8.007676208562751,-0.10472845406991776,-0.15540588679491188,0.15540588679491188,-2.9335226284478657,0.0,0.0,0.0,32.262477172080864,0.0054278784631234065,19.540362467244265,16884.34898343968,4.690096939844349,5.071164069723124,160597.39755090713,1783556766597397.5,1783556766643996.0
322.0,845.7913530044218,24288.0,38.48659036893879,-950.3865447852743,137.44146452643085,960.9676431800974,0.03848659036893879,-0.9503865447852743,0.13744146452643086,0.9609676431800973,0.9611110611222711,0.9611110611222711,9.42527978755472,-0.03888893887772893,-0.38137021244528035,0.3774245214415536,1.0967541928528155,-0.7193296714112618,-0.6577302202377346,-9.32010820941851,-9.625116341664143,0.3050081322456314,0.3040061499999993,1.347840338098123,0.6892041809509384,0.6586361571471846,-0.019613299999999945,0.03848659036893879,0.3774245214415536,-0.6577302202377346,-0.6577302202377346,-0.6761258790253516,9.42527978755472,0.9611110611222711,43.662206882929055,-79.39598223414188,108.8,-88.20146937817393,125.44995897775893,1.0,2.1072254844627425,322.0,2.1072254844627425,2.1952989621878523,7.903076263876268,0.6,0.2184646086427584,0.0,2.1952989621878523,7.903076263876268,-0.07021942722604715,-0.10427649639719497,0.10427649639719497,0.0,0.0,0.0,0.0,20.542580381771398,0.0034237633969618994,12.325548229062838,16898.250831480727,4.693958564300195,4.741446255147227,161494.78032103536,1783556767494780.2,1783556767139633.8
323.0,2501.855258513395,24288.0,26.98170796864488,-1043.7039242543249,134.8848239930322,1052.367542249099,0.02698170796864488,-1.043703924254325,0.1348848239930322,1.052367542249099,1.052817218979155,1.052817218979155,10.32460998050193,0.052817218979154854,0.5179599805019288,0.26460016645071127,1.134362311183096,-0.8697621447323849,-0.6608642300985912,-10.235239088788676,-9.647054410690139,-0.5881846780985376,0.3040061499999993,1.322768259211269,0.7017402203943653,0.6210280388169038,-0.019613299999999945,0.02698170796864488,0.26460016645071127,-0.6608642300985912,-0.6608642300985912,-0.17990765105636886,10.32460998050193,1.052817218979155,43.662201769647986,-79.39599246070402,108.8,-89.02503556598303,124.88473688855615,1.0,1.7040779070483651,323.0,1.7040779070483651,2.1952989621878523,7.903076263876268,0.6,1.2184646086427422,0.0,2.1952989621878523,7.903076263876268,-0.018053893483255493,-0.05941548008737253,0.05941548008737253,0.0,0.0,0.0,0.0,60.76506051877335,0.010127510086462224,36.459036311264,16926.892466313908,4.701914573976078,3.23219577918085,161878.27640104518,1783556767878276.5,1783556767778794.0
324.0,2903.718393758992,24288.0,50.334263223306635,-1061.0546474462496,93.6868779800154,1070.4311930762003,0.05033426322330664,-1.0610546474462497,0.0936868779800154,1.0704311930762003,1.0709802479364796,1.0709802479364796,10.502728448426277,0.07098024793647958,0.6960784484262774,0.49361050243883997,1.14737805,-0.65376754756116,-0.6619488749999998,-10.405391558378764,-9.654646924999998,-0.7507446333787662,0.2962922635988818,0.918754421942718,0.7070430358001396,0.2117113861425784,-0.019613299999999945,0.05033426322330664,0.49361050243883997,-0.6619488749999998,-0.6619488749999998,-0.006565148666433387,10.502728448426277,1.0709802479364796,43.66219567371373,-79.39600150618251,108.8,-89.75348664667044,124.21089231632608,1.0,1.910796208430329,324.0,1.910796208430329,2.40338383641624,8.652181811098464,0.6011798962542434,1.910796208430329,0.0,2.40338383641624,8.652181811098464,0.20808487422838784,-0.039348808410774545,0.039348808410774545,0.0,0.0,0.0,0.0,70.52551234761842,0.0117717967062063,42.378468142342676,16943.184242046944,4.706440067235254,2.4738264139349235,162130.1695216786,1783556768130169.5,1783556768196649.5
325.0,2641.7844515063325,24288.0,92.13543196397217,-1038.1993321635834,32.03767228335039,1049.680972622201,0.09213543196397217,-1.0381993321635836,0.032037672283350374,1.049680972622201,1.0502199121574285,1.0502199121574285,10.299139101558646,0.05021991215742848,0.49248910155864595,0.9035399338694877,1.14737805,-0.2438381161305122,-0.6619488749999998,-10.181257480762007,-9.654646924999998,-0.5266105557620087,0.28449573319800003,0.3141822388975182,0.7085176021002498,-0.39433536320273166,-0.019613299999999945,0.09213543196397217,0.9035399338694877,-0.6619488749999998,-0.6619488749999998,-0.0041075381662498064,10.299139101558646,1.0502199121574285,43.66218905770141,-79.39600992656183,108.8,-90.43159719844871,123.47955831457752,1.0,2.4402915305327517,325.0,2.4402915305327517,2.721599508407884,9.797758230268384,0.6029842632502433,2.4402915305327517,0.0,2.721599508407884,9.797758230268384,0.526300546220032,-0.032404767413603416,0.032404767413603416,0.0,0.0,0.0,0.0,64.16366075818581,0.01073831841968416,38.65794631086298,16952.93974338711,4.709149928718634,2.112867653643586,162312.4105882746,1783556768312410.5,1783556768497377.2
326.0,2379.850509253673,24288.0,133.93660070463773,-1015.3440168809175,-29.611533413314618,1028.9307521682015,0.13393660070463773,-1.0153440168809176,-0.029611533413314628,1.0289307521682014,1.0294595763783774,1.0294595763783774,10.095549754691014,0.02945957637837738,0.2888997546910145,1.3134693653001355,1.14737805,0.16609131530013554,-0.6619488749999998,-9.95712340314525,-9.654646924999998,-0.30247647814525136,0.27269920279711835,-0.2903899441476816,0.7099921684003601,-1.0003821125480417,-0.019613299999999945,0.13393660070463773,1.3134693653001355,-0.6619488749999998,-0.6619488749999998,-0.0016499276660662272,10.095549754691014,1.0294595763783774,43.6621824416891,-79.39601834694115,108.8,-91.10970775022699,122.74822431282895,1.0,2.969786852635175,326.0,2.969786852635175,3.039815180399528,10.943334649438302,0.6047886302462433,2.969786852635175,0.0,3.039815180399528,10.943334649438302,0.8445162182116761,-0.025460726416432287,0.025460726416432287,0.0,0.0,0.0,0.0,57.801809168753216,0.009704840133162022,34.93742447938328,16962.695244727274,4.711859790202014,1.7519088933522484,162494.65165487057,1783556768494651.8,1783556768798105.0
327.0,215.73753523675956,24288.0,201.38333642628788,-870.808115726867,38.04101075431292,896.3030433975752,0.20138333642628786,-0.8708081157268669,0.038041010754312925,0.8963030433975752,0.8962532971031176,0.8962532971031176,8.789242396036288,-0.10374670289688234,-1.0174076039637112,1.974895896164856,1.14737805,0.827517846164856,-0.6411957338142409,-8.53971040809288,-9.61735180946517,1.0776414013722901,0.3486790054891616,0.3730548781137828,0.7104868182441949,-0.3374319401304121,-0.019613299999999945,0.20138333642628786,1.974895896164856,-0.6411957338142409,-0.6411957338142409,0.033807158151719974,8.789242396036288,0.8962532971031176,43.66217567666728,-79.39602652536165,108.8,-91.76833285835917,122.00041880173174,1.0,3.318011502297097,327.0,3.318011502297097,3.2534506775442753,11.712422439159392,0.5998989855341416,0.32864558238867503,0.0,3.2534506775442753,11.712422439159392,0.9512630850325798,-0.02079881381690729,0.02079881381690729,0.0,0.0,0.0,0.0,5.2398332558304155,0.0008731358464169178,3.1432890471009043,16972.700010180015,4.714638891716665,0.30929378673093644,163277.50766504917,1783556769277507.8,1783556769101014.5
328.0,227.11007586120448,24288.0,166.03625070166177,-873.2670434294496,80.76487958668707,897.2251412860436,0.16603625070166178,-0.8732670434294496,0.08076487958668709,0.8972251412860436,0.8969747862277291,0.8969747862277291,8.79631778736016,-0.10302521377227088,-1.0103322126398402,1.6282593979434514,1.14737805,0.4808813479434515,-0.5929680471051759,-8.563824251447413,-9.60830911820722,1.0444848667598077,0.2160528670392328,0.7920329063987848,0.7089797030345366,0.08305320336424815,-0.019613299999999945,0.16603625070166178,1.6282593979434514,-0.5929680471051759,-0.5929680471051759,0.1118089667628879,8.79631778736016,0.8969747862277291,43.66216860725014,-79.39603420951072,108.8,-92.38715326692463,121.21896543057336,1.0,3.295937954606772,328.0,3.295937954606772,3.2534506775442753,11.712422439159392,0.5995916195713188,1.3286455823886782,0.0,3.2534506775442753,11.712422439159392,0.6260232642294177,-0.02079881381690729,0.02079881381690729,0.0,0.0,0.0,0.0,5.516049522516934,0.0009186555406364055,3.30715994629106,16973.813467812244,4.7149481855033955,0.30929378673093644,163461.61987678005,1783556769461620.0,1783556769408380.5
329.0,238.4826164856494,24288.0,130.68916497703566,-875.7259711320323,123.48874841906122,898.1472391745122,0.13068916497703567,-0.8757259711320323,0.12348874841906124,0.8981472391745121,0.8976962753523405,0.8976962753523405,8.803393178684031,-0.10230372464765941,-1.0032568213159692,1.2816228997220471,1.14737805,0.1342448497220471,-0.5447403603961108,-8.587938094801945,-9.599266426949269,1.011328332147325,0.083426728589304,1.2110109346837867,0.7074725878248783,0.5035383468589084,-0.019613299999999945,0.13068916497703567,1.2816228997220471,-0.5447403603961108,-0.5447403603961108,0.18981077537405583,8.803393178684031,0.8976962753523405,43.66216153783299,-79.39604189365978,108.8,-93.0059736754901,120.43751205941498,1.0,3.2738644069164478,329.0,3.2738644069164478,3.2534506775442753,11.712422439159392,0.5992842536084959,2.328645582388681,0.0,3.2534506775442753,11.712422439159392,0.3007834434262556,-0.02079881381690729,0.02079881381690729,0.0,0.0,0.0,0.0,5.792265789203452,0.0009641752348558931,3.4710308454812155,16974.926925444477,4.715257479290126,0.30929378673093644,163645.7320885109,1783556769645732.0,1783556769715746.5
330.0,40.05662133388172,24288.0,-85.08231599947653,-1191.391911776951,99.22727977799796,1198.5308491103092,-0.08508231599947653,-1.191391911776951,0.09922727977799797,1.1985308491103093,1.1987349881454192,1.1987349881454192,11.755574471496274,0.1987349881454192,1.9489244714962752,-0.8343724941962665,1.0871756401998223,-1.9215481343960887,-0.49820892778308146,-11.683563491627435,-9.590563072549953,-2.0930004190774816,-0.15200307500000143,0.9730872032349037,0.7060787999999999,0.2670084032349038,-0.02018101241674069,-0.08508231599947653,-0.8343724941962665,-0.49820892778308146,-0.49820892778308146,0.002969572641413111,11.755574471496274,1.1987349881454192,43.66215444425067,-79.39604953259311,108.8,-93.62115276647103,119.65338746883312,1.0,3.2533079554969135,330.0,3.2533079554969135,3.2533079554969135,11.71190863978889,0.6021346548890925,0.07519490484440951,0.0,3.2533079554969135,11.71190863978889,-0.00014272204736157394,-0.02079881381690729,0.02079881381690729,0.0,0.0,0.0,0.0,0.9728952189573193,0.00016371317020729716,0.5893674127462698,16976.558530645056,4.715710702956953,0.30929378673093644,164432.05154444714,1783556770432051.5,1783556770023156.2
331.0,80.70593580813227,24288.0,-46.28069763769193,-1130.1099907134976,115.54859543811371,1139.0966241593217,-0.04628069763769192,-1.1301099907134975,0.11554859543811372,1.139096624159322,1.1389481838504754,1.1389481838504754,11.169266207157264,0.13894818385047542,1.3626162071572647,-0.45385860348867146,1.0690559311185082,-1.5229145346071797,-0.4725393399178866,-11.08259314043052,-9.586033145279625,-1.496559995150894,-0.15200307500000143,1.1331446334531776,0.7060787999999999,0.42706583345317783,-0.02773089120062156,-0.04628069763769192,-0.45385860348867146,-0.4725393399178866,-0.4725393399178866,0.04246124628017445,11.169266207157264,1.1389481838504754,43.662147053466214,-79.39605661542821,108.8,-94.19154811761994,118.83641015587285,1.0,3.251409927330552,331.0,3.251409927330552,3.251409927330552,11.705075738389988,0.6172241731408976,1.0751949048444172,0.0,3.251409927330552,11.705075738389988,-0.002040750213723246,-0.02079881381690729,0.02079881381690729,0.0,0.0,0.0,0.0,1.9601857689079165,0.00034574071009118115,1.244666556328252,16977.380150848934,4.7159389307913635,0.30929378673093644,164632.2186232976,1783556770632218.5,1783556770331105.5
332.0,121.3552502823828,24288.0,-7.479079275907324,-1068.8280696500442,131.86991109822947,1079.6623992083341,-0.007479079275907324,-1.068828069650044,0.13186991109822946,1.0796623992083343,1.0791613795555317,1.0791613795555317,10.582957942818254,0.07916137955553167,0.7763079428182547,-0.07334471278107646,1.050936222037194,-1.1242809348182707,-0.4468697520526917,-10.481622789233604,-9.581503218009297,-0.9001195712243069,-0.15200307500000143,1.2932020636714519,0.7060787999999999,0.5871232636714518,-0.03528076998450244,-0.007479079275907324,-0.07334471278107646,-0.4468697520526917,-0.4468697520526917,0.08195291991893577,10.582957942818254,1.0791613795555317,43.66213966268177,-79.3960636982633,108.8,-94.76194346876886,118.0194328429126,1.0,3.2495118991641903,332.0,3.2495118991641903,3.2495118991641903,11.698242836991087,0.6323136913927028,2.0751949048444245,0.0,3.2495118991641903,11.698242836991087,-0.003938778380084919,-0.02079881381690729,0.02079881381690729,0.0,0.0,0.0,0.0,2.9474763188585134,0.000527768249975065,1.8999656999102346,16978.201771052813,4.716167158625775,0.30929378673093644,164832.3857021481,1783556770832385.8,1783556770639055.0
333.0,162.00456475663333,24288.0,31.32253908587728,-1007.5461485865907,148.1912267583452,1020.2281742573467,0.03132253908587729,-1.0075461485865906,0.1481912267583452,1.0202281742573467,1.0193745752605878,1.0193745752605878,9.996649678479244,0.019374575260587917,0.18999967847924437,0.30716917792651854,1.0328165129558802,-0.7256473350293617,-0.42120016418749684,-9.88065243803669,-9.57697329073897,-0.3036791472977196,-0.15200307500000143,1.4532594938897259,0.7060787999999999,0.7471806938897259,-0.042830648768383314,0.03132253908587729,0.30716917792651854,-0.42120016418749684,-0.42120016418749684,0.12144459355769711,9.996649678479244,1.0193745752605878,43.66213227189732,-79.3960707810984,108.8,-95.33233881991778,117.20245552995235,1.0,3.247613870997829,333.0,3.247613870997829,3.247613870997829,11.691409935592183,0.6474032096445078,3.075194904844432,0.0,3.247613870997829,11.691409935592183,-0.005836806546446591,-0.02079881381690729,0.02079881381690729,0.0,0.0,0.0,0.0,3.93476686880911,0.0007097957898589491,2.5552648434922167,16979.023391256695,4.716395386460186,0.30929378673093644,165032.55278099858,1783556771032552.8,1783556770947004.2
334.0,172.35096268164313,24288.0,7.583569505085499,-1000.3509626816431,97.64236345383642,1011.0310654405056,0.007583569505085493,-1.0003509626816431,0.09764236345383642,1.0110310654405057,1.0105354249620537,1.0105354249620537,9.909967225204124,0.010535424962053693,0.10331722520412384,0.07436941188704665,1.044865196853201,-0.9704957849661544,-0.3725456966781638,-9.810091768181936,-9.576193725,-0.2338980431819358,-0.15200307500000143,0.9575444835645648,0.7060787999999999,0.2514656835645649,-0.044129925000000014,0.007583569505085493,0.07436941188704665,-0.3725456966781638,-0.3725456966781638,0.1689128553435197,9.909967225204124,1.0105354249620537,43.662124555841,-79.3960771553272,108.8,-95.8456686408612,116.34952266432288,1.0,3.2381534940172525,334.0,3.2381534940172525,3.2381534940172525,11.65735257846211,0.6371116819936803,3.2381534940172525,0.0,3.2381534940172525,11.65735257846211,-0.013708455352861667,-0.016231943371457086,0.016231943371457086,0.0,0.0,0.0,0.0,4.186060181611748,0.0007399909419220591,2.6639673909194124,16979.848446517546,4.716624568477089,0.2989942898087558,165221.65981607584,1783556771221659.8,1783556771257766.2
335.0,176.39847039696727,24288.0,-29.155346680164357,-1004.3984703969672,33.19358675598285,1012.2764524298361,-0.02915534668016436,-1.0043984703969673,0.03319358675598287,1.012276452429836,1.0122864658236004,1.0122864658236004,9.927139070069009,0.012286465823600289,0.12048907006900975,-0.2859162805210338,1.063184808331578,-1.3491010888526118,-0.31911349653289756,-9.849784259718419,-9.576193725,-0.273590534718419,-0.15200307500000143,0.3255178875605593,0.7060787999999999,-0.38056091243944057,-0.044129925000000014,-0.02915534668016436,-0.2859162805210338,-0.31911349653289756,-0.31911349653289756,0.21803916390198796,9.927139070069009,1.0122864658236004,43.66211677217232,-79.39608338226215,108.8,-96.3471365834624,115.4891159280406,1.0,3.2271211757738385,335.0,3.2271211757738385,3.2271211757738385,11.617636232785818,0.621544344627049,3.2271211757738385,0.0,3.2271211757738385,11.617636232785818,-0.02282180577914776,-0.010715784249750082,0.010715784249750082,0.0,0.0,0.0,0.0,4.284366049001541,0.0007386255826527565,2.659052097549923,16980.67421580362,4.716853948834332,0.28655389663910047,165408.46786447542,1783556771408467.8,1783556771569113.0
336.0,180.44597811229139,24288.0,-65.8942628654142,-1008.4459781122914,-31.255189941870697,1013.5218394191666,-0.06589426286541422,-1.0084459781122914,-0.03125518994187068,1.0135218394191665,1.0140375066851468,1.0140375066851468,9.944310914933896,0.014037506685146882,0.13766091493389565,-0.6462019729291142,1.081504419809955,-1.7277063927390692,-0.2656812963876314,-9.889476751254902,-9.576193725,-0.31328302625490223,-0.15200307500000143,-0.30650870844344613,0.7060787999999999,-1.012587508443446,-0.044129925000000014,-0.06589426286541422,-0.6462019729291142,-0.2656812963876314,-0.2656812963876314,0.2671654724604562,9.944310914933896,1.0140375066851468,43.66210898850363,-79.39608960919709,108.8,-96.8486045260636,114.62870919175832,1.0,3.2160888575304245,336.0,3.2160888575304245,3.2160888575304245,11.577919887109529,0.6059770072604177,3.2160888575304245,0.0,3.2160888575304245,11.577919887109529,-0.03193515620543386,-0.005199625128043077,0.005199625128043077,0.0,0.0,0.0,0.0,4.382671916391334,0.0007372602233834538,2.6541368041804336,16981.499985089693,4.717083329191575,0.2741135034694451,165595.275912875,1783556771595276.0,1783556771880459.8
337.0,221.30359214715995,24288.0,144.02901699386834,-1009.9575607976551,-7.066956343588689,1020.3459540001078,0.14402901699386833,-1.0099575607976552,-0.007066956343588688,1.0203459540001079,1.0204009441748672,1.0204009441748672,10.00671491919246,0.02040094417486709,0.20006491919246028,1.4124421595029188,1.0999646585964973,0.3124775009064215,-0.18632634999999997,-9.904300313596325,-9.573337097850874,-0.3309632157454492,-0.09806649999999983,-0.06930316742685402,0.7022699638011675,-0.7715731312280215,-0.010802608260216229,0.14402901699386833,1.4124421595029188,-0.18632634999999997,-0.18632634999999997,0.07915424274374415,10.00671491919246,1.0204009441748672,43.66210114508497,-79.39609568973542,108.78058033987736,-97.33828284656919,113.76169769295728,1.0,3.2041767240052264,337.0,3.2041767240052264,3.2041767240052264,11.535036206418814,0.5991941966012263,0.6160546200258081,-0.01941966012263218,3.2041767240052264,11.535036206418814,-0.03622931260914987,-0.0030817213180611702,0.0030817213180611702,-0.6121587064192024,0.0,0.0,0.0,5.375021646070221,0.0008947605165994855,3.221137859758148,16985.59757702526,4.718221549173676,0.32803097107337165,166382.5179607358,1783556772382518.0,1783556772194196.5
338.0,259.1307447885666,24288.0,142.45288563380973,-957.945225915721,7.433452168950513,968.9640716621971,0.14245288563380973,-0.9579452259157211,0.007433452168950513,0.9689640716621971,0.9688452629845205,0.9688452629845205,9.501126398247147,-0.03115473701547955,-0.30552360175285254,1.3969855909008002,1.1185125409190397,0.27847304998176037,-0.18632634999999997,-9.394233549726405,-9.568700127270239,0.174466577543834,-0.09806649999999983,0.07289726371263852,0.6960873363603199,-0.6231900726476814,0.0432953818471994,0.14245288563380973,1.3969855909008002,-0.18632634999999997,-0.18632634999999997,0.04818949763098534,9.501126398247147,0.9688452629845205,43.66209326442817,-79.39610167903459,108.74905771267619,-97.82061348914473,112.89056989022397,1.0,3.191716260832475,338.0,3.191716260832475,3.191716260832475,11.490178538996911,0.599509422873238,1.6160546200258104,-0.050942287323802564,3.191716260832475,11.490178538996911,-0.0375199897433045,-0.0030817213180611702,0.0030817213180611702,-1.6058347320832238,0.0,0.0,0.0,6.293767529424704,0.0010483059223551036,3.773901320478373,16987.058382979794,4.718627328605491,0.3584457812758343,166571.65372394284,1783556772571653.8,1783556772509422.8
339.0,296.9578974299732,24288.0,140.87675427375112,-905.9328910337869,21.933860681489712,917.5821893242864,0.14087675427375113,-0.9059328910337869,0.02193386068148971,0.9175821893242865,0.9172895817941739,0.9172895817941739,8.995537877301835,-0.08271041820582617,-0.8111121226981655,1.3815290222986816,1.1370604232415822,0.24446859905709922,-0.18632634999999997,-8.884166785856486,-9.564063156689603,0.6798963708331172,-0.09806649999999983,0.2150976948521311,0.6899047089194725,-0.4748070140673414,0.09739337195461503,0.14087675427375113,1.3815290222986816,-0.18632634999999997,-0.18632634999999997,0.017224752518226527,8.995537877301835,0.9172895817941739,43.66208538377137,-79.39610766833377,108.71753508547502,-98.3029441317203,112.01944208749066,1.0,3.1792557976597244,339.0,3.1792557976597244,3.1792557976597244,11.445320871575008,0.5998246491452498,2.6160546200258126,-0.08246491452497295,3.1792557976597244,11.445320871575008,-0.03881066687745913,-0.0030817213180611702,0.0030817213180611702,-2.599510757747245,0.0,0.0,0.0,7.212513412779188,0.0012018513281107216,4.326664781198598,16988.51918893433,4.719033108037306,0.388860591478297,166760.78948714986,1783556772760789.5,1783556772824649.2
340.0,330.8535760689546,24288.0,66.87854358627229,-1004.7706118639873,243.2975283422445,1040.2065024842627,0.0668785435862723,-1.0047706118639872,0.24329752834224452,1.0402065024842626,1.040068337836266,1.040068337836266,10.199586165242017,0.04006833783626601,0.392936165242018,0.6558544694603171,1.1437882293915345,-0.48793375993121735,-0.156889821010583,-9.85343372083597,-9.560047821756612,-0.2933858990793572,-0.09806649999999983,2.385933706317472,0.6487972520952379,1.7371364542222345,0.10881938283597942,0.0668785435862723,0.6558544694603171,-0.156889821010583,-0.156889821010583,0.048979249566417624,10.199586165242017,1.040068337836266,43.662077339401726,-79.39611319635897,108.7,-98.74812742841334,111.13021746691498,1.0,3.1515504081435672,340.0,3.1515504081435672,3.1515504081435672,11.345581469316842,0.6052678803447731,0.4437302017018923,0.0,3.1515504081435672,11.345581469316842,-0.05451470414114703,-0.0030817213180611702,0.0030817213180611702,0.0,0.0,0.0,0.0,8.03577165556277,0.0013510582374860025,4.863809654949609,16994.908953728245,4.7208080427022825,0.40823294017729594,167560.0007825583,1783556773560000.8,1783556773146424.0
341.0,330.52359192434653,24288.0,68.85844845392091,-1062.8478213150136,165.09128607012383,1085.7443144401811,0.06885844845392092,-1.0628478213150134,0.16509128607012383,1.085744314440181,1.0856472105296522,1.0856472105296522,10.646562217140614,0.0856472105296523,0.8399122171406146,0.6752707035306434,1.135698131862232,-0.46042742833158834,-0.09055102127030111,-10.422976586898876,-9.556811782744893,-0.8661648041539854,-0.09806649999999983,1.6189924605395798,0.6633594276479826,0.9556330328915972,0.06675087568360559,0.06885844845392092,0.6752707035306434,-0.09055102127030111,-0.09055102127030111,0.15935994796954886,10.646562217140614,1.0856472105296522,43.66206908979811,-79.39611814612114,108.7,-99.14674200717349,110.21830628326022,1.0,3.1047336485435384,341.0,3.1047336485435384,3.1047336485435384,11.177041134756738,0.6036179596217326,1.443730201701883,0.0,3.1047336485435384,11.177041134756738,-0.08828764205956162,-0.0030817213180611702,0.0030817213180611702,0.0,0.0,0.0,0.0,8.027757000658529,0.0013460357204126778,4.84572859348564,16996.498500235404,4.721249583398715,0.413762219800341,167758.32125346776,1783556773758321.2,1783556773476408.0
342.0,330.1936077797384,24288.0,70.83835332156954,-1120.92503076604,86.88504379800312,1131.2821263960996,0.07083835332156954,-1.1209250307660399,0.08688504379800313,1.1312821263960995,1.1312260832230385,1.1312260832230385,11.093538269039211,0.13122608322303858,1.2868882690392112,0.6946869376009699,1.127608034332929,-0.43292109673195933,-0.024212221530019257,-10.992519452961785,-9.553575743733171,-1.4389437092286137,-0.09806649999999983,0.8520512147616872,0.6779216032007274,0.17412961156095963,0.024682368531231763,0.07083835332156954,0.6946869376009699,-0.024212221530019257,-0.024212221530019257,0.2697406463726801,11.093538269039211,1.1312260832230385,43.66206084019449,-79.3961230958833,108.7,-99.54535658593365,109.30639509960545,1.0,3.0579168889435095,342.0,3.0579168889435095,3.0579168889435095,11.008500800196634,0.601968038898692,2.443730201701874,0.0,3.0579168889435095,11.008500800196634,-0.1220605799779762,-0.0030817213180611702,0.0030817213180611702,0.0,0.0,0.0,0.0,8.019742345754288,0.001341013203339353,4.827647532021671,16998.088046742563,4.721691124095148,0.41929149942338606,167956.64172437723,1783556773956641.8,1783556773806392.2
343.0,329.44340307446885,24288.0,74.78298462765575,-1131.0663322021605,43.78298462765575,1134.6229291276918,0.07478298462765574,-1.1310663322021606,0.04378298462765575,1.1346229291276917,1.1344811046845595,1.1344811046845595,11.125459125254835,0.13448110468455957,1.318809125254836,0.7333705561988002,1.12627289452485,-0.3929023383260498,0.014709975000000153,-11.091971646690316,-9.55031251219006,-1.541659134500258,-0.08987897314035992,0.42936440619880023,0.6803248548552698,-0.25096044865646966,0.0,0.07478298462765574,0.7333705561988002,0.014709975000000153,0.014709975000000153,0.28795719616677173,11.125459125254835,1.1344811046845595,43.66205252126922,-79.39612780894001,108.7,-99.92490878451743,108.38682109934149,1.0,3.022045603649304,343.0,3.022045603649304,3.0304486331839087,10.909615079462071,0.601,3.022045603649304,0.0,3.0304486331839087,10.909615079462071,-0.12213387868594702,-0.0030817213180611702,0.0030817213180611702,0.0,0.0,0.0,0.0,8.0015213738727,0.0013358095404715257,4.8089143456974925,16999.682825561664,4.7221341182115655,0.423857899905795,168156.62868806106,1783556774156628.8,1783556774139149.2
344.0,328.09662894290733,24288.0,81.51685528546327,-1073.155044545016,50.516855285463265,1078.0584156021087,0.08151685528546326,-1.073155044545016,0.050516855285463264,1.0780584156021085,1.0776507376345914,1.0776507376345914,10.568143606224265,0.07765073763459138,0.7614936062242655,0.7994072688851882,1.1345274836106485,-0.3351202147254603,0.014709975000000153,-10.52405591758738,-9.54701067655574,-0.97704524103164,-0.0700679593344439,0.49540111888518823,0.6654665945008326,-0.17006547561564433,0.0,0.08151685528546326,0.7994072688851882,0.014709975000000153,0.014709975000000153,0.17533218700945433,10.568143606224265,1.0776507376345914,43.662044103930896,-79.39613218595593,108.7,-100.27739892505325,107.45636852116806,1.0,3.0017131470997946,344.0,3.0017131470997946,3.0304486331839087,10.909615079462071,0.601,3.0017131470997946,0.0,3.0304486331839087,10.909615079462071,-0.07436521935556163,-0.0030817213180611702,0.0030817213180611702,0.0,0.0,0.0,0.0,7.968810923765334,0.0013303487125508238,4.7892553651829655,17001.2850324736,4.722579175687102,0.42705734143785284,168358.98150132818,1783556774358981.5,1783556774475842.8
345.0,326.74985481134587,24288.0,88.25072594327078,-1015.2437568878713,57.25072594327078,1021.4939020765255,0.08825072594327077,-1.0152437568878714,0.057250725943270776,1.0214939020765255,1.0208203705846233,1.0208203705846233,10.010828087193694,0.020820370584623188,0.2041780871936949,0.8654439815715762,1.142782072696447,-0.27733809112487073,0.014709975000000153,-9.956140188484444,-9.54370884092142,-0.41243134756302213,-0.05025694552852788,0.5614378315715762,0.6506083341463953,-0.08917050257481901,0.0,0.08825072594327077,0.8654439815715762,0.014709975000000153,0.014709975000000153,0.06270717785213686,10.010828087193694,1.0208203705846233,43.66203568659257,-79.39613656297186,108.7,-100.62988906558908,106.52591594299462,1.0,2.9813806905502855,345.0,2.9813806905502855,3.0304486331839087,10.909615079462071,0.601,2.9813806905502855,0.0,3.0304486331839087,10.909615079462071,-0.026596560025176227,-0.0030817213180611702,0.0030817213180611702,0.0,0.0,0.0,0.0,7.936100473657969,0.0013248878846301218,4.769596384668439,17002.88723938553,4.723024233162639,0.43025678296991066,168561.3343145953,1783556774561334.2,1783556774812536.2
346.0,325.28108667403245,24288.0,175.31922373476925,-823.5950839778405,76.56217334806493,845.5464940551814,0.17531922373476927,-0.8235950839778405,0.07656217334806492,0.8455464940551813,0.8458368480797439,0.8458368480797439,8.29482592622122,-0.15416315192025606,-1.511824073778779,1.719294265438575,1.181701325,0.5375929404385751,0.22064962499999985,-8.07670873029129,-9.5320638,1.4553550697087094,-0.01961329999999961,0.7508184372638008,0.61781895,0.13299948726380084,0.0,0.17531922373476927,1.719294265438575,0.22064962499999985,0.22064962499999985,0.2949936739417416,8.29482592622122,0.8458368480797439,43.6620272053299,-79.39614068652006,108.7,-100.96196692442268,105.5883971674625,1.0,2.995859422598689,346.0,2.995859422598689,3.0444320319510076,10.959955315023628,0.6005621733480649,0.4432215515778882,0.0,3.0444320319510076,10.959955315023628,0.013983398767098811,-0.0026486059202667934,0.0026486059202667934,0.0,0.0,0.0,0.0,7.900427033138901,0.0013179780832100502,4.744721099556181,17009.18967049461,4.7247749084707165,0.42496644472097134,169358.8881755578,1783556775358888.2,1783556775140543.2
347.0,325.9152766700554,24288.0,209.88257851801933,-879.0867086298475,77.8305533401108,907.6971136654292,0.20988257851801934,-0.8790867086298476,0.0778305533401108,0.9076971136654293,0.9077422339117228,0.9077422339117228,8.901910378190395,-0.09225776608827722,-0.9047396218096037,2.0582449886237346,1.181701325,0.8765436636237345,0.22064962499999985,-8.620895671184895,-9.5320638,0.9111681288151051,-0.01961329999999961,0.7632569959127975,0.61781895,0.14543804591279755,0.0,0.20988257851801934,2.0582449886237346,0.22064962499999985,0.22064962499999985,0.18615628576302082,8.901910378190395,0.9077422339117228,43.66201864376495,-79.39614449166002,108.7,-101.26840271216462,104.64200177844533,1.0,3.0540682474331358,347.0,3.0540682474331358,3.075981487787072,11.07353335603346,0.6018305533401108,1.4432215515778792,0.0,3.075981487787072,11.07353335603346,0.04553285460316358,-0.001671407505044286,0.001671407505044286,0.0,0.0,0.0,0.0,7.915830239762306,0.0013233435335172031,4.764036720661932,17010.710798761498,4.725197444100407,0.4304508689807414,169550.41355435672,1783556775550413.5,1783556775457638.2
348.0,326.54946666607833,24288.0,244.4459333012694,-934.5783332818546,79.09893333215668,969.8477332756771,0.24444593330126943,-0.9345783332818546,0.07909893333215667,0.9698477332756771,0.9696476197437016,0.9696476197437016,9.50899483015957,-0.030352380256298384,-0.2976551698404284,2.397195711808894,1.181701325,1.2154943868088939,0.22064962499999985,-9.165082612078498,-9.5320638,0.36698118792150103,-0.01961329999999961,0.7756955545617943,0.61781895,0.15787660456179425,0.0,0.24444593330126943,2.397195711808894,0.22064962499999985,0.22064962499999985,0.07731889758430005,9.50899483015957,0.9696476197437016,43.66201008220001,-79.3961482968,108.7,-101.57483849990655,103.69560638942818,1.0,3.1122770722675828,348.0,3.1122770722675828,3.107530943623137,11.187111397043294,0.6030989333321567,2.4432215515778704,0.0,3.107530943623137,11.187111397043294,0.07708231043922835,-0.0006942090898217788,0.0006942090898217788,0.0,0.0,0.0,0.0,7.931233446385711,0.0013287089838243558,4.7833523417676815,17012.231927028384,4.725619979730098,0.43593529324051145,169741.93893315564,1783556775741939.0,1783556775774733.2
349.0,328.982244566459,24288.0,123.71868428278108,-1093.7691793639667,134.69066552275086,1109.0467490276599,0.12371868428278109,-1.0937691793639668,0.13469066552275086,1.1090467490276599,1.109304836115221,1.109304836115221,10.878564271089331,0.10930483611522102,1.071914271089332,1.2132658352217351,1.1550034035424548,0.058262431679280274,0.22064962499999985,-10.726211522809644,-9.5320638,-1.194147722809645,0.02043358218631789,1.3208642150486845,0.61781895,0.7030452650486846,0.10787314999999997,0.12371868428278109,1.2132658352217351,0.22064962499999985,0.22064962499999985,0.0,10.878564271089331,1.109304836115221,43.66200150187303,-79.39615201775544,108.7,-101.87449473272036,102.74713704500415,1.0,3.1514376325276645,349.0,3.1514376325276645,3.1299439138850054,11.26779808998602,0.6013700928849239,0.2895924931850096,0.0,3.1299439138850054,11.26779808998602,0.09028965683334852,0.0,0.0,0.0,0.0,0.0,0.0,7.990320756030156,0.0013347361685207295,4.8050502066746255,17018.56328614346,4.727378690595397,0.43823120260096066,170534.97654884474,1783556776534976.5,1783556776092523.2
350.0,325.46780459480266,24288.0,140.01290596955135,-1048.0814597324345,109.45059663540087,1064.317513024761,0.14001290596955135,-1.0480814597324344,0.10945059663540085,1.064317513024761,1.0640974936963916,1.0640974936963916,10.435231686557719,0.06409749369639167,0.6285816865577193,1.3730575643263006,1.164402917019194,0.20865464730710662,0.22064962499999985,-10.278168047085078,-9.5320638,-0.7461042470850788,0.006334311971209164,1.0733436934945537,0.61781895,0.4555247434945538,0.10787314999999997,0.14001290596955135,1.3730575643263006,0.22064962499999985,0.22064962499999985,0.0,10.435231686557719,1.0640974936963916,43.66199287552037,-79.39615553219541,108.7,-102.15751984826717,101.79358002211987,1.0,3.143870358110134,350.0,3.143870358110134,3.1299439138850054,11.26779808998602,0.6026480710564354,1.289592493185002,0.0,3.1299439138850054,11.26779808998602,0.058501457607248446,0.0,0.0,0.0,0.0,0.0,0.0,7.904962037998567,0.0013232364523414737,4.763651228429305,17020.060904851325,4.727794695792026,0.43270527619779475,170728.27074728586,1783556776728270.8,1783556776412017.8
351.0,321.95336462314634,24288.0,156.3071276563216,-1002.3937401009022,84.21052774805088,1019.5882770218623,0.1563071276563216,-1.0023937401009022,0.08421052774805088,1.0195882770218623,1.0188901512775623,1.0188901512775623,9.991899102026107,0.018890151277562328,0.18524910202610645,1.5328492934308662,1.1738024304959331,0.359046862934933,0.22064962499999985,-9.830124571360512,-9.5320638,-0.29806077136051257,-0.007764958243899563,0.825823171940423,0.61781895,0.208004221940423,0.10787314999999997,0.1563071276563216,1.5328492934308662,0.22064962499999985,0.22064962499999985,0.0,9.991899102026107,1.0188901512775623,43.66198424916771,-79.39615904663538,108.7,-102.44054496381399,100.84002299923559,1.0,3.136303083692604,351.0,3.136303083692604,3.1299439138850054,11.26779808998602,0.6039260492279468,2.2895924931849945,0.0,3.1299439138850054,11.26779808998602,0.026713258381148366,0.0,0.0,0.0,0.0,0.0,0.0,7.819603319966978,0.001311736736162218,4.722252250183985,17021.55852355919,4.7282107009886545,0.42717934979462885,170921.56494572695,1783556776921565.0,1783556776731512.2
352.0,319.82710911647325,24288.0,171.49913527360772,-957.279738428655,61.242393127494395,975.5899043473325,0.17149913527360774,-0.957279738428655,0.061242393127494396,0.9755899043473325,0.9745418589278253,0.9745418589278253,9.556990920854558,-0.025458141072174673,-0.24965907914544172,1.6818319949309253,1.181701325,0.5001306699309253,0.22064962499999985,-9.387707346861369,-9.531303377848399,0.1435960309870306,-0.01961329999999961,0.6005827145637429,0.6173120018989335,-0.01672928733519069,0.10787314999999997,0.17149913527360774,1.6818319949309253,0.22064962499999985,0.22064962499999985,0.0,9.556990920854558,0.9745418589278253,43.661975604253364,-79.39616246524888,108.69483056802204,-102.71585297557328,99.88441416739207,1.0,3.127792171608478,352.0,3.127792171608478,3.1299439138850054,11.26779808998602,0.6047932227208817,3.127792171608478,-0.005169431977958098,3.1299439138850054,11.26779808998602,0.0,0.0,0.0,-0.16738656298669768,0.0,0.0,0.0,7.767960826220902,0.0013049816279632348,4.6979338606676455,17023.06983605721,4.728630510015883,0.42236683654353924,171115.06828618754,1783556777115068.2,1783556777051694.2
353.0,325.00792012086725,24288.0,180.88935521907192,-915.1856490179536,50.23316974315707,935.4386190632788,0.18088935521907193,-0.9151856490179535,0.05023316974315707,0.9354386190632787,0.9347153978977253,0.9347153978977253,9.166426756793728,-0.0652846021022747,-0.6402232432062721,1.7739185953591117,1.181701325,0.5922172703591116,0.22064962499999985,-8.974905344941913,-9.526540277826252,0.551634932884339,-0.01961329999999961,0.49261911406173126,0.6141366018841685,-0.12151748782243726,0.10787314999999997,0.18088935521907193,1.7739185953591117,0.22064962499999985,0.22064962499999985,0.0,9.166426756793728,0.9347153978977253,43.661966861634795,-79.39616537945507,108.66245049924458,-102.95054002371383,98.91800511057038,1.0,3.1143141795965086,353.0,3.1143141795965086,3.1299439138850054,11.26779808998602,0.6034980199697831,3.1143141795965086,-0.03754950075542358,3.1299439138850054,11.26779808998602,0.0,0.0,0.0,-1.215855417019999,0.0,0.0,0.0,7.893792363895624,0.0013232009860223873,4.7635235496805945,17024.653229347066,4.729070341485288,0.42130955718505386,171309.6724995401,1783556777309672.5,1783556777375495.0
354.0,330.1887311252613,24288.0,190.27957516453608,-873.091559607252,39.223946358819745,895.2873337792249,0.1902795751645361,-0.8730915596072519,0.03922394635881975,0.895287333779225,0.8948889368676253,0.8948889368676253,8.775862592732896,-0.10511106313237473,-1.0307874072671026,1.8660051957872978,1.181701325,0.684303870787298,0.22064962499999985,-8.562103343022457,-9.521777177804104,0.9596738347816473,-0.01961329999999961,0.3846555135597196,0.6109612018694035,-0.22630568830968384,0.10787314999999997,0.1902795751645361,1.8660051957872978,0.22064962499999985,0.22064962499999985,0.0,8.775862592732896,0.8948889368676253,43.66195811901623,-79.39616829366126,108.63007043046711,-103.18522707185438,97.95159605374869,1.0,3.1008361875845396,354.0,3.1008361875845396,3.1299439138850054,11.26779808998602,0.6022028172186846,3.1008361875845396,-0.06992956953288905,3.1299439138850054,11.26779808998602,0.0,0.0,0.0,-2.2643242710533005,0.0,0.0,0.0,8.019623901570347,0.0013414203440815398,4.829113238693544,17026.236622636927,4.729510172954693,0.42025227782656854,171504.27671289264,1783556777504276.8,1783556777699295.8
355.0,300.0901766711311,24288.0,115.63123669791737,-967.323674966517,73.11272083891382,977.4138516376481,0.11563123669791739,-0.967323674966517,0.07311272083891382,0.9774138516376482,0.9769618607606967,0.9769618607606967,9.580723031828887,-0.023038139239303295,-0.22592696817111366,1.1339550673636316,1.181701325,-0.047746257636368375,0.3873626750000001,-9.486204717110393,-9.517132742237012,0.030928025126618686,-0.01961329999999961,0.7169908638149342,0.6074595930925328,0.10953127072240125,0.12781807414448018,0.11563123669791739,1.1339550673636316,0.3873626750000001,0.3873626750000001,0.26934651740367604,9.580723031828887,0.9769618607606967,43.6619493687633,-79.39617115780916,108.6,-103.41588282379499,96.9843430954286,1.0,3.0900249848051775,355.0,3.0900249848051775,3.1307109450148918,11.270559402053612,0.6048647349933034,0.0713290118751496,0.0,3.1307109450148918,11.270559402053612,0.0007670311298866193,5.346747944176498e-10,5.346747944176498e-10,0.0,0.0,0.0,0.0,7.28859021098843,0.0012246106503992433,4.408598341437275,17032.215053213047,4.7311708481147265,0.41558156981493966,172303.50395650187,1783556778303504.0,1783556778022544.2
356.0,301.3544122011128,24288.0,124.48088540778951,-957.8419084916541,74.69301525139099,969.1963206927669,0.12448088540778952,-0.9578419084916541,0.07469301525139098,0.9691963206927668,0.9689028774311137,0.9689028774311137,9.50169140295983,-0.031097122568886325,-0.3049585970401691,1.2207404748842992,1.181701325,0.039039149884299185,0.3873626750000001,-9.393220351909678,-9.514033263396989,0.12081291148731009,-0.01961329999999961,0.7324882580150534,0.5997108959924733,0.1327773620225801,0.13246729240451596,0.12448088540778952,1.2207404748842992,0.3873626750000001,0.3873626750000001,0.18225372355176622,9.50169140295983,0.9689028774311137,43.66194051911459,-79.39617337022135,108.6,-103.59405294994298,96.00610292702672,1.0,3.113934153536092,356.0,3.113934153536092,3.141464369319005,11.309271729548419,0.6029683816983308,1.0713290118751415,0.0,3.141464369319005,11.309271729548419,0.011520455433999826,8.030569947900373e-09,8.030569947900373e-09,0.0,0.0,0.0,0.0,7.319295963540627,0.0012258815273798757,4.413173498567553,17033.612901892233,4.7315591394145,0.40964251636559296,172492.82322711663,1783556778492823.2,1783556778338603.0
357.0,302.61864773109454,24288.0,133.33053411766167,-948.3601420167911,76.27330966386816,960.9787897478856,0.13333053411766166,-0.948360142016791,0.07627330966386815,0.9609787897478855,0.9608438941015306,0.9608438941015306,9.422659774090775,-0.03915610589846935,-0.3839902259092245,1.3075258824049667,1.181701325,0.12582455740496673,0.3873626750000001,-9.300235986708962,-9.510933784556965,0.2106977978480015,-0.01961329999999961,0.7479856522151725,0.5919621988924136,0.1560234533227589,0.13711651066455174,0.13333053411766166,1.3075258824049667,0.3873626750000001,0.3873626750000001,0.09516092969985637,9.422659774090775,0.9608438941015306,43.66193166946588,-79.39617558263353,108.6,-103.77222307609098,95.02786275862485,1.0,3.137843322267006,357.0,3.137843322267006,3.1522177936231186,11.347984057043226,0.6010720284033582,2.0713290118751337,0.0,3.1522177936231186,11.347984057043226,0.022273879738113032,1.5526465101383096e-08,1.5526465101383096e-08,0.0,0.0,0.0,0.0,7.350001716092824,0.0012271524043605084,4.417748655697831,17035.01075057142,4.731947430714275,0.4037034629162463,172682.1424977314,1783556778682142.5,1783556778654662.0
358.0,303.88288326107624,24288.0,142.1801828275338,-938.8783755419281,77.85360407634532,952.7612588030044,0.1421801828275338,-0.938878375541928,0.07785360407634533,0.9527612588030043,0.9527849107719476,0.9527849107719476,9.34362814522172,-0.047215089228052384,-0.46302185477827984,1.3943112899256342,1.181701325,0.21260996492563428,0.3873626750000001,-9.207251621508249,-9.50783430571694,0.3005826842086929,-0.01961329999999961,0.7634830464152919,0.5842135017923541,0.17926954462293776,0.14176572892458753,0.1421801828275338,1.3943112899256342,0.3873626750000001,0.3873626750000001,0.008068135847946578,9.34362814522172,0.9527849107719476,43.66192281981717,-79.39617779504572,108.6,-103.95039320223897,94.04962259022297,1.0,3.16175249099792,358.0,3.16175249099792,3.1629712179272316,11.386696384538034,0.5991756751083855,3.0713290118751257,0.0,3.1629712179272316,11.386696384538034,0.03302730404222624,2.302236025486582e-08,2.302236025486582e-08,0.0,0.0,0.0,0.0,7.38070746864502,0.0012284232813411411,4.4223238128281075,17036.408599250604,4.7323357220140485,0.3977644094668996,172871.46176834617,1783556778871461.8,1783556778970720.8
359.0,305.2867796934652,24288.0,133.75796743207158,-983.7932183920904,77.07457854256123,996.8081341006026,0.13375796743207158,-0.9837932183920903,0.07707457854256122,0.9968081341006026,0.9966539409631457,0.9966539409631457,9.773836370146233,-0.003346059036854237,-0.03281362985376658,1.3117175713177245,1.181701325,0.13001624631772463,0.3395527576243581,-9.647715765144792,-9.500552873080919,-0.14716289206387403,-0.01961329999999961,0.755843415664408,0.583495675,0.17234774066440803,0.14219642499999996,0.13375796743207158,1.3117175713177245,0.3395527576243581,0.3395527576243581,-0.07928676181698512,9.773836370146233,0.9966539409631457,43.66191397016858,-79.39618000745786,108.6,-104.12856332563513,93.07138243512804,1.0,3.1639674114008822,359.0,3.1639674114008822,3.1639673977979075,11.390282632072466,0.6015735593869302,0.9073616140772196,0.0,3.1639673977979075,11.390282632072466,0.02426623962574323,0.004878645860347323,0.004878645860347323,0.0,0.0,0.0,0.0,7.414805305194882,0.0012390446542226087,4.460560755201391,17042.27542971996,4.7339653971444235,0.3961363939835263,173662.9281551595,1783556779662928.2,1783556779286779.8
360.0,305.6028385712223,24288.0,146.71638142011466,-964.8296857266614,99.19869998556163,982.2694257237738,0.14671638142011467,-0.9648296857266614,0.09919869998556163,0.9822694257237737,0.9819267468958011,0.9819267468958011,9.629411932445706,-0.018073253104198973,-0.17723806755429278,1.4387962018535674,1.181701325,0.25709487685356747,0.2868616181338866,-9.461747037531364,-9.503652351874475,0.04190531434311234,-0.01961329999999961,0.972806931213408,0.583495675,0.38931125621340795,0.14219642499999996,0.14671638142011467,1.4387962018535674,0.2868616181338866,0.2868616181338866,-0.16666841934678858,9.629411932445706,0.9819267468958011,43.661905120520004,-79.39618221987,108.6,-104.30673344875032,92.09314228139172,1.0,3.1639674263926723,360.0,3.1639674263926723,3.1639673977979075,11.390282632072466,0.6022056771424446,1.907361614077222,0.0,3.1639673977979075,11.390282632072466,0.013512815482842989,0.010255357931797443,0.010255357931797443,0.0,0.0,0.0,0.0,7.422481743217848,0.001241631187367569,4.469872274523248,17043.69187071108,4.734358852975291,0.3949485201070092,173853.51165844704,1783556779853511.8,1783556779602838.5
361.0,305.91889744897946,24288.0,159.67479540815776,-945.8661530612326,121.32282142856202,967.730717346945,0.15967479540815777,-0.9458661530612325,0.12132282142856204,0.9677307173469449,0.9671995528284563,0.9671995528284563,9.48498749474518,-0.032800447171543706,-0.321662505254819,1.5658748323894103,1.181701325,0.38417350738941025,0.23417047864341511,-9.275778309917936,-9.506751830668033,0.2309735207500987,-0.01961329999999961,1.1897704467624077,0.583495675,0.6062747717624078,0.14219642499999996,0.15967479540815777,1.5658748323894103,0.23417047864341511,0.23417047864341511,-0.25405007687659203,9.48498749474518,0.9671995528284563,43.661896270871424,-79.39618443228214,108.6,-104.48490357186552,91.1149021276554,1.0,3.1639674413844623,361.0,3.1639674413844623,3.1639673977979075,11.390282632072466,0.6028377948979589,2.9073616140772245,0.0,3.1639673977979075,11.390282632072466,0.0027593913399427475,0.015632070003247563,0.015632070003247563,0.0,0.0,0.0,0.0,7.430158181240813,0.0012442177205125293,4.479183793845105,17045.108311702203,4.734752308806158,0.3937606462304921,174044.0951617346,1783556780044095.2,1783556779918897.5
362.0,305.7631997119193,24288.0,167.02560489737232,-957.5760201656507,110.66078012243004,979.3920187252471,0.1670256048973723,-0.9575760201656506,0.11066078012243004,0.9793920187252471,0.978839695435155,0.978839695435155,9.599138299239163,-0.021160304564844943,-0.2075117007608366,1.637961648266816,1.181701325,0.45626032326681615,0.22064962499999985,-9.390612878157476,-9.51103050131766,0.12041762316018262,-0.01264664736467925,1.0852115393876285,0.583495675,0.5017158643876285,0.13406866359212605,0.1670256048973723,1.637961648266816,0.22064962499999985,0.22064962499999985,-0.21100390005503156,9.599138299239163,0.978839695435155,43.66188736959193,-79.39618618400144,108.57631997119192,-104.62597314784064,90.1309546924696,1.0,3.158133211568389,362.0,3.158133211568389,3.1639674090301826,11.390282672508656,0.6037104008642421,3.158133211568389,-0.023680028808071067,3.1639674090301826,11.390282672508656,1.123227493404339e-08,0.017011765673218937,0.017011765673218937,-0.7543020753333793,0.0,0.0,0.0,7.426376594603095,0.0012453798951343983,4.483367622483834,17046.53481097952,4.735148558605413,0.39284434964177123,174236.50097457692,1783556780236501.0,1783556780236800.2
363.0,305.44466037168155,24288.0,172.44077368141402,-979.873773982293,88.68156564602546,1000.0970758407007,0.17244077368141403,-0.9798737739822929,0.08868156564602546,1.0000970758407006,0.9995813519171525,0.9995813519171525,9.802544464778343,-0.00041864808284748645,-0.004105535221656298,1.6910663132228387,1.181701325,0.5093649882228387,0.22064962499999985,-9.609279145623452,-9.515716207049074,-0.09356293857437908,-0.0032752359018519174,0.8696690757425956,0.583495675,0.28617340074259556,0.12313535021882728,0.17244077368141403,1.6910663132228387,0.22064962499999985,0.22064962499999985,-0.12293646231701716,9.802544464778343,0.9995813519171525,43.661878450490406,-79.39618777669814,108.54446603716815,-104.75423630545234,89.14503720995042,1.0,3.150285109030656,363.0,3.150285109030656,3.1639674241396296,11.390282726902667,0.6046660188849554,3.150285109030656,-0.05553396283184401,3.1639674241396296,11.390282726902667,2.6341722122044586e-08,0.017011765673218937,0.017011765673218937,-1.7689751881243139,0.0,0.0,0.0,7.418639911107401,0.0012460504077040253,4.4857814677344905,17047.96478219003,4.735545772830554,0.3920217964782453,174429.53581476098,1783556780429535.8,1783556780555339.8
364.0,305.1261210314438,24288.0,177.8559424654557,-1002.1715277989354,66.70235116962087,1020.8021329561542,0.17785594246545572,-1.0021715277989351,0.06670235116962088,1.020802132956154,1.02032300839915,1.02032300839915,10.005950630317525,0.020323008399149967,0.19930063031752404,1.7441709781788612,1.181701325,0.5624696531788613,0.22064962499999985,-9.827945413089427,-9.520401912780487,-0.30754350030894084,0.006096175560975414,0.6541266120975626,0.583495675,0.07063093709756263,0.11220203684552851,0.17785594246545572,1.7441709781788612,0.22064962499999985,0.22064962499999985,-0.03486902457900273,10.005950630317525,1.02032300839915,43.66186953138888,-79.39618936939485,108.51261210314438,-104.88249946306405,88.15911972743123,1.0,3.142437006492923,364.0,3.142437006492923,3.1639674392490766,11.390282781296676,0.6056216369056686,3.142437006492923,-0.08738789685561694,3.1639674392490766,11.390282781296676,4.145116931004578e-08,0.017011765673218937,0.017011765673218937,-2.783648300915248,0.0,0.0,0.0,7.410903227611707,0.0012467209202736522,4.488195312985148,17049.39475340054,4.7359429870556955,0.3911992433147194,174622.57065494507,1783556780622570.8,1783556780873879.0
365.0,307.0814771697218,24288.0,142.45427930731063,-983.8370456605564,73.62221575458268,996.8197538050464,0.14245427930731064,-0.9838370456605564,0.07362221575458268,0.9968197538050464,0.9970850712596688,0.9970850712596688,9.778064314068631,-0.0029149287403311547,-0.028585685931368517,1.3969992581690376,1.1763984909567737,0.22060076721226385,0.15297166826128994,-9.648145563827095,-9.5320638,-0.11608176382709479,0.009806649999999806,0.7219873021296782,0.567417597695484,0.15456970443419416,0.14219642499999996,0.14245427930731064,1.3969992581690376,0.15297166826128994,0.15297166826128994,-0.0951697456174124,9.778064314068631,0.9970850712596688,43.661860592614154,-79.39619072098478,108.5,-104.99134579440127,87.1710275689296,1.0,3.1775419421817195,365.0,3.1775419421817195,3.176531119137426,11.435512028894733,0.5996395076100927,0.6040645047181628,0.0,3.176531119137426,11.435512028894733,0.012563712789803987,0.02329359835135305,0.02329359835135305,0.0,0.0,0.0,0.0,7.458394917498202,0.0012423069975219746,4.4723051910791085,17055.237002626534,4.7375658340629165,0.38792365575906945,175406.78722458228,1783556781406787.2,1783556781180246.2
366.0,308.8718110848495,24288.0,159.760840486879,-980.256377830301,76.30771662727433,996.5213648191917,0.159760840486879,-0.9802563778303008,0.07630771662727433,0.9965213648191917,0.9965660122195013,0.9965660122195013,9.772974083732372,-0.003433987780498705,-0.03367591626762762,1.566718646360652,1.1676199019123799,0.3990987444482719,0.13834068652063353,-9.613031207649518,-9.5320638,-0.0809674076495196,0.009806649999999806,0.7483230692628597,0.5732699903917465,0.1750530788711131,0.14219642499999996,0.159760840486879,1.566718646360652,0.13834068652063353,0.13834068652063353,-0.09037430678602688,9.772974083732372,0.9965660122195013,43.661851640944576,-79.39619191454072,108.5,-105.08746532145229,86.18151001395876,1.0,3.2408005474393238,366.0,3.2408005474393238,3.1973296825488684,11.510386857175927,0.5990427296383835,1.6040645047181556,0.0,3.1973296825488684,11.510386857175927,0.03336226204760211,0.033692872980252114,0.033692872980252114,0.0,0.0,0.0,0.0,7.5018785476288254,0.0012482980754510826,4.493873071623898,17056.58916958908,4.737941435996956,0.38731503861304767,175585.22383812335,1783556781585223.8,1783556781478635.2
367.0,310.66214499997733,24288.0,177.06740166644738,-976.6757100000453,78.99321749996597,996.2229758333372,0.17706740166644738,-0.9766757100000454,0.07899321749996598,0.9962229758333371,0.9960469531793338,0.9960469531793338,9.767883853396112,-0.003953046820666255,-0.038766146603886734,1.736438034552266,1.158841312867986,0.57759672168428,0.12370970477997707,-9.577916851471944,-9.5320638,-0.04585305147194442,0.009806649999999806,0.7746588363960412,0.5791223830880091,0.19553645330803207,0.14219642499999996,0.17706740166644738,1.736438034552266,0.12370970477997707,0.12370970477997707,-0.08557886795464138,9.767883853396112,0.9960469531793338,43.661842689275005,-79.39619310809667,108.5,-105.18358484850329,85.19199245898793,1.0,3.304059152696928,367.0,3.304059152696928,3.2181282459603113,11.585261685457121,0.5984459516666742,2.6040645047181488,0.0,3.2181282459603113,11.585261685457121,0.054160811305400236,0.04409214760915117,0.04409214760915117,0.0,0.0,0.0,0.0,7.545362177759449,0.0012542891533801907,4.515440952168687,17057.94133655162,4.738317037930996,0.3867064214670259,175763.66045166441,1783556781763660.5,1783556781777024.2
368.0,306.9218428759613,24288.0,155.20238614711081,-989.5150146432654,75.36075633366237,1004.5931717673042,0.15520238614711082,-0.9895150146432654,0.07536075633366236,1.0045931717673042,1.0045301927019048,1.0045301927019048,9.851076014260133,0.0045301927019047485,0.0444260142601342,1.5220154801095642,1.1522813749999998,0.3697341051095645,0.11277647499999999,-9.703827418351379,-9.532830259560454,-0.17099715879092545,0.009806649999999806,0.73903656109951,0.5634991452197731,0.1755374158797369,0.14219642499999996,0.15520238614711082,1.5220154801095642,0.11277647499999999,0.11277647499999999,0.0,9.851076014260133,1.0045301927019048,43.6618337334434,-79.39619423447137,108.5,-105.27429413169628,84.20201483418874,1.0,3.34213417972707,368.0,3.34213417972707,3.242866251985855,11.674318507149078,0.5994689427442319,0.2527343705449419,0.0,3.242866251985855,11.674318507149078,0.07345103228070518,0.05186316811059144,0.05186316811059144,0.0,0.0,0.0,0.0,7.454517719771349,0.0012413170435119005,4.468741356642841,17063.769586250743,4.739935996180752,0.38541927374747326,176543.2850600434,1783556782543285.0,1783556782078157.0
369.0,306.6125967537575,24288.0,148.0897253364218,-983.639338321392,88.65833958842882,999.0267415676344,0.14808972533642178,-0.9836393383213919,0.08865833958842882,0.9990267415676345,0.9989544995952043,0.9989544995952043,9.796397143455309,-0.0010455004047956584,-0.01025285654468934,1.4522641049704208,1.1522813749999998,0.29998272997042086,0.11277647499999999,-9.646206717149477,-9.535862928044764,-0.1103437891047137,0.009806649999999806,0.8694413059248655,0.5619828109776178,0.3074584949472477,0.14219642499999996,0.14808972533642178,1.4522641049704208,0.11277647499999999,0.11277647499999999,0.0,9.796397143455309,0.9989544995952043,43.66182476530586,-79.39619516220974,108.5,-105.34900682023,83.21067691015864,1.0,3.305748331509026,369.0,3.305748331509026,3.279252100203899,11.805307560734036,0.6013244194774552,1.2527343705449396,0.0,3.279252100203899,11.805307560734036,0.08828154371586391,0.05186316811059144,0.05186316811059144,0.0,0.0,0.0,0.0,7.4470067499552615,0.0012438978961959281,4.478032426305342,17065.160092092796,4.740322247803544,0.38212589879796083,176730.37896397672,1783556782730379.0,1783556782387403.2
370.0,306.3033506315536,24288.0,140.97706452573277,-977.7636619995184,101.95592284319528,993.4603113679648,0.14097706452573278,-0.9777636619995184,0.10195592284319528,0.9934603113679648,0.993378806488504,0.993378806488504,9.741718272650486,-0.006621193511496065,-0.06493172734951287,1.3825127298312772,1.1522813749999998,0.23023135483127724,0.11277647499999999,-9.588586015947577,-9.538895596529075,-0.04969041941850194,0.009806649999999806,0.999846050750221,0.5604664767354626,0.43937957401475847,0.14219642499999996,0.14097706452573278,1.3825127298312772,0.11277647499999999,0.11277647499999999,0.0,9.741718272650486,0.993378806488504,43.661815797168316,-79.3961960899481,108.5,-105.42371950876372,82.21933898612855,1.0,3.2693624832909824,370.0,3.2693624832909824,3.3156379484219425,11.936296614318993,0.6031798962106784,2.252734370544937,0.0,3.3156379484219425,11.936296614318993,0.10311205515102265,0.05186316811059144,0.05186316811059144,0.0,0.0,0.0,0.0,7.439495780139174,0.001246478748879956,4.487323495967842,17066.550597934845,4.740708499426336,0.37883252384844845,176917.47286791008,1783556782917472.8,1783556782696649.2
371.0,306.0165198610079,24288.0,133.80176166790537,-972.0220264813438,114.52643065110725,987.9614536576482,0.13380176166790536,-0.9720220264813438,0.11452643065110725,0.9879614536576482,0.9878732133736661,0.9878732133736661,9.687726847930861,-0.012126786626333923,-0.11892315206913755,1.312147046060564,1.152443379494953,0.15970366656561122,0.11304648249158832,-9.53227980599327,-9.54187045,0.009590644006729153,0.009860651498317469,1.123120621144681,0.5588170455050471,0.564303575639634,0.14219642499999996,0.13380176166790536,1.312147046060564,0.11304648249158832,0.11304648249158832,0.00044926371312532755,9.687726847930861,0.9878732133736661,43.661806829294775,-79.39619702202648,108.49944933796641,-105.49878170722367,81.228030244485,1.0,3.2349277759247057,371.0,3.2349277759247057,3.351939704509051,12.066982936232582,0.6049779735186561,3.2349277759247057,-0.0005506620335961939,3.351939704509051,12.066982936232582,0.11762149892019481,0.05203438631458149,0.05203438631458149,-0.015905765528773787,0.0,0.0,0.0,7.432529234384159,0.0012490319106211506,4.496514878236142,17067.939432684096,4.741094286856683,0.3755264967487391,177104.3094788219,1783556783104309.5,1783556783005506.5
372.0,306.88306401468225,24288.0,123.40323182381303,-973.177418686243,89.68549824577558,985.9395172990747,0.12340323182381303,-0.973177418686243,0.08968549824577557,0.9859395172990747,0.9859745934634117,0.9859745934634117,9.669107746987965,-0.014025406536588368,-0.1375422530120343,1.210172303364996,1.1609412747195835,0.0492310286454125,0.12720964119930614,-9.543610332959444,-9.54187045,-0.0017398829594448481,0.01269328323986097,0.879514291371935,0.5503191502804163,0.3291951410915187,0.14219642499999996,0.12340323182381303,1.210172303364996,0.12720964119930614,0.12720964119930614,0.024015251579544334,9.669107746987965,0.9859745934634117,43.661797875005185,-79.39619817741868,108.47056453284392,-105.59182782986272,80.23822307343441,1.0,3.300888412176885,372.0,3.300888412176885,3.3839145262422234,12.182092294472005,0.603822581313757,3.300888412176885,-0.02943546715607324,3.3839145262422234,12.182092294472005,0.11561050613436093,0.0610155837713498,0.0610155837713498,-0.850237732492293,0.0,0.0,0.0,7.453575858788602,0.001250160243540611,4.5005768767462,17069.2422818746,4.741456189409602,0.37156945720910944,177277.90715760802,1783556783277907.2,1783556783294354.8
373.0,307.7496081683566,24288.0,113.0047019797207,-974.3328108911421,64.84456584044389,983.9175809405012,0.1130047019797207,-0.9743328108911421,0.0648445658404439,0.9839175809405012,0.9840759735531572,0.9840759735531572,9.650488646045067,-0.015924026446842814,-0.15616135395493105,1.1081975606694279,1.1694391699442142,-0.061241609274786224,0.14137279990702395,-9.554940859925619,-9.54187045,-0.013070409925618847,0.01552591498140447,0.6359079615991892,0.5418212550557857,0.09408670654340351,0.14219642499999996,0.1130047019797207,1.1081975606694279,0.14137279990702395,0.14137279990702395,0.04758123944596334,9.650488646045067,0.9840759735531572,43.661788920715594,-79.3961993328109,108.44167972772145,-105.68487395250176,79.24841590238383,1.0,3.3668490484290645,373.0,3.3668490484290645,3.415889347975396,12.297201652711426,0.6026671891088579,3.3668490484290645,-0.05832027227855029,3.415889347975396,12.297201652711426,0.11359951334852704,0.06999678122811812,0.06999678122811812,-1.6845696994558121,0.0,0.0,0.0,7.474622483193045,0.0012512885764600714,4.504638875256257,17070.54513106511,4.741818091962521,0.3676124176694798,177451.5048363941,1783556783451504.8,1783556783583202.8
374.0,308.616152322031,24288.0,102.60617213562837,-975.4882030960413,40.00363343511222,981.8956445819277,0.10260617213562838,-0.9754882030960412,0.040003633435112235,0.9818956445819277,0.9821773536429027,0.9821773536429027,9.631869545102171,-0.01782264635709726,-0.1747804548978278,1.00622281797386,1.177937065168845,-0.17171424719498496,0.1555359586147418,-9.566271386891792,-9.54187045,-0.024400936891792846,0.01835854672294797,0.3923016318264433,0.533323359831155,-0.1410217280047117,0.14219642499999996,0.10260617213562838,1.00622281797386,0.1555359586147418,0.1555359586147418,0.07114722731238235,9.631869545102171,0.9821773536429027,43.66177996642601,-79.3962004882031,108.41279492259898,-105.77792007514081,78.25860873133324,1.0,3.4328096846812435,374.0,3.4328096846812435,3.447864169708569,12.412311010950848,0.6015117969039587,3.4328096846812435,-0.08720507740102734,3.447864169708569,12.412311010950848,0.11158852056269315,0.07897797868488643,0.07897797868488643,-2.5189016664193313,0.0,0.0,0.0,7.495669107597488,0.0012524169093795319,4.508700873766315,17071.847980255618,4.74217999451544,0.3636553781298501,177625.10251518022,1783556783625102.5,1783556783872050.8
375.0,310.0,24288.0,87.81787020752606,-956.4696450345876,44.51432055340281,962.0958384140379,0.08781787020752606,-0.9564696450345876,0.04451432055340281,0.9620958384140379,0.961700528557385,0.961700528557385,9.431060488377279,-0.03829947144261505,-0.3755895116227209,0.8611991168706354,1.149210945347707,-0.28801182847707163,0.10049475639082867,-9.379763044478437,-9.543405664826146,0.1636426203477075,0.011341864826146186,0.4365363616550277,0.5295591,-0.09302273834497228,0.14219642499999996,0.08781787020752606,0.8611991168706354,0.10049475639082867,0.10049475639082867,-0.08943233030382405,9.431060488377279,0.961700528557385,43.661770990452965,-79.396201,108.4,-105.8191361377818,77.26640467127407,1.0,3.4770893420047764,375.0,3.4770893420047764,3.4770893420047764,12.517521631217194,0.5998434516551374,0.5570362152448652,0.0,3.4770893420047764,12.517521631217194,0.10842966242395183,0.08295632390196972,0.08295632390196972,0.0,0.0,0.0,0.0,7.52928,0.0012545525843549981,4.516389303677993,17077.648702360893,4.74379130621135,0.3609630798546754,178395.77245857267,1783556784395772.5,1783556784156548.2
376.0,310.0,24288.0,92.87655423992307,-957.3127590399872,58.00414463979483,964.0631044266368,0.09287655423992307,-0.9573127590399871,0.058004144639794836,0.9640631044266367,0.9638840054300739,0.9638840054300739,9.452473081850833,-0.036115994569926146,-0.3541769181491662,0.9108078606369415,1.1436988627070064,-0.2328910020700649,0.07844642582802588,-9.38803116843949,-9.546161706146496,0.1581305377070069,0.014097906146496472,0.568826345031844,0.5295591,0.039267245031844034,0.14219642499999996,0.09287655423992307,0.9108078606369415,0.07844642582802588,0.07844642582802588,-0.10327388451426471,9.452473081850833,0.9638840054300739,43.66176199723691,-79.396201,108.4,-105.8191361377818,76.2722945681286,1.0,3.504127950684447,376.0,3.504127950684447,3.504127950684447,12.61486062246401,0.5995624136533376,1.557036215244868,0.0,3.504127950684447,12.61486062246401,0.10435800406289523,0.08295632390196972,0.08295632390196972,0.0,0.0,0.0,0.0,7.52928,0.001253964802742167,4.514273289871801,17078.9161946308,4.744143387397436,0.3592765233282535,178564.1142216508,1783556784564114.2,1783556784437586.2
377.0,310.0,24288.0,97.93523827232006,-958.1558730453867,71.49396872618685,966.0303704392356,0.09793523827232006,-0.9581558730453866,0.07149396872618685,0.9660303704392356,0.9660674823027627,0.9660674823027627,9.473885675324388,-0.033932517697237236,-0.3327643246756115,0.9604166044032476,1.1381867800663057,-0.17777017566305817,0.05639809526522312,-9.39629929240054,-9.548917747466847,0.15261845506630636,0.016853947466846757,0.7011163284086603,0.5295591,0.17155722840866033,0.14219642499999996,0.09793523827232006,0.9604166044032476,0.05639809526522312,0.05639809526522312,-0.11711543872470538,9.473885675324388,0.9660674823027627,43.66175300402085,-79.396201,108.4,-105.8191361377818,75.27818446498313,1.0,3.5311665593641175,377.0,3.5311665593641175,3.5311665593641175,12.712199613710823,0.5992813756515377,2.5570362152448705,0.0,3.5311665593641175,12.712199613710823,0.10028634570183866,0.08295632390196972,0.08295632390196972,0.0,0.0,0.0,0.0,7.52928,0.001253377021129336,4.512157276065611,17080.18368690071,4.744495468583522,0.3575899668018315,178732.45598472888,1783556784732456.0,1783556784718624.2
378.0,310.0,24288.0,102.99392230471707,-958.9989870507861,84.98379281257887,967.9976364518344,0.10299392230471707,-0.9589989870507861,0.08498379281257887,0.9679976364518343,0.9682509591754517,0.9682509591754517,9.495298268797942,-0.031749040824548325,-0.31135173120205684,1.0100253481695538,1.1326746974256052,-0.12264934925605145,0.034349764702420335,-9.40456741636159,-9.551673788787197,0.14710637242560579,0.01960998878719704,0.8334063117854766,0.5295591,0.30384721178547663,0.14219642499999996,0.10299392230471707,1.0100253481695538,0.034349764702420335,0.034349764702420335,-0.13095699293514607,9.495298268797942,0.9682509591754517,43.66174401080479,-79.396201,108.4,-105.8191361377818,74.28407436183765,1.0,3.5582051680437883,378.0,3.5582051680437883,3.5582051680437883,12.809538604957638,0.5990003376497379,3.557036215244873,0.0,3.5582051680437883,12.809538604957638,0.09621468734078206,0.08295632390196972,0.08295632390196972,0.0,0.0,0.0,0.0,7.52928,0.0012527892395165052,4.510041262259419,17081.451179170617,4.744847549769608,0.3559034102754096,178900.79774780697,1783556784900797.8,1783556784999662.2
379.0,310.5601139914144,24288.0,97.95897407727031,-962.6407409441937,70.43703622322536,970.5205129613648,0.09795897407727032,-0.9626407409441936,0.07043703622322538,0.9705205129613648,0.9704979029372454,0.9704979029372454,9.517333259839535,-0.02950209706275468,-0.28931674016046316,0.960649373134863,1.1367877064054281,-0.17613833327056508,0.034323274999999764,-9.440280822180375,-9.5516771,0.11139627781962362,0.01961329999999961,0.690751361278493,0.5144537848467636,0.17629757643172944,0.14219642499999996,0.09795897407727032,0.960649373134863,0.034323274999999764,0.034323274999999764,-0.09429354341299451,9.517333259839535,0.9704979029372454,43.66173503817614,-79.39620015982902,108.4,-105.75147543134239,73.29223999047879,1.0,3.5605268680617392,379.0,3.5605268680617392,3.5605268680617392,12.81789672502226,0.6001202279828288,3.5605268680617392,0.0,3.5605268680617392,12.81789672502226,0.07155478401725468,0.08295632390196972,0.08295632390196972,0.0,0.0,0.0,0.0,7.542884048623473,0.0012574101309629187,4.526676471466508,17082.732407629923,4.745203446563859,0.3559013839822908,179069.87436841143,1783556785069874.2,1783556785280057.0
380.0,311.1209017345396,24288.0,92.91188438914364,-966.2858612745074,55.85655490197051,973.0440578054282,0.09291188438914363,-0.9662858612745073,0.055856554901970515,0.9730440578054281,0.9727449230422937,0.9727449230422937,9.539368999552709,-0.027255076957706327,-0.2672810004472907,0.9111543310447955,1.140912293246267,-0.22975796220147154,0.034323274999999764,-9.476027241467646,-9.5516771,0.07564985853235234,0.01961329999999961,0.547765684129409,0.4993302997636875,0.048435384365721645,0.14219642499999996,0.09291188438914363,0.9111543310447955,0.034323274999999764,0.034323274999999764,-0.05756934227029914,9.539368999552709,0.9727449230422937,43.661726065572246,-79.3961993186474,108.4,-105.68373333697585,72.30040835655944,1.0,3.5628188365254867,380.0,3.5628188365254867,3.5628188365254867,12.82614781149175,0.6012418034690792,3.5628188365254867,0.0,3.5628188365254867,12.82614781149175,0.046870115439729,0.08295632390196972,0.08295632390196972,0.0,0.0,0.0,0.0,7.5565044613284975,0.0012620372878346534,4.543334236204752,17084.01365261226,4.745559347947841,0.3559013839822908,179238.9518729637,1783556785238951.8,1783556785560450.8
381.0,311.6816894776648,24288.0,87.86479470101695,-969.9309816048211,41.27607358071565,975.5676026494915,0.08786479470101696,-0.969930981604821,0.04127607358071565,0.9755676026494915,0.974991943147342,0.974991943147342,9.561404739265882,-0.025008056852657973,-0.24524526073411826,0.861659288954728,1.145036880087106,-0.28337759113237804,0.034323274999999764,-9.511773660754917,-9.5516771,0.03990343924508105,0.01961329999999961,0.404780006980325,0.4842068146806113,-0.0794268077002862,0.14219642499999996,0.08786479470101696,0.861659288954728,0.034323274999999764,0.034323274999999764,-0.020845141127603786,9.561404739265882,0.974991943147342,43.66171709296836,-79.39619847746579,108.4,-105.61599124260931,71.30857672264011,1.0,3.565110804989234,381.0,3.565110804989234,3.565110804989234,12.834398897961242,0.6023633789553295,3.565110804989234,0.0,3.565110804989234,12.834398897961242,0.02218544686220332,0.08295632390196972,0.08295632390196972,0.0,0.0,0.0,0.0,7.570124874033522,0.0012666644447063883,4.559992000942998,17085.294897594595,4.745915249331824,0.3559013839822908,179408.02937751592,1783556785408029.5,1783556785840844.8
382.0,311.1168285068728,24288.0,124.45339864432916,-969.0792873281796,69.6119733006883,980.1961158350524,0.12445339864432915,-0.9690792873281796,0.0696119733006883,0.9801961158350524,0.9795858582971059,0.9795858582971059,9.606455657269313,-0.020414141702894097,-0.20019434273068637,1.2204709218154104,1.162088025,0.05838289681541024,0.027449097338453916,-9.503421393076891,-9.5516771,0.04825570692310739,0.049033250000000805,0.6826602579691949,0.44505687872307564,0.23760337924611932,0.04706239733845418,0.12445339864432915,1.2204709218154104,0.027449097338453916,0.027449097338453916,-0.011456962769243082,9.606455657269313,0.9795858582971059,43.66170814465927,-79.39619729902896,108.38831714931273,-105.52108928911895,70.31943063649751,1.0,3.5821400015797065,382.0,3.5821400015797065,3.5821400015797065,12.895704005686943,0.6,0.43238680545812064,-0.011682850687282679,3.5821400015797065,12.895704005686943,0.022947380043073735,0.08204529548542414,0.08204529548542414,-0.31566411939124156,0.0,0.0,0.0,7.556405530774927,0.001259400921795821,4.533843318464956,17091.085475713076,4.747523743253624,0.3508156875025595,180174.09710412368,1783556786174097.0,1783556786116828.5
383.0,311.38702293787316,24288.0,130.1274816953365,-962.3244265531708,61.77633480167814,973.7114494910439,0.1301274816953365,-0.9623244265531707,0.061776334801678136,0.9737114494910439,0.9732102013007833,0.9732102013007833,9.543931820586327,-0.02678979869921667,-0.26271817941367315,1.2761146683675717,1.162088025,0.11402664336757162,0.011550884037836388,-9.437178837657651,-9.5516771,0.11449826234234728,0.049033250000000805,0.6058188936828769,0.44240717650630607,0.1634117171765708,0.03116418403783662,0.1301274816953365,1.2761146683675717,0.011550884037836388,0.011550884037836388,-0.03795398493693897,9.543931820586327,0.9732102013007833,43.66169922824305,-79.39619567786237,108.36129770621268,-105.39053339289494,69.33380998714763,1.0,3.6185154063109195,383.0,3.6185154063109195,3.6185154063109195,13.02665546271931,0.6,1.4323868054581161,-0.03870229378732007,3.6185154063109195,13.02665546271931,0.05711418759103923,0.07993831996016422,0.07993831996016422,-1.0457144248273407,0.0,0.0,0.0,7.562968013115063,0.0012604946688525105,4.537780807869038,17092.31397240715,4.747864992335311,0.3478889132180318,180336.2137627239,1783556786336213.8,1783556786387023.0
384.0,311.65721736887355,24288.0,135.8015647463439,-955.5695657781621,53.94069630266796,967.2267831470356,0.1358015647463439,-0.955569565778162,0.053940696302667956,0.9672267831470355,0.9668345443044608,0.9668345443044608,9.48140798390334,-0.03316545569553925,-0.3252420160966599,1.331758414919733,1.162088025,0.16967038991973302,-0.004347329262781141,-9.370936282238413,-9.5516771,0.18074081776158718,0.049033250000000805,0.5289775293965587,0.4397574742895365,0.08922005510702224,0.01526597073721906,0.1358015647463439,1.331758414919733,-0.004347329262781141,-0.004347329262781141,-0.06445100710463485,9.48140798390334,0.9668345443044608,43.661690311826824,-79.39619405669579,108.33427826311265,-105.25997749667093,68.34818933779773,1.0,3.654890811042132,384.0,3.654890811042132,3.654890811042132,13.157606919751677,0.6,2.432386805458112,-0.06572173688735745,3.654890811042132,13.157606919751677,0.09128099513900473,0.0778313444349043,0.0778313444349043,-1.7757647302634396,0.0,0.0,0.0,7.5695304954552,0.0012615884159091998,4.541718297273119,17093.542469101227,4.748206241416998,0.3449621389335041,180498.33042132412,1783556786498330.5,1783556786657217.2
385.0,311.9274117998739,24288.0,141.47564779735126,-948.8147050031532,46.105057803657786,960.7421168030271,0.14147564779735125,-0.9488147050031532,0.046105057803657784,0.9607421168030271,0.9604588873081382,0.9604588873081382,9.418884147220352,-0.03954111269186182,-0.3877658527796467,1.3874021614718945,1.162088025,0.22531413647189438,-0.020245542563398673,-9.304693726819172,-9.5516771,0.24698337318082705,0.049033250000000805,0.45213616511024063,0.43710777207276685,0.01502839303747372,-0.0006322425633984996,0.14147564779735125,1.3874021614718945,-0.020245542563398673,-0.020245542563398673,-0.09094802927233073,9.418884147220352,0.9604588873081382,43.661681395410604,-79.3961924355292,108.3072588200126,-105.12942160044692,67.36256868844785,1.0,3.691266215773345,385.0,3.691266215773345,3.691266215773345,13.288558376784042,0.6,3.4323868054581075,-0.09274117998739484,3.691266215773345,13.288558376784042,0.1254478026869702,0.07572436890964437,0.07572436890964437,-2.5058150356995386,0.0,0.0,0.0,7.576092977795336,0.0012626821629658893,4.545655786677202,17094.7709657953,4.748547490498685,0.3420353646489764,180660.4470799243,1783556786660447.0,1783556786927411.8
386.0,305.6312287236702,24288.0,142.9606048645895,-955.4527788741262,60.65353495486317,968.2795463515579,0.1429606048645895,-0.9554527788741263,0.06065353495486317,0.9682795463515579,0.9681369701777306,0.9681369701777306,9.49418041859344,-0.03186302982226945,-0.31246958140655867,1.4019646156953267,1.161129234940213,0.24083538075511374,-0.036350229820638555,-9.36979099394595,-9.539952869880425,0.17016187593447574,0.049033250000000805,0.5948079885651089,0.43831350511957423,0.15649448344553465,-0.14433275452170294,0.1429606048645895,1.4019646156953267,-0.036350229820638555,-0.036350229820638555,-0.014927655986902127,9.49418041859344,0.9681369701777306,43.66167254722112,-79.39619024015121,108.3,-104.9526232732501,66.38448982346009,1.0,3.708690343479032,386.0,3.708690343479032,3.708690343479032,13.351285236524516,0.6015866162612842,0.7313482744356138,0.0,3.708690343479032,13.351285236524516,0.11595383524126573,0.07037526188079882,0.07037526188079882,0.0,0.0,0.0,0.0,7.423171283240501,0.0012404445172093782,4.465600261953762,17100.442872807558,4.750123020224312,0.33993909315821474,181423.10540727188,1783556787423105.5,1783556787195538.8
387.0,303.75965628113437,24288.0,133.33537516011964,-964.2759061032236,57.44512505337321,975.4984686299102,0.13333537516011962,-0.9642759061032237,0.05744512505337321,0.9754984686299103,0.9753732308037043,0.9753732308037043,9.565143893861146,-0.024626769196295726,-0.24150610613885345,1.3075733568139871,1.1598182452335277,0.14775511158045956,-0.032417260700582824,-9.456316314587177,-9.537330890467056,0.0810145758798772,0.049033250000000805,0.5633442356046624,0.44093548453294473,0.12240875107171761,-0.13384483686822077,0.13333537516011962,1.3075733568139871,-0.032417260700582824,-0.032417260700582824,-0.0018720759115664273,9.565143893861146,0.9753732308037043,43.6616637240939,-79.39618783384378,108.3,-104.75883836208313,65.40918133949809,1.0,3.7191529544183264,387.0,3.7191529544183264,3.7191529544183264,13.388950635905976,0.6023887187366567,1.7313482744356081,0.0,3.7191529544183264,13.388950635905976,0.09042162315680913,0.06383519802141024,0.06383519802141024,0.0,0.0,0.0,0.0,7.377714531756191,0.001234479220496735,4.444125193788246,17101.619553288838,4.7504498759135565,0.33814789657694605,181584.59537231355,1783556787584595.2,1783556787462906.2
388.0,301.88808383859856,24288.0,123.71014545564975,-973.099033332321,54.23671515188325,982.7173909082627,0.12371014545564976,-0.9730990333323211,0.05423671515188325,0.9827173909082627,0.982609491429678,0.982609491429678,9.636107369128851,-0.017390508570322,-0.1705426308711482,1.2131820979326478,1.1585072555268423,0.05467484240580539,-0.02848429158052709,-9.542841635228406,-9.534708911053684,-0.008132724174721329,0.049033250000000805,0.5318804826442158,0.4435574639463153,0.08832301869790059,-0.12335691921473857,0.12371014545564976,1.2131820979326478,-0.02848429158052709,-0.02848429158052709,0.01118350416376927,9.636107369128851,0.982609491429678,43.66165490096667,-79.39618542753635,108.3,-104.56505345091615,64.4338728555361,1.0,3.7296155653576206,388.0,3.7296155653576206,3.7296155653576206,13.426616035287434,0.6031908212120292,2.7313482744356024,0.0,3.7296155653576206,13.426616035287434,0.06488941107235252,0.057295134162021685,0.057295134162021685,0.0,0.0,0.0,0.0,7.332257780271881,0.0012285139237840916,4.42265012562273,17102.79623377012,4.750776731602801,0.3363566999956774,181746.0853373552,1783556787746085.2,1783556787730273.8
389.0,300.01651139606275,24288.0,114.08491575117988,-981.9221605614184,51.028305250393295,989.936313186615,0.11408491575117988,-0.9819221605614185,0.05102830525039329,0.9899363131866151,0.9898457520556517,0.9898457520556517,9.707070844396556,-0.010154247944348275,-0.09957915560344294,1.1187908390513082,1.157196265820157,-0.03840542676884878,-0.024551322460471356,-9.629366955869633,-9.532086931640313,-0.09728002422931986,0.049033250000000805,0.5004167296837694,0.44617944335968585,0.05423728632408356,-0.1128690015612564,0.11408491575117988,1.1187908390513082,-0.024551322460471356,-0.024551322460471356,0.02423908423910497,9.707070844396556,0.9898457520556517,43.661646077839436,-79.39618302122894,108.3,-104.37126853974918,63.458564371574084,1.0,3.740078176296915,389.0,3.740078176296915,3.740078176296915,13.464281434668894,0.6039929236874017,3.7313482744355966,0.0,3.740078176296915,13.464281434668894,0.039357198987895914,0.05075507030263312,0.05075507030263312,0.0,0.0,0.0,0.0,7.286801028787572,0.0012225486270714483,4.4011750574572135,17103.9729142514,4.751103587292045,0.3345655034144087,181907.57530239687,1783556787907575.2,1783556787997641.2
390.0,300.0,24288.0,106.94679906453112,-978.3427847001273,71.89837314213001,987.6489330215104,0.10694679906453113,-0.9783427847001273,0.07189837314213002,0.9876489330215104,0.9875013106410381,0.9875013106410381,9.684079727997936,-0.012498689358961881,-0.12257027200206352,1.0487898270461842,1.1546229121128215,-0.10583308506663745,-0.02451662500000018,-9.594265269579502,-9.534625587887177,-0.05963968169232418,0.049033250000000805,0.7050821809742692,0.45388793866153504,0.25119424231273424,-0.08459680824103794,0.10694679906453113,1.0487898270461842,-0.02451662500000018,-0.02451662500000018,0.017992207233828203,9.684079727997936,0.9875013106410381,43.66163737942108,-79.39617986524402,108.3,-104.11711055139762,62.49704120624014,1.0,3.754304795713087,390.0,3.754304795713087,3.740170479597147,13.464613726549729,0.6024326220143402,3.754304795713087,0.0,3.740170479597147,13.464613726549729,0.028909522786010392,0.04874142735385006,0.04874142735385006,0.0,0.0,0.0,0.0,7.2863999999999995,0.0012193236269570245,4.389565057045289,17105.121542615834,4.75142265072661,0.3335447490422893,182065.21533923742,1783556788065215.2,1783556788261229.8
391.0,300.0,24288.0,99.83081949739557,-974.6530175171681,92.98275704475387,985.2769398324652,0.09983081949739557,-0.974653017517168,0.09298275704475387,0.9852769398324652,0.9850715939918159,0.9850715939918159,9.66025234721984,-0.014928406008184151,-0.1463976527801591,0.9790059060241343,1.1520383224453383,-0.17303241642120398,-0.02451662500000018,-9.558081014234736,-9.53721017755466,-0.020870836680074112,0.049033250000000805,0.9118493543729354,0.46164170766398505,0.4502076467089504,-0.05616632189872135,0.09983081949739557,0.9790059060241343,-0.02451662500000018,-0.02451662500000018,0.011573524284780335,9.66025234721984,0.9850715939918159,43.66162868211272,-79.39617670258644,108.3,-103.8624151986338,61.535640740294525,1.0,3.7685649175494964,391.0,3.7685649175494964,3.740170479597147,13.464613726549729,0.6008512932216434,3.7685649175494964,0.0,3.740170479597147,13.464613726549729,0.018596109953437436,0.04676807285193177,0.04676807285193177,0.0,0.0,0.0,0.0,7.2863999999999995,0.0012161230174806063,4.378042862930182,17106.269921295974,4.751741644804427,0.3325308521676538,182222.82110890953,1783556788222821.0,1783556788524784.5
392.0,300.0,24288.0,92.71483993026003,-970.9632503342089,114.06714094737771,982.90494664342,0.09271483993026002,-0.9709632503342088,0.11406714094737772,0.98290494664342,0.9826418773425936,0.9826418773425936,9.636424966441744,-0.01735812265740642,-0.1702250335582547,0.9092219850020844,1.149453732777855,-0.24023174777577053,-0.02451662500000018,-9.521896758889968,-9.539794767222144,0.01789800833217596,0.049033250000000805,1.1186165277716014,0.469395476666435,0.6492210511051666,-0.02773583555640477,0.09271483993026002,0.9092219850020844,-0.02451662500000018,-0.02451662500000018,0.005154841335732463,9.636424966441744,0.9826418773425936,43.66161998480436,-79.39617353992885,108.3,-103.60771984586997,60.5742402743489,1.0,3.782825039385906,392.0,3.782825039385906,3.740170479597147,13.464613726549729,0.5992699644289466,3.782825039385906,0.0,3.740170479597147,13.464613726549729,0.008282697120864477,0.044794718350013474,0.044794718350013474,0.0,0.0,0.0,0.0,7.2863999999999995,0.0012129224080041881,4.366520668815077,17107.418299976114,4.752060638882243,0.33151695529301833,182380.42687858164,1783556788380427.0,1783556788788339.2
393.0,302.2123646431685,24288.0,152.69891714534785,-952.3629060704945,17.805798297422502,964.7345441960395,0.15269891714534783,-0.9523629060704946,0.0178057982974225,0.9647345441960393,0.9648836266481483,0.9648836266481483,9.462276017269062,-0.035116373351851735,-0.34437398273093683,1.4974648358234253,1.157445023215991,0.34001981260743425,-0.02451662500000018,-9.339489692816215,-9.5320638,0.19257410718378448,0.049033250000000805,0.17461523187341838,0.47562252499999996,-0.3010072931265816,-0.004903325000000014,0.15269891714534783,1.4974648358234253,-0.02451662500000018,-0.02451662500000018,0.0,9.462276017269062,0.9648836266481483,43.66161130108286,-79.3961703098149,108.29469088392078,-103.34759209278366,59.61434169932986,1.0,3.789735206665823,393.0,3.789735206665823,3.74304307544753,13.474955071611108,0.6019469088392079,0.19690045813882867,-0.00530911607921172,3.74304307544753,13.474955071611108,0.002872595850383193,0.043078033479058406,0.043078033479058406,-0.14315209730325976,0.0,0.0,0.0,7.340133912453276,0.0012273238986094989,4.418366034994196,17112.99336068192,4.753609266856079,0.32661175123723263,183140.90778763607,1783556789140907.8,1783556789053091.2
394.0,303.29090272873634,24288.0,161.32722182989053,-949.1272918137911,-3.495328892542247,963.3863715890797,0.16132722182989054,-0.949127291813791,-0.003495328892542251,0.9633863715890796,0.9635847900246705,0.9635847900246705,9.449538781095434,-0.036415209975329516,-0.3571112189045652,1.5820795999580957,1.1587671289055952,0.42331247105250047,-0.02451662500000018,-9.307759156265714,-9.5320638,0.22430464373428624,0.049033250000000805,-0.03427746708404947,0.47562252499999996,-0.5098999920840495,-0.004903325000000014,0.16132722182989054,1.5820795999580957,-0.02451662500000018,-0.02451662500000018,0.0,9.449538781095434,0.9635847900246705,43.66160267277817,-79.39616680456614,108.2677274317816,-103.06530716316546,58.6605688993672,1.0,3.7666670529564725,394.0,3.7666670529564725,3.757632151966376,13.527475747078954,0.6016772743178159,1.196900458138834,-0.03227256821840607,3.757632151966376,13.527475747078954,0.01746167236922921,0.0424082291739723,0.0424082291739723,-0.8701798485659217,0.0,0.0,0.0,7.3663294454755475,0.0012311477187770554,4.4321317875974,17114.19773960592,4.75394381655719,0.32537286124481074,183302.95813499263,1783556789302958.2,1783556789322725.8
395.0,304.36944081430414,24288.0,169.95552651443322,-945.8916775570875,-24.796456082506992,962.0381989821199,0.16995552651443321,-0.9458916775570875,-0.024796456082507003,0.9620381989821197,0.9622859534011927,0.9622859534011927,9.436801544921805,-0.037714046598807296,-0.3698484550781936,1.6666943640927663,1.1600892345951994,0.5066051294975668,-0.02451662500000018,-9.27602861971521,-9.5320638,0.256035180284788,0.049033250000000805,-0.24317016604151728,0.47562252499999996,-0.7187926910415172,-0.004903325000000014,0.16995552651443321,1.6666943640927663,-0.02451662500000018,-0.02451662500000018,0.0,9.436801544921805,0.9622859534011927,43.66159404447349,-79.39616329931735,108.2407639796424,-102.78302223354724,57.70679609940453,1.0,3.7435988992471216,395.0,3.7435988992471216,3.772221228485222,13.5799964225468,0.601407639796424,2.196900458138839,-0.05923602035760042,3.772221228485222,13.5799964225468,0.03205074888807523,0.0417384248688862,0.0417384248688862,-1.5972075998285837,0.0,0.0,0.0,7.392524978497819,0.001234971538944612,4.445897540200604,17115.40211852992,4.754278366258301,0.3241339712523888,183465.0084823492,1783556789465008.5,1783556789592360.2
396.0,305.447978899872,24288.0,178.5838311989759,-942.6560633003841,-46.09758327247174,960.69002637516,0.1785838311989759,-0.942656063300384,-0.04609758327247176,0.96069002637516,0.960987116777715,0.960987116777715,9.424064308748177,-0.03901288322228508,-0.38258569125182196,1.7513091282274367,1.1614113402848039,0.589897787942633,-0.02451662500000018,-9.24429808316471,-9.5320638,0.2877657168352898,0.049033250000000805,-0.45206286499898507,0.47562252499999996,-0.927685389998985,-0.004903325000000014,0.1785838311989759,1.7513091282274367,-0.02451662500000018,-0.02451662500000018,0.0,9.424064308748177,0.960987116777715,43.6615854161688,-79.39615979406858,108.2138005275032,-102.50073730392903,56.753023299441864,1.0,3.720530745537771,396.0,3.720530745537771,3.7868103050040682,13.632517098014645,0.601138005275032,3.1969004581388445,-0.08619947249679477,3.7868103050040682,13.632517098014645,0.04663982540692125,0.041068620563800104,0.041068620563800104,-2.3242353510912457,0.0,0.0,0.0,7.418720511520091,0.0012387953591121686,4.459663292803807,17116.60649745392,4.754612915959412,0.3228950812599669,183627.05882970575,1783556789627058.8,1783556789861994.8
397.0,311.3680939134666,24288.0,108.41712696159952,-970.4122928672803,-80.54350817890621,980.2748619115201,0.10841712696159954,-0.9704122928672801,-0.0805435081789062,0.9802748619115201,0.9801875732417227,0.9801875732417227,9.612356465130938,-0.01981242675827735,-0.1942935348690606,1.06320881811797,1.1614683368176497,-0.09825951869967989,-0.02451662500000018,-9.516493711846913,-9.5320638,0.015570088153087303,0.049033250000000805,-0.7898619944826705,0.4725240840882487,-1.2623860785709191,-0.01171989500585276,0.10841712696159954,1.06320881811797,-0.02451662500000018,-0.02451662500000018,0.0,9.612356465130938,0.9801875732417227,43.66157682941983,-79.39615610428174,108.2,-102.20359114303781,55.80384406806484,1.0,3.728187414073699,397.0,3.728187414073699,3.8002536375403855,13.680913095145389,0.6053680939134666,0.48817653496456886,0.0,3.8002536375403855,13.680913095145389,0.05324506747799087,0.04072579900347528,0.04072579900347528,0.0,0.0,0.0,0.0,7.562508264970277,0.001271713403866073,4.5781682539178625,17122.38146049344,4.756217072359279,0.3220224587190634,184391.9551116013,1783556790391955.0,1783556790126381.2
398.0,310.07367265133195,24288.0,92.88407181598326,-977.4021676828075,-65.26933728571687,984.934778455205,0.09288407181598327,-0.9774021676828075,-0.06526933728571688,0.984934778455205,0.9848729102276516,0.9848729102276516,9.658303925083999,-0.01512708977234842,-0.14834607491600063,0.9108815828742122,1.1601989431906186,-0.24931736031640625,-0.02451662500000018,-9.585040967706604,-9.5320638,-0.0529771677066037,0.049033250000000805,-0.6400735464929753,0.46617711595309214,-1.1062506624460675,-0.025683224903197216,0.09288407181598327,0.9108815828742122,-0.02451662500000018,-0.02451662500000018,0.0,9.658303925083999,0.9848729102276516,43.6615682862395,-79.39615222101796,108.2,-101.89086388322015,54.8594809145244,1.0,3.768057193764831,398.0,3.768057193764831,3.8124957270566466,13.724984617403928,0.6040736726513319,1.4881765349645744,0.0,3.8124957270566466,13.724984617403928,0.05147974374210958,0.04072579900347528,0.04072579900347528,0.0,0.0,0.0,0.0,7.5310693613555495,0.001263740148588227,4.549464534917616,17123.54160005129,4.75653933334757,0.32153384536897334,184547.5445473099,1783556790547544.5,1783556790385265.5
399.0,308.77925138919727,24288.0,77.35101667036699,-984.3920424983348,-49.99516639252755,989.5946949988898,0.077351016670367,-0.9843920424983348,-0.049995166392527546,0.9895946949988899,0.9895582472135805,0.9895582472135805,9.70425138503706,-0.010441752786419489,-0.10239861496294067,0.7585543476304545,1.1589295495635872,-0.40037520193313264,-0.02451662500000018,-9.653588223566294,-9.5320638,-0.1215244235662947,0.049033250000000805,-0.4902850985032803,0.4598301478179356,-0.9501152463212158,-0.039646554800541675,0.077351016670367,0.7585543476304545,-0.02451662500000018,-0.02451662500000018,0.0,9.70425138503706,0.9895582472135805,43.66155974305917,-79.39614833775417,108.2,-101.5781366234025,53.915117760983954,1.0,3.807926973455963,399.0,3.807926973455963,3.824737816572908,13.769056139662469,0.6027792513891972,2.48817653496458,0.0,3.824737816572908,13.769056139662469,0.04971442000622828,0.04072579900347528,0.04072579900347528,0.0,0.0,0.0,0.0,7.499630457740823,0.0012557668933103807,4.520760815917371,17124.70173960914,4.756861594335862,0.32104523201888335,184703.1339830185,1783556790703134.0,1783556790644149.8
400.0,307.48483012706254,24288.0,61.817961524750736,-991.3819173138621,-34.72099549933822,994.2546115425748,0.061817961524750734,-0.9913819173138622,-0.03472099549933822,0.9942546115425748,0.9942435841995094,0.9942435841995094,9.750198844990118,-0.005756415800490557,-0.05645115500988071,0.6062271123866968,1.1576601559365558,-0.551433043549859,-0.02451662500000018,-9.722135479425985,-9.5320638,-0.1900716794259857,0.049033250000000805,-0.34049665051358524,0.45348317968277896,-0.7939798301963641,-0.05360988469788613,0.061817961524750734,0.6062271123866968,-0.02451662500000018,-0.02451662500000018,0.0,9.750198844990118,0.9942435841995094,43.66155119987884,-79.39614445449038,108.2,-101.26540936358484,52.9707546074435,1.0,3.8477967531470947,400.0,3.8477967531470947,3.8369799060891694,13.813127661921008,0.6014848301270626,3.4881765349645857,0.0,3.8369799060891694,13.813127661921008,0.047949096270346984,0.04072579900347528,0.04072579900347528,0.0,0.0,0.0,0.0,7.468191554126095,0.0012477936380325347,4.492057096917125,17125.861879166987,4.757183855324153,0.3205566186687933,184858.72341872708,1783556790858723.5,1783556790903034.0
401.0,305.5347072388017,24288.0,67.72234208958672,-989.9297423300046,-18.742950671611617,993.0694144776033,0.06772234208958672,-0.9899297423300046,-0.018742950671611622,0.9930694144776033,0.9930695686605154,0.9930695686605154,9.738685685504644,-0.0069304313394845975,-0.06796431449535663,0.6641293060528456,1.1571847,-0.4930553939471543,-0.026911560542767752,-9.707894507620539,-9.5320638,-0.17583070762053893,0.04584000260964405,-0.18380555720376007,0.45030758815241073,-0.6341131453561708,-0.0588399,0.06772234208958672,0.6641293060528456,-0.026911560542767752,-0.026911560542767752,-0.00399155923794595,9.738685685504644,0.9930695686605154,43.661542790070186,-79.39614006941447,108.2,-100.9122701367861,52.041134358561166,1.0,3.859284258692341,401.0,3.859284258692341,3.8450110880905273,13.842039917125897,0.6008371896932002,3.859284258692341,0.0,3.8450110880905273,13.842039917125897,0.04303479584870607,0.03900369317880344,0.03900369317880344,0.0,0.0,0.0,0.0,7.420826969416015,0.0012385385045202836,4.458738616273021,17127.003449007618,4.757500958057662,0.3205272493667476,185014.68618407988,1783556791014686.2,1783556791162810.2
402.0,303.1919121868546,24288.0,86.46470250516315,-983.4219782968183,-2.3433853079822455,988.3838243737092,0.08646470250516315,-0.9834219782968183,-0.0023433853079822473,0.9883838243737092,0.988386632993697,0.988386632993697,9.692761774447638,-0.011613367006302982,-0.11388822555236111,0.8479290748222581,1.1571847,-0.3092556251777418,-0.030740722392130437,-9.644075143464493,-9.5320638,-0.11201134346449278,0.04073445347716047,-0.022980759530524086,0.4490312008692898,-0.4720119603998139,-0.0588399,0.08646470250516315,0.8479290748222581,-0.030740722392130437,-0.030740722392130437,-0.010373495653550426,9.692761774447638,0.988386632993697,43.66153446013222,-79.39613538382437,108.2,-100.53492988031017,51.1203430160601,1.0,3.853774812338839,402.0,3.853774812338839,3.8505205344440294,13.861873923998505,0.6005768791318727,3.853774812338839,0.0,3.8505205344440294,13.861873923998505,0.03623470555050251,0.03625029050610419,0.03625029050610419,0.0,0.0,0.0,0.0,7.363925163194325,0.0012285157079737657,4.4226565487055565,17128.133898224554,4.757814971729033,0.3207729020363126,185170.87252087635,1783556791170872.5,1783556791423120.8
403.0,300.84911713490754,24288.0,105.20706292073957,-976.9142142636321,14.056180055647125,983.6982342698151,0.10520706292073959,-0.9769142142636321,0.014056180055647124,0.9836982342698151,0.9837036973268787,0.9837036973268787,9.646837863390633,-0.016296302673121363,-0.1598121366093656,1.0317288435916707,1.1571847,-0.12545585640832924,-0.03456988424149312,-9.580255779308446,-9.5320638,-0.04819197930844665,0.03562890434467689,0.13784403814271184,0.44775481358616886,-0.309910775443457,-0.0588399,0.10520706292073959,1.0317288435916707,-0.03456988424149312,-0.03456988424149312,-0.0167554320691549,9.646837863390633,0.9837036973268787,43.66152613019426,-79.39613069823427,108.2,-100.15758962383424,50.19955167355902,1.0,3.8482653659853363,403.0,3.8482653659853363,3.856029980797532,13.881707930871114,0.6003165685705453,3.8482653659853363,0.0,3.856029980797532,13.881707930871114,0.02943461525229895,0.03349688783340493,0.03349688783340493,0.0,0.0,0.0,0.0,7.307023356972635,0.0012184929114272477,4.386574481138092,17129.26434744149,4.758128985400405,0.32101855470587753,185327.05885767282,1783556791327058.8,1783556791683431.5
404.0,298.5063220829605,24288.0,123.949423336316,-970.4064502304458,30.455745419276496,979.012644165921,0.123949423336316,-0.9704064502304458,0.03045574541927649,0.9790126441659209,0.9790207616600602,0.9790207616600602,9.600913952333629,-0.020979238339939747,-0.20573604766637008,1.2155286123610831,1.1571847,0.05834391236108327,-0.03839904609085581,-9.5164364151524,-9.5320638,0.015627384847599485,0.030523355212193303,0.2986688358159478,0.44647842630304796,-0.14780959048710018,-0.0588399,0.123949423336316,1.2155286123610831,-0.03839904609085581,-0.03839904609085581,-0.023137368484759377,9.600913952333629,0.9790207616600602,43.66151780025629,-79.39612601264416,108.2,-99.78024936735831,49.27876033105795,1.0,3.842755919631834,404.0,3.842755919631834,3.861539427151034,13.901541937743723,0.6000562580092178,3.842755919631834,0.0,3.861539427151034,13.901541937743723,0.02263452495409539,0.030743485160705675,0.030743485160705675,0.0,0.0,0.0,0.0,7.250121550750944,0.0012084701148807296,4.350492413570627,17130.394796658427,4.758442999071776,0.32126420737544253,185483.2451944693,1783556791483245.2,1783556791943742.0
405.0,303.60220578535467,24288.0,97.36470743432538,-966.025734162471,50.82132259176175,972.6242636389013,0.09736470743432538,-0.9660257341624711,0.050821322591761746,0.9726242636389013,0.9725225525123581,0.9725225525123581,9.537188289595317,-0.027477447487641908,-0.26946171040468353,0.9548216081608268,1.1552161595450172,-0.2003945513841903,-0.058839899999999945,-9.473476265924395,-9.5320638,0.05858753407560398,0.027451409545018107,0.49838692319450034,0.4403149797725086,0.05807194342199175,-0.0588399,0.09736470743432538,0.9548216081608268,-0.058839899999999945,-0.058839899999999945,-0.026170649566000837,9.537188289595317,0.9725225525123581,43.66150957647162,-79.39612098529476,108.2,-99.37538652827523,48.369703173436044,1.0,3.854308811783619,405.0,3.854308811783619,3.8712251680581655,13.936410605009394,0.6004051468324942,0.7838811881817346,0.0,3.8712251680581655,13.936410605009394,0.025411402181981912,0.026937242449752007,0.026937242449752007,0.0,0.0,0.0,0.0,7.373890374114693,0.0012298343236701646,4.427403565212593,17135.95139257279,4.759986497936877,0.32037360678577004,186237.64556864163,1783556792237645.5,1783556792200735.2
406.0,304.3704418323907,24288.0,85.07293068174852,-974.9884880445584,58.247604379776945,981.0748601562979,0.08507293068174851,-0.9749884880445584,0.05824760437977694,0.9810748601562979,0.9808440560886477,0.9808440560886477,9.618794362641736,-0.019155943911352377,-0.18785563735826377,0.834280455670169,1.1527048855347952,-0.31842442986462616,-0.058839899999999945,-9.561370856282167,-9.5320638,-0.029307056282167537,0.024940135534795658,0.5712138694909396,0.43905934276739755,0.13215452672354194,-0.0588399,0.08507293068174851,0.834280455670169,-0.058839899999999945,-0.058839899999999945,-0.01778576138495894,9.618794362641736,0.9808440560886477,43.66150138195379,-79.39611586372112,108.2,-98.96293561597275,47.463881172024,1.0,3.8705658509160927,406.0,3.8705658509160927,3.882062328122104,13.975424381239574,0.6021976976089116,1.7838811881817305,0.0,3.882062328122104,13.975424381239574,0.030828683177385317,0.022840728022200538,0.022840728022200538,0.0,0.0,0.0,0.0,7.392549291225105,0.0012366396453829343,4.451902723378564,17137.10473755722,4.760306871543663,0.32037360678577004,186392.82925014294,1783556792392829.2,1783556792456814.0
407.0,305.1386778794268,24288.0,72.78115392917164,-983.9512419266457,65.67388616779213,989.5254566736945,0.07278115392917164,-0.9839512419266456,0.06567388616779213,0.9895254566736945,0.9891655596649371,0.9891655596649371,9.700400435688156,-0.010834440335062843,-0.10624956431184401,0.713739303179511,1.150193611524573,-0.4364543083450621,-0.058839899999999945,-9.649265446639939,-9.5320638,-0.11720164663993904,0.022428861524573213,0.6440408157873787,0.43780370576228655,0.20623711002509215,-0.0588399,0.07278115392917164,0.713739303179511,-0.058839899999999945,-0.058839899999999945,-0.009400873203917044,9.700400435688156,0.9891655596649371,43.66149318743595,-79.39611074214747,108.2,-98.55048470367028,46.558059170611955,1.0,3.8868228900485664,407.0,3.8868228900485664,3.8928994881860426,14.014438157469753,0.6039902483853291,2.7838811881817263,0.0,3.8928994881860426,14.014438157469753,0.03624596417278872,0.01874421359464907,0.01874421359464907,0.0,0.0,0.0,0.0,7.411208208335517,0.0012434449670957039,4.476401881544534,17138.258082541648,4.760627245150449,0.32037360678577004,186548.01293164422,1783556792548013.0,1783556792712892.8
408.0,305.90691392646283,24288.0,60.489377176594765,-992.913995808733,73.10016795580734,997.9760531910911,0.060489377176594764,-0.992913995808733,0.07310016795580732,0.9979760531910911,0.9974870632412267,0.9974870632412267,9.782006508734575,-0.0025129367587733084,-0.024643491265424255,0.5931981506888531,1.147682337514351,-0.5544841868254979,-0.058839899999999945,-9.737160036997711,-9.5320638,-0.20509623699771057,0.019917587514350767,0.7168677620838179,0.4365480687571755,0.28031969332664236,-0.0588399,0.060489377176594764,0.5931981506888531,-0.058839899999999945,-0.058839899999999945,-0.0010159850228751502,9.782006508734575,0.9974870632412267,43.66148499291812,-79.39610562057383,108.2,-98.1380337913678,45.65223716919991,1.0,3.90307992918104,408.0,3.90307992918104,3.903736648249981,14.05345193369993,0.6057827991617466,3.7838811881817223,0.0,3.903736648249981,14.05345193369993,0.04166324516819213,0.014647699167097596,0.014647699167097596,0.0,0.0,0.0,0.0,7.429867125445929,0.0012502502888084735,4.500901039710505,17139.41142752608,4.760947618757235,0.32037360678577004,186703.1966131455,1783556792703196.5,1783556792968971.2
409.0,307.0,24288.0,121.74651171384812,-968.6521636673027,-3.296997284243858,977.3478363326973,0.12174651171384812,-0.9686521636673027,-0.0032969972842438605,0.9773478363326973,0.9771663970612828,0.9771663970612828,9.582728847741029,-0.022833602938717158,-0.22392115225897058,1.1939254290986083,1.1397743598620076,0.05415106923660079,-0.0686465500000002,-9.499232740827953,-9.5320638,0.03283105917204597,-0.006608879586022982,-0.03233249841753005,0.44019777006899613,-0.47253026848652613,-0.019613299999999945,0.12174651171384812,1.1939254290986083,-0.0686465500000002,-0.0686465500000002,-0.012651730678856056,9.582728847741029,0.9771663970612828,43.66147703617895,-79.39609983329406,108.17753606112171,-97.67197218914289,44.772699221359886,1.0,3.9066531943265566,409.0,3.9066531943265566,3.9050497715830215,14.058179177698877,0.6016739181663486,0.8788314165986999,-0.022463938878290672,3.9050497715830215,14.058179177698877,0.032812989250315804,0.014151330317028199,0.014151330317028199,-0.5742040400428292,0.0,0.0,0.0,7.456416,0.001246203063943959,4.486331030198253,17145.044185578598,4.762512273771822,0.3202392014538437,187458.68219082485,1783556793458682.2,1783556793224639.5
410.0,307.0,24288.0,141.93981770936156,-967.1184948575168,12.2953022819121,978.8815051424832,0.14193981770936157,-0.9671184948575168,0.012295302281912099,0.9788815051424832,0.9788265122720743,0.9788265122720743,9.599009016572937,-0.021173487727925742,-0.20764098342706294,1.3919541133395104,1.1422810520675886,0.24967306127192174,-0.0686465500000002,-9.484192587594467,-9.5320638,0.047871212405532354,-0.014128956202765948,0.12057572612291326,0.4389444239662056,-0.3183686978432923,-0.019613299999999945,0.14193981770936157,1.3919541133395104,-0.0686465500000002,-0.0686465500000002,-0.00848086178437835,9.599009016572937,0.9788265122720743,43.66146911222343,-79.3960939542303,108.15197491429194,-97.19851903123349,43.89678517848868,1.0,3.9084776884368617,410.0,3.9084776884368617,3.9050497715830215,14.058179177698877,0.6024407525712415,1.8788314165986992,-0.04802508570805671,3.9050497715830215,14.058179177698877,0.02199560152108633,0.014151330317028199,0.014151330317028199,-1.2275762672956325,0.0,0.0,0.0,7.456416,0.0012477913518122907,4.492048866524247,17146.195376625565,4.762832049062647,0.32008626503237786,187613.07151767664,1783556793613071.5,1783556793480250.8
411.0,307.0,24288.0,162.133123704875,-965.584826047731,27.88760184806806,980.415173952269,0.16213312370487504,-0.965584826047731,0.027887601848068058,0.980415173952269,0.9804866274828656,0.9804866274828656,9.615289185404844,-0.019513372517134326,-0.1913608145951553,1.5899827975804124,1.1447877442731698,0.44519505330724274,-0.0686465500000002,-9.46915243436098,-9.5320638,0.06291136563901874,-0.021649032819508914,0.2734839506633566,0.4376910778634151,-0.16420712720005848,-0.019613299999999945,0.16213312370487504,1.5899827975804124,-0.0686465500000002,-0.0686465500000002,-0.004309992889900641,9.615289185404844,0.9804866274828656,43.661461188267914,-79.39608807516652,108.12641376746218,-96.72506587332407,43.020871135617476,1.0,3.9103021825471664,411.0,3.9103021825471664,3.9050497715830215,14.058179177698877,0.6032075869761345,2.8788314165986986,-0.07358623253782276,3.9050497715830215,14.058179177698877,0.011178213791856857,0.014151330317028199,0.014151330317028199,-1.880948494548436,0.0,0.0,0.0,7.456416,0.0012493796396806224,4.497766702850241,17147.34656767253,4.7631518243534705,0.31993332861091206,187767.46084452842,1783556793767460.8,1783556793735862.2
412.0,307.0,24288.0,182.32642970038847,-964.0511572379452,43.47990141422402,981.9488427620548,0.18232642970038848,-0.9640511572379451,0.04347990141422401,0.9819488427620549,0.9821467426936571,0.9821467426936571,9.631569354236753,-0.01785325730634291,-0.1750806457632477,1.7880114818213144,1.1472944364787507,0.6407170453425637,-0.0686465500000002,-9.454112281127495,-9.5320638,0.07795151887250512,-0.029169109436251877,0.4263921752037999,0.43643773176062456,-0.010045556556824708,-0.019613299999999945,0.18232642970038848,1.7880114818213144,-0.0686465500000002,-0.0686465500000002,-0.000139123995422933,9.631569354236753,0.9821467426936571,43.6614532643124,-79.39608219610275,108.10085262063241,-96.25161271541467,42.14495709274627,1.0,3.9121266766574716,412.0,3.9121266766574716,3.9050497715830215,14.058179177698877,0.6039744213810274,3.878831416598698,-0.0991473793675888,3.9050497715830215,14.058179177698877,0.00036082606262738404,0.014151330317028199,0.014151330317028199,-2.5343207218012394,0.0,0.0,0.0,7.456416,0.001250967927548954,4.503484539176235,17148.4977587195,4.763471599644295,0.3197803921894462,187921.85017138018,1783556793921850.2,1783556793991473.8
413.0,307.2514989974341,24288.0,169.92205213342731,-967.2694869666432,42.491006015395456,983.2574949871705,0.1699220521334273,-0.9672694869666432,0.042491006015395454,0.9832574949871704,0.983276880263519,0.983276880263519,9.642652217836238,-0.01672311973648104,-0.1639977821637618,1.6663660925542747,1.1449116873568128,0.5214544051974617,-0.0686465500000002,-9.48567331436143,-9.5320638,0.046390485638569116,-0.03435267528637337,0.4166944241408778,0.43516274367840646,-0.018468319537528637,-0.019613299999999945,0.1699220521334273,1.6663660925542747,-0.0686465500000002,-0.0686465500000002,0.0,9.642652217836238,0.983276880263519,43.66144570652907,-79.39607546102607,108.1,-95.70922306845505,41.309519724235045,1.0,3.894920173847882,413.0,3.894920173847882,3.906844911850483,14.064641682661739,0.6029940040102636,3.894920173847882,-0.07485010025659734,3.906844911850483,14.064641682661739,0.001795140267461642,0.01148985506366778,0.01148985506366778,-1.9132544028814318,0.0,0.0,0.0,7.4625244076496795,0.0012499553288877782,4.499839183996001,17149.66499171768,4.763795831032678,0.3198505287563632,188077.89939846046,1783556794077899.5,1783556794251499.0
414.0,307.5116765065905,24288.0,156.3928216572934,-970.6517945856766,40.92994096045693,984.5583825329526,0.1563928216572934,-0.9706517945856766,0.04092994096045693,0.9845583825329526,0.9843887298194471,0.9843887298194471,9.653555737283881,-0.015611270180552847,-0.1530942627161186,1.5336896645054963,1.142360217586644,0.3913294469188522,-0.0686465500000002,-9.518842421373625,-9.5320638,0.013221378626374722,-0.039455614826710894,0.4013856055198649,0.43388700879332204,-0.032501403273457116,-0.019613299999999945,0.1563928216572934,1.5336896645054963,-0.0686465500000002,-0.0686465500000002,0.0,9.653555737283881,0.9843887298194471,43.661438161381305,-79.39606869641084,108.1,-95.16445462025,40.475479090090545,1.0,3.87705696571723,414.0,3.87705696571723,3.9087019972788135,14.071327190203728,0.601953293973638,3.87705696571723,-0.048832349340953034,3.9087019972788135,14.071327190203728,0.0036522256957920714,0.008736539904698852,0.008736539904698852,-1.2482108515464239,0.0,0.0,0.0,7.468843598992071,0.0012488529810647166,4.49587073183298,17150.832778277752,4.764120216188254,0.3199283629346598,188234.0059039543,1783556794234006.0,1783556794511676.5
415.0,307.77185401574695,24288.0,142.86359118115953,-974.0341022047102,39.36887590551841,985.8592700787347,0.14286359118115954,-0.9740341022047101,0.03936887590551841,0.9858592700787346,0.9855005793753754,0.9855005793753754,9.664459256731524,-0.014499420624624655,-0.14219074326847536,1.401013236456718,1.1398087478164753,0.26120448864024265,-0.0686465500000002,-9.552011528385819,-9.5320638,-0.01994772838581968,-0.04455855436704842,0.38607678689885205,0.4326112739082376,-0.046534487009385596,-0.019613299999999945,0.14286359118115954,1.401013236456718,-0.0686465500000002,-0.0686465500000002,0.0,9.664459256731524,0.9855005793753754,43.66143061623354,-79.3960619317956,108.1,-94.61968617204495,39.64143845594605,1.0,3.8591937575865773,415.0,3.8591937575865773,3.910559082707144,14.078012697745718,0.6009125839370123,3.8591937575865773,-0.022814598425308724,3.910559082707144,14.078012697745718,0.005509311124122501,0.005983224745729926,0.005983224745729926,-0.5831673002114162,0.0,0.0,0.0,7.475162790334462,0.0012477506332416552,4.491902279669958,17152.00056483783,4.76444460134383,0.32000619711295647,188390.11240944816,1783556794390112.5,1783556794771854.0
416.0,304.9388659956529,24288.0,108.8471649891323,-978.9694329978264,45.877731991305836,985.9388659956529,0.10884716498913229,-0.9789694329978265,0.045877731991305834,0.985938865995653,0.9860703727726391,0.9860703727726391,9.670047021150802,-0.01392962722736086,-0.13660297884919836,1.067426050540674,1.1274649901081346,-0.06003893956746061,-0.05883990000000017,-9.600410590108135,-9.5320638,-0.0683467901081352,-0.03952635989186438,0.4499068604325393,0.43149259999999995,0.018414260432539346,-0.019163660162202202,0.10884716498913229,1.067426050540674,-0.05883990000000017,-0.05883990000000017,0.0157398842849915,9.670047021150802,0.9860703727726391,43.661423113556936,-79.39605508298993,108.1,-94.06813769549854,38.81209258376041,1.0,3.849158699292957,416.0,3.849158699292957,3.910345833773765,14.077245001585554,0.6040305670021735,0.12311411930727467,0.0,3.910345833773765,14.077245001585554,0.005077882170078825,0.0034597915474004954,0.0034597915474004954,0.0,0.0,0.0,0.0,7.4063551773024185,0.0012426842993692624,4.473663477729344,17157.63501088042,4.76600972524455,0.3204962278063627,189149.493036315,1783556795149493.0,1783556795030567.0
417.0,304.4423022815065,24288.0,107.60575570376628,-978.7211511407532,44.88460456301303,985.4423022815065,0.10760575570376628,-0.9787211511407532,0.04488460456301303,0.9854423022815065,0.9856452578908618,0.9856452578908618,9.66587806829542,-0.014354742109138193,-0.14077193170458008,1.0552519841723396,1.125030176834468,-0.06977819266212834,-0.05883990000000017,-9.597975776834467,-9.5320638,-0.0659119768344679,-0.041961173165531246,0.4401676073378717,0.43149259999999995,0.008675007337871717,-0.015511440251701852,0.10760575570376628,1.0552519841723396,-0.05883990000000017,-0.05883990000000017,0.011708736480907197,9.66587806829542,0.9856452578908618,43.66141591338308,-79.39604763453423,108.1,-93.46829816056913,38.01618536587451,1.0,3.894879992120264,417.0,3.894879992120264,3.895386534750348,14.023391525101253,0.6042788488592468,1.1231141193072764,0.0,3.895386534750348,14.023391525101253,-0.01165359393499468,0.002573703006572289,0.002573703006572289,0.0,0.0,0.0,0.0,7.39429463781323,0.0012411683565584687,4.468206083610487,17158.740449778652,4.76631679160517,0.32149222258976046,189299.7035598443,1783556795299703.5,1783556795278848.8
418.0,303.94573856736014,24288.0,106.36434641840027,-978.4728692836801,43.89147713472022,984.9457385673601,0.10636434641840027,-0.97847286928368,0.04389147713472022,0.9849457385673601,0.9852201430090844,0.9852201430090844,9.661709115440038,-0.014779856990915528,-0.14494088455996176,1.0430779178040048,1.122595363560801,-0.07951744575679606,-0.05883990000000017,-9.5955409635608,-9.5320638,-0.0634771635608006,-0.04439598643919811,0.430428354243204,0.43149259999999995,-0.001064245756795916,-0.011859220341201501,0.10636434641840027,1.0430779178040048,-0.05883990000000017,-0.05883990000000017,0.007677588676822894,9.661709115440038,0.9852201430090844,43.66140871320923,-79.39604018607851,108.1,-92.86845862563972,37.220278147988616,1.0,3.9406012849475713,418.0,3.9406012849475713,3.880427235726931,13.96953804861695,0.6045271307163199,2.123114119307278,0.0,3.880427235726931,13.96953804861695,-0.028385070040068183,0.0016876144657440824,0.0016876144657440824,0.0,0.0,0.0,0.0,7.382234098324043,0.0012396524137476747,4.4627486894916295,17159.845888676882,4.766623857965789,0.32248821737315825,189449.91408337356,1783556795449914.0,1783556795527130.8
419.0,303.4491748532137,24288.0,105.12293713303427,-978.2245874266068,42.89834970642742,984.4491748532137,0.10512293713303426,-0.9782245874266068,0.04289834970642742,0.9844491748532137,0.9847950281273071,0.9847950281273071,9.657540162584656,-0.015204971872692864,-0.14910983741534345,1.0309038514356703,1.1201605502871341,-0.08925669885146378,-0.05883990000000017,-9.593106150287133,-9.5320638,-0.06104235028713329,-0.04683079971286497,0.4206891011485364,0.43149259999999995,-0.010803498851463547,-0.008207000430701153,0.10512293713303426,1.0309038514356703,-0.05883990000000017,-0.05883990000000017,0.0036464408727385923,9.657540162584656,0.9847950281273071,43.66140151303537,-79.3960327376228,108.1,-92.2686190907103,36.42437093010272,1.0,3.9863225777748785,419.0,3.9863225777748785,3.8654679367035136,13.91568457213265,0.6047754125733932,3.12311411930728,0.0,3.8654679367035136,13.91568457213265,-0.045116546145141684,0.0008015259249158756,0.0008015259249158756,0.0,0.0,0.0,0.0,7.370173558834854,0.001238136470936881,4.457291295372771,17160.951327575112,4.766930924326409,0.32348421215655604,189600.12460690286,1783556795600124.5,1783556795775412.5
420.0,309.0247754868516,24288.0,106.52926574982007,-972.0743264605547,63.826571592038974,980.0247754868516,0.10652926574982007,-0.9720743264605547,0.06382657159203897,0.9800247754868515,0.9799800636536876,0.9799800636536876,9.610321491229435,-0.020019936346312345,-0.19632850877056396,1.044695223965473,1.1179581,-0.07326287603452718,-0.05835397094373395,-9.5327926935844,-9.5320638,-0.0007288935843989821,-0.048790285471866035,0.625924848303069,0.421442985471867,0.20448186283120204,-0.019734782264066445,0.10652926574982007,1.044695223965473,-0.05835397094373395,-0.05835397094373395,0.0008071911233657982,9.610321491229435,0.9799800636536876,43.66139433106186,-79.3960252567354,108.1,-91.66616776459313,35.63047557764399,1.0,4.023326373462162,420.0,4.023326373462162,3.8519362573810043,13.866970526571615,0.6010247754868515,0.09543359609784845,0.0,3.8519362573810043,13.866970526571615,-0.05875852258851291,-0.0007168870964302582,0.0007168870964302582,0.0,0.0,0.0,0.0,7.50559374702465,0.0012530689954276268,4.511048383539457,17166.574068685757,4.768492796857144,0.3244465935690542,190351.91484308464,1783556796351914.8,1783556796024775.5
421.0,309.2843851826465,24288.0,101.5966815297171,-972.8531555479394,62.00930372147472,980.2843851826465,0.1015966815297171,-0.9728531555479394,0.06200930372147472,0.9802843851826465,0.9801507458208819,0.9801507458208819,9.61199531150435,-0.019849254179118102,-0.19465468849564851,0.9963230969234002,1.1179581,-0.12163500307659994,-0.05326216809720002,-9.5404303978542,-9.5320638,-0.008366597854199796,-0.046244384048599096,0.6081035383402001,0.4188970840486,0.1892064542916001,-0.02100773297569996,0.1015966815297171,0.9963230969234002,-0.05326216809720002,-0.05326216809720002,0.009265335386711107,9.61199531150435,0.9801507458208819,43.66138732160007,-79.39601746844453,108.1,-91.03896060133822,34.85564967188956,1.0,3.977701458072746,421.0,3.977701458072746,3.8519362573810043,13.866970526571615,0.6012843851826465,1.09543359609785,0.0,3.8519362573810043,13.866970526571615,-0.04311670681286746,-0.008228781499898322,0.008228781499898322,0.0,0.0,0.0,0.0,7.511899147316117,0.001254664612001384,4.5167926032049825,17167.75078248815,4.768819661802254,0.3250903709754069,190508.19987995317,1783556796508200.0,1783556796284385.2
422.0,309.54399487844137,24288.0,96.66409730961414,-973.6319846353241,60.19203585091047,980.5439948784414,0.09666409730961413,-0.9736319846353241,0.06019203585091047,0.9805439948784413,0.9803214279880761,0.9803214279880761,9.613669131779266,-0.01967857201192386,-0.1929808682207331,0.9479509698813273,1.1179581,-0.17000713011867272,-0.048170365250666085,-9.548068102124,-9.5320638,-0.01600430212400061,-0.04369848262533216,0.5902822283773312,0.416351182625333,0.1739310457519982,-0.02228068368733347,0.09666409730961413,0.9479509698813273,-0.048170365250666085,-0.048170365250666085,0.017723479650056412,9.613669131779266,0.9803214279880761,43.661380312138284,-79.39600968015365,108.1,-90.41175343808332,34.080823766135126,1.0,3.9320765426833306,422.0,3.9320765426833306,3.8519362573810043,13.866970526571615,0.6015439948784413,2.0954335960978514,0.0,3.8519362573810043,13.866970526571615,-0.027474891037222005,-0.015740675903366384,0.015740675903366384,0.0,0.0,0.0,0.0,7.518204547607584,0.0012562602285751412,4.522536822870508,17168.927496290544,4.769146526747363,0.3257341483817595,190664.4849168217,1783556796664485.0,1783556796543995.0
423.0,309.80360457423626,24288.0,91.73151308951117,-974.4108137227088,58.37476798034622,980.8036045742363,0.09173151308951116,-0.9744108137227088,0.05837476798034622,0.9808036045742362,0.9804921101552704,0.9804921101552704,9.615342952054181,-0.019507889844729617,-0.19130704794581768,0.8995788428392546,1.1179581,-0.2183792571607455,-0.04307856240413215,-9.555705806393801,-9.5320638,-0.023642006393801422,-0.04115258120206522,0.5724609184144622,0.41380528120206606,0.15865563721239626,-0.02355363439896698,0.09173151308951116,0.8995788428392546,-0.04307856240413215,-0.04307856240413215,0.02618162391340172,9.615342952054181,0.9804921101552704,43.661373302676495,-79.39600189186277,108.1,-89.78454627482843,33.3059978603807,1.0,3.8864516272939156,423.0,3.8864516272939156,3.8519362573810043,13.866970526571615,0.6018036045742362,3.095433596097853,0.0,3.8519362573810043,13.866970526571615,-0.01183307526157655,-0.02325257030683445,0.02325257030683445,0.0,0.0,0.0,0.0,7.52450994789905,0.0012578558451488983,4.528281042536034,17170.104210092937,4.769473391692472,0.32637792578811214,190820.76995369024,1783556796820770.0,1783556796803604.5
424.0,310.38562052344867,24288.0,89.28540174482882,-976.4782120065531,55.2647076444811,982.4782120065531,0.08928540174482881,-0.9764782120065532,0.055264707644481104,0.9824782120065532,0.9821414526036909,0.9821414526036909,9.631517476175985,-0.01785854739630909,-0.1751325238240145,0.8755906850209254,1.1179581,-0.24236741497907469,-0.03733577724686128,-9.575980057774064,-9.5320638,-0.04391625777406377,-0.039856874251045483,0.5419616452217506,0.4109338886234306,0.13102775659832003,-0.024516625000000014,0.08928540174482881,0.8755906850209254,-0.03733577724686128,-0.03733577724686128,0.0336116250339735,9.631517476175985,0.9821414526036909,43.661366393247825,-79.39599394335721,108.1,-89.1444366914471,32.542229614548724,1.0,3.847869316787509,424.0,3.847869316787509,3.847869316787509,13.852329540435031,0.6021928102617243,3.847869316787509,0.0,3.847869316787509,13.852329540435031,-0.004066940593495452,-0.03087151583913747,0.03087151583913747,0.0,0.0,0.0,0.0,7.53864595127352,0.0012610401897132986,4.539744682967876,17171.29282764343,4.769803563234276,0.3273013261783911,190977.88340278107,1783556796977883.5,1783556797064270.0
425.0,311.96929501238037,24288.0,94.56431670793458,-982.5489642141248,48.13817244428831,988.5489642141248,0.09456431670793458,-0.9825489642141247,0.04813817244428831,0.9885489642141247,0.9883847279623276,0.9883847279623276,9.692743092471758,-0.011615272037672455,-0.11390690752824056,0.9273591564438666,1.1179581,-0.19059894355613344,-0.029570506533420075,-9.635513799910447,-9.5320638,-0.10344999991044643,-0.042445297822192495,0.47207420880077994,0.40705125326671,0.06502295553406995,-0.024516625000000014,0.09456431670793458,0.9273591564438666,-0.029570506533420075,-0.029570506533420075,0.037847369380377194,9.692743092471758,0.9883847279623276,43.66135979460412,-79.39598549709326,108.1,-88.46424159742293,31.81281553949737,1.0,3.831167119486598,425.0,3.831167119486598,3.831167119486598,13.792201630151753,0.6029846475061902,3.831167119486598,0.0,3.831167119486598,13.792201630151753,-0.02076913789440593,-0.03882305007357486,0.03882305007357486,0.0,0.0,0.0,0.0,7.577110237260695,0.0012691604278661465,4.568977540318127,17172.51842800927,4.770144007780341,0.3290934651454894,191137.57058041502,1783556797137570.5,1783556797328215.8
426.0,313.55296950131213,24288.0,99.84323167104036,-988.6197164216965,41.01163724409551,994.6197164216965,0.09984323167104035,-0.9886197164216964,0.04101163724409551,0.9946197164216964,0.9946280033209641,0.9946280033209641,9.753968708767532,-0.005371996679035821,-0.05268129123246662,0.9791276278668078,1.1179581,-0.13883047213319222,-0.021805235819978872,-9.69504754204683,-9.5320638,-0.16298374204682908,-0.045033721393339506,0.40218677237980927,0.4031686179099894,-0.0009818455301801587,-0.024516625000000014,0.09984323167104035,0.9791276278668078,-0.021805235819978872,-0.021805235819978872,0.042083113726780884,9.753968708767532,0.9946280033209641,43.661353195960416,-79.39597705082933,108.1,-87.78404650339876,31.083401464446016,1.0,3.814464922185688,426.0,3.814464922185688,3.814464922185688,13.732073719868476,0.603776484750656,3.814464922185688,0.0,3.814464922185688,13.732073719868476,-0.03747133519531641,-0.04677458430801225,0.04677458430801225,0.0,0.0,0.0,0.0,7.615574523247869,0.0012772806660189943,4.59821039766838,17173.744028375106,4.770484452326407,0.3308856041125878,191297.25775804897,1783556797297257.8,1783556797592161.5
427.0,315.13664399024384,24288.0,105.12214663414613,-994.690468629268,33.88510204390272,1000.690468629268,0.10512214663414612,-0.994690468629268,0.033885102043902715,1.0006904686292681,1.0008712786796008,1.0008712786796008,9.815194325063308,0.0008712786796008128,0.008544325063307323,1.0308960992897491,1.1179581,-0.087062000710251,-0.014039965106537666,-9.754581284183212,-9.5320638,-0.2225174841832117,-0.04762214496448652,0.33229933595883854,0.3992859825532688,-0.06698664659443024,-0.024516625000000014,0.10512214663414612,1.0308960992897491,-0.014039965106537666,-0.014039965106537666,0.046318858073184574,9.815194325063308,1.0008712786796008,43.66134659731671,-79.3959686045654,108.1,-87.10385140937458,30.353987389394664,1.0,3.7977627248847776,427.0,3.7977627248847776,3.7977627248847776,13.671945809585198,0.6045683219951219,3.7977627248847776,0.0,3.7977627248847776,13.671945809585198,-0.05417353249622689,-0.05472611854244963,0.05472611854244963,0.0,0.0,0.0,0.0,7.654038809235042,0.0012854009041718421,4.6274432550186315,17174.969628740942,4.770824896872473,0.3326777430796861,191456.94493568293,1783556797456945.0,1783556797856107.2
428.0,311.25616595694277,24288.0,124.20683830140058,-987.334921279872,24.665078720128037,996.2068383014006,0.12420683830140057,-0.987334921279872,0.024665078720128034,0.9962068383014006,0.9954411513239103,0.9954411513239103,9.761942966630626,-0.004558848676089651,-0.04470703336937457,1.2180529908284299,1.1167020350591736,0.10135095576925629,-0.009806650000000028,-9.682448005769256,-9.5320638,-0.1503842057692565,-0.047777185059172625,0.24188179423074357,0.38183131752958677,-0.1399495232988432,-0.037342502588760304,0.12420683830140057,1.2180529908284299,-0.009806650000000028,-0.009806650000000028,0.0,9.761942966630626,0.9954411513239103,43.66134018217448,-79.3959599013447,108.1,-86.4029630565422,29.64485756685122,1.0,3.7582348203146574,428.0,3.7582348203146574,3.7582348203146574,13.529645353132766,0.6008719170215286,0.4548399839802074,0.0,3.7582348203146574,13.529645353132766,-0.08559648674125692,-0.059407327908436836,0.059407327908436836,0.0,0.0,0.0,0.0,7.559789758762227,0.001261794427713836,4.5424599397698096,17180.76169457179,4.772433804047709,0.3425386414028348,192221.84978708284,1783556798221849.8,1783556798128083.0
429.0,311.819366128355,24288.0,120.26443710151518,-983.6741201656927,28.325879834307333,992.2644371015152,0.12026443710151519,-0.9836741201656927,0.02832587983430733,0.9922644371015151,0.9914439372074058,0.9914439372074058,9.722743686815004,-0.008556062792594262,-0.08390631318499452,1.1793912421015738,1.113940481578684,0.06545076052288992,-0.009806650000000028,-9.64654781052289,-9.5320638,-0.11448401052288984,-0.045015631578682956,0.27778198947710997,0.3804505407893419,-0.10266855131223193,-0.03320017236802574,0.12026443710151519,1.1793912421015738,-0.009806650000000028,-0.009806650000000028,0.0,9.722743686815004,0.9914439372074058,43.661333986972586,-79.39595089014195,108.1,-85.67727227274354,28.96003995038384,1.0,3.6913485845097727,429.0,3.6913485845097727,3.6913485845097727,13.288854904235182,0.6005903169358225,1.4548399839802075,0.0,3.6913485845097727,13.288854904235182,-0.13466337813810275,-0.060168806335044234,0.060168806335044234,0.0,0.0,0.0,0.0,7.573468764525486,0.0012634834049532163,4.548540257831578,17182.04615321296,4.7727905981147005,0.3471426678967315,192390.80983850648,1783556798390809.8,1783556798409683.0
430.0,312.3825662997672,24288.0,116.32203590162979,-980.0133190515133,31.98668094848663,988.3220359016298,0.11632203590162979,-0.9800133190515133,0.031986680948486626,0.9883220359016298,0.9874467230909011,0.9874467230909011,9.683544406999385,-0.012553276909098873,-0.12310559300061447,1.1407294933747176,1.111178928098194,0.029550565276523555,-0.009806650000000028,-9.610647615276523,-9.5320638,-0.07858381527652315,-0.04225407809819329,0.31368218472347636,0.37906976404909704,-0.06538757932562068,-0.02905784214729118,0.11632203590162979,1.1407294933747176,-0.009806650000000028,-0.009806650000000028,0.0,9.683544406999385,0.9874467230909011,43.6613277917707,-79.39594187893921,108.1,-84.95158148894487,28.275222333916464,1.0,3.624462348704888,430.0,3.624462348704888,3.624462348704888,13.048064455337595,0.6003087168501164,2.4548399839802078,0.0,3.624462348704888,13.048064455337595,-0.1837302695349486,-0.06093028476165164,0.06093028476165164,0.0,0.0,0.0,0.0,7.5871477702887455,0.0012651723821925965,4.554620575893347,17183.33061185413,4.773147392181692,0.35174669439062817,192559.76988993015,1783556798559770.0,1783556798691283.2
431.0,312.94576647117935,24288.0,112.3796347017444,-976.352517937334,35.64748206266592,984.3796347017444,0.11237963470174439,-0.976352517937334,0.03564748206266592,0.9843796347017444,0.9834495089743965,0.9834495089743965,9.644345127183765,-0.016550491025603485,-0.1623048728162344,1.1020677446478617,1.1084173746177044,-0.006349629969842813,-0.009806650000000028,-9.574747420030157,-9.5320638,-0.04268362003015648,-0.03949252461770362,0.34958237996984276,0.37768898730885214,-0.028106607339009437,-0.024915511926556617,0.11237963470174439,1.1020677446478617,-0.009806650000000028,-0.009806650000000028,0.0,9.644345127183765,0.9834495089743965,43.66132159656882,-79.39593286773646,108.1,-84.2258907051462,27.590404717449086,1.0,3.557576112900003,431.0,3.557576112900003,3.557576112900003,12.80727400644001,0.6000271167644103,3.454839983980208,0.0,3.557576112900003,12.80727400644001,-0.23279716093179442,-0.061691763188259044,0.061691763188259044,0.0,0.0,0.0,0.0,7.6008267760520045,0.0012668613594319768,4.560700893955116,17184.6150704953,4.773504186248684,0.35635072088452485,192728.7299413538,1783556798728730.0,1783556798972883.2
432.0,314.2239024496518,24288.0,112.06959346759514,-976.4130081655061,37.44780489930364,983.6717073489555,0.11206959346759514,-0.976413008165506,0.03744780489930365,0.9836717073489555,0.9835478435198899,0.9835478435198899,9.645309459654326,-0.016452156480110156,-0.16134054034567225,1.0990272787789919,1.1179581,-0.018930821221008202,-0.007269677652626032,-9.575340626526259,-9.5320638,-0.043276826526260116,-0.03668962765262528,0.36723751591575604,0.386264808521061,-0.019027292605304925,-0.024516625000000014,0.11206959346759514,1.0990272787789919,-0.007269677652626032,-0.007269677652626032,0.00418642301546864,9.645309459654326,0.9835478435198899,43.661315308617965,-79.3959239803253,108.1,-83.5101691142878,26.89533463012699,1.0,3.5361641859927273,432.0,3.5361641859927273,3.5361641859927273,12.730191069573818,0.6022934959172469,0.9037047011462352,0.0,3.5361641859927273,12.730191069573818,-0.19104640269148893,-0.061765089980919896,0.061765089980919896,0.0,0.0,0.0,0.0,7.631870142697143,0.0012768210782106858,4.596555881558468,17190.524833950672,4.775145787208509,0.3589587163059319,193502.77170517034,1783556799502771.8,1783556799258699.2
433.0,313.3651069278804,24288.0,114.35971485898563,-973.550356426268,35.73021385576078,981.0953207836412,0.11435971485898562,-0.973550356426268,0.035730213855760785,0.9810953207836411,0.98090958921293,0.98090958921293,9.61943702305498,-0.019090410787069943,-0.18721297694501943,1.1214856977218712,1.1179581,0.0035275977218712437,-0.004462375284766094,-9.54726760284766,-9.5320638,-0.015203802847660347,-0.03388232528476541,0.35039370170859646,0.3904757620728509,-0.04008206036425442,-0.024516625000000014,0.11435971485898562,1.1214856977218712,-0.004462375284766094,-0.004462375284766094,0.008818935173653357,9.61943702305498,0.98090958921293,43.66130901078414,-79.39591510610492,108.1,-82.79550980230468,26.199172078924057,1.0,3.519597826625279,433.0,3.519597826625279,3.519597826625279,12.670552175851004,0.603724821786866,1.903704701146231,0.0,3.519597826625279,12.670552175851004,-0.1396184648349733,-0.061765089980919896,0.061765089980919896,0.0,0.0,0.0,0.0,7.6110117170643585,0.0012763517636339482,4.594866349082213,17191.83941536775,4.775510948713253,0.3613540223295711,193676.24840056815,1783556799676248.5,1783556799544964.2
434.0,312.506311406109,24288.0,116.6498362503761,-970.6877046870298,34.01262281221793,978.5189342183269,0.1166498362503761,-0.9706877046870298,0.034012622812217924,0.9785189342183269,0.9782713349059703,0.9782713349059703,9.593564586455633,-0.02172866509402973,-0.21308541354436666,1.1439441166647508,1.1179581,0.0259860166647507,-0.001655072916906154,-9.51919457916906,-9.5320638,0.012869220830939415,-0.031075022916905535,0.3335498875014369,0.3946867156246408,-0.061136828123203917,-0.024516625000000014,0.1166498362503761,1.1439441166647508,-0.001655072916906154,-0.001655072916906154,0.013451447331838076,9.593564586455633,0.9782713349059703,43.66130271295031,-79.39590623188452,108.1,-82.08085049032155,25.503009527721126,1.0,3.5030314672578307,434.0,3.5030314672578307,3.5030314672578307,12.61091328212819,0.6051561476564851,2.9037047011462267,0.0,3.5030314672578307,12.61091328212819,-0.08819052697845772,-0.061765089980919896,0.061765089980919896,0.0,0.0,0.0,0.0,7.590153291431574,0.0012758824490572104,4.593176816605957,17193.153996784833,4.7758761102179985,0.3637493283532103,193849.725095966,1783556799849725.0,1783556799831229.5
435.0,311.5194358897515,24288.0,122.0847949371121,-969.6007051378106,31.678448696816677,978.0812692480591,0.12208479493711208,-0.9696007051378106,0.03167844869681668,0.978081269248059,0.9778354668659781,0.9778354668659781,9.589290181141243,-0.022164533134021912,-0.217359818858756,1.1972428542700302,1.1179581,0.07928475427003012,0.0,-9.508534755039708,-9.5320638,0.023529044960290763,-0.029419949999999417,0.31065945891263724,0.39540205348808694,-0.08474259457544966,-0.026283896511913107,0.12208479493711208,1.1972428542700302,0.0,0.0,0.014238397676663298,9.589290181141243,0.9778354668659781,43.66129647703842,-79.39589727562814,108.1,-81.35958465041736,24.81369182739001,1.0,3.4840203018343656,435.0,3.4840203018343656,3.4840203018343656,12.542473086603716,0.6055194358897515,3.4840203018343656,0.0,3.4840203018343656,12.542473086603716,-0.0601623384196909,-0.06162208608644959,0.06162208608644959,0.0,0.0,0.0,0.0,7.5661840588902844,0.001272642383840478,4.58151258182572,17194.470062438217,4.776241684010604,0.3652218456907859,194024.3248985924,1783556800024325.0,1783556800120141.0
436.0,310.34858509827734,24288.0,132.03702666464238,-971.0642686271533,28.458609020262763,980.715683528876,0.13203702666464237,-0.9710642686271532,0.02845860902026276,0.980715683528876,0.9805631265938335,0.9805631265938335,9.616039385411417,-0.019436873406166462,-0.1906106145885823,1.2948409075408152,1.1179581,0.17688280754081498,0.0,-9.522887409932471,-9.5320638,0.009176390067528042,-0.029419949999999417,0.27908361814855975,0.39109625702025813,-0.11201263887169838,-0.03058969297974183,0.13203702666464237,1.2948409075408152,0.0,0.0,0.009501547877071706,9.616039385411417,0.9805631265938335,43.661290330071765,-79.3958882015345,108.1,-80.62882913341117,24.134206133426048,1.0,3.4614973946418877,436.0,3.4614973946418877,3.4614973946418877,12.461390620710796,0.6043485850982774,3.4614973946418877,0.0,3.4614973946418877,12.461390620710796,-0.06574576367016982,-0.06127367009063612,0.06127367009063612,0.0,0.0,0.0,0.0,7.5377464348669605,0.0012654223870745562,4.555520593468402,17195.788260062192,4.776607850017265,0.3653688609236662,194200.53794270926,1783556800200538.0,1783556800412853.8
437.0,309.1777343068032,24288.0,141.98925839217267,-972.527832116496,25.238769343708846,983.3500978096928,0.14198925839217266,-0.972527832116496,0.025238769343708844,0.9833500978096927,0.983290786321689,0.983290786321689,9.64278858968159,-0.01670921367831101,-0.16386141031840862,1.3924389608116,1.1179581,0.27448086081159984,0.0,-9.537240064825234,-9.5320638,-0.005176264825234679,-0.029419949999999417,0.24750777738448232,0.3867904605524294,-0.1392826831679471,-0.03489548944757055,0.14198925839217266,1.3924389608116,0.0,0.0,0.004764698077480112,9.64278858968159,0.983290786321689,43.66128418310511,-79.39587912744088,108.1,-79.898073616405,23.454720439462086,1.0,3.43897448744941,437.0,3.43897448744941,3.43897448744941,12.380308154817875,0.6031777343068032,3.43897448744941,0.0,3.43897448744941,12.380308154817875,-0.07132918892064873,-0.06092525409482265,0.06092525409482265,0.0,0.0,0.0,0.0,7.5093088108436366,0.0012582023903086343,4.529528605111083,17197.10645768617,4.776974016023925,0.36551587615654657,194376.7509868261,1783556800376751.0,1783556800705566.5
438.0,308.00688351532904,24288.0,151.94149011970296,-973.9913956058386,22.01892966715493,985.9845120905096,0.15194149011970295,-0.9739913956058387,0.022018929667154928,0.9859845120905096,0.9860184460495445,0.9860184460495445,9.669537793951765,-0.013981553950455555,-0.13711220604823493,1.4900370140823846,1.1179581,0.37207891408238464,0.0,-9.551592719717997,-9.5320638,-0.019528919717997396,-0.029419949999999417,0.21593193662040483,0.38248466408460063,-0.1665527274641958,-0.03920128591539928,0.15194149011970295,1.4900370140823846,0.0,0.0,2.7848277888518208e-05,9.669537793951765,0.9860184460495445,43.661278036138455,-79.39587005334725,108.1,-79.16731809939881,22.775234745498125,1.0,3.416451580256932,438.0,3.416451580256932,3.416451580256932,12.299225688924956,0.602006883515329,3.416451580256932,0.0,3.416451580256932,12.299225688924956,-0.07691261417112763,-0.06057683809900917,0.06057683809900917,0.0,0.0,0.0,0.0,7.480871186820313,0.0012509823935427126,4.503536616753765,17198.424655310148,4.777340182030586,0.36566289138942687,194552.96403094297,1783556800552964.0,1783556800998279.0
439.0,306.3158633312266,24288.0,116.73654667509362,-984.0510067130149,19.94899328698508,991.0510067130149,0.11673654667509362,-0.9840510067130149,0.01994899328698508,0.9910510067130149,0.9912073168193845,0.9912073168193845,9.720423233486816,-0.008792683180615584,-0.0862267665131838,1.1447944554513068,1.1179581,0.026836355451306797,0.006195122274346547,-9.650243804982187,-9.5320638,-0.11818000498218732,-0.036129038862826,0.1956327950178122,0.39252298329424007,-0.1968901882764279,-0.03690342914711999,0.11673654667509362,1.1447944554513068,0.006195122274346547,0.006195122274346547,0.010342441192565189,9.720423233486816,0.9912073168193845,43.66127199859671,-79.39586083996339,108.06841366687733,-78.42534525330531,22.107844880526574,1.0,3.331350142683695,439.0,3.331350142683695,3.3620042958802827,12.103215465169018,0.599,0.9941209286621435,-0.03158633312265765,3.3620042958802827,12.103215465169018,-0.10695606727348379,-0.060574789736514534,0.060574789736514534,-1.0035966564733976,0.0,0.0,0.0,7.439799688588831,0.0012379000037401973,4.45644001346471,17204.29501958968,4.778970838774901,0.3723751396888218,195342.20213540472,1783556801342202.2,1783556801315863.2
440.0,306.6335946274097,24288.0,115.46562149036112,-977.0609181969862,26.939081803013835,984.0609181969862,0.11546562149036112,-0.9770609181969862,0.026939081803013836,0.9840609181969862,0.9842887924336227,0.9842887924336227,9.652575686319185,-0.015711207566377304,-0.154074313680814,1.13233093698845,1.1179581,0.014372836988449846,0.012426881505775022,-9.581694453436473,-9.5320638,-0.049630653436473576,-0.03301315924711182,0.2641821465635256,0.3878491638706687,-0.12366701730714308,-0.03456651943533432,0.11546562149036112,1.13233093698845,0.012426881505775022,0.012426881505775022,0.020746045919490853,9.652575686319185,0.9842887924336227,43.66126596170208,-79.39585162575581,108.03664053725903,-77.6833060697311,21.44052654834292,1.0,3.2458786257431305,440.0,3.2458786257431305,3.307368215869751,11.906525577131104,0.599,1.9941209286621455,-0.06335946274096836,3.307368215869751,11.906525577131104,-0.13714417304788531,-0.060574789736514534,0.060574789736514534,-2.013128422215427,0.0,0.0,0.0,7.447516746310527,0.0012391840364000017,4.461062531040006,17205.7141324853,4.779365036801461,0.37862099253175086,195532.52318181843,1783556801532523.2,1783556801633594.8
441.0,306.95132592359283,24288.0,114.19469630562863,-970.0708296809574,33.92917031904259,977.0708296809574,0.11419469630562862,-0.9700708296809574,0.03392917031904259,0.9770708296809574,0.977370268047861,0.977370268047861,9.584728139151556,-0.022629731952139027,-0.22192186084844417,1.119867418525593,1.1179581,0.0019093185255929027,0.018658640737203493,-9.513145101890759,-9.5320638,0.018918698109240156,-0.029897279631397634,0.332731498109239,0.38317534444709733,-0.050443846337858284,-0.032229609723548644,0.11419469630562862,1.119867418525593,0.018658640737203493,0.018658640737203493,0.03114965064641652,9.584728139151556,0.977370268047861,43.66125992480745,-79.39584241154822,108.00486740764072,-76.9412668861569,20.77320821615927,1.0,3.1604071088025654,441.0,3.1604071088025654,3.252732135859219,11.70983568909319,0.599,2.9941209286621473,-0.09513259235927908,3.252732135859219,11.70983568909319,-0.16733227882228682,-0.060574789736514534,0.060574789736514534,-3.0226601879574564,0.0,0.0,0.0,7.455233804032223,0.001240468069059806,4.465685048615302,17207.133245380915,4.7797592348280205,0.3848668453746799,195722.8442282321,1783556801722844.2,1783556801951326.0
442.0,312.0,24288.0,102.51560855785155,-971.4371512390119,100.34908006771218,981.6541245497745,0.10251560855785156,-0.9714371512390119,0.10034908006771219,0.9816541245497745,0.9821804015713025,0.9821804015713025,9.631899435069212,-0.017819598428697542,-0.17475056493078675,1.0053346926638551,1.1179581,-0.11262340733614505,0.005119245788006579,-9.526544139198055,-9.544430072894002,0.01788593369594775,-0.013214242764991266,0.9840883060460296,0.3762762135529983,0.6078120924930313,-0.023236813552998354,0.10251560855785156,1.0053346926638551,0.005119245788006579,0.005119245788006579,-0.0153997013609771,9.631899435069212,0.9821804015713025,43.661253518813176,-79.39583369175091,108.0,-76.2390435838731,20.06508960872644,1.0,3.1726441035966277,442.0,3.1726441035966277,3.244362293904817,11.679704258057342,0.6046949555179376,0.8468074218943087,0.0,3.244362293904817,11.679704258057342,-0.12707459903291746,-0.05986899221066388,0.05986899221066388,0.0,0.0,0.0,0.0,7.577856,0.001272858693567038,4.582291296841337,17213.131534266886,4.781425426185236,0.38689599869260655,196514.8663467439,1783556802514866.2,1783556802261009.0
443.0,312.0,24288.0,88.9536213276761,-976.6770099415797,103.12312291024807,985.9693023048303,0.08895362132767612,-0.9766770099415797,0.10312312291024807,0.9859693023048303,0.9863897911168854,0.9863897911168854,9.673179445056403,-0.013610208883114643,-0.1334705549435962,0.8723370305930549,1.1179581,-0.24562106940694511,0.011164594063952017,-9.577929599543591,-9.547452747031976,-0.03047685251161604,-0.005657557420059321,1.011292373287784,0.37476487648401197,0.6365274968037722,-0.021725476484011977,0.08895362132767612,0.8723370305930549,0.011164594063952017,0.011164594063952017,0.004634936643520757,9.673179445056403,0.9863897911168854,43.66124704604654,-79.3958250613954,108.0,-75.54402321503878,19.349589985030363,1.0,3.202557158411531,443.0,3.202557158411531,3.244362293904817,11.679704258057342,0.6031538206054177,1.8468074218943051,0.0,3.244362293904817,11.679704258057342,-0.07407285107861243,-0.05903551164872951,0.05903551164872951,0.0,0.0,0.0,0.0,7.577856,0.0012696146662215801,4.570612798397688,17214.535289779815,4.781815358272159,0.38816232559377,196700.1107632288,1783556802700110.8,1783556802569236.0
444.0,312.0,24288.0,75.39163409750066,-981.9168686441475,105.89716575278396,990.2844800598862,0.07539163409750066,-0.9819168686441475,0.10589716575278395,0.9902844800598861,0.9905991806624682,0.9905991806624682,9.714459455043594,-0.00940081933753174,-0.09219054495640563,0.7393393685222549,1.1179581,-0.37861873147774516,0.017209942339897456,-9.629315059889128,-9.550475421169947,-0.07883963871917984,0.0018991279248726234,1.0384964405295387,0.3732535394150256,0.6652429011145131,-0.020214139415025603,0.07539163409750066,0.7393393685222549,0.017209942339897456,0.017209942339897456,0.02466957464801861,9.714459455043594,0.9905991806624682,43.661240573279905,-79.39581643103989,108.0,-74.84900284620444,18.634090361334284,1.0,3.2324702132264345,444.0,3.2324702132264345,3.244362293904817,11.679704258057342,0.6016126856928978,2.846807421894302,0.0,3.244362293904817,11.679704258057342,-0.021071103124307405,-0.058202031086795156,0.058202031086795156,0.0,0.0,0.0,0.0,7.577856,0.001266370638876122,4.558934299954039,17215.93904529274,4.782205290359084,0.38942865249493347,196885.3551797137,1783556802885355.2,1783556802877462.8
445.0,313.25582166032586,24288.0,89.55493728221688,-976.4650700380449,112.74089901863248,987.8737288303579,0.08955493728221688,-0.9764650700380448,0.11274089901863248,0.9878737288303578,0.9880757040338916,0.9880757040338916,9.689712602963962,-0.011924295966108427,-0.1169373970360372,0.8782339256986521,1.1161987566449665,-0.23796483094631438,0.023131986710066946,-9.575851179088591,-9.549917756644966,-0.02593342244362594,0.009301683387584627,1.105610537361072,0.3708933566449664,0.7347171807161057,-0.023131986710066978,0.08955493728221688,0.8782339256986521,0.023131986710066946,0.023131986710066946,0.03262471714719626,9.689712602963962,0.9880757040338916,43.661234232535016,-79.39580761790717,108.0,-74.1392630515009,17.93318442108004,1.0,3.264758787232846,445.0,3.264758787232846,3.264758787232846,11.753131634038247,0.6011794030943323,3.264758787232846,0.0,3.264758787232846,11.753131634038247,0.02039649332802909,-0.05267958758158895,0.05267958758158895,0.0,0.0,0.0,0.0,7.608357396485994,0.0012705591076387147,4.574012787499373,17217.33389044721,4.782592747346437,0.39031474830950597,197067.00066278802,1783556803067000.8,1783556803179403.0
446.0,315.3403628110143,24288.0,122.01422091436575,-963.9578231339141,122.27022999320829,981.0245221923815,0.12201422091436576,-0.9639578231339141,0.1222702299932083,0.9810245221923816,0.9811091941301272,0.9811091941301272,9.621394478616212,-0.018890805869872754,-0.18525552138378762,1.196550759529865,1.1132784187199096,0.08327234080995538,0.028972662560180926,-9.453196986236197,-9.54699741871991,0.09380043248371128,0.016602528200227243,1.199061350962896,0.36797301871990945,0.8310883322429867,-0.028972662560180967,0.12201422091436576,1.196550759529865,0.028972662560180926,0.028972662560180926,0.03260857385376473,9.621394478616212,0.9811091941301272,43.66122797891157,-79.39579868415937,108.0,-73.41980987512056,17.241908884796764,1.0,3.298614971606181,446.0,3.298614971606181,3.298614971606181,11.875013897782251,0.6014771946872878,3.298614971606181,0.0,3.298614971606181,11.875013897782251,0.05425267770136366,-0.04406288706247751,0.04406288706247751,0.0,0.0,0.0,0.0,7.658986731953916,0.0012796522970168025,4.606748269260489,17218.72285563644,4.782978571010111,0.39094992878931834,197246.27120174724,1783556803246271.2,1783556803477194.8
447.0,317.4249039617028,24288.0,154.47350454651462,-951.4505762297833,131.79956096778412,974.1753155544052,0.15447350454651462,-0.9514505762297834,0.1317995609677841,0.9741753155544052,0.974142684226363,0.974142684226363,9.55307635426846,-0.02585731577363708,-0.253573645731538,1.5148675933610776,1.1103580807948525,0.40450951256622525,0.03481333841029491,-9.330542793383803,-9.544077080794851,0.21353428741104846,0.023903373012869857,1.2925121645647202,0.3650526807948524,0.9274594837698678,-0.03481333841029495,0.15447350454651462,1.5148675933610776,0.03481333841029491,0.03481333841029491,0.0325924305603332,9.55307635426846,0.974142684226363,43.661221725288115,-79.3957897504116,108.0,-72.70035669874021,16.550633348513493,1.0,3.3324711559795155,447.0,3.3324711559795155,3.3324711559795155,11.996896161526257,0.6017749862802433,3.3324711559795155,0.0,3.3324711559795155,11.996896161526257,0.08810886207469823,-0.03544618654336607,0.03544618654336607,0.0,0.0,0.0,0.0,7.709616067421837,0.0012887454863948903,4.639483751021605,17220.111820825667,4.783364394673786,0.3915851092691307,197425.54174070645,1783556803425541.8,1783556803774986.2
448.0,415.20874744676973,24288.0,130.53173806226434,-964.50493472267,-5.229906154945966,974.2341309688678,0.13053173806226434,-0.96450493472267,-0.005229906154945966,0.9742341309688678,0.9737845404483817,0.9737845404483817,9.549564163588123,-0.026215459551618255,-0.25708583641187716,1.2800790690683046,1.117294180591944,0.16278488847636047,0.018285461183887967,-9.458562318098071,-9.552009059704027,0.09344674160595581,0.006563123520140797,-0.05128785919440086,0.35370331940805594,-0.4049911786024568,0.2487140587215398,0.13053173806226434,1.2800790690683046,0.018285461183887967,0.018285461183887967,-0.03267417727576026,9.549564163588123,0.9737845404483817,43.66121551057935,-79.39578076586902,108.0,-71.97681291442382,15.863659442166178,1.0,3.3751017776328247,448.0,3.3751017776328247,3.3733955887424933,12.144224119472977,0.6002708037538022,0.2443919671352992,0.0,3.3733955887424933,12.144224119472977,0.1213363164519506,-0.026976388849301522,0.026976388849301522,0.0,0.0,0.0,0.0,10.084590057987143,0.0016814282188897355,6.053141588003048,17227.627857814838,4.785452182726334,0.3919206526836341,198201.89136682413,1783556804201891.2,1783556804067701.0
449.0,399.6957475815518,24288.0,112.24855964968604,-974.7545953479033,22.471879318657507,983.375720175157,0.11224855964968605,-0.9747545953479032,0.022471879318657507,0.983375720175157,0.983130815099727,0.983130815099727,9.641219807897738,-0.016869184900272963,-0.16543019210226184,1.1007823374885937,1.114577563446797,-0.013795225958203317,0.01285222689359371,-9.559077152468515,-9.553367368276602,-0.005709784191914383,0.013354666383008747,0.22037385532031262,0.3564199365532031,-0.13604608123289047,0.323421030213086,0.11224855964968605,1.1007823374885937,0.01285222689359371,0.01285222689359371,-0.03261420780235746,9.641219807897738,0.983130815099727,43.66120941618655,-79.39577162427982,108.0,-71.24062183956022,15.18998526155094,1.0,3.4448610949234424,449.0,3.4448610949234424,3.436173543632657,12.370224757077565,0.6013788751727462,1.2443919671352954,0.0,3.436173543632657,12.370224757077565,0.15261987127672835,-0.018960783475700974,0.018960783475700974,0.0,0.0,0.0,0.0,9.70781031726073,0.0016213453066631844,5.836843103987463,17229.103031238297,4.7858619531217395,0.39132978196044976,198369.2101510847,1783556804369210.2,1783556804344718.8
450.0,384.18274771633384,24288.0,93.96538123710775,-985.0042559731365,50.173664792260986,992.5173093814461,0.09396538123710776,-0.9850042559731366,0.050173664792260986,0.992517309381446,0.9924770897510723,0.9924770897510723,9.732875452207352,-0.007522910248927667,-0.0737745477926465,0.9214856059088827,1.1118609463016498,-0.1903753403927671,0.007418992603299455,-9.65959198683896,-9.554725676849175,-0.10486630998978458,0.0201462092458767,0.49203556983502617,0.3591365536983502,0.13289901613667593,0.39812800170463225,0.09396538123710776,0.9214856059088827,0.007418992603299455,0.007418992603299455,-0.03255423832895465,9.732875452207352,0.9924770897510723,43.66120332179374,-79.39576248269061,108.0,-70.50443076469662,14.5163110809357,1.0,3.51462041221406,450.0,3.51462041221406,3.4989514985228203,12.596225394682152,0.6024869465916904,2.2443919671352917,0.0,3.4989514985228203,12.596225394682152,0.18390342610150612,-0.010945178102100425,0.010945178102100425,0.0,0.0,0.0,0.0,9.331030576534317,0.001561262394436633,5.620544619971879,17230.578204661757,4.786271723517145,0.3907389112372654,198536.52893534527,1783556804536529.0,1783556804621736.8
451.0,368.6697478511159,24288.0,75.68220282452945,-995.2539165983699,77.87545026586446,1001.6588985877353,0.07568220282452946,-0.9952539165983698,0.07787545026586447,1.0016588985877353,1.0018233644024177,1.0018233644024177,9.824531096516967,0.001823364402417628,0.017881096516968842,0.7421888743291718,1.1091443291565026,-0.36695545482733083,0.001985758313005199,-9.760106821209403,-9.556083985421749,-0.2040228357876548,0.026937752108744648,0.7636972843497396,0.36185317084349733,0.4018441135062422,0.4728349731961784,0.07568220282452946,0.7421888743291718,0.001985758313005199,0.001985758313005199,-0.032494268855551844,9.824531096516967,1.0018233644024177,43.66119722740094,-79.39575334110141,108.0,-69.76823968983301,13.842636900320464,1.0,3.5843797295046773,451.0,3.5843797295046773,3.5617294534129837,12.822226032286741,0.6035950180106345,3.244391967135288,0.0,3.5617294534129837,12.822226032286741,0.21518698092628386,-0.002929572728499877,0.002929572728499877,0.0,0.0,0.0,0.0,8.954250835807903,0.0015011794822100818,5.404246135956294,17232.05337808522,4.786681493912551,0.3901480405140811,198703.8477196058,1783556804703847.8,1783556804898754.5
